snapshot,source,target
0,0,6
0,0,8
0,0,17
0,1,9
0,1,14
0,1,15
0,2,6
0,3,5
0,3,7
0,3,12
0,3,19
0,4,6
0,4,10
0,4,11
0,4,15
0,4,16
0,5,7
0,5,12
0,5,15
0,5,19
0,6,11
0,6,16
0,7,12
0,7,19
0,8,17
0,8,18
0,9,12
0,9,14
0,9,15
0,10,11
0,10,14
0,10,16
0,11,16
0,11,18
0,12,15
0,12,19
0,15,16
0,17,18
1,0,6
1,0,8
1,0,17
1,1,9
1,1,14
1,1,15
1,2,6
1,3,5
1,3,7
1,3,12
1,3,19
1,4,6
1,4,10
1,4,11
1,4,15
1,4,16
1,5,7
1,5,12
1,5,15
1,5,19
1,6,11
1,6,16
1,7,12
1,7,19
1,8,17
1,8,18
1,9,12
1,9,14
1,9,15
1,10,11
1,10,14
1,10,16
1,11,16
1,11,18
1,12,15
1,12,19
1,15,16
1,17,18
2,0,6
2,0,8
2,0,11
2,0,17
2,1,9
2,1,14
2,1,15
2,2,6
2,3,5
2,3,7
2,3,12
2,3,19
2,4,6
2,4,10
2,4,11
2,4,15
2,4,16
2,5,7
2,5,12
2,5,15
2,5,19
2,6,11
2,6,16
2,7,12
2,7,19
2,8,17
2,8,18
2,9,12
2,9,14
2,9,15
2,10,11
2,10,14
2,10,16
2,11,16
2,11,18
2,12,15
2,12,19
2,15,16
2,17,18
3,0,6
3,0,8
3,0,11
3,0,17
3,1,9
3,1,14
3,1,15
3,2,6
3,3,5
3,3,7
3,3,12
3,3,19
3,4,6
3,4,10
3,4,11
3,4,15
3,4,16
3,5,7
3,5,12
3,5,15
3,5,19
3,6,11
3,6,16
3,7,12
3,7,19
3,8,11
3,8,17
3,8,18
3,9,12
3,9,14
3,9,15
3,10,11
3,10,14
3,10,16
3,11,16
3,11,18
3,12,15
3,12,19
3,14,15
3,15,16
3,17,18
4,0,6
4,0,8
4,0,11
4,0,17
4,1,9
4,1,14
4,1,15
4,2,6
4,3,5
4,3,7
4,3,12
4,3,19
4,4,6
4,4,10
4,4,11
4,4,15
4,4,16
4,5,7
4,5,12
4,5,15
4,5,19
4,6,11
4,6,16
4,7,12
4,7,19
4,8,11
4,8,17
4,8,18
4,9,12
4,9,14
4,9,15
4,10,11
4,10,14
4,10,15
4,10,16
4,11,16
4,11,18
4,12,15
4,12,19
4,14,15
4,15,16
4,17,18
5,0,6
5,0,8
5,0,11
5,0,17
5,1,9
5,1,14
5,1,15
5,2,6
5,3,5
5,3,7
5,3,19
5,4,6
5,4,10
5,4,11
5,4,15
5,4,16
5,5,7
5,5,12
5,5,15
5,5,19
5,6,11
5,6,16
5,7,12
5,7,19
5,8,11
5,8,17
5,8,18
5,9,12
5,9,14
5,9,15
5,10,11
5,10,14
5,10,15
5,10,16
5,11,16
5,11,18
5,12,15
5,12,19
5,14,15
5,15,16
5,17,18
6,0,6
6,0,8
6,0,11
6,0,17
6,1,9
6,1,14
6,1,15
6,2,6
6,3,5
6,3,7
6,3,19
6,4,6
6,4,10
6,4,11
6,4,15
6,4,16
6,5,7
6,5,12
6,5,15
6,5,19
6,6,11
6,6,16
6,7,12
6,7,19
6,8,11
6,8,17
6,8,18
6,9,14
6,9,15
6,10,11
6,10,14
6,10,15
6,10,16
6,11,16
6,11,18
6,12,15
6,12,19
6,14,15
6,15,16
6,17,18
7,0,6
7,0,8
7,0,11
7,0,17
7,1,9
7,1,14
7,1,15
7,2,6
7,3,5
7,3,7
7,3,19
7,4,6
7,4,10
7,4,11
7,4,15
7,4,16
7,5,7
7,5,12
7,5,15
7,5,19
7,6,11
7,6,16
7,7,12
7,7,19
7,8,11
7,8,17
7,8,18
7,9,14
7,9,15
7,10,11
7,10,14
7,10,15
7,10,16
7,11,16
7,11,18
7,12,19
7,14,15
7,15,16
7,17,18
8,0,6
8,0,8
8,0,11
8,0,17
8,1,9
8,1,14
8,1,15
8,2,6
8,3,5
8,3,7
8,3,19
8,4,6
8,4,10
8,4,11
8,4,15
8,4,16
8,5,7
8,5,12
8,5,15
8,5,19
8,6,11
8,6,16
8,7,12
8,7,19
8,8,11
8,8,17
8,8,18
8,9,14
8,9,15
8,10,11
8,10,14
8,10,15
8,10,16
8,10,18
8,11,16
8,11,18
8,12,19
8,14,15
8,15,16
8,17,18
9,0,6
9,0,8
9,0,11
9,0,17
9,1,9
9,1,14
9,1,15
9,2,6
9,3,5
9,3,7
9,3,19
9,4,6
9,4,10
9,4,11
9,4,15
9,4,16
9,5,7
9,5,12
9,5,15
9,5,19
9,6,11
9,6,16
9,7,12
9,7,19
9,8,11
9,8,17
9,8,18
9,9,14
9,9,15
9,10,11
9,10,14
9,10,15
9,10,16
9,10,18
9,11,16
9,11,18
9,12,19
9,14,15
9,15,16
9,17,18
10,0,6
10,0,8
10,0,11
10,0,17
10,1,9
10,1,14
10,1,15
10,2,6
10,3,5
10,3,7
10,3,19
10,4,6
10,4,10
10,4,11
10,4,15
10,4,16
10,5,7
10,5,12
10,5,19
10,6,11
10,6,16
10,7,12
10,7,19
10,8,11
10,8,17
10,8,18
10,9,14
10,9,15
10,10,11
10,10,14
10,10,15
10,10,16
10,10,18
10,11,16
10,11,17
10,11,18
10,12,19
10,14,15
10,15,16
10,17,18
11,0,6
11,0,8
11,0,11
11,0,17
11,1,9
11,1,14
11,1,15
11,2,6
11,3,5
11,3,7
11,3,19
11,4,6
11,4,10
11,4,11
11,4,15
11,4,16
11,5,7
11,5,12
11,5,19
11,6,11
11,6,16
11,7,12
11,7,19
11,8,11
11,8,17
11,8,18
11,9,14
11,9,15
11,10,11
11,10,14
11,10,15
11,10,16
11,10,18
11,11,16
11,11,17
11,11,18
11,12,19
11,14,15
11,15,16
11,17,18
12,0,4
12,0,6
12,0,8
12,0,11
12,0,17
12,1,9
12,1,14
12,1,15
12,2,6
12,3,5
12,3,7
12,3,19
12,4,6
12,4,8
12,4,10
12,4,11
12,4,15
12,4,16
12,5,7
12,5,12
12,5,19
12,6,11
12,6,16
12,7,12
12,7,19
12,8,11
12,8,17
12,8,18
12,9,14
12,9,15
12,10,11
12,10,14
12,10,15
12,10,16
12,10,18
12,11,16
12,11,17
12,11,18
12,12,19
12,14,15
12,15,16
12,17,18
13,0,4
13,0,6
13,0,8
13,0,11
13,0,17
13,1,9
13,1,14
13,1,15
13,2,6
13,3,5
13,3,7
13,3,19
13,4,6
13,4,8
13,4,10
13,4,11
13,4,15
13,4,16
13,4,18
13,5,7
13,5,12
13,5,19
13,6,8
13,6,11
13,7,12
13,7,19
13,8,11
13,8,17
13,8,18
13,9,14
13,9,15
13,10,11
13,10,14
13,10,15
13,10,16
13,10,18
13,11,16
13,11,17
13,11,18
13,12,19
13,14,15
13,15,16
13,17,18
14,0,4
14,0,6
14,0,8
14,0,11
14,0,17
14,1,9
14,1,14
14,1,15
14,2,6
14,3,5
14,3,7
14,3,19
14,4,6
14,4,8
14,4,10
14,4,11
14,4,15
14,4,16
14,4,18
14,5,7
14,5,12
14,5,19
14,6,8
14,6,11
14,7,12
14,7,19
14,8,11
14,8,17
14,8,18
14,9,14
14,9,15
14,10,11
14,10,14
14,10,15
14,10,16
14,10,18
14,11,16
14,11,17
14,11,18
14,12,19
14,14,15
14,15,16
14,17,18
15,0,4
15,0,6
15,0,8
15,0,11
15,0,17
15,1,9
15,1,14
15,1,15
15,2,6
15,3,5
15,3,7
15,3,19
15,4,6
15,4,8
15,4,10
15,4,11
15,4,15
15,4,16
15,4,18
15,5,7
15,5,12
15,5,19
15,6,8
15,6,11
15,7,12
15,7,19
15,8,11
15,8,17
15,8,18
15,9,14
15,9,15
15,10,11
15,10,14
15,10,15
15,10,16
15,10,18
15,11,15
15,11,16
15,11,17
15,11,18
15,12,19
15,14,15
15,15,16
15,17,18
16,0,4
16,0,6
16,0,8
16,0,11
16,0,17
16,1,9
16,1,14
16,1,15
16,2,6
16,3,7
16,3,19
16,4,6
16,4,8
16,4,10
16,4,11
16,4,15
16,4,16
16,4,18
16,5,7
16,5,12
16,5,19
16,6,8
16,6,11
16,6,17
16,7,12
16,7,19
16,8,11
16,8,17
16,8,18
16,9,14
16,9,15
16,10,11
16,10,14
16,10,15
16,10,16
16,10,18
16,11,15
16,11,16
16,11,17
16,11,18
16,12,19
16,14,15
16,15,16
16,17,18
17,0,4
17,0,6
17,0,8
17,0,11
17,0,17
17,1,9
17,1,14
17,1,15
17,2,6
17,3,7
17,3,19
17,4,6
17,4,8
17,4,10
17,4,11
17,4,15
17,4,16
17,4,18
17,5,7
17,5,12
17,5,19
17,6,8
17,6,11
17,6,17
17,7,12
17,7,19
17,8,11
17,8,17
17,8,18
17,9,14
17,9,15
17,10,11
17,10,14
17,10,15
17,10,16
17,10,18
17,11,15
17,11,16
17,11,17
17,11,18
17,12,19
17,14,15
17,15,16
17,17,18
18,0,4
18,0,6
18,0,8
18,0,11
18,0,17
18,1,9
18,1,14
18,1,15
18,2,6
18,3,7
18,3,19
18,4,6
18,4,8
18,4,10
18,4,11
18,4,15
18,4,16
18,4,17
18,4,18
18,5,7
18,5,12
18,5,19
18,6,8
18,6,11
18,6,17
18,7,12
18,7,19
18,8,11
18,8,17
18,8,18
18,9,14
18,9,15
18,10,11
18,10,14
18,10,15
18,10,16
18,10,18
18,11,15
18,11,16
18,11,17
18,11,18
18,12,19
18,14,15
18,15,16
18,17,18
19,0,4
19,0,6
19,0,8
19,0,11
19,0,17
19,1,9
19,1,14
19,2,6
19,3,7
19,3,19
19,4,6
19,4,8
19,4,10
19,4,11
19,4,15
19,4,16
19,4,17
19,4,18
19,5,7
19,5,12
19,5,19
19,6,8
19,6,11
19,6,17
19,7,12
19,7,19
19,8,10
19,8,11
19,8,17
19,8,18
19,9,14
19,9,15
19,10,11
19,10,14
19,10,15
19,10,16
19,10,18
19,11,15
19,11,16
19,11,17
19,11,18
19,14,15
19,15,16
19,17,18
20,0,4
20,0,6
20,0,8
20,0,11
20,0,17
20,1,9
20,1,14
20,2,6
20,3,7
20,3,19
20,4,6
20,4,8
20,4,10
20,4,11
20,4,15
20,4,16
20,4,17
20,4,18
20,5,7
20,5,12
20,6,8
20,6,11
20,6,17
20,7,12
20,7,19
20,8,10
20,8,11
20,8,17
20,8,18
20,9,14
20,9,15
20,10,11
20,10,14
20,10,15
20,10,16
20,10,18
20,11,15
20,11,16
20,11,17
20,11,18
20,12,19
20,14,15
20,15,16
20,17,18
21,0,4
21,0,6
21,0,8
21,0,11
21,0,17
21,0,18
21,1,9
21,1,14
21,2,6
21,3,7
21,3,19
21,4,6
21,4,8
21,4,10
21,4,11
21,4,15
21,4,16
21,4,17
21,4,18
21,5,7
21,5,12
21,6,8
21,6,11
21,6,17
21,7,12
21,7,19
21,8,10
21,8,11
21,8,17
21,8,18
21,9,14
21,9,15
21,10,11
21,10,14
21,10,15
21,10,16
21,10,18
21,11,15
21,11,16
21,11,17
21,11,18
21,12,19
21,14,15
21,15,16
21,17,18
22,0,4
22,0,6
22,0,8
22,0,11
22,0,17
22,0,18
22,1,9
22,1,14
22,2,6
22,3,7
22,3,19
22,4,6
22,4,8
22,4,10
22,4,11
22,4,15
22,4,16
22,4,17
22,4,18
22,5,7
22,5,12
22,6,8
22,6,11
22,6,17
22,7,12
22,7,19
22,8,10
22,8,11
22,8,17
22,8,18
22,9,14
22,9,15
22,10,11
22,10,14
22,10,15
22,10,16
22,10,18
22,11,15
22,11,16
22,11,17
22,11,18
22,12,19
22,14,15
22,15,16
22,17,18
23,0,4
23,0,6
23,0,8
23,0,11
23,0,17
23,0,18
23,1,9
23,1,14
23,2,6
23,2,13
23,3,7
23,3,19
23,4,6
23,4,8
23,4,10
23,4,11
23,4,15
23,4,16
23,4,17
23,4,18
23,5,7
23,5,12
23,6,8
23,6,11
23,6,17
23,7,12
23,7,19
23,8,10
23,8,11
23,8,17
23,8,18
23,9,14
23,9,15
23,10,11
23,10,14
23,10,15
23,10,16
23,10,18
23,11,15
23,11,16
23,11,17
23,11,18
23,12,19
23,14,15
23,15,16
23,17,18
24,0,4
24,0,6
24,0,8
24,0,11
24,0,17
24,0,18
24,1,9
24,1,14
24,2,6
24,2,13
24,3,7
24,3,19
24,4,6
24,4,8
24,4,10
24,4,11
24,4,15
24,4,16
24,4,17
24,4,18
24,5,7
24,5,12
24,6,8
24,6,11
24,6,17
24,7,12
24,7,19
24,8,10
24,8,11
24,8,15
24,8,16
24,8,17
24,8,18
24,9,14
24,10,11
24,10,14
24,10,15
24,10,16
24,10,18
24,11,15
24,11,16
24,11,17
24,11,18
24,12,19
24,14,15
24,15,16
24,15,18
24,17,18
25,0,4
25,0,6
25,0,8
25,0,11
25,0,17
25,0,18
25,1,9
25,1,14
25,2,13
25,3,7
25,3,19
25,4,6
25,4,8
25,4,10
25,4,11
25,4,15
25,4,16
25,4,17
25,4,18
25,5,7
25,5,12
25,6,8
25,6,11
25,6,17
25,7,12
25,7,19
25,8,10
25,8,11
25,8,15
25,8,16
25,8,17
25,8,18
25,9,10
25,9,14
25,10,11
25,10,14
25,10,15
25,10,16
25,10,18
25,11,15
25,11,16
25,11,17
25,11,18
25,12,19
25,14,15
25,15,16
25,15,18
25,17,18
26,0,4
26,0,6
26,0,8
26,0,11
26,0,17
26,0,18
26,1,9
26,1,14
26,2,13
26,3,7
26,3,19
26,4,6
26,4,8
26,4,10
26,4,11
26,4,15
26,4,16
26,4,17
26,4,18
26,5,7
26,5,12
26,6,8
26,6,11
26,6,17
26,7,12
26,7,19
26,8,10
26,8,11
26,8,15
26,8,16
26,8,17
26,8,18
26,9,10
26,9,14
26,10,11
26,10,14
26,10,15
26,10,16
26,10,18
26,11,15
26,11,16
26,11,17
26,11,18
26,12,19
26,14,15
26,15,16
26,15,18
26,17,18
27,0,4
27,0,6
27,0,8
27,0,11
27,0,17
27,0,18
27,1,9
27,1,14
27,2,13
27,3,7
27,3,19
27,4,6
27,4,8
27,4,10
27,4,11
27,4,15
27,4,16
27,4,17
27,4,18
27,5,7
27,5,12
27,6,8
27,6,11
27,6,17
27,7,12
27,7,19
27,8,10
27,8,11
27,8,15
27,8,16
27,8,17
27,8,18
27,9,10
27,9,14
27,10,11
27,10,14
27,10,15
27,10,16
27,10,18
27,11,15
27,11,16
27,11,17
27,11,18
27,12,19
27,14,15
27,15,16
27,15,18
27,17,18
28,0,4
28,0,6
28,0,8
28,0,11
28,0,17
28,0,18
28,1,9
28,1,14
28,2,13
28,3,7
28,3,19
28,4,6
28,4,8
28,4,10
28,4,11
28,4,15
28,4,16
28,4,17
28,4,18
28,5,7
28,5,12
28,6,8
28,6,11
28,6,17
28,7,12
28,7,19
28,8,10
28,8,11
28,8,15
28,8,16
28,8,17
28,8,18
28,9,10
28,9,14
28,10,11
28,10,14
28,10,15
28,10,16
28,10,18
28,11,15
28,11,16
28,11,17
28,11,18
28,12,19
28,14,15
28,15,16
28,15,18
28,17,18
29,0,4
29,0,6
29,0,8
29,0,11
29,0,17
29,0,18
29,1,9
29,1,14
29,2,13
29,3,7
29,3,19
29,4,6
29,4,8
29,4,10
29,4,11
29,4,15
29,4,16
29,4,17
29,4,18
29,5,7
29,5,12
29,6,8
29,6,11
29,6,17
29,7,12
29,7,19
29,8,10
29,8,11
29,8,15
29,8,16
29,8,17
29,8,18
29,9,10
29,9,14
29,10,11
29,10,14
29,10,15
29,10,16
29,10,18
29,11,15
29,11,16
29,11,17
29,11,18
29,12,19
29,14,15
29,15,16
29,15,18
29,17,18
30,0,4
30,0,6
30,0,8
30,0,11
30,0,17
30,0,18
30,1,9
30,1,14
30,2,13
30,3,7
30,3,19
30,4,6
30,4,8
30,4,10
30,4,11
30,4,15
30,4,16
30,4,17
30,4,18
30,5,7
30,5,12
30,5,16
30,6,8
30,6,11
30,6,17
30,7,12
30,7,19
30,8,10
30,8,11
30,8,15
30,8,16
30,8,17
30,8,18
30,9,10
30,9,14
30,10,11
30,10,14
30,10,15
30,10,16
30,10,18
30,11,15
30,11,16
30,11,17
30,11,18
30,12,19
30,14,15
30,15,16
30,15,18
30,17,18
31,0,4
31,0,6
31,0,8
31,0,11
31,0,17
31,0,18
31,1,9
31,1,14
31,2,13
31,3,7
31,3,19
31,4,6
31,4,8
31,4,10
31,4,11
31,4,15
31,4,16
31,4,17
31,4,18
31,5,7
31,5,12
31,5,16
31,6,8
31,6,11
31,6,17
31,7,12
31,7,19
31,8,10
31,8,11
31,8,15
31,8,16
31,8,17
31,8,18
31,9,10
31,9,14
31,10,11
31,10,14
31,10,15
31,10,16
31,10,18
31,11,15
31,11,16
31,11,17
31,11,18
31,12,19
31,14,15
31,15,16
31,15,17
31,15,18
31,17,18
32,0,4
32,0,6
32,0,8
32,0,11
32,0,17
32,0,18
32,1,9
32,1,14
32,2,13
32,3,7
32,3,19
32,4,6
32,4,8
32,4,10
32,4,11
32,4,15
32,4,16
32,4,17
32,4,18
32,5,7
32,5,12
32,5,16
32,6,8
32,6,11
32,6,17
32,7,12
32,7,19
32,8,10
32,8,11
32,8,15
32,8,16
32,8,17
32,8,18
32,9,10
32,9,14
32,10,11
32,10,14
32,10,15
32,10,16
32,10,18
32,11,15
32,11,16
32,11,17
32,11,18
32,12,19
32,14,15
32,15,16
32,15,17
32,15,18
32,17,18
33,0,4
33,0,6
33,0,8
33,0,11
33,0,15
33,0,17
33,0,18
33,1,9
33,1,14
33,2,13
33,3,7
33,3,19
33,4,6
33,4,8
33,4,10
33,4,11
33,4,15
33,4,16
33,4,17
33,4,18
33,5,7
33,5,12
33,5,16
33,6,8
33,6,11
33,6,17
33,7,12
33,7,19
33,8,10
33,8,11
33,8,15
33,8,16
33,8,17
33,8,18
33,9,10
33,9,14
33,10,11
33,10,14
33,10,15
33,10,16
33,10,17
33,10,18
33,11,15
33,11,16
33,11,17
33,11,18
33,14,15
33,14,18
33,15,16
33,15,17
33,15,18
33,17,18
34,0,4
34,0,6
34,0,8
34,0,11
34,0,15
34,0,17
34,0,18
34,1,9
34,1,14
34,2,13
34,3,7
34,3,19
34,4,6
34,4,8
34,4,10
34,4,11
34,4,15
34,4,16
34,4,17
34,4,18
34,5,7
34,5,12
34,5,16
34,6,8
34,6,11
34,6,15
34,6,17
34,7,12
34,7,19
34,8,10
34,8,11
34,8,15
34,8,16
34,8,17
34,8,18
34,9,10
34,9,14
34,10,11
34,10,14
34,10,15
34,10,16
34,10,17
34,10,18
34,11,15
34,11,16
34,11,17
34,11,18
34,14,15
34,14,18
34,15,16
34,15,17
34,15,18
34,17,18
35,0,4
35,0,6
35,0,8
35,0,11
35,0,15
35,0,17
35,0,18
35,1,9
35,1,14
35,2,13
35,3,7
35,3,19
35,4,6
35,4,8
35,4,10
35,4,11
35,4,15
35,4,16
35,4,17
35,4,18
35,5,7
35,5,12
35,5,16
35,6,8
35,6,11
35,6,15
35,6,17
35,7,12
35,7,19
35,8,10
35,8,11
35,8,15
35,8,16
35,8,17
35,8,18
35,9,10
35,9,14
35,10,11
35,10,14
35,10,15
35,10,16
35,10,17
35,10,18
35,11,15
35,11,17
35,11,18
35,14,15
35,14,18
35,15,16
35,15,17
35,15,18
35,17,18
36,0,4
36,0,6
36,0,8
36,0,11
36,0,15
36,0,17
36,0,18
36,1,9
36,1,14
36,2,13
36,3,7
36,3,19
36,4,6
36,4,8
36,4,10
36,4,11
36,4,15
36,4,16
36,4,17
36,4,18
36,5,7
36,5,12
36,5,16
36,6,8
36,6,11
36,6,15
36,6,17
36,7,12
36,7,19
36,8,10
36,8,11
36,8,15
36,8,16
36,8,17
36,8,18
36,9,10
36,9,14
36,10,11
36,10,14
36,10,15
36,10,16
36,10,17
36,10,18
36,11,15
36,11,17
36,11,18
36,14,15
36,14,18
36,15,16
36,15,17
36,15,18
36,17,18
37,0,4
37,0,6
37,0,8
37,0,11
37,0,15
37,0,17
37,0,18
37,1,9
37,1,14
37,2,13
37,3,7
37,3,19
37,4,6
37,4,8
37,4,10
37,4,11
37,4,15
37,4,17
37,4,18
37,5,7
37,5,12
37,5,16
37,6,8
37,6,11
37,6,15
37,6,17
37,7,12
37,7,19
37,8,10
37,8,11
37,8,15
37,8,16
37,8,17
37,8,18
37,9,10
37,9,14
37,10,11
37,10,14
37,10,15
37,10,16
37,10,17
37,10,18
37,11,15
37,11,17
37,11,18
37,14,15
37,14,18
37,15,16
37,15,17
37,15,18
37,17,18
38,0,4
38,0,6
38,0,8
38,0,11
38,0,15
38,0,17
38,0,18
38,1,9
38,1,14
38,2,13
38,3,7
38,3,19
38,4,6
38,4,8
38,4,10
38,4,11
38,4,15
38,4,17
38,5,7
38,5,12
38,5,16
38,6,8
38,6,11
38,6,15
38,6,17
38,7,12
38,7,19
38,8,10
38,8,11
38,8,15
38,8,16
38,8,17
38,8,18
38,9,10
38,9,14
38,10,11
38,10,14
38,10,15
38,10,16
38,10,17
38,10,18
38,11,15
38,11,17
38,11,18
38,14,15
38,14,18
38,15,16
38,15,17
38,15,18
38,17,18
39,0,4
39,0,6
39,0,8
39,0,11
39,0,15
39,0,17
39,0,18
39,1,9
39,1,14
39,2,13
39,3,7
39,3,19
39,4,6
39,4,8
39,4,10
39,4,11
39,4,15
39,4,17
39,5,7
39,5,12
39,5,16
39,6,8
39,6,11
39,6,15
39,6,17
39,7,12
39,7,19
39,8,10
39,8,11
39,8,15
39,8,16
39,8,17
39,8,18
39,9,10
39,9,14
39,10,11
39,10,14
39,10,15
39,10,16
39,10,17
39,10,18
39,11,15
39,11,17
39,11,18
39,14,15
39,14,18
39,15,16
39,15,17
39,15,18
39,17,18
40,0,4
40,0,6
40,0,8
40,0,11
40,0,15
40,0,17
40,0,18
40,1,9
40,1,14
40,2,13
40,3,7
40,3,19
40,4,6
40,4,8
40,4,10
40,4,11
40,4,15
40,4,17
40,5,7
40,5,12
40,5,16
40,6,8
40,6,11
40,6,15
40,6,17
40,7,12
40,7,19
40,8,10
40,8,11
40,8,15
40,8,16
40,8,17
40,8,18
40,9,10
40,9,14
40,9,18
40,10,11
40,10,14
40,10,15
40,10,16
40,10,17
40,10,18
40,11,15
40,11,17
40,11,18
40,14,15
40,14,18
40,15,16
40,15,17
40,15,18
40,16,18
40,17,18
41,0,4
41,0,6
41,0,8
41,0,11
41,0,15
41,0,17
41,0,18
41,1,9
41,1,14
41,2,13
41,3,7
41,3,19
41,4,6
41,4,8
41,4,11
41,4,15
41,4,17
41,5,7
41,5,12
41,5,16
41,6,8
41,6,11
41,6,15
41,6,17
41,7,12
41,7,19
41,8,10
41,8,11
41,8,15
41,8,16
41,8,17
41,8,18
41,9,10
41,9,14
41,9,18
41,10,11
41,10,14
41,10,15
41,10,16
41,10,17
41,10,18
41,11,15
41,11,17
41,11,18
41,14,15
41,14,18
41,15,16
41,15,17
41,15,18
41,16,18
41,17,18
42,0,4
42,0,6
42,0,8
42,0,11
42,0,15
42,0,17
42,0,18
42,1,9
42,1,14
42,2,13
42,3,7
42,3,19
42,4,6
42,4,8
42,4,11
42,4,15
42,4,17
42,5,7
42,5,12
42,5,16
42,6,8
42,6,11
42,6,15
42,6,17
42,7,12
42,7,19
42,8,10
42,8,11
42,8,15
42,8,16
42,8,17
42,8,18
42,9,14
42,9,18
42,10,11
42,10,14
42,10,15
42,10,16
42,10,17
42,10,18
42,11,15
42,11,17
42,11,18
42,14,15
42,14,18
42,15,16
42,15,17
42,15,18
42,16,18
42,17,18
43,0,4
43,0,6
43,0,8
43,0,11
43,0,15
43,0,17
43,0,18
43,1,9
43,1,14
43,2,13
43,3,7
43,3,19
43,4,6
43,4,8
43,4,11
43,4,15
43,4,17
43,5,7
43,5,12
43,5,16
43,6,8
43,6,11
43,6,15
43,6,17
43,7,12
43,7,19
43,8,10
43,8,11
43,8,15
43,8,16
43,8,17
43,8,18
43,9,14
43,9,18
43,10,11
43,10,14
43,10,15
43,10,16
43,10,17
43,10,18
43,11,15
43,11,17
43,11,18
43,14,18
43,15,16
43,15,17
43,15,18
43,16,17
43,16,18
43,17,18
44,0,4
44,0,6
44,0,8
44,0,11
44,0,15
44,0,17
44,0,18
44,1,9
44,1,14
44,2,13
44,3,7
44,3,19
44,4,6
44,4,8
44,4,11
44,4,15
44,4,17
44,5,7
44,5,12
44,5,16
44,6,8
44,6,11
44,6,15
44,6,17
44,7,12
44,7,19
44,8,10
44,8,11
44,8,15
44,8,16
44,8,17
44,8,18
44,9,10
44,9,14
44,9,18
44,10,11
44,10,14
44,10,15
44,10,16
44,10,17
44,10,18
44,11,15
44,11,17
44,11,18
44,14,18
44,15,16
44,15,17
44,15,18
44,16,17
44,16,18
44,17,18
45,0,4
45,0,6
45,0,8
45,0,11
45,0,15
45,0,17
45,0,18
45,1,9
45,1,14
45,2,13
45,3,7
45,3,12
45,3,19
45,4,6
45,4,8
45,4,11
45,4,15
45,4,17
45,5,7
45,5,12
45,5,16
45,6,8
45,6,11
45,6,15
45,6,17
45,7,12
45,7,19
45,8,10
45,8,11
45,8,15
45,8,16
45,8,17
45,8,18
45,9,10
45,9,14
45,9,18
45,10,11
45,10,14
45,10,15
45,10,16
45,10,17
45,10,18
45,11,15
45,11,17
45,11,18
45,14,18
45,15,16
45,15,17
45,15,18
45,16,17
45,16,18
45,17,18
46,0,4
46,0,6
46,0,8
46,0,11
46,0,15
46,0,17
46,0,18
46,1,9
46,1,14
46,2,13
46,3,7
46,3,12
46,3,19
46,4,6
46,4,8
46,4,11
46,4,15
46,4,17
46,5,7
46,5,12
46,5,16
46,6,8
46,6,11
46,6,15
46,6,17
46,7,12
46,7,19
46,8,10
46,8,11
46,8,14
46,8,15
46,8,16
46,8,17
46,8,18
46,9,10
46,9,14
46,9,18
46,10,11
46,10,14
46,10,15
46,10,16
46,10,17
46,10,18
46,11,15
46,11,17
46,11,18
46,14,18
46,15,16
46,15,17
46,15,18
46,16,17
46,16,18
46,17,18
47,0,4
47,0,6
47,0,8
47,0,11
47,0,15
47,0,17
47,0,18
47,1,9
47,2,13
47,3,7
47,3,12
47,3,19
47,4,6
47,4,8
47,4,11
47,4,15
47,4,17
47,5,7
47,5,10
47,5,12
47,5,16
47,6,8
47,6,11
47,6,15
47,6,17
47,7,12
47,7,19
47,8,10
47,8,11
47,8,14
47,8,15
47,8,16
47,8,17
47,8,18
47,9,10
47,9,14
47,9,18
47,10,11
47,10,14
47,10,15
47,10,16
47,10,17
47,10,18
47,11,15
47,11,17
47,11,18
47,14,18
47,15,16
47,15,17
47,15,18
47,16,17
47,16,18
47,17,18
48,0,4
48,0,6
48,0,8
48,0,11
48,0,15
48,0,17
48,0,18
48,1,9
48,2,13
48,3,7
48,3,12
48,3,19
48,4,6
48,4,8
48,4,11
48,4,15
48,4,17
48,5,7
48,5,10
48,5,12
48,5,16
48,6,8
48,6,11
48,6,15
48,6,17
48,7,12
48,7,19
48,8,10
48,8,11
48,8,14
48,8,15
48,8,16
48,8,17
48,8,18
48,9,10
48,9,14
48,9,18
48,10,11
48,10,14
48,10,15
48,10,16
48,10,17
48,10,18
48,11,15
48,11,17
48,11,18
48,14,18
48,15,16
48,15,17
48,15,18
48,16,17
48,16,18
48,17,18
49,0,4
49,0,6
49,0,8
49,0,11
49,0,15
49,0,17
49,0,18
49,1,9
49,2,13
49,3,7
49,3,12
49,3,19
49,4,6
49,4,8
49,4,11
49,4,15
49,4,17
49,5,7
49,5,8
49,5,10
49,5,12
49,5,16
49,6,8
49,6,11
49,6,15
49,6,17
49,7,12
49,7,19
49,8,10
49,8,11
49,8,14
49,8,15
49,8,16
49,8,17
49,8,18
49,9,10
49,9,14
49,9,18
49,10,11
49,10,14
49,10,15
49,10,16
49,10,17
49,10,18
49,11,15
49,11,17
49,11,18
49,14,18
49,15,17
49,15,18
49,16,17
49,16,18
49,17,18
50,0,4
50,0,6
50,0,11
50,0,15
50,0,17
50,0,18
50,1,9
50,2,13
50,3,7
50,3,12
50,3,19
50,4,6
50,4,11
50,4,15
50,4,17
50,5,7
50,5,8
50,5,10
50,5,12
50,5,16
50,6,8
50,6,11
50,6,15
50,6,17
50,7,12
50,7,19
50,8,10
50,8,11
50,8,14
50,8,15
50,8,16
50,8,17
50,8,18
50,9,10
50,9,14
50,9,18
50,10,11
50,10,14
50,10,15
50,10,16
50,10,17
50,10,18
50,11,15
50,11,17
50,11,18
50,14,18
50,15,17
50,15,18
50,16,17
50,16,18
50,17,18
51,0,4
51,0,6
51,0,11
51,0,15
51,0,17
51,0,18
51,1,9
51,2,13
51,3,7
51,3,12
51,3,19
51,4,6
51,4,11
51,4,15
51,4,17
51,5,8
51,5,10
51,5,12
51,5,16
51,6,8
51,6,11
51,6,15
51,6,17
51,7,12
51,7,19
51,8,10
51,8,11
51,8,14
51,8,15
51,8,16
51,8,17
51,8,18
51,9,10
51,9,14
51,9,18
51,10,11
51,10,14
51,10,15
51,10,16
51,10,17
51,10,18
51,11,15
51,11,17
51,11,18
51,14,18
51,15,17
51,15,18
51,16,17
51,16,18
51,17,18
52,0,4
52,0,6
52,0,11
52,0,15
52,0,17
52,0,18
52,1,9
52,2,13
52,3,7
52,3,12
52,3,19
52,4,6
52,4,11
52,4,15
52,4,17
52,5,8
52,5,10
52,5,12
52,5,16
52,6,11
52,6,15
52,6,17
52,7,12
52,7,19
52,8,9
52,8,10
52,8,11
52,8,14
52,8,15
52,8,16
52,8,17
52,8,18
52,9,10
52,9,14
52,9,18
52,10,11
52,10,14
52,10,15
52,10,16
52,10,17
52,10,18
52,11,15
52,11,17
52,11,18
52,14,18
52,15,17
52,15,18
52,16,17
52,16,18
52,17,18
53,0,4
53,0,6
53,0,11
53,0,15
53,0,17
53,0,18
53,1,9
53,2,13
53,3,7
53,3,12
53,3,19
53,4,6
53,4,11
53,4,15
53,4,17
53,5,8
53,5,10
53,5,12
53,5,16
53,6,11
53,6,15
53,6,17
53,7,12
53,7,19
53,8,9
53,8,10
53,8,11
53,8,14
53,8,15
53,8,16
53,8,17
53,8,18
53,9,10
53,9,14
53,9,16
53,9,18
53,10,11
53,10,14
53,10,15
53,10,16
53,10,17
53,10,18
53,11,15
53,11,17
53,11,18
53,12,16
53,14,18
53,15,17
53,15,18
53,16,17
53,16,18
53,17,18
54,0,4
54,0,6
54,0,11
54,0,15
54,0,17
54,1,9
54,2,13
54,3,7
54,3,12
54,3,19
54,4,6
54,4,11
54,4,15
54,4,17
54,5,8
54,5,10
54,5,12
54,5,16
54,6,11
54,6,15
54,6,17
54,7,12
54,7,19
54,8,9
54,8,10
54,8,14
54,8,15
54,8,16
54,8,17
54,8,18
54,9,10
54,9,14
54,9,16
54,9,18
54,10,11
54,10,14
54,10,15
54,10,16
54,10,17
54,10,18
54,11,15
54,11,17
54,11,18
54,12,16
54,14,18
54,15,17
54,15,18
54,16,17
54,16,18
54,17,18
55,0,4
55,0,6
55,0,11
55,0,15
55,0,17
55,1,9
55,2,13
55,3,7
55,3,12
55,3,19
55,4,6
55,4,11
55,4,15
55,4,17
55,5,8
55,5,10
55,5,12
55,5,16
55,6,11
55,6,15
55,6,17
55,7,12
55,7,19
55,8,9
55,8,10
55,8,14
55,8,15
55,8,16
55,8,17
55,8,18
55,9,10
55,9,14
55,9,16
55,9,18
55,10,14
55,10,15
55,10,16
55,10,17
55,10,18
55,11,15
55,11,17
55,11,18
55,12,16
55,14,18
55,15,17
55,15,18
55,16,17
55,16,18
55,17,18
56,0,4
56,0,6
56,0,11
56,0,15
56,0,17
56,1,9
56,2,13
56,3,7
56,3,12
56,3,19
56,4,6
56,4,11
56,4,15
56,4,17
56,5,8
56,5,10
56,5,12
56,5,16
56,6,11
56,6,15
56,6,17
56,7,12
56,7,19
56,8,9
56,8,10
56,8,14
56,8,15
56,8,16
56,8,17
56,8,18
56,9,10
56,9,14
56,9,16
56,9,18
56,10,14
56,10,15
56,10,16
56,10,17
56,10,18
56,11,15
56,11,17
56,11,18
56,12,16
56,14,18
56,15,17
56,15,18
56,16,17
56,16,18
56,17,18
57,0,4
57,0,6
57,0,11
57,0,15
57,0,17
57,1,9
57,2,7
57,2,13
57,3,7
57,3,12
57,3,19
57,4,6
57,4,15
57,4,17
57,5,8
57,5,10
57,5,12
57,5,16
57,6,11
57,6,15
57,6,17
57,7,12
57,7,19
57,8,9
57,8,10
57,8,14
57,8,16
57,8,17
57,8,18
57,9,10
57,9,14
57,9,16
57,9,18
57,10,14
57,10,15
57,10,16
57,10,17
57,10,18
57,11,15
57,11,17
57,11,18
57,12,16
57,14,18
57,15,17
57,15,18
57,16,17
57,16,18
57,17,18
58,0,4
58,0,6
58,0,11
58,0,15
58,0,17
58,1,9
58,2,7
58,2,13
58,3,7
58,3,12
58,3,19
58,4,6
58,4,15
58,4,17
58,5,8
58,5,10
58,5,12
58,5,16
58,6,11
58,6,15
58,6,17
58,7,12
58,7,19
58,8,9
58,8,10
58,8,14
58,8,16
58,8,17
58,8,18
58,9,10
58,9,14
58,9,16
58,9,18
58,10,14
58,10,15
58,10,16
58,10,17
58,10,18
58,11,15
58,11,17
58,11,18
58,12,16
58,14,18
58,15,17
58,16,17
58,16,18
58,17,18
59,0,4
59,0,6
59,0,11
59,0,15
59,0,17
59,1,9
59,2,7
59,2,13
59,3,7
59,3,12
59,3,19
59,4,6
59,4,15
59,4,17
59,5,8
59,5,10
59,5,12
59,5,16
59,6,11
59,6,15
59,6,17
59,7,12
59,7,19
59,8,9
59,8,10
59,8,14
59,8,16
59,8,17
59,8,18
59,9,10
59,9,14
59,9,16
59,9,18
59,10,14
59,10,16
59,10,17
59,10,18
59,11,15
59,11,17
59,11,18
59,12,16
59,14,18
59,15,17
59,16,17
59,16,18
59,17,18
60,0,4
60,0,6
60,0,11
60,0,15
60,0,17
60,1,9
60,2,7
60,2,13
60,3,7
60,3,12
60,3,19
60,4,6
60,4,15
60,5,8
60,5,10
60,5,12
60,5,16
60,5,17
60,6,11
60,6,15
60,6,17
60,7,12
60,7,19
60,8,9
60,8,10
60,8,14
60,8,16
60,8,17
60,8,18
60,9,10
60,9,14
60,9,16
60,9,17
60,9,18
60,10,14
60,10,16
60,10,17
60,10,18
60,11,15
60,11,17
60,11,18
60,12,16
60,14,18
60,15,17
60,16,17
60,16,18
60,17,18
61,0,4
61,0,6
61,0,11
61,0,15
61,0,17
61,1,9
61,2,7
61,2,12
61,2,13
61,3,7
61,3,12
61,3,19
61,4,6
61,4,15
61,5,8
61,5,10
61,5,12
61,5,16
61,5,17
61,6,11
61,6,15
61,6,17
61,7,12
61,7,13
61,7,19
61,8,9
61,8,10
61,8,14
61,8,16
61,8,17
61,8,18
61,9,10
61,9,14
61,9,16
61,9,17
61,9,18
61,10,14
61,10,16
61,10,17
61,10,18
61,11,15
61,11,17
61,11,18
61,12,13
61,14,17
61,14,18
61,15,17
61,16,17
61,16,18
61,17,18
62,0,4
62,0,6
62,0,11
62,0,15
62,0,17
62,1,9
62,2,7
62,2,12
62,2,13
62,3,7
62,3,12
62,3,19
62,4,6
62,4,15
62,5,8
62,5,10
62,5,12
62,5,16
62,5,17
62,6,11
62,6,15
62,6,17
62,7,12
62,7,13
62,7,19
62,8,9
62,8,10
62,8,14
62,8,16
62,8,17
62,8,18
62,9,10
62,9,14
62,9,16
62,9,17
62,9,18
62,10,14
62,10,16
62,10,17
62,10,18
62,11,14
62,11,15
62,11,17
62,11,18
62,12,13
62,14,17
62,14,18
62,15,17
62,16,17
62,16,18
62,17,18
63,0,4
63,0,6
63,0,11
63,0,15
63,0,17
63,1,9
63,2,7
63,2,12
63,2,13
63,3,7
63,3,12
63,3,19
63,4,6
63,4,15
63,5,8
63,5,9
63,5,10
63,5,12
63,5,16
63,5,17
63,6,11
63,6,15
63,6,17
63,7,12
63,7,13
63,7,19
63,8,9
63,8,10
63,8,14
63,8,16
63,8,17
63,8,18
63,9,10
63,9,14
63,9,16
63,9,17
63,9,18
63,10,14
63,10,16
63,10,17
63,10,18
63,11,14
63,11,15
63,11,17
63,11,18
63,12,13
63,14,17
63,14,18
63,15,17
63,16,17
63,16,18
63,17,18
64,0,4
64,0,6
64,0,11
64,0,15
64,0,17
64,1,9
64,2,7
64,2,12
64,2,13
64,3,7
64,3,12
64,3,19
64,4,6
64,4,15
64,5,8
64,5,9
64,5,10
64,5,12
64,5,16
64,5,17
64,6,11
64,6,15
64,6,17
64,7,12
64,7,13
64,7,19
64,8,9
64,8,10
64,8,14
64,8,16
64,8,17
64,8,18
64,9,10
64,9,14
64,9,16
64,9,17
64,9,18
64,10,14
64,10,16
64,10,17
64,10,18
64,11,14
64,11,15
64,11,17
64,12,13
64,14,17
64,14,18
64,15,17
64,16,17
64,16,18
64,17,18
65,0,4
65,0,6
65,0,11
65,0,15
65,0,17
65,1,9
65,2,7
65,2,12
65,2,13
65,3,7
65,3,12
65,3,19
65,4,6
65,4,15
65,5,8
65,5,9
65,5,10
65,5,12
65,5,16
65,5,17
65,6,11
65,6,15
65,6,17
65,7,12
65,7,13
65,7,19
65,8,9
65,8,10
65,8,14
65,8,16
65,8,17
65,8,18
65,9,10
65,9,14
65,9,16
65,9,17
65,9,18
65,10,14
65,10,16
65,10,17
65,10,18
65,11,14
65,11,15
65,11,17
65,12,13
65,14,17
65,14,18
65,16,17
65,16,18
65,17,18
66,0,4
66,0,6
66,0,11
66,0,15
66,0,17
66,1,9
66,2,7
66,2,12
66,2,13
66,3,7
66,3,12
66,3,19
66,4,6
66,4,15
66,5,8
66,5,9
66,5,10
66,5,12
66,5,16
66,5,17
66,6,11
66,6,15
66,6,17
66,7,12
66,7,13
66,7,19
66,8,9
66,8,10
66,8,14
66,8,16
66,8,17
66,8,18
66,9,10
66,9,14
66,9,16
66,9,17
66,9,18
66,10,14
66,10,16
66,10,17
66,10,18
66,11,14
66,11,15
66,11,17
66,12,13
66,14,17
66,14,18
66,16,17
66,16,18
66,17,18
67,0,4
67,0,6
67,0,11
67,0,15
67,0,17
67,1,9
67,2,7
67,2,12
67,2,13
67,3,7
67,3,12
67,3,19
67,4,6
67,4,15
67,5,8
67,5,9
67,5,10
67,5,12
67,5,16
67,5,17
67,6,11
67,6,15
67,6,17
67,7,12
67,7,13
67,7,19
67,8,9
67,8,10
67,8,14
67,8,16
67,8,17
67,8,18
67,9,10
67,9,14
67,9,16
67,9,17
67,9,18
67,10,14
67,10,16
67,10,17
67,10,18
67,11,14
67,11,15
67,11,17
67,12,13
67,14,17
67,14,18
67,16,17
67,16,18
67,17,18
68,0,4
68,0,6
68,0,10
68,0,11
68,0,14
68,0,15
68,0,17
68,1,8
68,1,9
68,2,7
68,2,12
68,2,13
68,3,7
68,3,12
68,3,19
68,4,6
68,4,15
68,5,8
68,5,9
68,5,10
68,5,12
68,5,16
68,5,17
68,6,11
68,6,15
68,6,17
68,7,12
68,7,13
68,7,19
68,8,9
68,8,10
68,8,14
68,8,16
68,8,17
68,8,18
68,9,10
68,9,14
68,9,16
68,9,17
68,9,18
68,10,11
68,10,14
68,10,16
68,10,17
68,10,18
68,11,14
68,11,15
68,11,17
68,12,13
68,14,17
68,14,18
68,16,17
68,16,18
68,17,18
69,0,4
69,0,6
69,0,10
69,0,11
69,0,14
69,0,15
69,0,17
69,1,8
69,1,9
69,2,7
69,2,12
69,2,13
69,3,7
69,3,12
69,3,19
69,4,6
69,4,15
69,5,8
69,5,9
69,5,10
69,5,12
69,5,16
69,5,17
69,6,11
69,6,15
69,6,17
69,7,12
69,7,13
69,7,19
69,8,9
69,8,10
69,8,14
69,8,16
69,8,17
69,8,18
69,9,10
69,9,14
69,9,16
69,9,17
69,9,18
69,10,11
69,10,14
69,10,16
69,10,17
69,10,18
69,11,14
69,11,15
69,11,17
69,12,13
69,14,17
69,14,18
69,16,17
69,16,18
69,17,18
70,0,6
70,0,10
70,0,11
70,0,14
70,0,15
70,0,17
70,1,8
70,1,9
70,2,7
70,2,12
70,2,13
70,3,7
70,3,12
70,3,19
70,4,6
70,4,15
70,5,8
70,5,9
70,5,10
70,5,12
70,5,16
70,5,17
70,6,11
70,6,15
70,7,12
70,7,13
70,7,19
70,8,9
70,8,10
70,8,16
70,8,17
70,8,18
70,9,10
70,9,14
70,9,16
70,9,17
70,9,18
70,10,11
70,10,14
70,10,16
70,10,17
70,10,18
70,11,14
70,11,15
70,11,17
70,12,13
70,14,17
70,14,18
70,16,17
70,16,18
70,17,18
71,0,6
71,0,10
71,0,11
71,0,14
71,0,15
71,0,17
71,1,8
71,1,9
71,2,3
71,2,7
71,2,12
71,2,13
71,3,7
71,3,12
71,3,19
71,4,6
71,4,15
71,5,8
71,5,9
71,5,10
71,5,12
71,5,16
71,5,17
71,6,11
71,6,15
71,7,12
71,7,13
71,7,19
71,8,9
71,8,10
71,8,16
71,8,17
71,8,18
71,9,10
71,9,14
71,9,16
71,9,17
71,9,18
71,10,11
71,10,14
71,10,16
71,10,17
71,10,18
71,11,14
71,11,15
71,11,17
71,12,13
71,14,17
71,14,18
71,16,17
71,16,18
71,17,18
72,0,6
72,0,10
72,0,11
72,0,14
72,0,15
72,0,17
72,1,8
72,1,9
72,2,3
72,2,7
72,2,12
72,2,13
72,3,7
72,3,12
72,3,19
72,4,6
72,4,15
72,5,8
72,5,9
72,5,10
72,5,12
72,5,16
72,5,17
72,6,11
72,6,15
72,7,12
72,7,13
72,7,19
72,8,9
72,8,10
72,8,16
72,8,17
72,8,18
72,9,10
72,9,14
72,9,16
72,9,17
72,9,18
72,10,11
72,10,14
72,10,16
72,10,17
72,10,18
72,11,14
72,11,15
72,11,17
72,12,13
72,14,17
72,14,18
72,16,17
72,16,18
72,17,18
73,0,6
73,0,10
73,0,11
73,0,14
73,0,15
73,0,17
73,1,8
73,1,9
73,2,3
73,2,7
73,2,12
73,2,13
73,3,7
73,3,12
73,3,19
73,4,6
73,4,15
73,5,8
73,5,9
73,5,10
73,5,12
73,5,16
73,5,17
73,6,11
73,6,15
73,7,12
73,7,13
73,7,19
73,8,9
73,8,10
73,8,16
73,8,17
73,8,18
73,9,10
73,9,14
73,9,16
73,9,17
73,9,18
73,10,11
73,10,14
73,10,16
73,10,17
73,10,18
73,11,14
73,11,15
73,11,17
73,12,13
73,14,17
73,14,18
73,16,17
73,16,18
73,17,18
74,0,6
74,0,10
74,0,11
74,0,14
74,0,15
74,0,17
74,1,8
74,1,9
74,2,3
74,2,7
74,2,12
74,2,13
74,3,7
74,3,12
74,3,19
74,4,6
74,4,15
74,5,8
74,5,9
74,5,10
74,5,16
74,5,17
74,6,11
74,6,15
74,7,12
74,7,13
74,7,19
74,8,9
74,8,10
74,8,16
74,8,17
74,8,18
74,9,10
74,9,14
74,9,16
74,9,17
74,9,18
74,10,11
74,10,14
74,10,16
74,10,17
74,10,18
74,11,14
74,11,15
74,11,17
74,12,13
74,14,17
74,14,18
74,16,17
74,16,18
74,17,18
75,0,6
75,0,10
75,0,11
75,0,14
75,0,15
75,0,17
75,1,8
75,1,9
75,2,3
75,2,7
75,2,12
75,2,13
75,3,7
75,3,12
75,3,19
75,4,6
75,4,15
75,5,8
75,5,9
75,5,10
75,5,16
75,5,17
75,6,11
75,6,15
75,7,12
75,7,13
75,7,19
75,8,9
75,8,10
75,8,16
75,8,17
75,8,18
75,9,10
75,9,14
75,9,16
75,9,17
75,9,18
75,10,11
75,10,14
75,10,16
75,10,17
75,10,18
75,11,14
75,11,15
75,11,17
75,12,13
75,14,17
75,14,18
75,16,17
75,16,18
75,17,18
76,0,6
76,0,10
76,0,11
76,0,14
76,0,15
76,0,17
76,1,8
76,1,9
76,2,3
76,2,7
76,2,12
76,2,13
76,3,7
76,3,12
76,3,19
76,4,6
76,4,15
76,5,8
76,5,9
76,5,10
76,5,16
76,5,17
76,6,11
76,6,15
76,7,12
76,7,13
76,7,19
76,8,9
76,8,10
76,8,16
76,8,17
76,8,18
76,9,10
76,9,14
76,9,16
76,9,17
76,9,18
76,10,11
76,10,14
76,10,16
76,10,17
76,10,18
76,11,14
76,11,15
76,11,17
76,12,13
76,14,17
76,14,18
76,16,17
76,16,18
76,17,18
77,0,6
77,0,10
77,0,11
77,0,14
77,0,15
77,0,17
77,1,8
77,1,18
77,2,3
77,2,7
77,2,12
77,2,13
77,3,7
77,3,12
77,3,19
77,4,6
77,4,15
77,5,8
77,5,9
77,5,10
77,5,16
77,5,17
77,6,11
77,6,15
77,7,12
77,7,13
77,7,19
77,8,9
77,8,10
77,8,16
77,8,17
77,8,18
77,9,10
77,9,14
77,9,16
77,9,17
77,9,18
77,10,11
77,10,14
77,10,16
77,10,17
77,10,18
77,11,14
77,11,15
77,11,17
77,12,13
77,14,17
77,14,18
77,16,17
77,17,18
78,0,6
78,0,9
78,0,10
78,0,11
78,0,14
78,0,15
78,0,17
78,1,8
78,1,18
78,2,3
78,2,7
78,2,12
78,2,13
78,3,7
78,3,12
78,3,19
78,4,6
78,4,15
78,5,8
78,5,9
78,5,10
78,5,16
78,5,17
78,6,11
78,6,15
78,7,12
78,7,13
78,7,19
78,8,9
78,8,10
78,8,16
78,8,17
78,8,18
78,9,10
78,9,14
78,9,16
78,9,17
78,9,18
78,10,11
78,10,14
78,10,16
78,10,17
78,10,18
78,11,14
78,11,15
78,11,17
78,12,13
78,14,17
78,14,18
78,16,17
78,17,18
79,0,6
79,0,9
79,0,10
79,0,11
79,0,14
79,0,15
79,0,17
79,1,8
79,1,18
79,2,3
79,2,7
79,2,12
79,2,13
79,3,7
79,3,12
79,3,19
79,4,6
79,4,15
79,5,8
79,5,9
79,5,10
79,5,16
79,5,17
79,6,11
79,6,15
79,7,12
79,7,13
79,7,19
79,8,9
79,8,10
79,8,16
79,8,17
79,8,18
79,9,10
79,9,14
79,9,16
79,9,17
79,9,18
79,10,11
79,10,14
79,10,16
79,10,17
79,10,18
79,11,14
79,11,15
79,11,17
79,12,13
79,14,17
79,14,18
79,16,17
79,17,18
80,0,5
80,0,6
80,0,9
80,0,10
80,0,11
80,0,14
80,0,15
80,0,17
80,1,8
80,1,18
80,2,3
80,2,7
80,2,12
80,2,13
80,3,7
80,3,19
80,4,6
80,4,15
80,5,8
80,5,9
80,5,10
80,5,16
80,5,17
80,6,11
80,6,15
80,7,12
80,7,13
80,7,19
80,8,9
80,8,10
80,8,16
80,8,17
80,8,18
80,9,10
80,9,14
80,9,16
80,9,17
80,9,18
80,10,11
80,10,14
80,10,16
80,10,17
80,10,18
80,11,14
80,11,15
80,11,17
80,12,13
80,14,17
80,14,18
80,16,17
80,17,18
81,0,5
81,0,6
81,0,9
81,0,10
81,0,11
81,0,14
81,0,15
81,0,17
81,1,8
81,1,18
81,2,3
81,2,7
81,2,12
81,2,13
81,3,7
81,3,19
81,4,6
81,4,15
81,5,8
81,5,9
81,5,10
81,5,16
81,5,17
81,6,11
81,6,15
81,7,12
81,7,19
81,8,9
81,8,10
81,8,16
81,8,17
81,8,18
81,9,10
81,9,14
81,9,16
81,9,17
81,9,18
81,10,11
81,10,14
81,10,16
81,10,17
81,10,18
81,11,14
81,11,15
81,12,13
81,14,17
81,14,18
81,16,17
81,17,18
82,0,5
82,0,6
82,0,9
82,0,10
82,0,11
82,0,14
82,0,15
82,0,17
82,1,8
82,1,18
82,2,3
82,2,7
82,2,12
82,2,13
82,3,7
82,3,19
82,4,6
82,4,15
82,5,8
82,5,9
82,5,10
82,5,13
82,5,16
82,5,17
82,6,11
82,6,15
82,7,12
82,7,19
82,8,9
82,8,10
82,8,16
82,8,17
82,8,18
82,9,10
82,9,14
82,9,16
82,9,17
82,9,18
82,10,11
82,10,14
82,10,16
82,10,17
82,10,18
82,11,14
82,11,15
82,12,13
82,14,17
82,14,18
82,16,17
82,17,18
83,0,5
83,0,6
83,0,9
83,0,10
83,0,11
83,0,14
83,0,15
83,0,17
83,1,8
83,1,18
83,2,3
83,2,7
83,2,12
83,2,13
83,3,7
83,3,19
83,4,6
83,4,15
83,5,8
83,5,9
83,5,10
83,5,13
83,5,16
83,5,17
83,6,11
83,6,15
83,7,12
83,7,19
83,8,9
83,8,10
83,8,16
83,8,17
83,8,18
83,9,10
83,9,14
83,9,16
83,9,17
83,9,18
83,10,11
83,10,14
83,10,16
83,10,17
83,10,18
83,11,14
83,11,15
83,12,13
83,14,17
83,14,18
83,16,17
83,17,18
84,0,5
84,0,6
84,0,9
84,0,10
84,0,11
84,0,14
84,0,17
84,1,8
84,1,16
84,1,18
84,2,3
84,2,7
84,2,12
84,2,13
84,3,7
84,3,19
84,4,6
84,4,15
84,5,8
84,5,9
84,5,10
84,5,13
84,5,16
84,5,17
84,6,11
84,6,15
84,7,12
84,7,19
84,8,9
84,8,10
84,8,16
84,8,17
84,8,18
84,9,10
84,9,14
84,9,16
84,9,17
84,9,18
84,10,11
84,10,14
84,10,16
84,10,17
84,11,14
84,11,15
84,12,13
84,14,17
84,14,18
84,16,17
84,17,18
85,0,5
85,0,6
85,0,9
85,0,10
85,0,11
85,0,14
85,0,17
85,1,8
85,1,16
85,1,18
85,2,3
85,2,7
85,2,12
85,2,13
85,3,7
85,3,19
85,4,6
85,4,15
85,5,8
85,5,9
85,5,10
85,5,13
85,5,16
85,5,17
85,6,11
85,6,15
85,7,12
85,7,19
85,8,9
85,8,10
85,8,16
85,8,17
85,8,18
85,9,10
85,9,14
85,9,16
85,9,17
85,9,18
85,10,11
85,10,14
85,10,16
85,10,17
85,11,14
85,11,15
85,12,13
85,14,17
85,14,18
85,16,17
85,17,18
86,0,5
86,0,6
86,0,9
86,0,10
86,0,11
86,0,14
86,0,17
86,1,8
86,1,16
86,1,18
86,2,3
86,2,7
86,2,12
86,2,13
86,3,7
86,3,19
86,4,6
86,4,15
86,5,8
86,5,9
86,5,10
86,5,13
86,5,16
86,5,17
86,6,11
86,6,15
86,7,12
86,7,19
86,8,9
86,8,10
86,8,16
86,8,17
86,8,18
86,9,10
86,9,14
86,9,16
86,9,17
86,9,18
86,10,11
86,10,14
86,10,16
86,10,17
86,11,14
86,11,15
86,12,13
86,14,17
86,14,18
86,16,17
86,17,18
87,0,5
87,0,6
87,0,9
87,0,10
87,0,11
87,0,14
87,0,17
87,1,8
87,1,16
87,1,18
87,2,3
87,2,7
87,2,12
87,2,13
87,3,7
87,3,19
87,4,6
87,4,15
87,5,8
87,5,9
87,5,10
87,5,11
87,5,13
87,5,16
87,5,17
87,6,11
87,6,15
87,7,12
87,7,19
87,8,9
87,8,10
87,8,16
87,8,17
87,8,18
87,9,10
87,9,16
87,9,17
87,9,18
87,10,11
87,10,14
87,10,16
87,10,17
87,11,14
87,11,15
87,12,13
87,14,18
87,16,17
87,17,18
88,0,5
88,0,6
88,0,9
88,0,10
88,0,11
88,0,14
88,0,17
88,1,8
88,1,16
88,1,18
88,2,3
88,2,7
88,2,12
88,2,13
88,3,7
88,3,19
88,4,6
88,4,15
88,5,8
88,5,9
88,5,10
88,5,11
88,5,13
88,5,16
88,5,17
88,6,11
88,6,15
88,7,12
88,7,19
88,8,9
88,8,10
88,8,16
88,8,17
88,8,18
88,9,10
88,9,16
88,9,17
88,10,11
88,10,14
88,10,16
88,10,17
88,11,14
88,11,15
88,12,13
88,14,18
88,16,17
88,17,18
89,0,5
89,0,6
89,0,9
89,0,10
89,0,11
89,0,14
89,0,17
89,1,8
89,1,16
89,1,18
89,2,3
89,2,7
89,2,12
89,2,13
89,3,7
89,3,19
89,4,6
89,4,15
89,5,8
89,5,9
89,5,10
89,5,11
89,5,13
89,5,16
89,5,17
89,6,11
89,6,15
89,7,12
89,7,19
89,8,9
89,8,10
89,8,16
89,8,17
89,8,18
89,9,10
89,9,16
89,9,17
89,10,11
89,10,14
89,10,16
89,10,17
89,11,14
89,11,15
89,12,13
89,14,18
89,16,17
89,17,18
90,0,5
90,0,6
90,0,9
90,0,10
90,0,11
90,0,14
90,0,17
90,1,8
90,1,16
90,1,17
90,1,18
90,2,3
90,2,7
90,2,12
90,2,13
90,3,7
90,3,19
90,4,6
90,4,15
90,5,9
90,5,10
90,5,11
90,5,13
90,5,16
90,5,17
90,6,11
90,6,15
90,7,12
90,7,19
90,8,9
90,8,10
90,8,16
90,8,17
90,8,18
90,9,10
90,9,16
90,9,17
90,10,11
90,10,14
90,10,16
90,10,17
90,11,14
90,11,15
90,12,13
90,14,18
90,16,17
90,17,18
91,0,5
91,0,6
91,0,9
91,0,10
91,0,11
91,0,14
91,0,17
91,1,8
91,1,16
91,1,17
91,1,18
91,2,3
91,2,7
91,2,12
91,2,13
91,3,7
91,3,19
91,4,6
91,4,15
91,5,9
91,5,10
91,5,11
91,5,13
91,5,16
91,5,17
91,6,11
91,6,15
91,7,12
91,7,19
91,8,9
91,8,10
91,8,16
91,8,17
91,8,18
91,9,10
91,9,16
91,9,17
91,10,11
91,10,14
91,10,16
91,10,17
91,11,14
91,11,15
91,12,13
91,14,18
91,16,17
91,17,18
92,0,5
92,0,6
92,0,9
92,0,10
92,0,11
92,0,14
92,0,17
92,1,8
92,1,16
92,1,17
92,1,18
92,2,3
92,2,7
92,2,12
92,2,13
92,3,7
92,3,19
92,4,6
92,4,15
92,5,9
92,5,10
92,5,11
92,5,13
92,5,16
92,5,17
92,6,11
92,6,15
92,7,12
92,7,19
92,8,9
92,8,10
92,8,16
92,8,17
92,9,10
92,9,13
92,9,16
92,9,17
92,10,11
92,10,14
92,10,16
92,10,17
92,11,14
92,11,15
92,12,13
92,14,18
92,16,17
92,17,18
93,0,5
93,0,6
93,0,9
93,0,10
93,0,11
93,0,13
93,0,14
93,0,16
93,0,17
93,1,8
93,1,16
93,1,17
93,1,18
93,2,3
93,2,7
93,2,12
93,3,7
93,3,19
93,4,6
93,4,15
93,5,9
93,5,10
93,5,11
93,5,13
93,5,16
93,5,17
93,6,11
93,6,15
93,7,12
93,7,19
93,8,9
93,8,10
93,8,16
93,8,17
93,9,10
93,9,13
93,9,16
93,9,17
93,10,11
93,10,13
93,10,14
93,10,16
93,10,17
93,11,14
93,12,13
93,16,17
93,17,18
94,0,5
94,0,6
94,0,9
94,0,10
94,0,11
94,0,13
94,0,14
94,0,16
94,0,17
94,1,8
94,1,16
94,1,17
94,1,18
94,2,3
94,2,7
94,2,12
94,2,19
94,3,7
94,3,19
94,4,6
94,4,15
94,5,9
94,5,10
94,5,11
94,5,13
94,5,16
94,5,17
94,6,11
94,6,15
94,7,12
94,7,19
94,8,9
94,8,16
94,8,17
94,9,10
94,9,13
94,9,16
94,9,17
94,10,11
94,10,13
94,10,14
94,10,16
94,10,17
94,11,14
94,12,13
94,16,17
94,17,18
95,0,5
95,0,6
95,0,9
95,0,10
95,0,11
95,0,13
95,0,14
95,0,16
95,0,17
95,1,8
95,1,16
95,1,17
95,1,18
95,2,3
95,2,7
95,2,12
95,2,19
95,3,7
95,3,19
95,4,6
95,4,15
95,5,9
95,5,10
95,5,11
95,5,13
95,5,16
95,5,17
95,6,11
95,6,15
95,7,12
95,7,19
95,8,9
95,8,16
95,8,17
95,9,10
95,9,13
95,9,16
95,9,17
95,10,11
95,10,13
95,10,14
95,10,16
95,10,17
95,11,14
95,12,13
95,16,17
95,17,18
96,0,5
96,0,6
96,0,9
96,0,10
96,0,11
96,0,13
96,0,14
96,0,16
96,0,17
96,1,8
96,1,16
96,1,17
96,1,18
96,2,3
96,2,7
96,2,12
96,2,19
96,3,7
96,3,19
96,4,6
96,4,15
96,5,9
96,5,10
96,5,11
96,5,13
96,5,16
96,5,17
96,6,11
96,6,15
96,7,12
96,7,19
96,8,9
96,8,16
96,8,17
96,9,10
96,9,13
96,9,16
96,9,17
96,10,11
96,10,13
96,10,14
96,10,16
96,10,17
96,11,14
96,12,13
96,16,17
96,17,18
97,0,5
97,0,6
97,0,9
97,0,10
97,0,11
97,0,13
97,0,14
97,0,16
97,0,17
97,1,8
97,1,16
97,1,17
97,1,18
97,2,3
97,2,7
97,2,12
97,2,19
97,3,7
97,3,19
97,4,6
97,4,15
97,5,9
97,5,10
97,5,11
97,5,13
97,5,16
97,5,17
97,6,11
97,6,15
97,7,12
97,7,19
97,8,16
97,8,17
97,9,10
97,9,13
97,9,16
97,9,17
97,10,11
97,10,13
97,10,14
97,10,16
97,10,17
97,11,14
97,12,13
97,16,17
97,17,18
98,0,5
98,0,6
98,0,9
98,0,10
98,0,11
98,0,13
98,0,14
98,0,16
98,0,17
98,1,8
98,1,16
98,1,17
98,1,18
98,2,3
98,2,7
98,2,12
98,2,19
98,3,7
98,3,19
98,4,6
98,4,15
98,5,9
98,5,10
98,5,11
98,5,13
98,5,16
98,5,17
98,6,11
98,6,15
98,7,12
98,7,19
98,8,16
98,8,17
98,9,10
98,9,13
98,9,16
98,9,17
98,10,11
98,10,13
98,10,14
98,10,16
98,10,17
98,11,13
98,11,14
98,12,13
98,16,17
98,17,18
99,0,5
99,0,9
99,0,10
99,0,11
99,0,13
99,0,14
99,0,16
99,0,17
99,1,8
99,1,16
99,1,17
99,1,18
99,2,3
99,2,7
99,2,12
99,2,19
99,3,7
99,3,19
99,4,6
99,4,15
99,5,9
99,5,10
99,5,11
99,5,13
99,5,16
99,5,17
99,6,11
99,6,15
99,7,12
99,7,19
99,8,16
99,8,17
99,9,10
99,9,13
99,9,16
99,9,17
99,10,11
99,10,13
99,10,14
99,10,16
99,10,17
99,11,13
99,11,14
99,16,17
100,0,5
100,0,9
100,0,10
100,0,11
100,0,13
100,0,14
100,0,16
100,0,17
100,1,8
100,1,16
100,1,17
100,1,18
100,2,3
100,2,7
100,2,12
100,2,19
100,3,7
100,3,19
100,4,6
100,4,15
100,5,9
100,5,10
100,5,11
100,5,13
100,5,16
100,5,17
100,6,11
100,6,15
100,7,12
100,7,19
100,8,16
100,8,17
100,9,10
100,9,13
100,9,16
100,9,17
100,10,11
100,10,13
100,10,14
100,10,16
100,10,17
100,11,13
100,11,14
100,16,17
101,0,5
101,0,9
101,0,10
101,0,11
101,0,13
101,0,14
101,0,16
101,0,17
101,1,8
101,1,16
101,1,17
101,1,18
101,2,3
101,2,7
101,2,12
101,2,19
101,3,7
101,3,19
101,4,6
101,4,15
101,5,9
101,5,10
101,5,11
101,5,13
101,5,16
101,5,17
101,6,11
101,6,15
101,7,12
101,7,19
101,8,16
101,8,17
101,9,10
101,9,13
101,9,16
101,9,17
101,10,11
101,10,13
101,10,14
101,10,16
101,10,17
101,11,13
101,11,14
101,16,17
102,0,5
102,0,9
102,0,10
102,0,11
102,0,13
102,0,14
102,0,16
102,0,17
102,1,8
102,1,16
102,1,17
102,1,18
102,2,3
102,2,7
102,2,12
102,2,19
102,3,7
102,3,19
102,4,6
102,4,15
102,5,9
102,5,10
102,5,11
102,5,13
102,5,14
102,5,16
102,5,17
102,6,11
102,6,15
102,7,12
102,7,19
102,8,16
102,8,17
102,9,10
102,9,13
102,9,16
102,9,17
102,10,11
102,10,13
102,10,16
102,10,17
102,11,13
102,11,14
102,16,17
103,0,5
103,0,9
103,0,10
103,0,11
103,0,13
103,0,14
103,0,16
103,0,17
103,1,8
103,1,16
103,1,17
103,1,18
103,2,3
103,2,7
103,2,12
103,2,19
103,3,7
103,3,19
103,4,6
103,4,15
103,5,9
103,5,10
103,5,11
103,5,13
103,5,14
103,5,16
103,5,17
103,6,11
103,6,15
103,7,12
103,7,19
103,8,16
103,8,17
103,9,10
103,9,13
103,9,16
103,9,17
103,10,11
103,10,13
103,10,16
103,10,17
103,11,13
103,11,14
103,16,17
104,0,5
104,0,9
104,0,10
104,0,11
104,0,13
104,0,14
104,0,16
104,0,17
104,1,8
104,1,16
104,1,17
104,1,18
104,2,3
104,2,7
104,2,12
104,2,19
104,3,7
104,3,19
104,4,6
104,4,15
104,5,9
104,5,10
104,5,11
104,5,13
104,5,14
104,5,16
104,5,17
104,6,11
104,6,15
104,7,12
104,7,19
104,8,16
104,8,17
104,9,10
104,9,13
104,9,16
104,9,17
104,10,11
104,10,13
104,10,16
104,10,17
104,11,13
104,11,14
104,16,17
105,0,5
105,0,9
105,0,10
105,0,11
105,0,13
105,0,14
105,0,16
105,0,17
105,1,8
105,1,16
105,1,17
105,1,18
105,2,3
105,2,7
105,2,12
105,2,19
105,3,7
105,3,19
105,4,6
105,4,15
105,5,9
105,5,10
105,5,11
105,5,13
105,5,14
105,5,16
105,5,17
105,6,11
105,6,15
105,7,12
105,7,19
105,8,16
105,8,17
105,9,10
105,9,13
105,9,16
105,9,17
105,10,11
105,10,13
105,10,16
105,10,17
105,11,13
105,11,14
105,16,17
106,0,5
106,0,9
106,0,10
106,0,11
106,0,13
106,0,14
106,0,16
106,0,17
106,1,8
106,1,16
106,1,17
106,1,18
106,2,3
106,2,7
106,2,12
106,2,19
106,3,7
106,3,19
106,4,6
106,4,15
106,5,9
106,5,10
106,5,11
106,5,13
106,5,14
106,5,16
106,6,11
106,6,15
106,7,12
106,7,19
106,8,16
106,8,17
106,9,10
106,9,13
106,9,16
106,9,17
106,10,11
106,10,13
106,10,16
106,10,17
106,11,13
106,11,14
106,16,17
107,0,5
107,0,9
107,0,10
107,0,11
107,0,13
107,0,14
107,0,16
107,0,17
107,1,8
107,1,16
107,1,17
107,1,18
107,2,3
107,2,7
107,2,12
107,2,19
107,3,7
107,3,19
107,4,6
107,4,15
107,5,9
107,5,10
107,5,11
107,5,13
107,5,14
107,5,16
107,6,11
107,6,15
107,7,12
107,7,19
107,8,16
107,8,17
107,9,10
107,9,13
107,9,16
107,9,17
107,10,11
107,10,13
107,10,16
107,10,17
107,11,13
107,11,14
107,16,17
108,0,5
108,0,9
108,0,10
108,0,11
108,0,13
108,0,14
108,0,16
108,0,17
108,1,8
108,1,16
108,1,17
108,1,18
108,2,3
108,2,7
108,2,12
108,2,19
108,3,7
108,3,19
108,4,6
108,4,15
108,5,9
108,5,10
108,5,11
108,5,13
108,5,14
108,5,16
108,6,11
108,6,15
108,7,12
108,7,19
108,8,16
108,8,17
108,9,10
108,9,13
108,9,16
108,9,17
108,10,11
108,10,13
108,10,16
108,10,17
108,11,13
108,11,14
108,16,17
109,0,5
109,0,9
109,0,10
109,0,11
109,0,13
109,0,14
109,0,16
109,0,17
109,1,8
109,1,16
109,1,17
109,1,18
109,2,3
109,2,7
109,2,12
109,2,19
109,3,7
109,3,19
109,4,6
109,4,15
109,5,9
109,5,10
109,5,11
109,5,13
109,5,14
109,5,16
109,6,11
109,6,15
109,7,12
109,8,16
109,8,17
109,9,10
109,9,13
109,9,16
109,9,17
109,10,11
109,10,13
109,10,16
109,10,17
109,11,13
109,11,14
109,16,17
109,17,18
110,0,5
110,0,9
110,0,10
110,0,11
110,0,13
110,0,16
110,0,17
110,1,8
110,1,16
110,1,17
110,1,18
110,2,3
110,2,7
110,2,12
110,2,19
110,3,7
110,3,19
110,4,6
110,4,15
110,5,9
110,5,10
110,5,11
110,5,13
110,5,14
110,6,11
110,6,15
110,7,12
110,8,16
110,8,17
110,9,10
110,9,13
110,9,16
110,9,17
110,10,11
110,10,13
110,10,16
110,10,17
110,11,13
110,11,14
110,16,17
110,17,18
111,0,5
111,0,9
111,0,10
111,0,11
111,0,13
111,0,16
111,0,17
111,1,8
111,1,16
111,1,17
111,1,18
111,2,3
111,2,7
111,2,12
111,2,19
111,3,7
111,3,19
111,4,6
111,4,15
111,5,9
111,5,10
111,5,11
111,5,13
111,5,14
111,6,11
111,6,15
111,7,12
111,8,16
111,8,17
111,9,10
111,9,13
111,9,16
111,9,17
111,10,11
111,10,13
111,10,16
111,10,17
111,11,13
111,11,14
111,16,17
111,17,18
112,0,5
112,0,9
112,0,10
112,0,11
112,0,13
112,0,16
112,0,17
112,1,8
112,1,16
112,1,17
112,1,18
112,2,3
112,2,7
112,2,12
112,2,19
112,3,7
112,3,19
112,4,6
112,4,15
112,5,9
112,5,10
112,5,11
112,5,13
112,5,14
112,6,11
112,6,15
112,7,12
112,8,16
112,8,17
112,9,10
112,9,13
112,9,16
112,9,17
112,10,11
112,10,13
112,10,16
112,10,17
112,11,13
112,11,14
112,16,17
112,17,18
113,0,5
113,0,9
113,0,10
113,0,11
113,0,13
113,0,16
113,0,17
113,1,8
113,1,16
113,1,17
113,1,18
113,2,3
113,2,7
113,2,12
113,2,19
113,3,7
113,3,19
113,4,6
113,4,11
113,4,15
113,5,9
113,5,10
113,5,11
113,5,13
113,5,14
113,6,11
113,6,15
113,7,12
113,8,10
113,8,16
113,8,17
113,9,10
113,9,13
113,9,16
113,10,11
113,10,13
113,10,16
113,10,17
113,11,13
113,11,14
113,16,17
113,17,18
114,0,5
114,0,9
114,0,10
114,0,11
114,0,13
114,0,16
114,1,8
114,1,10
114,1,16
114,1,17
114,1,18
114,2,3
114,2,7
114,2,12
114,2,19
114,3,7
114,3,19
114,4,6
114,4,11
114,4,15
114,5,9
114,5,10
114,5,11
114,5,13
114,5,14
114,6,11
114,6,15
114,8,10
114,8,16
114,8,17
114,9,10
114,9,13
114,9,16
114,10,11
114,10,13
114,10,16
114,10,17
114,11,13
114,11,14
114,16,17
114,17,18
115,0,5
115,0,9
115,0,10
115,0,11
115,0,13
115,0,16
115,1,8
115,1,10
115,1,16
115,1,17
115,1,18
115,2,3
115,2,7
115,2,12
115,2,19
115,3,7
115,3,19
115,4,6
115,4,11
115,4,15
115,5,9
115,5,10
115,5,11
115,5,13
115,5,14
115,6,11
115,6,15
115,8,10
115,8,16
115,8,17
115,9,10
115,9,13
115,9,16
115,10,11
115,10,13
115,10,16
115,10,17
115,11,13
115,11,14
115,16,17
115,17,18
116,0,5
116,0,9
116,0,10
116,0,11
116,0,13
116,0,16
116,1,8
116,1,10
116,1,16
116,1,17
116,1,18
116,2,3
116,2,7
116,2,19
116,3,7
116,3,19
116,4,6
116,4,11
116,4,15
116,5,9
116,5,10
116,5,11
116,5,13
116,5,14
116,6,11
116,6,15
116,8,10
116,8,16
116,8,17
116,9,10
116,9,13
116,9,16
116,9,19
116,10,11
116,10,13
116,10,16
116,10,17
116,11,13
116,11,14
116,16,17
116,17,18
117,0,5
117,0,9
117,0,10
117,0,11
117,0,13
117,0,16
117,1,8
117,1,10
117,1,16
117,1,17
117,1,18
117,2,3
117,2,7
117,2,19
117,3,7
117,3,19
117,4,6
117,4,11
117,4,15
117,5,9
117,5,10
117,5,11
117,5,13
117,5,14
117,6,11
117,6,15
117,8,10
117,8,16
117,8,17
117,9,10
117,9,13
117,9,16
117,9,19
117,10,11
117,10,13
117,10,16
117,10,17
117,11,13
117,11,14
117,16,17
117,17,18
118,0,5
118,0,8
118,0,9
118,0,10
118,0,11
118,0,13
118,0,16
118,1,8
118,1,10
118,1,16
118,1,17
118,1,18
118,2,3
118,2,7
118,2,19
118,3,7
118,3,19
118,4,6
118,4,11
118,4,15
118,5,9
118,5,10
118,5,11
118,5,13
118,5,14
118,6,11
118,6,15
118,8,10
118,8,16
118,8,17
118,9,10
118,9,13
118,9,16
118,9,19
118,10,11
118,10,13
118,10,16
118,10,17
118,11,13
118,11,14
118,16,17
118,17,18
119,0,5
119,0,8
119,0,9
119,0,10
119,0,11
119,0,13
119,0,16
119,1,8
119,1,10
119,1,16
119,1,17
119,1,18
119,2,3
119,2,7
119,2,19
119,3,7
119,3,19
119,4,6
119,4,11
119,4,15
119,5,9
119,5,10
119,5,11
119,5,13
119,5,14
119,6,11
119,6,14
119,6,15
119,8,9
119,8,10
119,8,16
119,8,17
119,9,10
119,9,13
119,9,16
119,9,19
119,10,11
119,10,13
119,10,16
119,10,17
119,11,13
119,11,14
119,16,17
119,17,18
120,0,5
120,0,8
120,0,9
120,0,10
120,0,11
120,0,13
120,0,16
120,1,8
120,1,10
120,1,16
120,1,17
120,1,18
120,2,3
120,2,7
120,2,19
120,3,7
120,3,19
120,4,6
120,4,11
120,4,15
120,5,9
120,5,10
120,5,11
120,5,13
120,5,14
120,6,11
120,6,14
120,6,15
120,8,9
120,8,10
120,8,16
120,8,17
120,9,10
120,9,13
120,9,16
120,9,19
120,10,11
120,10,13
120,10,16
120,10,17
120,11,13
120,11,14
120,16,17
120,16,18
120,17,18
121,0,5
121,0,8
121,0,9
121,0,10
121,0,11
121,0,13
121,0,16
121,1,8
121,1,10
121,1,16
121,1,17
121,1,18
121,2,3
121,2,7
121,2,19
121,3,7
121,3,19
121,4,6
121,4,11
121,4,15
121,5,10
121,5,11
121,5,13
121,5,14
121,6,14
121,6,15
121,8,9
121,8,10
121,8,16
121,8,17
121,9,10
121,9,13
121,9,16
121,9,19
121,10,11
121,10,13
121,10,16
121,10,17
121,11,13
121,11,14
121,13,14
121,16,17
121,16,18
121,17,18
122,0,5
122,0,8
122,0,9
122,0,10
122,0,11
122,0,13
122,0,16
122,1,8
122,1,10
122,1,16
122,1,17
122,1,18
122,2,3
122,2,7
122,2,19
122,3,7
122,3,19
122,4,6
122,4,11
122,4,15
122,5,10
122,5,11
122,5,13
122,5,14
122,6,14
122,6,15
122,8,9
122,8,10
122,8,16
122,8,17
122,9,10
122,9,13
122,9,16
122,9,19
122,10,11
122,10,13
122,10,16
122,10,17
122,11,13
122,11,14
122,13,14
122,16,17
122,16,18
122,17,18
123,0,5
123,0,8
123,0,9
123,0,10
123,0,11
123,0,13
123,0,16
123,1,8
123,1,10
123,1,16
123,1,17
123,1,18
123,2,3
123,2,7
123,2,19
123,3,7
123,3,19
123,4,6
123,4,11
123,4,15
123,5,10
123,5,11
123,5,13
123,5,14
123,6,14
123,6,15
123,8,9
123,8,10
123,8,16
123,8,17
123,9,10
123,9,13
123,9,19
123,10,11
123,10,13
123,10,16
123,10,17
123,11,13
123,11,14
123,11,15
123,13,14
123,16,17
123,16,18
123,17,18
124,0,5
124,0,8
124,0,9
124,0,10
124,0,11
124,0,13
124,0,16
124,1,8
124,1,10
124,1,16
124,1,17
124,1,18
124,2,3
124,2,7
124,2,19
124,3,7
124,3,19
124,4,6
124,4,11
124,4,15
124,5,10
124,5,11
124,5,13
124,5,14
124,6,14
124,8,9
124,8,10
124,8,16
124,8,17
124,9,10
124,9,13
124,9,19
124,10,11
124,10,13
124,10,16
124,10,17
124,11,13
124,11,14
124,11,15
124,13,14
124,16,17
124,16,18
124,17,18
125,0,5
125,0,8
125,0,9
125,0,10
125,0,11
125,0,13
125,0,16
125,1,8
125,1,10
125,1,16
125,1,17
125,1,18
125,2,3
125,2,7
125,2,19
125,3,7
125,3,19
125,4,5
125,4,6
125,4,11
125,4,15
125,5,10
125,5,11
125,5,13
125,5,14
125,6,14
125,8,9
125,8,10
125,8,16
125,8,17
125,9,10
125,9,13
125,9,19
125,10,11
125,10,13
125,10,16
125,11,13
125,11,14
125,11,15
125,13,14
125,16,17
125,16,18
125,17,18
126,0,5
126,0,8
126,0,9
126,0,10
126,0,11
126,0,13
126,0,16
126,1,8
126,1,10
126,1,16
126,1,17
126,1,18
126,2,3
126,2,7
126,2,19
126,3,7
126,3,19
126,4,5
126,4,6
126,4,11
126,4,15
126,5,10
126,5,11
126,5,13
126,5,14
126,6,14
126,7,12
126,8,9
126,8,10
126,8,16
126,8,17
126,9,10
126,9,13
126,9,19
126,10,11
126,10,13
126,10,16
126,11,13
126,11,14
126,11,15
126,13,14
126,16,17
126,16,18
127,0,1
127,0,5
127,0,8
127,0,9
127,0,10
127,0,11
127,0,13
127,0,16
127,1,8
127,1,10
127,1,16
127,1,17
127,1,18
127,2,3
127,2,7
127,2,19
127,3,7
127,3,19
127,4,5
127,4,6
127,4,11
127,4,15
127,5,10
127,5,11
127,5,13
127,5,14
127,6,14
127,7,12
127,8,9
127,8,10
127,8,16
127,8,17
127,9,10
127,9,13
127,9,19
127,10,11
127,10,13
127,10,16
127,11,13
127,11,14
127,11,15
127,13,14
127,16,17
127,16,18
128,0,1
128,0,5
128,0,8
128,0,9
128,0,10
128,0,11
128,0,13
128,0,16
128,1,8
128,1,10
128,1,16
128,1,17
128,1,18
128,2,3
128,2,7
128,2,19
128,3,7
128,3,19
128,4,5
128,4,6
128,4,11
128,4,15
128,5,10
128,5,11
128,5,13
128,5,14
128,6,14
128,7,12
128,8,9
128,8,10
128,8,16
128,8,17
128,9,10
128,9,13
128,9,19
128,10,11
128,10,13
128,10,16
128,11,13
128,11,14
128,11,15
128,13,14
128,16,17
128,16,18
129,0,1
129,0,5
129,0,8
129,0,9
129,0,10
129,0,11
129,0,13
129,0,16
129,1,8
129,1,10
129,1,16
129,1,17
129,1,18
129,2,3
129,2,7
129,2,19
129,3,7
129,3,19
129,4,5
129,4,6
129,4,11
129,4,15
129,5,6
129,5,10
129,5,11
129,5,13
129,5,14
129,6,14
129,7,12
129,8,9
129,8,10
129,8,16
129,8,17
129,9,10
129,9,19
129,10,11
129,10,13
129,10,16
129,10,18
129,11,13
129,11,14
129,11,15
129,13,14
129,16,17
129,16,18
130,0,1
130,0,8
130,0,9
130,0,10
130,0,11
130,0,13
130,0,16
130,1,8
130,1,10
130,1,16
130,1,17
130,1,18
130,2,3
130,2,7
130,2,19
130,3,7
130,3,19
130,4,5
130,4,6
130,4,11
130,4,15
130,5,6
130,5,10
130,5,11
130,5,13
130,5,14
130,5,15
130,6,14
130,7,12
130,8,9
130,8,10
130,8,16
130,8,17
130,9,10
130,9,19
130,10,11
130,10,13
130,10,16
130,10,18
130,11,13
130,11,14
130,11,15
130,13,14
130,16,17
130,16,18
131,0,1
131,0,8
131,0,9
131,0,10
131,0,11
131,0,13
131,0,16
131,1,8
131,1,10
131,1,16
131,1,17
131,1,18
131,2,3
131,2,7
131,2,12
131,2,19
131,3,7
131,3,19
131,4,5
131,4,6
131,4,11
131,4,15
131,5,6
131,5,10
131,5,11
131,5,13
131,5,14
131,5,15
131,6,14
131,7,12
131,8,9
131,8,10
131,8,16
131,8,17
131,9,10
131,9,19
131,10,11
131,10,13
131,10,16
131,10,18
131,11,13
131,11,14
131,11,15
131,13,14
131,16,17
131,16,18
132,0,1
132,0,8
132,0,9
132,0,10
132,0,11
132,0,13
132,0,16
132,1,8
132,1,10
132,1,16
132,1,17
132,1,18
132,2,3
132,2,7
132,2,12
132,2,19
132,3,7
132,3,19
132,4,5
132,4,6
132,4,11
132,4,15
132,5,6
132,5,10
132,5,11
132,5,13
132,5,14
132,5,15
132,6,14
132,7,12
132,8,9
132,8,10
132,8,16
132,8,17
132,9,10
132,9,19
132,10,11
132,10,13
132,10,16
132,10,18
132,11,13
132,11,14
132,11,15
132,13,14
132,14,18
132,16,17
132,16,18
133,0,1
133,0,8
133,0,9
133,0,10
133,0,11
133,0,13
133,0,16
133,1,8
133,1,10
133,1,16
133,1,17
133,1,18
133,2,3
133,2,7
133,2,12
133,2,19
133,3,7
133,3,19
133,4,5
133,4,6
133,4,11
133,4,15
133,5,6
133,5,10
133,5,11
133,5,13
133,5,14
133,5,15
133,6,14
133,7,12
133,8,9
133,8,10
133,8,16
133,8,17
133,9,10
133,9,19
133,10,11
133,10,13
133,10,16
133,10,18
133,11,13
133,11,14
133,11,15
133,13,14
133,14,18
133,16,17
133,16,18
134,0,1
134,0,8
134,0,9
134,0,10
134,0,11
134,0,13
134,0,16
134,1,8
134,1,10
134,1,16
134,1,17
134,1,18
134,2,3
134,2,7
134,2,12
134,2,19
134,3,7
134,3,19
134,4,5
134,4,6
134,4,11
134,4,14
134,4,15
134,5,6
134,5,10
134,5,11
134,5,13
134,5,14
134,5,15
134,6,14
134,7,12
134,8,9
134,8,10
134,8,16
134,8,17
134,9,10
134,9,19
134,10,11
134,10,13
134,10,16
134,10,18
134,11,13
134,11,15
134,13,14
134,13,18
134,14,18
134,16,17
134,16,18
135,0,1
135,0,8
135,0,9
135,0,10
135,0,11
135,0,13
135,0,16
135,0,17
135,1,8
135,1,10
135,1,16
135,1,17
135,1,18
135,2,3
135,2,7
135,2,12
135,2,19
135,3,7
135,3,19
135,4,5
135,4,6
135,4,11
135,4,14
135,4,15
135,5,6
135,5,10
135,5,11
135,5,13
135,5,14
135,5,15
135,6,14
135,7,12
135,8,9
135,8,10
135,8,16
135,8,17
135,9,10
135,9,19
135,10,11
135,10,13
135,10,16
135,10,17
135,10,18
135,11,13
135,11,15
135,13,14
135,13,18
135,14,18
135,16,17
135,16,18
136,0,1
136,0,8
136,0,9
136,0,10
136,0,13
136,0,16
136,0,17
136,1,8
136,1,10
136,1,16
136,1,17
136,1,18
136,2,3
136,2,7
136,2,12
136,2,19
136,3,7
136,3,19
136,4,5
136,4,6
136,4,11
136,4,14
136,4,15
136,5,6
136,5,11
136,5,13
136,5,14
136,5,15
136,6,14
136,7,12
136,8,9
136,8,10
136,8,16
136,8,17
136,8,19
136,9,19
136,10,11
136,10,13
136,10,16
136,10,17
136,10,18
136,11,13
136,11,15
136,13,14
136,13,18
136,14,18
136,16,17
136,16,18
137,0,1
137,0,8
137,0,9
137,0,10
137,0,13
137,0,16
137,0,17
137,0,19
137,1,8
137,1,10
137,1,16
137,1,17
137,1,18
137,2,3
137,2,7
137,2,9
137,2,12
137,2,19
137,3,7
137,3,19
137,4,5
137,4,6
137,4,11
137,4,14
137,4,15
137,5,6
137,5,11
137,5,13
137,5,14
137,5,15
137,6,14
137,7,12
137,8,9
137,8,10
137,8,16
137,8,17
137,8,19
137,9,19
137,10,11
137,10,13
137,10,16
137,10,17
137,10,18
137,11,13
137,11,15
137,13,14
137,13,18
137,14,18
137,16,17
138,0,1
138,0,8
138,0,9
138,0,10
138,0,16
138,0,17
138,0,19
138,1,8
138,1,10
138,1,16
138,1,17
138,1,18
138,2,3
138,2,7
138,2,9
138,2,12
138,2,19
138,3,7
138,3,12
138,3,19
138,4,5
138,4,6
138,4,11
138,4,14
138,4,15
138,5,6
138,5,11
138,5,13
138,5,14
138,5,15
138,6,14
138,7,12
138,8,9
138,8,10
138,8,16
138,8,17
138,8,19
138,9,19
138,10,11
138,10,13
138,10,16
138,10,17
138,10,18
138,11,13
138,11,15
138,13,14
138,13,18
138,14,18
138,16,17
139,0,1
139,0,8
139,0,9
139,0,10
139,0,16
139,0,17
139,0,19
139,1,8
139,1,10
139,1,16
139,1,17
139,1,18
139,2,3
139,2,7
139,2,9
139,2,12
139,2,19
139,3,7
139,3,12
139,3,19
139,4,5
139,4,6
139,4,11
139,4,14
139,4,15
139,5,6
139,5,11
139,5,13
139,5,14
139,5,15
139,6,14
139,7,12
139,8,9
139,8,10
139,8,16
139,8,17
139,8,19
139,9,19
139,10,11
139,10,13
139,10,16
139,10,17
139,10,18
139,11,13
139,11,15
139,13,14
139,13,18
139,14,18
139,16,17
140,0,1
140,0,8
140,0,9
140,0,10
140,0,16
140,0,17
140,0,19
140,1,8
140,1,10
140,1,16
140,1,17
140,1,18
140,2,3
140,2,7
140,2,9
140,2,12
140,2,19
140,3,7
140,3,12
140,3,19
140,4,5
140,4,6
140,4,14
140,4,15
140,5,6
140,5,11
140,5,13
140,5,14
140,5,15
140,6,14
140,7,12
140,8,9
140,8,10
140,8,16
140,8,17
140,8,19
140,9,19
140,10,11
140,10,13
140,10,16
140,10,17
140,10,18
140,11,13
140,11,15
140,13,14
140,13,18
140,14,18
140,16,17
141,0,1
141,0,8
141,0,9
141,0,10
141,0,16
141,0,17
141,0,19
141,1,8
141,1,10
141,1,16
141,1,17
141,1,18
141,2,3
141,2,7
141,2,9
141,2,12
141,2,19
141,3,7
141,3,12
141,3,19
141,4,5
141,4,6
141,4,14
141,4,15
141,5,6
141,5,11
141,5,13
141,5,14
141,5,15
141,6,14
141,7,12
141,8,9
141,8,10
141,8,16
141,8,17
141,8,19
141,9,19
141,10,11
141,10,13
141,10,16
141,10,17
141,10,18
141,11,13
141,11,15
141,12,19
141,13,14
141,13,18
141,14,18
141,16,17
142,0,1
142,0,8
142,0,9
142,0,10
142,0,16
142,0,17
142,0,19
142,1,8
142,1,10
142,1,16
142,1,17
142,1,18
142,2,3
142,2,7
142,2,9
142,2,12
142,2,19
142,3,7
142,3,12
142,3,19
142,4,5
142,4,6
142,4,14
142,4,15
142,5,6
142,5,11
142,5,13
142,5,14
142,5,15
142,6,14
142,7,12
142,8,9
142,8,10
142,8,16
142,8,17
142,8,19
142,9,19
142,10,11
142,10,13
142,10,16
142,10,17
142,10,18
142,11,13
142,11,15
142,12,19
142,13,14
142,13,18
142,14,18
142,16,17
143,0,1
143,0,8
143,0,9
143,0,10
143,0,16
143,0,17
143,0,19
143,1,10
143,1,16
143,1,17
143,2,3
143,2,7
143,2,9
143,2,12
143,2,19
143,3,7
143,3,12
143,3,19
143,4,5
143,4,6
143,4,14
143,4,15
143,5,6
143,5,11
143,5,13
143,5,14
143,5,15
143,6,14
143,7,12
143,8,9
143,8,10
143,8,11
143,8,16
143,8,17
143,8,19
143,9,19
143,10,11
143,10,13
143,10,16
143,10,17
143,10,18
143,11,13
143,11,15
143,12,19
143,13,14
143,13,18
143,14,18
143,16,17
144,0,1
144,0,8
144,0,9
144,0,10
144,0,16
144,0,17
144,0,19
144,1,10
144,1,16
144,1,17
144,2,3
144,2,7
144,2,9
144,2,12
144,2,19
144,3,7
144,3,12
144,3,19
144,4,5
144,4,6
144,4,14
144,4,15
144,5,6
144,5,11
144,5,13
144,5,14
144,5,15
144,6,14
144,7,12
144,8,9
144,8,10
144,8,11
144,8,16
144,8,17
144,8,19
144,9,19
144,10,11
144,10,13
144,10,16
144,10,17
144,10,18
144,11,13
144,11,15
144,12,19
144,13,14
144,13,18
144,14,18
144,16,17
145,0,1
145,0,8
145,0,9
145,0,10
145,0,16
145,0,17
145,0,19
145,1,10
145,1,16
145,1,17
145,2,3
145,2,7
145,2,9
145,2,12
145,2,19
145,3,7
145,3,12
145,3,19
145,4,5
145,4,6
145,4,13
145,4,14
145,4,15
145,5,6
145,5,11
145,5,13
145,5,14
145,5,15
145,6,14
145,7,12
145,8,9
145,8,10
145,8,11
145,8,16
145,8,17
145,8,19
145,9,12
145,9,19
145,10,11
145,10,13
145,10,16
145,10,17
145,10,18
145,11,13
145,11,15
145,12,19
145,13,14
145,13,18
145,14,18
145,16,17
146,0,1
146,0,8
146,0,9
146,0,10
146,0,16
146,0,17
146,1,10
146,1,16
146,1,17
146,2,3
146,2,7
146,2,9
146,2,12
146,2,19
146,3,7
146,3,12
146,3,19
146,4,5
146,4,6
146,4,13
146,4,14
146,4,15
146,5,6
146,5,11
146,5,13
146,5,14
146,5,15
146,6,14
146,7,12
146,8,9
146,8,10
146,8,11
146,8,17
146,8,19
146,9,12
146,9,19
146,10,11
146,10,13
146,10,16
146,10,17
146,10,18
146,11,13
146,11,15
146,12,19
146,13,14
146,13,18
146,14,18
146,16,17
147,0,1
147,0,8
147,0,9
147,0,10
147,0,16
147,0,17
147,1,10
147,1,16
147,1,17
147,2,3
147,2,7
147,2,9
147,2,12
147,2,19
147,3,7
147,3,9
147,3,12
147,3,19
147,4,5
147,4,6
147,4,13
147,4,14
147,5,6
147,5,11
147,5,13
147,5,14
147,5,15
147,6,14
147,7,12
147,8,9
147,8,10
147,8,11
147,8,17
147,8,19
147,9,12
147,9,19
147,10,11
147,10,13
147,10,16
147,10,17
147,10,18
147,11,13
147,11,15
147,11,19
147,12,19
147,13,14
147,13,18
147,14,18
147,16,17
148,0,1
148,0,8
148,0,9
148,0,10
148,0,16
148,0,17
148,1,10
148,1,16
148,1,17
148,2,3
148,2,7
148,2,9
148,2,12
148,2,19
148,3,7
148,3,9
148,3,12
148,3,19
148,4,5
148,4,6
148,4,13
148,4,14
148,5,6
148,5,11
148,5,13
148,5,14
148,5,15
148,6,14
148,7,12
148,8,9
148,8,10
148,8,11
148,8,17
148,8,19
148,9,12
148,9,19
148,10,11
148,10,13
148,10,16
148,10,17
148,10,18
148,11,13
148,11,15
148,11,19
148,12,19
148,13,14
148,13,18
148,14,18
148,16,17
149,0,1
149,0,8
149,0,9
149,0,10
149,0,16
149,0,17
149,1,10
149,1,16
149,1,17
149,2,3
149,2,9
149,2,12
149,2,19
149,3,7
149,3,9
149,3,12
149,4,5
149,4,6
149,4,13
149,4,14
149,5,6
149,5,11
149,5,13
149,5,14
149,5,15
149,6,14
149,7,12
149,8,9
149,8,10
149,8,11
149,8,17
149,8,19
149,9,12
149,9,19
149,10,11
149,10,13
149,10,16
149,10,17
149,10,18
149,11,13
149,11,15
149,11,19
149,12,19
149,13,14
149,13,18
149,14,18
149,16,17
150,0,1
150,0,8
150,0,9
150,0,10
150,0,16
150,0,17
150,1,10
150,1,16
150,1,17
150,2,3
150,2,9
150,2,12
150,2,19
150,3,7
150,3,9
150,3,12
150,4,5
150,4,6
150,4,13
150,4,14
150,5,6
150,5,11
150,5,13
150,5,14
150,5,15
150,6,14
150,7,12
150,8,9
150,8,10
150,8,11
150,8,17
150,8,19
150,9,12
150,9,19
150,10,11
150,10,13
150,10,16
150,10,17
150,10,18
150,11,13
150,11,15
150,11,19
150,12,19
150,13,14
150,13,18
150,14,18
150,15,19
150,16,17
151,0,1
151,0,8
151,0,10
151,0,16
151,0,17
151,1,10
151,1,16
151,1,17
151,2,3
151,2,9
151,2,12
151,2,19
151,3,7
151,3,9
151,3,12
151,4,5
151,4,6
151,4,13
151,4,14
151,5,6
151,5,11
151,5,13
151,5,14
151,5,15
151,5,18
151,6,14
151,7,12
151,8,9
151,8,10
151,8,11
151,8,17
151,8,19
151,9,12
151,9,19
151,10,11
151,10,13
151,10,16
151,10,17
151,10,18
151,11,15
151,11,19
151,12,19
151,13,14
151,13,18
151,14,18
151,15,19
151,16,17
152,0,1
152,0,8
152,0,10
152,0,16
152,0,17
152,1,10
152,1,16
152,1,17
152,2,3
152,2,9
152,2,12
152,2,19
152,3,7
152,3,9
152,3,12
152,4,5
152,4,6
152,4,13
152,4,14
152,5,6
152,5,11
152,5,13
152,5,14
152,5,15
152,5,18
152,6,14
152,7,12
152,8,9
152,8,10
152,8,11
152,8,17
152,8,19
152,9,12
152,9,19
152,10,11
152,10,13
152,10,16
152,10,17
152,10,18
152,11,15
152,11,19
152,12,19
152,13,14
152,13,18
152,14,18
152,15,19
152,16,17
153,0,1
153,0,8
153,0,10
153,0,16
153,0,17
153,1,10
153,1,16
153,1,17
153,2,3
153,2,9
153,2,12
153,2,19
153,3,7
153,3,9
153,3,12
153,4,5
153,4,6
153,4,13
153,4,14
153,5,6
153,5,11
153,5,13
153,5,14
153,5,15
153,5,18
153,6,14
153,7,12
153,8,9
153,8,10
153,8,11
153,8,15
153,8,17
153,8,19
153,9,12
153,9,19
153,10,11
153,10,13
153,10,16
153,10,17
153,10,18
153,11,15
153,11,19
153,12,19
153,13,14
153,13,18
153,14,18
153,15,19
153,16,17
154,0,1
154,0,8
154,0,10
154,0,16
154,0,17
154,1,10
154,1,16
154,1,17
154,2,3
154,2,9
154,2,12
154,2,19
154,3,7
154,3,9
154,3,12
154,4,5
154,4,6
154,4,13
154,4,14
154,5,6
154,5,11
154,5,13
154,5,14
154,5,15
154,5,18
154,6,14
154,8,9
154,8,10
154,8,11
154,8,15
154,8,17
154,8,19
154,9,12
154,9,19
154,10,11
154,10,13
154,10,16
154,10,17
154,10,18
154,11,15
154,11,19
154,12,19
154,13,14
154,13,18
154,14,18
154,15,19
154,16,17
155,0,1
155,0,8
155,0,10
155,0,16
155,0,17
155,1,10
155,1,16
155,1,17
155,2,3
155,2,9
155,2,12
155,2,19
155,3,7
155,3,9
155,3,12
155,4,5
155,4,6
155,4,13
155,4,14
155,5,6
155,5,11
155,5,13
155,5,14
155,5,15
155,5,18
155,6,14
155,8,9
155,8,10
155,8,11
155,8,12
155,8,15
155,8,17
155,8,19
155,9,12
155,9,19
155,10,11
155,10,16
155,10,17
155,10,18
155,11,15
155,11,19
155,12,19
155,13,14
155,13,18
155,14,18
155,15,19
155,16,17
156,0,1
156,0,8
156,0,10
156,0,16
156,0,17
156,1,10
156,1,16
156,1,17
156,2,3
156,2,9
156,2,12
156,2,19
156,3,7
156,3,9
156,3,12
156,4,5
156,4,6
156,4,13
156,4,14
156,4,18
156,5,6
156,5,11
156,5,13
156,5,14
156,5,15
156,5,18
156,6,14
156,8,9
156,8,10
156,8,11
156,8,12
156,8,15
156,8,19
156,9,12
156,9,19
156,10,11
156,10,16
156,10,17
156,10,18
156,11,15
156,11,19
156,12,19
156,13,14
156,13,18
156,14,18
156,15,19
156,16,17
157,0,1
157,0,8
157,0,10
157,0,16
157,0,17
157,1,10
157,1,16
157,1,17
157,2,3
157,2,9
157,2,12
157,2,19
157,3,7
157,3,9
157,3,12
157,4,5
157,4,6
157,4,13
157,4,14
157,4,18
157,5,6
157,5,11
157,5,13
157,5,14
157,5,18
157,6,14
157,8,9
157,8,10
157,8,11
157,8,12
157,8,15
157,8,19
157,9,12
157,9,19
157,10,11
157,10,16
157,10,17
157,10,18
157,11,15
157,11,19
157,12,19
157,13,14
157,13,18
157,14,18
157,15,19
157,16,17
158,0,1
158,0,8
158,0,10
158,0,16
158,0,17
158,1,10
158,1,16
158,1,17
158,2,3
158,2,9
158,2,12
158,2,19
158,3,7
158,3,9
158,3,12
158,4,5
158,4,6
158,4,13
158,4,14
158,4,18
158,5,6
158,5,13
158,5,14
158,5,18
158,6,14
158,8,9
158,8,10
158,8,11
158,8,12
158,8,15
158,8,19
158,9,12
158,9,19
158,10,11
158,10,16
158,10,17
158,10,18
158,11,15
158,11,19
158,12,19
158,13,14
158,13,18
158,14,18
158,15,19
158,16,17
159,0,1
159,0,8
159,0,10
159,0,16
159,0,17
159,1,10
159,1,16
159,1,17
159,2,3
159,2,9
159,2,12
159,2,19
159,3,7
159,3,9
159,3,12
159,4,5
159,4,6
159,4,13
159,4,14
159,4,18
159,5,6
159,5,13
159,5,14
159,5,18
159,6,14
159,8,9
159,8,10
159,8,11
159,8,12
159,8,15
159,8,19
159,9,12
159,9,19
159,10,11
159,10,16
159,10,17
159,10,18
159,11,15
159,11,19
159,12,19
159,13,14
159,13,18
159,14,18
159,15,19
159,16,17
160,0,1
160,0,8
160,0,10
160,0,16
160,0,17
160,1,10
160,1,16
160,1,17
160,2,3
160,2,9
160,2,12
160,3,7
160,3,9
160,3,12
160,4,5
160,4,6
160,4,13
160,4,14
160,4,18
160,5,6
160,5,13
160,5,14
160,5,18
160,6,14
160,8,9
160,8,10
160,8,11
160,8,12
160,8,15
160,8,19
160,9,12
160,9,19
160,10,11
160,10,16
160,10,17
160,10,18
160,11,15
160,11,19
160,12,19
160,13,14
160,13,18
160,14,18
160,15,19
160,16,17
161,0,1
161,0,10
161,0,16
161,0,17
161,1,10
161,1,16
161,1,17
161,2,3
161,2,9
161,2,12
161,3,7
161,3,9
161,3,12
161,4,5
161,4,6
161,4,13
161,4,14
161,4,18
161,5,6
161,5,13
161,5,14
161,5,18
161,6,14
161,8,9
161,8,10
161,8,11
161,8,12
161,8,15
161,8,19
161,9,12
161,9,19
161,10,11
161,10,16
161,10,17
161,10,18
161,11,15
161,11,19
161,12,19
161,13,14
161,13,18
161,14,18
161,15,19
161,16,17
162,0,1
162,0,10
162,0,16
162,0,17
162,1,10
162,1,16
162,1,17
162,2,3
162,2,9
162,2,12
162,3,7
162,3,9
162,3,12
162,4,5
162,4,6
162,4,13
162,4,14
162,4,18
162,5,6
162,5,13
162,5,14
162,5,18
162,6,14
162,8,9
162,8,11
162,8,12
162,8,15
162,8,19
162,9,12
162,9,19
162,10,11
162,10,16
162,10,17
162,11,15
162,11,19
162,12,19
162,13,14
162,13,18
162,14,18
162,15,19
162,16,17
163,0,1
163,0,10
163,0,16
163,0,17
163,1,10
163,1,16
163,1,17
163,2,3
163,2,9
163,2,12
163,3,7
163,3,9
163,3,12
163,4,5
163,4,6
163,4,13
163,4,14
163,4,18
163,5,6
163,5,14
163,5,18
163,6,14
163,8,9
163,8,11
163,8,12
163,8,15
163,8,19
163,9,12
163,9,19
163,10,11
163,10,16
163,10,17
163,11,15
163,11,19
163,12,19
163,13,14
163,13,18
163,14,18
163,15,19
163,16,17
164,0,1
164,0,10
164,0,16
164,0,17
164,1,10
164,1,16
164,1,17
164,2,3
164,2,9
164,2,12
164,3,7
164,3,9
164,3,12
164,4,5
164,4,6
164,4,13
164,4,14
164,4,18
164,5,6
164,5,14
164,5,18
164,6,14
164,8,9
164,8,11
164,8,12
164,8,15
164,8,19
164,9,12
164,9,19
164,10,11
164,10,16
164,10,17
164,11,15
164,11,19
164,12,19
164,13,14
164,13,18
164,14,18
164,15,19
164,16,17
165,0,1
165,0,10
165,0,16
165,0,17
165,1,10
165,1,16
165,1,17
165,2,3
165,2,9
165,2,12
165,3,7
165,3,9
165,3,12
165,4,5
165,4,6
165,4,13
165,4,14
165,4,18
165,5,6
165,5,14
165,5,18
165,6,14
165,6,18
165,8,9
165,8,11
165,8,12
165,8,15
165,8,19
165,9,12
165,9,19
165,10,11
165,10,16
165,10,17
165,11,15
165,11,17
165,11,19
165,12,19
165,13,14
165,13,18
165,14,18
165,15,19
165,16,17
166,0,1
166,0,10
166,0,16
166,0,17
166,1,10
166,1,16
166,1,17
166,2,3
166,2,9
166,2,12
166,3,7
166,3,9
166,3,12
166,4,5
166,4,6
166,4,13
166,4,14
166,4,18
166,5,6
166,5,14
166,5,18
166,6,14
166,6,18
166,8,9
166,8,11
166,8,12
166,8,15
166,8,19
166,9,12
166,9,19
166,10,11
166,10,16
166,10,17
166,11,15
166,11,17
166,11,19
166,12,15
166,12,19
166,13,14
166,13,18
166,14,18
166,15,19
166,16,17
167,0,1
167,0,10
167,0,16
167,0,17
167,1,10
167,1,16
167,1,17
167,2,3
167,2,9
167,2,12
167,3,7
167,3,9
167,3,12
167,4,5
167,4,6
167,4,13
167,4,14
167,4,18
167,5,6
167,5,14
167,5,18
167,6,14
167,6,18
167,8,9
167,8,11
167,8,12
167,8,15
167,8,19
167,9,12
167,9,19
167,10,11
167,10,16
167,10,17
167,11,15
167,11,17
167,11,19
167,12,15
167,12,19
167,13,14
167,13,18
167,14,18
167,15,19
167,16,17
168,0,1
168,0,10
168,0,16
168,0,17
168,1,10
168,1,16
168,1,17
168,2,3
168,2,9
168,2,12
168,3,7
168,3,9
168,3,12
168,4,5
168,4,6
168,4,13
168,4,14
168,4,18
168,5,6
168,5,14
168,5,18
168,6,14
168,6,18
168,8,9
168,8,11
168,8,12
168,8,15
168,8,19
168,9,12
168,9,19
168,10,11
168,10,16
168,10,17
168,11,15
168,11,17
168,11,19
168,12,15
168,12,19
168,13,14
168,13,18
168,14,18
168,15,17
168,15,19
168,16,17
169,0,1
169,0,10
169,0,16
169,0,17
169,1,10
169,1,16
169,1,17
169,2,3
169,2,9
169,2,12
169,3,7
169,3,9
169,3,12
169,4,5
169,4,6
169,4,13
169,4,14
169,4,18
169,5,6
169,5,14
169,5,18
169,6,14
169,6,18
169,8,9
169,8,11
169,8,12
169,8,15
169,8,19
169,9,12
169,9,19
169,10,11
169,10,16
169,10,17
169,11,15
169,11,17
169,11,19
169,12,15
169,12,19
169,13,14
169,13,18
169,14,18
169,15,17
169,15,19
169,16,17
170,0,1
170,0,10
170,0,16
170,0,17
170,1,10
170,1,16
170,1,17
170,2,3
170,2,9
170,2,12
170,3,7
170,3,9
170,3,12
170,4,5
170,4,6
170,4,13
170,4,14
170,4,18
170,5,6
170,5,14
170,5,18
170,6,14
170,6,18
170,8,9
170,8,11
170,8,12
170,8,15
170,8,19
170,9,12
170,9,19
170,10,11
170,10,15
170,10,16
170,10,17
170,11,15
170,11,17
170,11,19
170,12,15
170,12,19
170,13,14
170,13,18
170,14,18
170,15,17
170,15,19
170,16,17
171,0,1
171,0,10
171,0,16
171,0,17
171,1,10
171,1,16
171,1,17
171,2,3
171,2,9
171,2,12
171,3,7
171,3,9
171,3,12
171,4,5
171,4,6
171,4,13
171,4,14
171,4,18
171,5,6
171,5,14
171,5,18
171,6,14
171,6,18
171,8,9
171,8,11
171,8,12
171,8,15
171,8,19
171,9,12
171,9,19
171,10,11
171,10,15
171,10,16
171,10,17
171,11,15
171,11,17
171,11,19
171,12,15
171,12,19
171,13,14
171,13,18
171,14,18
171,15,17
171,15,19
171,16,17
172,0,1
172,0,17
172,1,10
172,1,16
172,1,17
172,2,3
172,2,9
172,2,12
172,3,7
172,3,8
172,3,9
172,3,12
172,4,5
172,4,6
172,4,13
172,4,14
172,4,18
172,5,6
172,5,14
172,5,18
172,6,14
172,6,18
172,8,9
172,8,11
172,8,12
172,8,15
172,8,19
172,9,12
172,10,11
172,10,15
172,10,16
172,10,17
172,11,15
172,11,17
172,11,19
172,12,15
172,12,19
172,13,14
172,13,18
172,14,18
172,15,17
172,15,19
173,0,1
173,0,17
173,1,10
173,1,16
173,1,17
173,2,3
173,2,8
173,2,9
173,2,12
173,3,7
173,3,8
173,3,9
173,3,12
173,4,5
173,4,6
173,4,13
173,4,14
173,4,18
173,5,6
173,5,14
173,5,18
173,6,14
173,6,18
173,8,9
173,8,11
173,8,12
173,8,15
173,8,19
173,9,12
173,10,11
173,10,15
173,10,16
173,10,17
173,11,15
173,11,17
173,11,19
173,12,15
173,12,19
173,13,14
173,13,18
173,14,18
173,15,17
173,15,19
174,0,1
174,0,17
174,1,10
174,1,16
174,1,17
174,2,3
174,2,8
174,2,9
174,2,12
174,3,7
174,3,8
174,3,9
174,3,12
174,4,5
174,4,6
174,4,13
174,4,14
174,4,18
174,5,6
174,5,14
174,5,18
174,6,14
174,6,18
174,8,9
174,8,11
174,8,12
174,8,15
174,8,19
174,9,12
174,10,11
174,10,15
174,10,16
174,10,17
174,11,15
174,11,17
174,11,19
174,12,15
174,12,19
174,13,14
174,13,18
174,14,18
174,15,17
174,15,19
175,0,17
175,1,10
175,1,16
175,1,17
175,2,3
175,2,7
175,2,8
175,2,9
175,2,12
175,3,7
175,3,8
175,3,9
175,3,12
175,4,5
175,4,6
175,4,13
175,4,14
175,4,18
175,5,6
175,5,14
175,5,18
175,6,14
175,6,18
175,7,8
175,8,9
175,8,11
175,8,12
175,8,15
175,8,19
175,9,12
175,10,11
175,10,15
175,10,16
175,10,17
175,11,15
175,11,17
175,11,19
175,12,15
175,12,19
175,13,14
175,13,18
175,14,18
175,15,17
175,15,19
176,1,10
176,1,16
176,1,17
176,2,3
176,2,7
176,2,8
176,2,9
176,2,12
176,3,7
176,3,8
176,3,9
176,3,12
176,4,5
176,4,6
176,4,13
176,4,14
176,4,18
176,5,6
176,5,14
176,5,18
176,6,14
176,6,18
176,7,8
176,8,9
176,8,11
176,8,12
176,8,15
176,8,19
176,9,12
176,10,11
176,10,15
176,10,16
176,10,17
176,11,15
176,11,17
176,11,19
176,12,15
176,12,19
176,13,14
176,13,18
176,14,18
176,15,17
176,15,19
176,17,19
177,1,10
177,1,16
177,1,17
177,2,3
177,2,7
177,2,8
177,2,9
177,2,12
177,3,7
177,3,8
177,3,9
177,4,5
177,4,6
177,4,13
177,4,14
177,4,18
177,5,6
177,5,14
177,5,18
177,6,14
177,6,18
177,7,8
177,8,9
177,8,11
177,8,12
177,8,15
177,8,19
177,9,12
177,10,11
177,10,15
177,10,16
177,10,17
177,11,15
177,11,17
177,11,19
177,12,15
177,12,19
177,13,14
177,13,18
177,14,18
177,15,17
177,15,19
177,17,19
178,1,10
178,1,16
178,1,17
178,2,3
178,2,7
178,2,8
178,2,9
178,2,12
178,3,7
178,3,8
178,3,9
178,4,5
178,4,6
178,4,13
178,4,14
178,4,18
178,5,6
178,5,14
178,5,18
178,6,14
178,6,18
178,7,8
178,8,9
178,8,11
178,8,12
178,8,15
178,8,19
178,9,12
178,10,11
178,10,15
178,10,16
178,10,17
178,11,15
178,11,17
178,11,19
178,12,15
178,12,17
178,13,14
178,13,18
178,14,18
178,15,17
178,15,19
178,17,19
179,1,10
179,1,16
179,1,17
179,2,3
179,2,7
179,2,8
179,2,9
179,2,12
179,3,7
179,3,8
179,3,9
179,4,5
179,4,6
179,4,13
179,4,14
179,4,18
179,5,6
179,5,14
179,5,18
179,6,14
179,6,18
179,7,8
179,8,9
179,8,11
179,8,12
179,8,15
179,8,19
179,9,12
179,10,11
179,10,15
179,10,16
179,10,17
179,11,15
179,11,17
179,11,19
179,12,15
179,12,17
179,13,14
179,13,18
179,14,18
179,15,17
179,15,19
179,17,19
180,1,10
180,1,16
180,1,17
180,2,3
180,2,7
180,2,8
180,2,9
180,2,12
180,3,7
180,3,8
180,3,9
180,4,5
180,4,6
180,4,13
180,4,14
180,4,18
180,5,6
180,5,14
180,5,18
180,6,14
180,6,18
180,7,8
180,8,9
180,8,11
180,8,12
180,8,15
180,8,19
180,9,12
180,10,11
180,10,15
180,10,16
180,10,17
180,11,15
180,11,17
180,11,19
180,12,15
180,12,17
180,13,14
180,13,18
180,14,18
180,15,17
180,15,19
180,17,19
181,1,10
181,1,16
181,1,17
181,2,3
181,2,7
181,2,8
181,2,9
181,2,12
181,3,7
181,3,8
181,3,9
181,4,5
181,4,6
181,4,13
181,4,14
181,4,18
181,5,6
181,5,14
181,5,18
181,6,14
181,6,18
181,7,8
181,8,9
181,8,11
181,8,12
181,8,15
181,8,19
181,9,12
181,10,11
181,10,15
181,10,16
181,10,17
181,11,15
181,11,17
181,11,19
181,12,15
181,12,17
181,13,14
181,13,18
181,14,18
181,15,17
181,15,19
181,17,19
182,1,10
182,1,16
182,1,17
182,2,3
182,2,7
182,2,8
182,2,9
182,2,12
182,3,7
182,3,8
182,3,9
182,4,5
182,4,6
182,4,13
182,4,14
182,4,18
182,5,6
182,5,14
182,5,18
182,6,14
182,6,18
182,7,8
182,7,9
182,8,9
182,8,11
182,8,15
182,8,19
182,9,12
182,10,11
182,10,15
182,10,16
182,10,17
182,11,15
182,11,17
182,11,19
182,12,15
182,12,17
182,13,14
182,14,18
182,15,17
182,15,19
182,17,19
183,1,10
183,1,16
183,1,17
183,2,3
183,2,7
183,2,8
183,2,9
183,2,12
183,3,7
183,3,8
183,3,9
183,4,5
183,4,6
183,4,13
183,4,14
183,4,18
183,5,6
183,5,14
183,5,18
183,6,14
183,6,18
183,7,8
183,7,9
183,8,9
183,8,11
183,8,15
183,8,19
183,9,12
183,10,15
183,10,16
183,10,17
183,11,15
183,11,17
183,11,19
183,12,15
183,12,17
183,13,14
183,14,18
183,15,17
183,15,19
183,17,19
184,1,10
184,1,16
184,1,17
184,2,3
184,2,7
184,2,8
184,2,9
184,2,12
184,3,7
184,3,8
184,3,9
184,4,5
184,4,6
184,4,13
184,4,14
184,4,18
184,5,6
184,5,14
184,5,18
184,6,14
184,6,18
184,7,8
184,7,9
184,7,19
184,8,9
184,8,11
184,8,15
184,8,19
184,9,12
184,10,15
184,10,16
184,10,17
184,11,15
184,11,17
184,11,19
184,12,15
184,12,17
184,13,14
184,14,18
184,15,17
184,15,19
184,17,19
185,1,10
185,1,16
185,1,17
185,2,3
185,2,7
185,2,9
185,2,12
185,3,7
185,3,8
185,3,9
185,4,5
185,4,6
185,4,13
185,4,14
185,4,18
185,5,6
185,5,14
185,5,18
185,6,14
185,6,18
185,7,8
185,7,9
185,7,19
185,8,11
185,8,15
185,8,19
185,9,12
185,10,15
185,10,16
185,10,17
185,11,15
185,11,17
185,11,19
185,12,15
185,12,17
185,13,14
185,14,18
185,15,17
185,15,19
185,17,19
186,0,12
186,1,10
186,1,16
186,1,17
186,2,3
186,2,7
186,2,9
186,2,12
186,3,7
186,3,8
186,3,9
186,4,5
186,4,6
186,4,13
186,4,14
186,4,18
186,5,6
186,5,14
186,5,18
186,6,14
186,6,18
186,7,8
186,7,9
186,7,19
186,8,11
186,8,15
186,8,19
186,9,12
186,10,15
186,10,16
186,10,17
186,11,15
186,11,17
186,11,19
186,12,15
186,12,17
186,13,14
186,14,18
186,15,17
186,15,19
186,17,19
187,0,12
187,1,10
187,1,16
187,1,17
187,2,3
187,2,7
187,2,9
187,2,12
187,3,7
187,3,8
187,3,9
187,4,5
187,4,6
187,4,13
187,4,14
187,4,18
187,5,6
187,5,14
187,5,18
187,6,14
187,6,18
187,7,8
187,7,9
187,7,19
187,8,11
187,8,19
187,9,12
187,10,15
187,10,16
187,10,17
187,11,15
187,11,17
187,11,19
187,12,15
187,12,17
187,14,18
187,15,17
187,15,19
187,17,19
188,0,12
188,1,10
188,1,16
188,1,17
188,2,3
188,2,7
188,2,9
188,3,7
188,3,8
188,3,9
188,4,5
188,4,13
188,4,14
188,4,18
188,5,6
188,5,14
188,5,18
188,6,14
188,6,18
188,7,8
188,7,9
188,7,19
188,8,11
188,8,19
188,9,12
188,10,15
188,10,16
188,10,17
188,11,15
188,11,17
188,11,19
188,12,15
188,12,17
188,14,18
188,15,17
188,15,19
188,17,19
189,0,12
189,1,10
189,1,15
189,1,16
189,1,17
189,2,3
189,2,7
189,2,9
189,3,7
189,3,8
189,3,9
189,4,5
189,4,13
189,4,14
189,4,18
189,5,6
189,5,14
189,5,18
189,6,14
189,6,18
189,7,8
189,7,9
189,7,19
189,8,9
189,8,11
189,8,19
189,9,12
189,10,15
189,10,16
189,10,17
189,11,15
189,11,17
189,11,19
189,12,15
189,12,17
189,14,18
189,15,17
189,15,19
189,17,19
190,0,12
190,1,10
190,1,15
190,1,16
190,1,17
190,2,3
190,2,7
190,2,9
190,3,7
190,3,8
190,3,9
190,4,5
190,4,13
190,4,14
190,4,18
190,5,6
190,5,14
190,5,18
190,6,14
190,6,18
190,7,8
190,7,9
190,7,19
190,8,9
190,8,11
190,8,19
190,10,15
190,10,16
190,10,17
190,11,15
190,11,17
190,11,19
190,12,15
190,12,17
190,14,18
190,15,17
190,15,19
190,17,19
191,0,12
191,1,10
191,1,15
191,1,16
191,1,17
191,2,3
191,2,7
191,2,9
191,3,7
191,3,8
191,3,9
191,4,5
191,4,13
191,4,14
191,4,18
191,5,6
191,5,14
191,5,18
191,6,14
191,6,18
191,7,8
191,7,9
191,7,19
191,8,9
191,8,11
191,8,19
191,10,15
191,10,16
191,10,17
191,11,15
191,11,17
191,11,19
191,12,15
191,12,17
191,14,18
191,15,17
191,15,19
191,17,19
192,0,12
192,1,10
192,1,15
192,1,16
192,2,3
192,2,7
192,2,9
192,3,7
192,3,8
192,3,9
192,4,13
192,4,14
192,4,18
192,5,6
192,5,14
192,5,18
192,6,14
192,6,18
192,6,19
192,7,8
192,7,9
192,7,19
192,8,9
192,8,11
192,8,19
192,10,15
192,10,16
192,10,17
192,11,15
192,11,17
192,11,19
192,12,15
192,14,18
192,15,17
192,15,19
192,17,19
193,0,12
193,1,10
193,1,15
193,1,16
193,2,3
193,2,7
193,2,9
193,3,7
193,3,8
193,3,9
193,4,13
193,4,14
193,4,18
193,5,6
193,5,14
193,5,18
193,6,14
193,6,18
193,6,19
193,7,8
193,7,9
193,7,11
193,7,19
193,8,9
193,8,11
193,8,19
193,10,15
193,10,16
193,10,17
193,11,15
193,11,17
193,11,19
193,12,15
193,14,18
193,15,17
193,17,19
194,0,12
194,1,10
194,1,15
194,1,16
194,2,3
194,2,7
194,2,9
194,3,7
194,3,8
194,3,9
194,4,13
194,4,14
194,4,18
194,5,6
194,5,14
194,5,18
194,6,14
194,6,18
194,6,19
194,7,8
194,7,9
194,7,11
194,7,19
194,8,9
194,8,11
194,8,19
194,10,15
194,10,16
194,10,17
194,11,15
194,11,17
194,11,19
194,12,15
194,14,18
194,15,17
194,17,19
195,0,12
195,1,10
195,1,15
195,1,16
195,2,3
195,2,7
195,2,9
195,3,7
195,3,8
195,3,9
195,4,13
195,4,14
195,4,18
195,5,6
195,5,14
195,5,18
195,6,14
195,6,18
195,6,19
195,7,8
195,7,9
195,7,11
195,7,19
195,8,9
195,8,19
195,10,15
195,10,16
195,10,17
195,11,15
195,11,17
195,11,19
195,12,15
195,14,18
195,15,17
195,17,19
196,0,12
196,1,10
196,1,15
196,1,16
196,2,3
196,2,7
196,2,9
196,3,7
196,3,8
196,3,9
196,4,13
196,4,14
196,4,18
196,5,6
196,5,14
196,5,18
196,6,14
196,6,18
196,6,19
196,7,8
196,7,9
196,7,11
196,7,19
196,8,9
196,8,19
196,10,15
196,10,16
196,10,17
196,11,15
196,11,17
196,11,19
196,12,15
196,14,18
196,15,17
196,17,19
197,0,12
197,1,10
197,1,15
197,1,16
197,2,3
197,2,7
197,2,9
197,3,7
197,3,8
197,3,9
197,4,13
197,4,14
197,4,18
197,5,6
197,5,14
197,5,18
197,6,14
197,6,18
197,6,19
197,7,8
197,7,9
197,7,11
197,7,19
197,8,9
197,8,19
197,10,15
197,10,16
197,10,17
197,11,15
197,11,17
197,11,19
197,12,15
197,14,18
197,15,17
197,17,19
198,0,12
198,1,10
198,1,15
198,1,16
198,2,3
198,2,7
198,2,9
198,3,7
198,3,8
198,3,9
198,4,13
198,4,14
198,5,6
198,5,14
198,5,18
198,6,14
198,6,18
198,6,19
198,7,8
198,7,9
198,7,11
198,7,17
198,7,19
198,8,9
198,8,19
198,10,15
198,10,16
198,10,17
198,11,15
198,11,17
198,11,19
198,12,15
198,14,18
198,15,17
198,17,19
199,0,12
199,1,10
199,1,15
199,1,16
199,2,3
199,2,7
199,2,9
199,3,7
199,3,8
199,3,9
199,4,13
199,4,14
199,5,6
199,5,14
199,5,18
199,6,14
199,6,18
199,6,19
199,7,8
199,7,9
199,7,11
199,7,17
199,7,19
199,8,9
199,8,19
199,10,15
199,10,16
199,10,17
199,11,15
199,11,17
199,11,19
199,12,15
199,14,18
199,15,17
199,17,19
200,0,12
200,1,10
200,1,15
200,1,16
200,2,3
200,2,7
200,2,9
200,3,7
200,3,8
200,3,9
200,4,13
200,4,14
200,5,6
200,5,14
200,5,18
200,6,14
200,6,18
200,6,19
200,7,8
200,7,9
200,7,11
200,7,17
200,7,19
200,8,9
200,9,11
200,10,15
200,10,16
200,11,15
200,11,17
200,11,19
200,12,15
200,14,18
200,15,17
200,17,19
201,0,12
201,1,10
201,1,15
201,1,16
201,2,3
201,2,7
201,2,9
201,3,7
201,3,8
201,3,9
201,4,13
201,4,14
201,5,6
201,5,14
201,5,18
201,6,14
201,6,18
201,6,19
201,7,8
201,7,9
201,7,11
201,7,17
201,7,19
201,8,9
201,9,11
201,10,15
201,10,16
201,11,15
201,11,17
201,11,19
201,12,15
201,14,18
201,15,17
201,17,19
201,18,19
202,0,12
202,1,10
202,1,15
202,1,16
202,2,3
202,2,7
202,2,9
202,3,7
202,3,8
202,3,9
202,4,13
202,4,14
202,5,6
202,5,14
202,5,18
202,6,14
202,6,18
202,6,19
202,7,8
202,7,9
202,7,11
202,7,17
202,7,19
202,8,9
202,9,11
202,10,15
202,10,16
202,11,15
202,11,17
202,11,19
202,12,15
202,14,18
202,15,17
202,17,19
202,18,19
203,0,12
203,1,10
203,1,15
203,1,16
203,2,3
203,2,7
203,2,9
203,3,7
203,3,8
203,3,9
203,4,13
203,4,14
203,5,6
203,5,14
203,5,18
203,6,14
203,6,18
203,6,19
203,7,8
203,7,9
203,7,11
203,7,17
203,7,19
203,8,9
203,9,11
203,10,15
203,10,16
203,11,15
203,11,17
203,11,19
203,12,15
203,14,18
203,15,17
203,17,19
203,18,19
204,0,12
204,1,10
204,1,15
204,1,16
204,2,3
204,2,7
204,2,9
204,3,7
204,3,8
204,3,9
204,4,13
204,4,14
204,5,6
204,5,14
204,5,18
204,6,14
204,6,18
204,6,19
204,7,8
204,7,9
204,7,11
204,7,17
204,7,19
204,8,9
204,9,11
204,9,17
204,10,15
204,10,16
204,11,15
204,11,17
204,11,19
204,12,15
204,14,18
204,15,17
204,17,19
204,18,19
205,0,12
205,1,10
205,1,15
205,1,16
205,2,3
205,2,7
205,2,9
205,3,7
205,3,8
205,3,9
205,4,13
205,4,14
205,5,6
205,5,14
205,5,18
205,6,14
205,6,18
205,6,19
205,7,8
205,7,9
205,7,11
205,7,17
205,7,19
205,8,9
205,9,11
205,9,17
205,10,15
205,10,16
205,11,15
205,11,17
205,11,19
205,12,15
205,14,18
205,15,17
205,17,19
205,18,19
206,0,12
206,1,10
206,1,15
206,1,16
206,2,3
206,2,7
206,2,9
206,3,7
206,3,8
206,3,9
206,4,13
206,4,14
206,5,6
206,5,14
206,5,18
206,6,14
206,6,18
206,6,19
206,7,8
206,7,9
206,7,11
206,7,17
206,7,19
206,8,9
206,9,11
206,9,17
206,10,15
206,10,16
206,11,15
206,11,17
206,11,19
206,12,15
206,14,18
206,15,17
206,17,19
206,18,19
207,0,12
207,1,10
207,1,15
207,1,16
207,2,3
207,2,7
207,2,9
207,3,7
207,3,8
207,3,9
207,4,13
207,4,14
207,5,6
207,5,14
207,5,18
207,6,14
207,6,18
207,6,19
207,7,8
207,7,9
207,7,11
207,7,17
207,7,19
207,8,9
207,9,11
207,9,17
207,10,15
207,10,16
207,11,15
207,11,17
207,11,19
207,12,15
207,14,18
207,15,17
207,17,19
207,18,19
208,0,12
208,1,10
208,1,15
208,1,16
208,2,3
208,2,7
208,2,9
208,2,11
208,3,7
208,3,8
208,3,9
208,4,13
208,4,14
208,5,6
208,5,14
208,5,18
208,6,14
208,6,18
208,6,19
208,7,8
208,7,9
208,7,11
208,7,17
208,7,19
208,8,9
208,9,11
208,9,17
208,10,15
208,10,16
208,11,15
208,11,17
208,11,19
208,12,15
208,14,18
208,17,19
208,18,19
209,0,12
209,1,10
209,1,15
209,1,16
209,2,3
209,2,7
209,2,9
209,2,11
209,3,7
209,3,8
209,3,9
209,4,13
209,4,14
209,5,14
209,5,18
209,6,14
209,6,18
209,6,19
209,7,8
209,7,9
209,7,11
209,7,17
209,7,19
209,8,9
209,9,11
209,9,17
209,10,15
209,10,16
209,11,15
209,11,17
209,11,19
209,12,15
209,14,18
209,17,19
209,18,19
210,0,12
210,1,10
210,1,15
210,1,16
210,2,3
210,2,7
210,2,9
210,2,11
210,3,7
210,3,8
210,3,9
210,4,13
210,5,14
210,5,18
210,6,14
210,6,18
210,6,19
210,7,8
210,7,9
210,7,11
210,7,17
210,7,19
210,8,9
210,9,11
210,9,17
210,10,15
210,10,16
210,11,15
210,11,17
210,12,15
210,14,18
210,17,19
210,18,19
211,0,12
211,1,10
211,1,15
211,1,16
211,2,3
211,2,7
211,2,9
211,2,11
211,3,7
211,3,8
211,3,9
211,4,13
211,5,14
211,5,18
211,6,14
211,6,18
211,6,19
211,7,9
211,7,11
211,7,17
211,7,19
211,8,9
211,9,11
211,9,17
211,10,15
211,10,16
211,11,15
211,11,17
211,12,15
211,14,18
211,17,19
211,18,19
212,0,12
212,1,10
212,1,15
212,1,16
212,2,3
212,2,7
212,2,9
212,2,11
212,3,7
212,3,8
212,3,9
212,4,13
212,5,14
212,5,18
212,6,14
212,6,18
212,6,19
212,7,9
212,7,11
212,7,17
212,7,19
212,8,9
212,9,11
212,9,17
212,10,15
212,10,16
212,11,15
212,11,17
212,12,15
212,14,18
212,17,19
212,18,19
213,0,12
213,1,10
213,1,13
213,1,15
213,1,16
213,2,3
213,2,7
213,2,9
213,2,11
213,3,7
213,3,8
213,3,9
213,4,13
213,5,14
213,5,18
213,6,14
213,6,18
213,6,19
213,7,9
213,7,11
213,7,17
213,7,19
213,9,11
213,9,17
213,10,15
213,10,16
213,11,15
213,11,17
213,12,15
213,14,18
213,17,19
213,18,19
214,0,12
214,1,10
214,1,13
214,1,15
214,1,16
214,2,3
214,2,7
214,2,9
214,2,11
214,3,7
214,3,8
214,3,9
214,4,13
214,5,14
214,5,18
214,6,14
214,6,18
214,6,19
214,7,9
214,7,11
214,7,17
214,7,19
214,9,11
214,9,17
214,10,15
214,10,16
214,11,15
214,11,17
214,12,15
214,14,18
214,17,19
214,18,19
215,0,12
215,1,10
215,1,13
215,1,15
215,1,16
215,2,3
215,2,7
215,2,9
215,2,11
215,3,7
215,3,8
215,3,9
215,4,13
215,5,14
215,5,18
215,6,14
215,6,18
215,6,19
215,7,9
215,7,11
215,7,17
215,7,19
215,9,11
215,9,17
215,10,15
215,10,16
215,11,15
215,11,17
215,12,15
215,13,16
215,14,18
215,17,19
215,18,19
216,0,12
216,1,10
216,1,13
216,1,15
216,1,16
216,2,3
216,2,7
216,2,9
216,2,11
216,3,7
216,3,8
216,3,9
216,4,13
216,5,14
216,5,18
216,6,14
216,6,18
216,6,19
216,7,9
216,7,11
216,7,17
216,7,19
216,8,9
216,9,11
216,9,17
216,10,15
216,10,16
216,11,15
216,11,17
216,12,15
216,13,16
216,14,18
216,17,19
216,18,19
217,0,12
217,1,10
217,1,13
217,1,15
217,1,16
217,2,3
217,2,7
217,2,9
217,2,11
217,3,8
217,3,9
217,4,13
217,5,14
217,5,18
217,6,14
217,6,18
217,6,19
217,7,9
217,7,11
217,7,17
217,7,19
217,8,9
217,9,11
217,9,17
217,10,15
217,10,16
217,11,15
217,11,17
217,12,15
217,13,16
217,14,18
217,17,19
217,18,19
218,0,12
218,0,15
218,1,10
218,1,13
218,1,15
218,1,16
218,2,3
218,2,7
218,2,9
218,2,11
218,2,17
218,3,8
218,3,9
218,4,13
218,5,14
218,5,18
218,6,14
218,6,18
218,6,19
218,7,9
218,7,11
218,7,17
218,7,19
218,8,9
218,9,11
218,9,17
218,10,15
218,10,16
218,11,15
218,11,17
218,12,15
218,13,16
218,14,18
218,17,19
218,18,19
219,0,12
219,0,15
219,1,10
219,1,13
219,1,15
219,1,16
219,2,3
219,2,7
219,2,9
219,2,11
219,2,17
219,3,8
219,3,9
219,4,13
219,5,14
219,5,18
219,6,14
219,6,18
219,6,19
219,7,9
219,7,11
219,7,17
219,8,9
219,9,11
219,9,17
219,10,15
219,10,16
219,11,17
219,12,15
219,13,16
219,14,18
219,17,19
219,18,19
220,0,12
220,0,15
220,1,10
220,1,13
220,1,15
220,1,16
220,2,7
220,2,9
220,2,11
220,2,17
220,3,8
220,3,9
220,3,17
220,4,13
220,5,14
220,5,18
220,6,14
220,6,18
220,6,19
220,7,9
220,7,11
220,7,17
220,8,9
220,9,11
220,9,17
220,10,13
220,10,15
220,10,16
220,11,17
220,12,15
220,13,16
220,14,18
220,17,19
220,18,19
221,0,12
221,0,15
221,1,10
221,1,13
221,1,15
221,1,16
221,2,7
221,2,9
221,2,11
221,2,17
221,3,8
221,3,9
221,3,17
221,4,13
221,5,14
221,5,18
221,6,14
221,6,18
221,6,19
221,7,9
221,7,11
221,7,17
221,8,9
221,9,11
221,9,17
221,10,13
221,10,15
221,10,16
221,11,17
221,12,15
221,13,16
221,14,18
221,17,19
221,18,19
222,0,12
222,0,15
222,1,10
222,1,13
222,1,15
222,1,16
222,2,7
222,2,9
222,2,11
222,2,17
222,3,8
222,3,9
222,3,17
222,4,13
222,5,14
222,5,18
222,6,14
222,6,18
222,6,19
222,7,9
222,7,11
222,7,17
222,8,9
222,8,17
222,9,11
222,9,17
222,10,13
222,10,15
222,10,16
222,11,17
222,12,15
222,13,16
222,14,18
222,14,19
222,17,19
222,18,19
223,0,12
223,0,15
223,1,10
223,1,13
223,1,15
223,1,16
223,2,7
223,2,9
223,2,11
223,2,17
223,3,8
223,3,9
223,3,17
223,4,13
223,5,14
223,5,18
223,6,14
223,6,18
223,6,19
223,7,9
223,7,11
223,7,17
223,8,9
223,8,17
223,9,11
223,9,17
223,10,13
223,10,15
223,10,16
223,11,17
223,12,15
223,13,16
223,14,18
223,14,19
223,17,19
223,18,19
224,0,12
224,0,15
224,1,10
224,1,13
224,1,15
224,1,16
224,2,7
224,2,9
224,2,11
224,2,17
224,3,8
224,3,9
224,3,17
224,4,13
224,5,14
224,5,18
224,6,14
224,6,18
224,6,19
224,7,9
224,7,11
224,7,17
224,8,9
224,8,17
224,9,11
224,9,17
224,10,13
224,10,15
224,10,16
224,11,17
224,12,15
224,13,16
224,14,18
224,14,19
224,17,19
224,18,19
225,0,12
225,0,15
225,1,10
225,1,13
225,1,15
225,1,16
225,2,7
225,2,9
225,2,11
225,2,17
225,3,8
225,3,9
225,3,17
225,4,13
225,5,14
225,5,18
225,6,14
225,6,18
225,6,19
225,7,9
225,7,11
225,7,17
225,8,9
225,8,17
225,9,11
225,9,17
225,10,13
225,10,15
225,10,16
225,11,17
225,12,15
225,13,16
225,14,18
225,14,19
225,17,19
225,18,19
226,0,12
226,0,15
226,1,10
226,1,13
226,1,16
226,2,7
226,2,8
226,2,9
226,2,11
226,2,17
226,3,8
226,3,9
226,3,17
226,4,13
226,5,14
226,5,18
226,6,14
226,6,18
226,6,19
226,7,9
226,7,11
226,7,17
226,8,9
226,8,17
226,9,11
226,9,17
226,10,13
226,10,15
226,10,16
226,11,17
226,12,15
226,13,16
226,14,18
226,14,19
226,17,19
226,18,19
227,0,12
227,0,15
227,1,10
227,1,13
227,1,16
227,2,7
227,2,8
227,2,9
227,2,11
227,2,17
227,3,8
227,3,9
227,3,17
227,5,14
227,5,18
227,6,14
227,6,18
227,6,19
227,7,9
227,7,11
227,7,17
227,8,9
227,8,17
227,9,11
227,9,17
227,10,13
227,10,15
227,10,16
227,11,17
227,12,15
227,13,16
227,14,18
227,14,19
227,17,19
227,18,19
228,0,12
228,0,15
228,1,10
228,1,13
228,1,16
228,2,7
228,2,8
228,2,9
228,2,11
228,2,17
228,3,8
228,3,9
228,3,17
228,5,14
228,5,18
228,6,14
228,6,18
228,6,19
228,7,9
228,7,11
228,7,17
228,8,9
228,8,17
228,9,11
228,9,17
228,10,13
228,10,15
228,10,16
228,11,17
228,12,15
228,13,16
228,14,18
228,14,19
228,17,19
228,18,19
229,0,12
229,0,15
229,1,10
229,1,13
229,1,16
229,2,7
229,2,8
229,2,9
229,2,11
229,2,17
229,3,8
229,3,9
229,3,17
229,5,14
229,5,18
229,6,14
229,6,18
229,6,19
229,7,9
229,7,11
229,7,17
229,8,9
229,8,17
229,9,11
229,9,17
229,10,13
229,10,15
229,10,16
229,11,17
229,12,15
229,13,16
229,14,18
229,14,19
229,17,19
229,18,19
230,0,12
230,0,15
230,1,10
230,1,13
230,1,16
230,2,7
230,2,8
230,2,9
230,2,11
230,2,17
230,3,8
230,3,9
230,3,17
230,5,14
230,5,18
230,6,14
230,6,18
230,6,19
230,7,9
230,7,11
230,7,17
230,8,9
230,8,17
230,9,11
230,9,17
230,10,13
230,10,15
230,10,16
230,11,17
230,12,15
230,13,16
230,14,18
230,14,19
230,17,19
230,18,19
231,0,12
231,0,15
231,1,10
231,1,13
231,1,16
231,2,7
231,2,8
231,2,9
231,2,11
231,2,17
231,3,8
231,3,9
231,3,17
231,5,14
231,5,18
231,6,14
231,6,18
231,6,19
231,7,9
231,7,11
231,7,17
231,8,9
231,8,17
231,9,11
231,9,17
231,10,13
231,10,15
231,10,16
231,11,17
231,12,15
231,13,16
231,14,18
231,14,19
231,17,19
231,18,19
232,0,12
232,0,15
232,1,10
232,1,13
232,1,16
232,2,7
232,2,8
232,2,9
232,2,11
232,2,17
232,3,8
232,3,9
232,3,17
232,5,14
232,5,18
232,6,14
232,6,18
232,6,19
232,7,9
232,7,11
232,7,17
232,8,9
232,8,17
232,9,11
232,9,17
232,10,13
232,10,15
232,10,16
232,11,17
232,12,15
232,13,16
232,14,18
232,14,19
232,17,19
232,18,19
233,0,12
233,0,15
233,1,7
233,1,10
233,1,13
233,1,16
233,2,7
233,2,8
233,2,9
233,2,11
233,2,17
233,3,8
233,3,9
233,3,17
233,5,14
233,5,18
233,6,14
233,6,18
233,6,19
233,7,9
233,7,11
233,7,17
233,8,9
233,8,17
233,9,11
233,9,17
233,10,13
233,10,15
233,10,16
233,11,17
233,12,15
233,13,16
233,14,18
233,14,19
233,18,19
234,0,12
234,0,15
234,1,7
234,1,10
234,1,13
234,1,16
234,2,7
234,2,8
234,2,9
234,2,11
234,2,17
234,3,8
234,3,9
234,3,17
234,5,14
234,5,18
234,6,9
234,6,14
234,6,18
234,6,19
234,7,9
234,7,11
234,7,17
234,8,9
234,8,17
234,9,11
234,9,17
234,10,13
234,10,16
234,11,17
234,12,15
234,13,16
234,14,18
234,14,19
234,18,19
235,0,12
235,0,15
235,1,7
235,1,10
235,1,13
235,1,16
235,2,7
235,2,8
235,2,9
235,2,11
235,2,17
235,3,8
235,3,9
235,3,17
235,5,14
235,5,18
235,6,9
235,6,14
235,6,19
235,7,9
235,7,11
235,7,17
235,8,9
235,8,17
235,9,11
235,9,17
235,10,13
235,10,16
235,12,15
235,13,16
235,14,18
235,14,19
235,18,19
236,0,10
236,0,12
236,0,15
236,1,7
236,1,10
236,1,13
236,1,16
236,2,7
236,2,8
236,2,9
236,2,11
236,2,17
236,3,8
236,3,9
236,3,17
236,5,14
236,5,18
236,6,9
236,6,14
236,6,19
236,7,9
236,7,11
236,7,17
236,8,9
236,8,11
236,8,17
236,9,11
236,9,17
236,10,13
236,10,16
236,12,15
236,13,16
236,14,18
236,14,19
236,18,19
237,0,10
237,0,12
237,0,15
237,1,7
237,1,10
237,1,13
237,1,16
237,2,7
237,2,8
237,2,9
237,2,11
237,2,17
237,3,8
237,3,9
237,3,17
237,5,14
237,5,18
237,5,19
237,6,7
237,6,9
237,6,14
237,6,19
237,7,9
237,7,11
237,8,9
237,8,11
237,8,17
237,9,11
237,9,17
237,10,13
237,10,16
237,12,15
237,13,16
237,14,18
237,14,19
237,18,19
238,0,10
238,0,12
238,0,15
238,1,7
238,1,10
238,1,13
238,1,16
238,2,7
238,2,8
238,2,9
238,2,11
238,3,8
238,3,9
238,3,17
238,5,14
238,5,18
238,5,19
238,6,7
238,6,9
238,6,14
238,6,19
238,7,9
238,7,11
238,8,9
238,8,11
238,8,17
238,9,11
238,9,17
238,10,13
238,10,16
238,12,15
238,13,16
238,14,19
238,18,19
239,0,10
239,0,12
239,0,15
239,1,7
239,1,10
239,1,13
239,1,16
239,2,7
239,2,8
239,2,9
239,2,11
239,3,8
239,3,9
239,3,17
239,5,14
239,5,18
239,5,19
239,6,7
239,6,9
239,6,14
239,6,19
239,7,9
239,7,11
239,8,9
239,8,11
239,8,17
239,9,11
239,9,17
239,9,19
239,10,13
239,10,16
239,12,15
239,13,16
239,14,19
239,18,19
240,0,10
240,0,12
240,0,15
240,1,7
240,1,10
240,1,13
240,1,16
240,2,7
240,2,8
240,2,9
240,2,11
240,3,8
240,3,9
240,3,17
240,5,14
240,5,18
240,5,19
240,6,7
240,6,9
240,6,14
240,6,19
240,7,9
240,7,11
240,8,9
240,8,11
240,8,17
240,9,11
240,9,17
240,9,19
240,10,13
240,10,16
240,12,15
240,13,16
240,14,18
240,14,19
240,18,19
241,0,10
241,0,12
241,0,15
241,1,7
241,1,10
241,1,13
241,1,16
241,2,7
241,2,8
241,2,11
241,3,8
241,3,9
241,3,17
241,5,14
241,5,18
241,5,19
241,6,7
241,6,9
241,6,14
241,6,19
241,7,9
241,7,11
241,8,9
241,8,11
241,8,17
241,9,17
241,9,19
241,10,13
241,10,16
241,12,15
241,13,16
241,14,18
241,14,19
241,18,19
242,0,10
242,0,12
242,0,15
242,1,7
242,1,10
242,1,13
242,1,16
242,2,7
242,2,8
242,2,11
242,3,8
242,3,17
242,5,14
242,5,18
242,5,19
242,6,7
242,6,9
242,6,14
242,6,19
242,7,9
242,7,10
242,7,11
242,8,9
242,8,11
242,8,17
242,9,17
242,9,19
242,10,13
242,10,16
242,12,15
242,13,16
242,14,18
242,14,19
242,18,19
243,0,1
243,0,10
243,0,12
243,0,15
243,0,16
243,1,7
243,1,10
243,1,13
243,1,16
243,2,7
243,2,8
243,2,11
243,3,8
243,3,17
243,5,14
243,5,18
243,5,19
243,6,7
243,6,9
243,6,14
243,6,19
243,7,9
243,7,10
243,7,11
243,8,11
243,8,17
243,9,17
243,9,19
243,10,13
243,10,16
243,12,15
243,13,16
243,14,18
243,14,19
243,18,19
244,0,1
244,0,10
244,0,12
244,0,15
244,0,16
244,1,7
244,1,10
244,1,13
244,1,16
244,2,8
244,2,11
244,3,8
244,3,17
244,5,14
244,5,18
244,5,19
244,6,7
244,6,9
244,6,14
244,6,19
244,7,9
244,7,10
244,7,11
244,8,11
244,8,17
244,9,17
244,9,19
244,10,13
244,10,16
244,12,15
244,13,16
244,14,18
244,14,19
244,18,19
245,0,1
245,0,10
245,0,12
245,0,15
245,0,16
245,1,7
245,1,10
245,1,13
245,1,16
245,2,8
245,2,11
245,3,8
245,3,17
245,5,14
245,5,18
245,5,19
245,6,7
245,6,9
245,6,14
245,6,19
245,7,9
245,7,10
245,7,11
245,8,11
245,8,17
245,9,17
245,9,19
245,10,13
245,10,16
245,12,15
245,13,16
245,14,18
245,14,19
245,18,19
246,0,1
246,0,10
246,0,12
246,0,15
246,0,16
246,1,7
246,1,10
246,1,13
246,1,16
246,2,8
246,2,11
246,3,8
246,3,17
246,5,14
246,5,18
246,5,19
246,6,7
246,6,9
246,6,14
246,6,19
246,7,10
246,7,11
246,7,16
246,8,11
246,8,17
246,9,17
246,9,19
246,10,13
246,10,16
246,12,15
246,13,16
246,14,18
246,14,19
246,18,19
247,0,1
247,0,10
247,0,12
247,0,15
247,0,16
247,1,7
247,1,10
247,1,13
247,1,16
247,2,8
247,2,11
247,3,17
247,5,14
247,5,18
247,5,19
247,6,7
247,6,9
247,6,14
247,6,18
247,6,19
247,7,10
247,7,11
247,7,16
247,8,11
247,8,17
247,9,17
247,9,19
247,10,13
247,10,16
247,12,15
247,13,16
247,14,18
247,14,19
247,18,19
248,0,1
248,0,10
248,0,12
248,0,15
248,0,16
248,1,7
248,1,10
248,1,13
248,1,16
248,2,8
248,2,11
248,3,17
248,5,14
248,5,18
248,5,19
248,6,7
248,6,9
248,6,14
248,6,18
248,6,19
248,7,10
248,7,11
248,7,16
248,8,11
248,9,17
248,9,19
248,10,13
248,10,16
248,12,15
248,13,16
248,14,18
248,14,19
248,18,19
249,0,1
249,0,10
249,0,12
249,0,15
249,0,16
249,1,7
249,1,10
249,1,13
249,1,16
249,2,8
249,2,11
249,3,17
249,5,14
249,5,18
249,5,19
249,6,7
249,6,9
249,6,14
249,6,18
249,6,19
249,7,10
249,7,11
249,7,16
249,8,11
249,9,17
249,9,19
249,10,13
249,10,16
249,12,15
249,13,16
249,14,18
249,14,19
249,18,19
250,0,1
250,0,10
250,0,12
250,0,15
250,0,16
250,1,7
250,1,10
250,1,13
250,1,16
250,2,8
250,2,11
250,3,17
250,5,14
250,5,18
250,5,19
250,6,7
250,6,9
250,6,14
250,6,18
250,6,19
250,7,10
250,7,11
250,7,16
250,8,11
250,9,17
250,9,19
250,10,13
250,10,16
250,12,15
250,13,16
250,14,18
250,14,19
250,18,19
251,0,1
251,0,10
251,0,12
251,0,15
251,0,16
251,1,7
251,1,10
251,1,13
251,1,16
251,2,8
251,2,11
251,3,17
251,5,14
251,5,18
251,5,19
251,6,7
251,6,9
251,6,14
251,6,18
251,6,19
251,7,10
251,7,11
251,7,16
251,8,11
251,9,17
251,9,19
251,10,13
251,10,16
251,11,12
251,12,15
251,13,16
251,14,18
251,14,19
251,18,19
252,0,1
252,0,7
252,0,10
252,0,12
252,0,15
252,0,16
252,1,7
252,1,10
252,1,13
252,1,16
252,2,8
252,2,11
252,3,17
252,5,14
252,5,18
252,5,19
252,6,9
252,6,14
252,6,18
252,6,19
252,7,10
252,7,11
252,7,16
252,8,11
252,9,17
252,9,19
252,10,13
252,10,16
252,11,12
252,12,15
252,13,16
252,14,18
252,14,19
252,18,19
253,0,1
253,0,7
253,0,10
253,0,12
253,0,15
253,0,16
253,1,7
253,1,10
253,1,13
253,1,16
253,2,8
253,2,11
253,3,17
253,5,14
253,5,18
253,5,19
253,6,9
253,6,14
253,6,18
253,6,19
253,7,10
253,7,16
253,8,11
253,9,17
253,9,19
253,10,13
253,10,16
253,11,12
253,12,15
253,13,16
253,14,18
253,14,19
253,18,19
254,0,1
254,0,7
254,0,10
254,0,12
254,0,16
254,1,7
254,1,10
254,1,13
254,1,16
254,2,8
254,2,11
254,3,17
254,5,14
254,5,18
254,5,19
254,6,9
254,6,14
254,6,18
254,6,19
254,7,10
254,7,16
254,8,11
254,9,17
254,9,18
254,9,19
254,10,13
254,10,16
254,11,12
254,12,15
254,13,16
254,14,18
254,14,19
254,18,19
255,0,1
255,0,7
255,0,10
255,0,12
255,0,16
255,1,7
255,1,10
255,1,13
255,1,16
255,2,8
255,2,11
255,3,17
255,5,14
255,5,18
255,5,19
255,6,9
255,6,14
255,6,18
255,6,19
255,7,10
255,7,16
255,8,11
255,9,17
255,9,18
255,9,19
255,10,13
255,10,16
255,11,12
255,12,15
255,13,16
255,14,18
255,14,19
255,18,19
256,0,1
256,0,7
256,0,10
256,0,12
256,0,16
256,1,7
256,1,10
256,1,13
256,1,16
256,2,8
256,2,11
256,3,17
256,5,14
256,5,18
256,5,19
256,6,9
256,6,14
256,6,18
256,6,19
256,7,10
256,7,16
256,8,11
256,9,17
256,9,18
256,9,19
256,10,13
256,10,16
256,11,12
256,12,15
256,13,16
256,14,18
256,14,19
256,18,19
257,0,1
257,0,7
257,0,10
257,0,12
257,0,16
257,1,7
257,1,10
257,1,13
257,1,16
257,2,8
257,2,11
257,3,17
257,5,14
257,5,18
257,5,19
257,6,9
257,6,14
257,6,18
257,6,19
257,7,10
257,7,16
257,8,11
257,9,17
257,9,18
257,9,19
257,10,13
257,10,16
257,11,12
257,12,15
257,13,16
257,14,18
257,14,19
257,18,19
258,0,1
258,0,7
258,0,10
258,0,12
258,0,13
258,0,16
258,1,7
258,1,10
258,1,13
258,1,16
258,2,8
258,2,11
258,3,17
258,5,14
258,5,18
258,5,19
258,6,9
258,6,14
258,6,18
258,6,19
258,7,10
258,7,16
258,8,11
258,9,18
258,9,19
258,10,13
258,10,16
258,11,12
258,12,15
258,13,16
258,14,18
258,14,19
258,18,19
259,0,1
259,0,7
259,0,10
259,0,12
259,0,13
259,0,16
259,1,7
259,1,10
259,1,13
259,1,16
259,2,8
259,2,11
259,3,17
259,5,14
259,5,18
259,5,19
259,6,9
259,6,14
259,6,18
259,6,19
259,7,10
259,7,16
259,8,11
259,8,12
259,9,18
259,9,19
259,10,13
259,10,16
259,11,12
259,12,15
259,13,16
259,14,18
259,14,19
259,18,19
260,0,1
260,0,7
260,0,10
260,0,12
260,0,13
260,0,16
260,1,7
260,1,10
260,1,13
260,1,16
260,2,8
260,2,11
260,3,17
260,5,14
260,5,18
260,5,19
260,6,9
260,6,14
260,6,18
260,6,19
260,7,10
260,7,16
260,8,11
260,8,12
260,9,18
260,9,19
260,10,13
260,10,16
260,11,12
260,12,15
260,13,16
260,14,18
260,14,19
260,18,19
261,0,1
261,0,7
261,0,10
261,0,12
261,0,13
261,0,16
261,1,7
261,1,10
261,1,13
261,1,16
261,2,8
261,2,11
261,2,12
261,3,17
261,5,14
261,5,18
261,5,19
261,6,9
261,6,14
261,6,18
261,7,10
261,7,16
261,8,11
261,8,12
261,9,18
261,9,19
261,10,13
261,10,16
261,11,12
261,12,15
261,13,16
261,14,18
261,14,19
261,18,19
262,0,1
262,0,7
262,0,10
262,0,12
262,0,13
262,0,16
262,1,7
262,1,10
262,1,13
262,1,16
262,2,8
262,2,11
262,2,12
262,3,17
262,5,14
262,5,18
262,5,19
262,6,9
262,6,14
262,6,18
262,7,10
262,7,16
262,8,11
262,8,12
262,9,14
262,9,18
262,9,19
262,10,13
262,10,16
262,11,12
262,12,15
262,13,16
262,14,18
262,14,19
262,18,19
263,0,1
263,0,7
263,0,10
263,0,12
263,0,13
263,0,16
263,1,7
263,1,10
263,1,13
263,1,16
263,2,8
263,2,11
263,2,12
263,3,17
263,5,14
263,5,18
263,5,19
263,6,9
263,6,14
263,6,18
263,7,10
263,7,16
263,8,11
263,8,12
263,9,14
263,9,18
263,9,19
263,10,13
263,10,16
263,11,12
263,12,15
263,13,16
263,14,18
263,14,19
263,18,19
264,0,1
264,0,7
264,0,10
264,0,12
264,0,13
264,0,16
264,1,7
264,1,10
264,1,13
264,1,16
264,2,8
264,2,11
264,2,12
264,3,17
264,5,14
264,5,18
264,5,19
264,6,9
264,6,14
264,6,18
264,7,10
264,7,16
264,8,11
264,8,12
264,9,14
264,9,18
264,9,19
264,10,13
264,10,16
264,11,12
264,12,15
264,13,16
264,14,18
264,14,19
264,18,19
265,0,1
265,0,7
265,0,10
265,0,12
265,0,13
265,0,16
265,1,7
265,1,10
265,1,13
265,1,16
265,2,8
265,2,11
265,2,12
265,3,17
265,5,14
265,5,18
265,5,19
265,6,9
265,6,18
265,7,10
265,7,16
265,8,11
265,8,12
265,9,14
265,9,18
265,9,19
265,10,13
265,10,16
265,11,12
265,12,15
265,13,16
265,14,18
265,14,19
265,18,19
266,0,1
266,0,7
266,0,10
266,0,13
266,0,16
266,1,7
266,1,10
266,1,16
266,2,8
266,2,11
266,2,12
266,3,17
266,5,14
266,5,18
266,5,19
266,6,9
266,6,18
266,7,10
266,7,16
266,8,11
266,8,12
266,9,14
266,9,18
266,9,19
266,10,13
266,10,16
266,11,12
266,13,16
266,14,18
266,14,19
266,18,19
267,0,1
267,0,7
267,0,10
267,0,13
267,0,16
267,1,7
267,1,10
267,1,16
267,2,8
267,2,11
267,2,12
267,3,17
267,5,14
267,5,18
267,5,19
267,6,9
267,6,18
267,7,10
267,7,16
267,8,11
267,8,12
267,9,14
267,9,18
267,9,19
267,10,13
267,10,16
267,11,12
267,13,16
267,14,18
267,14,19
267,18,19
268,0,1
268,0,7
268,0,10
268,0,13
268,0,16
268,1,7
268,1,10
268,1,16
268,2,8
268,2,11
268,2,12
268,3,17
268,5,14
268,5,18
268,5,19
268,6,9
268,6,18
268,7,10
268,7,16
268,8,11
268,8,12
268,9,14
268,9,18
268,9,19
268,10,13
268,10,16
268,11,12
268,13,16
268,14,18
268,14,19
268,18,19
269,0,1
269,0,7
269,0,10
269,0,13
269,0,16
269,1,7
269,1,10
269,1,16
269,2,8
269,2,11
269,2,12
269,3,17
269,5,14
269,5,18
269,5,19
269,6,9
269,6,18
269,7,10
269,7,16
269,8,11
269,8,12
269,9,14
269,9,18
269,9,19
269,10,13
269,10,16
269,11,12
269,13,16
269,14,18
269,14,19
269,18,19
270,0,1
270,0,7
270,0,10
270,0,13
270,0,16
270,1,7
270,1,10
270,1,16
270,2,8
270,2,11
270,2,12
270,3,17
270,5,9
270,5,14
270,5,18
270,5,19
270,6,9
270,6,18
270,7,10
270,7,13
270,7,16
270,8,11
270,8,12
270,9,14
270,9,18
270,9,19
270,10,13
270,10,16
270,11,12
270,13,16
270,14,18
270,14,19
270,18,19
271,0,1
271,0,7
271,0,10
271,0,13
271,0,16
271,1,7
271,1,10
271,1,16
271,2,8
271,2,11
271,2,12
271,3,17
271,5,9
271,5,14
271,5,18
271,5,19
271,6,9
271,6,18
271,7,10
271,7,13
271,7,16
271,8,11
271,8,12
271,9,14
271,9,18
271,9,19
271,10,13
271,10,15
271,10,16
271,11,12
271,13,16
271,14,18
271,14,19
271,18,19
272,0,1
272,0,7
272,0,10
272,0,13
272,0,16
272,1,7
272,1,10
272,1,16
272,2,8
272,2,11
272,2,12
272,3,17
272,5,9
272,5,14
272,5,18
272,5,19
272,6,9
272,6,18
272,7,10
272,7,13
272,7,16
272,8,11
272,8,12
272,9,14
272,9,18
272,9,19
272,10,13
272,10,15
272,10,16
272,11,12
272,13,16
272,14,18
272,14,19
272,18,19
273,0,1
273,0,7
273,0,10
273,0,13
273,0,16
273,1,7
273,1,10
273,1,16
273,2,8
273,2,11
273,2,12
273,2,17
273,3,17
273,5,9
273,5,14
273,5,18
273,5,19
273,6,9
273,6,18
273,7,10
273,7,13
273,7,16
273,8,11
273,8,12
273,9,14
273,9,18
273,9,19
273,10,13
273,10,15
273,10,16
273,11,12
273,13,16
273,14,18
273,14,19
273,18,19
274,0,1
274,0,7
274,0,10
274,0,13
274,0,16
274,1,7
274,1,10
274,1,16
274,2,8
274,2,11
274,2,12
274,2,17
274,3,17
274,5,9
274,5,14
274,5,18
274,5,19
274,6,9
274,6,18
274,7,10
274,7,13
274,7,16
274,8,11
274,8,12
274,9,14
274,9,18
274,9,19
274,10,13
274,10,15
274,10,16
274,11,12
274,13,16
274,14,18
274,14,19
274,18,19
275,0,1
275,0,7
275,0,10
275,0,13
275,0,16
275,1,7
275,1,10
275,1,16
275,2,8
275,2,11
275,2,12
275,2,17
275,3,17
275,5,9
275,5,14
275,5,18
275,5,19
275,6,9
275,6,18
275,7,10
275,7,13
275,7,16
275,8,11
275,8,12
275,9,14
275,9,18
275,9,19
275,10,13
275,10,15
275,10,16
275,11,12
275,13,16
275,14,18
275,14,19
275,18,19
276,0,1
276,0,7
276,0,10
276,0,16
276,1,7
276,1,10
276,1,16
276,2,6
276,2,8
276,2,11
276,2,12
276,2,17
276,3,17
276,5,9
276,5,14
276,5,18
276,5,19
276,6,9
276,6,18
276,7,10
276,7,13
276,7,16
276,8,11
276,8,12
276,9,14
276,9,18
276,9,19
276,10,13
276,10,15
276,10,16
276,11,12
276,13,16
276,14,18
276,14,19
276,18,19
277,0,1
277,0,7
277,0,10
277,0,16
277,1,7
277,1,10
277,1,16
277,2,6
277,2,8
277,2,11
277,2,12
277,2,17
277,3,17
277,5,9
277,5,14
277,5,18
277,5,19
277,6,9
277,6,18
277,7,10
277,7,13
277,7,16
277,8,11
277,8,12
277,8,15
277,9,14
277,9,18
277,9,19
277,10,13
277,10,15
277,10,16
277,11,12
277,13,16
277,14,18
277,14,19
277,18,19
278,0,1
278,0,7
278,0,10
278,0,16
278,1,7
278,1,10
278,1,16
278,2,6
278,2,8
278,2,11
278,2,12
278,2,17
278,3,17
278,5,9
278,5,14
278,5,18
278,5,19
278,6,9
278,6,18
278,7,10
278,7,13
278,7,16
278,8,11
278,8,12
278,8,15
278,9,14
278,9,18
278,9,19
278,10,13
278,10,15
278,10,16
278,11,12
278,13,16
278,14,18
278,14,19
278,18,19
279,0,1
279,0,7
279,0,10
279,0,16
279,1,7
279,1,10
279,1,16
279,2,6
279,2,8
279,2,11
279,2,12
279,2,17
279,3,17
279,5,9
279,5,14
279,5,18
279,5,19
279,6,9
279,6,17
279,6,18
279,7,10
279,7,13
279,7,16
279,8,11
279,8,12
279,8,15
279,9,14
279,9,18
279,9,19
279,10,13
279,10,15
279,10,16
279,11,12
279,13,16
279,14,18
279,14,19
279,18,19
280,0,1
280,0,7
280,0,10
280,0,16
280,1,2
280,1,7
280,1,10
280,1,16
280,2,6
280,2,8
280,2,11
280,2,12
280,2,17
280,3,17
280,5,9
280,5,14
280,5,18
280,5,19
280,6,9
280,6,17
280,6,18
280,7,10
280,7,13
280,7,16
280,8,11
280,8,12
280,8,15
280,9,14
280,9,18
280,9,19
280,10,13
280,10,15
280,10,16
280,11,12
280,13,16
280,14,18
280,14,19
281,0,1
281,0,7
281,0,10
281,0,16
281,1,2
281,1,7
281,1,10
281,1,16
281,2,6
281,2,8
281,2,11
281,2,12
281,2,17
281,3,17
281,5,9
281,5,14
281,5,18
281,5,19
281,6,9
281,6,17
281,6,18
281,7,10
281,7,13
281,7,16
281,8,11
281,8,12
281,8,15
281,9,14
281,9,18
281,9,19
281,10,13
281,10,15
281,10,16
281,11,12
281,13,16
281,14,18
281,14,19
282,0,1
282,0,7
282,0,10
282,0,16
282,1,2
282,1,7
282,1,10
282,1,16
282,2,6
282,2,8
282,2,11
282,2,12
282,2,17
282,3,6
282,3,17
282,5,9
282,5,14
282,5,18
282,5,19
282,6,9
282,6,17
282,6,18
282,7,10
282,7,13
282,7,16
282,8,11
282,8,12
282,8,15
282,9,14
282,9,18
282,9,19
282,10,13
282,10,15
282,10,16
282,11,12
282,13,16
282,14,18
282,14,19
283,0,1
283,0,7
283,0,10
283,0,16
283,1,2
283,1,7
283,1,10
283,1,16
283,2,6
283,2,8
283,2,11
283,2,12
283,2,17
283,3,6
283,3,17
283,5,9
283,5,14
283,5,18
283,5,19
283,6,9
283,6,17
283,6,18
283,7,10
283,7,13
283,7,16
283,8,11
283,8,12
283,8,15
283,9,14
283,9,18
283,9,19
283,10,13
283,10,15
283,10,16
283,11,12
283,13,16
283,14,18
283,14,19
284,0,1
284,0,7
284,0,10
284,0,16
284,1,2
284,1,7
284,1,10
284,1,15
284,1,16
284,2,3
284,2,6
284,2,8
284,2,11
284,2,12
284,2,17
284,3,6
284,3,17
284,5,9
284,5,14
284,5,18
284,5,19
284,6,17
284,6,18
284,7,10
284,7,13
284,7,16
284,8,11
284,8,12
284,8,15
284,9,14
284,9,18
284,9,19
284,10,13
284,10,15
284,10,16
284,11,12
284,13,15
284,13,16
284,14,18
284,14,19
285,0,1
285,0,7
285,0,10
285,0,16
285,1,2
285,1,7
285,1,10
285,1,15
285,1,16
285,2,3
285,2,6
285,2,8
285,2,11
285,2,12
285,2,17
285,3,6
285,3,17
285,5,9
285,5,14
285,5,18
285,5,19
285,6,17
285,6,18
285,7,10
285,7,13
285,7,16
285,8,11
285,8,12
285,8,15
285,9,14
285,9,18
285,9,19
285,10,13
285,10,15
285,10,16
285,11,12
285,12,17
285,13,15
285,13,16
285,14,18
285,14,19
286,0,1
286,0,7
286,0,10
286,0,16
286,1,2
286,1,7
286,1,10
286,1,15
286,1,16
286,2,3
286,2,6
286,2,8
286,2,11
286,2,12
286,2,17
286,3,6
286,3,17
286,5,9
286,5,14
286,5,18
286,5,19
286,6,17
286,6,18
286,7,10
286,7,13
286,7,16
286,8,11
286,8,12
286,8,15
286,9,14
286,9,18
286,9,19
286,10,13
286,10,15
286,10,16
286,11,12
286,12,17
286,13,15
286,13,16
286,14,18
286,14,19
287,0,1
287,0,7
287,0,10
287,0,16
287,1,2
287,1,7
287,1,10
287,1,15
287,1,16
287,2,3
287,2,6
287,2,8
287,2,11
287,2,12
287,2,17
287,3,6
287,3,17
287,5,9
287,5,14
287,5,19
287,6,17
287,6,18
287,7,10
287,7,13
287,7,16
287,8,11
287,8,12
287,8,15
287,9,14
287,9,18
287,9,19
287,10,13
287,10,15
287,10,16
287,11,12
287,12,17
287,13,15
287,13,16
287,14,18
287,14,19
287,15,16
288,0,1
288,0,7
288,0,10
288,0,16
288,1,2
288,1,7
288,1,8
288,1,10
288,1,15
288,1,16
288,2,3
288,2,6
288,2,8
288,2,11
288,2,12
288,2,17
288,3,6
288,3,17
288,5,9
288,5,14
288,5,19
288,6,17
288,6,18
288,7,10
288,7,13
288,7,16
288,8,11
288,8,12
288,8,15
288,9,14
288,9,18
288,9,19
288,10,13
288,10,15
288,10,16
288,11,12
288,12,17
288,13,15
288,13,16
288,14,18
288,14,19
288,15,16
289,0,1
289,0,7
289,0,10
289,0,16
289,1,2
289,1,7
289,1,8
289,1,10
289,1,15
289,1,16
289,2,3
289,2,6
289,2,8
289,2,11
289,2,12
289,2,17
289,3,6
289,3,17
289,5,9
289,5,14
289,5,19
289,6,17
289,7,10
289,7,13
289,7,16
289,8,11
289,8,12
289,8,15
289,9,14
289,9,18
289,9,19
289,10,13
289,10,15
289,10,16
289,11,12
289,12,17
289,13,15
289,13,16
289,14,18
289,14,19
289,15,16
290,0,1
290,0,7
290,0,10
290,0,16
290,1,2
290,1,7
290,1,8
290,1,10
290,1,15
290,1,16
290,2,3
290,2,6
290,2,11
290,2,12
290,2,17
290,3,6
290,3,17
290,5,9
290,5,14
290,5,19
290,6,17
290,7,10
290,7,13
290,7,16
290,8,11
290,8,12
290,8,15
290,9,14
290,9,18
290,9,19
290,10,13
290,10,15
290,10,16
290,11,12
290,11,15
290,11,17
290,12,17
290,13,15
290,13,16
290,14,18
290,14,19
290,15,16
291,0,1
291,0,7
291,0,10
291,0,16
291,1,2
291,1,7
291,1,8
291,1,10
291,1,15
291,1,16
291,2,3
291,2,6
291,2,11
291,2,12
291,2,17
291,3,6
291,3,17
291,5,9
291,5,14
291,5,19
291,6,17
291,7,10
291,7,13
291,7,16
291,8,10
291,8,11
291,8,15
291,9,14
291,9,18
291,9,19
291,10,13
291,10,15
291,10,16
291,11,12
291,11,15
291,11,17
291,12,17
291,13,15
291,13,16
291,14,18
291,14,19
291,15,16
292,0,1
292,0,7
292,0,16
292,1,2
292,1,7
292,1,8
292,1,10
292,1,15
292,1,16
292,2,3
292,2,6
292,2,11
292,2,12
292,2,17
292,3,6
292,3,17
292,5,9
292,5,14
292,5,19
292,6,17
292,7,10
292,7,13
292,7,16
292,8,10
292,8,11
292,8,15
292,9,14
292,9,19
292,10,13
292,10,15
292,10,16
292,11,12
292,11,15
292,11,17
292,12,17
292,13,15
292,14,18
292,14,19
292,15,16
293,0,1
293,0,7
293,0,16
293,0,18
293,1,2
293,1,7
293,1,8
293,1,10
293,1,15
293,1,16
293,2,3
293,2,6
293,2,11
293,2,12
293,2,17
293,3,6
293,3,17
293,5,9
293,5,14
293,5,19
293,6,17
293,7,10
293,7,13
293,7,16
293,8,10
293,8,11
293,8,15
293,9,14
293,9,19
293,10,13
293,10,15
293,10,16
293,11,12
293,11,15
293,11,17
293,12,17
293,13,15
293,14,18
293,14,19
293,15,16
294,0,1
294,0,7
294,0,16
294,0,18
294,1,2
294,1,7
294,1,8
294,1,10
294,1,15
294,1,16
294,2,3
294,2,6
294,2,11
294,2,12
294,2,17
294,3,6
294,3,17
294,5,9
294,5,14
294,5,19
294,6,17
294,7,10
294,7,13
294,7,16
294,8,10
294,8,11
294,8,15
294,9,14
294,9,19
294,10,13
294,10,15
294,10,16
294,11,12
294,11,15
294,11,17
294,12,17
294,13,15
294,14,18
294,14,19
294,15,16
295,0,1
295,0,7
295,0,16
295,0,18
295,1,2
295,1,7
295,1,8
295,1,10
295,1,15
295,1,16
295,2,3
295,2,6
295,2,11
295,2,12
295,2,17
295,3,6
295,3,17
295,5,9
295,5,14
295,5,19
295,6,17
295,7,10
295,7,13
295,7,16
295,8,10
295,8,11
295,8,15
295,9,14
295,9,19
295,10,13
295,10,15
295,10,16
295,11,12
295,11,15
295,11,17
295,12,17
295,13,15
295,14,18
295,14,19
295,15,16
296,0,1
296,0,7
296,0,16
296,0,18
296,1,2
296,1,8
296,1,10
296,1,15
296,1,16
296,2,3
296,2,6
296,2,11
296,2,12
296,2,17
296,3,6
296,3,17
296,5,9
296,5,14
296,5,19
296,6,17
296,7,10
296,7,13
296,7,16
296,8,10
296,8,11
296,8,13
296,8,15
296,9,14
296,9,19
296,10,13
296,10,15
296,10,16
296,11,12
296,11,15
296,11,17
296,12,17
296,13,15
296,14,18
296,14,19
296,15,16
297,0,1
297,0,7
297,0,16
297,0,18
297,1,2
297,1,8
297,1,10
297,1,15
297,1,16
297,2,3
297,2,6
297,2,11
297,2,12
297,2,17
297,3,6
297,3,17
297,5,9
297,5,14
297,5,19
297,6,17
297,7,10
297,7,13
297,7,16
297,8,10
297,8,11
297,8,13
297,8,15
297,9,14
297,9,19
297,10,13
297,10,15
297,10,16
297,11,12
297,11,15
297,11,17
297,12,17
297,13,15
297,14,18
297,14,19
297,15,16
298,0,1
298,0,7
298,0,16
298,0,18
298,1,2
298,1,6
298,1,8
298,1,10
298,1,15
298,1,16
298,2,3
298,2,6
298,2,11
298,2,12
298,2,15
298,2,17
298,3,6
298,3,12
298,3,17
298,5,9
298,5,14
298,5,19
298,6,17
298,7,10
298,7,16
298,8,10
298,8,11
298,8,13
298,8,15
298,9,14
298,9,19
298,10,13
298,10,15
298,10,16
298,11,12
298,11,15
298,11,17
298,12,17
298,13,15
298,14,18
298,14,19
298,15,16
299,0,1
299,0,7
299,0,16
299,0,18
299,1,2
299,1,6
299,1,8
299,1,10
299,1,11
299,1,15
299,1,16
299,2,3
299,2,6
299,2,11
299,2,12
299,2,15
299,2,17
299,3,6
299,3,12
299,3,17
299,5,9
299,5,14
299,5,19
299,6,17
299,7,10
299,7,16
299,8,10
299,8,11
299,8,13
299,8,15
299,9,14
299,9,19
299,10,13
299,10,15
299,10,16
299,11,12
299,11,15
299,11,17
299,12,17
299,13,15
299,14,18
299,14,19
299,15,16
300,0,1
300,0,7
300,0,16
300,0,18
300,1,2
300,1,6
300,1,8
300,1,10
300,1,11
300,1,15
300,1,16
300,2,3
300,2,6
300,2,11
300,2,12
300,2,15
300,2,16
300,2,17
300,3,6
300,3,12
300,3,17
300,5,9
300,5,14
300,5,19
300,6,17
300,7,10
300,7,16
300,8,10
300,8,11
300,8,13
300,8,15
300,9,14
300,9,19
300,10,13
300,10,15
300,10,16
300,11,12
300,11,15
300,11,17
300,12,17
300,13,15
300,14,18
300,14,19
300,15,16
301,0,1
301,0,7
301,0,16
301,0,18
301,1,2
301,1,6
301,1,8
301,1,10
301,1,11
301,1,15
301,1,16
301,2,3
301,2,6
301,2,11
301,2,12
301,2,15
301,2,16
301,2,17
301,3,6
301,3,12
301,3,17
301,5,9
301,5,14
301,5,19
301,6,17
301,7,10
301,7,16
301,8,10
301,8,11
301,8,13
301,8,15
301,9,14
301,9,19
301,10,13
301,10,15
301,10,16
301,11,12
301,11,15
301,11,17
301,12,17
301,13,15
301,14,19
301,15,16
302,0,1
302,0,7
302,0,16
302,0,18
302,1,2
302,1,6
302,1,8
302,1,10
302,1,11
302,1,15
302,1,16
302,2,3
302,2,6
302,2,11
302,2,12
302,2,15
302,2,16
302,2,17
302,3,6
302,3,12
302,3,17
302,4,7
302,5,9
302,5,14
302,5,19
302,6,17
302,7,10
302,7,16
302,8,10
302,8,11
302,8,13
302,8,15
302,9,14
302,9,19
302,10,13
302,10,15
302,10,16
302,11,12
302,11,15
302,11,17
302,12,17
302,13,15
302,14,19
302,15,16
303,0,1
303,0,16
303,0,18
303,1,2
303,1,6
303,1,8
303,1,10
303,1,11
303,1,15
303,1,16
303,2,3
303,2,6
303,2,11
303,2,12
303,2,15
303,2,16
303,2,17
303,3,6
303,3,12
303,3,17
303,4,7
303,5,9
303,5,14
303,5,19
303,6,17
303,7,10
303,7,16
303,8,10
303,8,11
303,8,13
303,8,15
303,9,14
303,9,19
303,10,13
303,10,15
303,10,16
303,11,12
303,11,15
303,11,17
303,12,17
303,13,15
303,14,19
303,15,16
304,0,1
304,0,16
304,0,18
304,1,2
304,1,6
304,1,10
304,1,11
304,1,15
304,1,16
304,2,3
304,2,6
304,2,11
304,2,12
304,2,15
304,2,16
304,2,17
304,3,6
304,3,12
304,3,17
304,4,7
304,5,9
304,5,14
304,5,19
304,6,17
304,7,10
304,7,16
304,8,10
304,8,13
304,8,15
304,9,14
304,9,19
304,10,13
304,10,15
304,10,16
304,11,12
304,11,15
304,11,17
304,12,17
304,13,15
304,14,19
304,15,16
305,0,1
305,0,16
305,0,18
305,1,2
305,1,6
305,1,10
305,1,11
305,1,15
305,1,16
305,2,3
305,2,6
305,2,11
305,2,12
305,2,15
305,2,16
305,2,17
305,3,6
305,3,12
305,3,17
305,4,7
305,5,9
305,5,14
305,5,19
305,6,17
305,8,10
305,8,13
305,8,15
305,9,14
305,9,19
305,10,13
305,10,15
305,10,16
305,11,12
305,11,15
305,11,17
305,12,17
305,13,15
305,14,19
305,15,16
306,0,1
306,0,16
306,0,18
306,1,2
306,1,6
306,1,10
306,1,11
306,1,15
306,1,16
306,2,3
306,2,6
306,2,11
306,2,12
306,2,15
306,2,16
306,2,17
306,3,6
306,3,12
306,3,17
306,4,7
306,5,9
306,5,14
306,5,19
306,6,17
306,8,10
306,8,13
306,8,15
306,9,14
306,9,19
306,10,13
306,10,15
306,10,16
306,11,12
306,11,15
306,11,17
306,12,17
306,13,15
306,14,19
306,15,16
307,0,1
307,0,16
307,0,18
307,1,2
307,1,6
307,1,10
307,1,11
307,1,15
307,1,16
307,2,3
307,2,6
307,2,11
307,2,15
307,2,16
307,2,17
307,3,6
307,3,12
307,3,17
307,4,7
307,5,9
307,5,14
307,5,19
307,6,17
307,8,10
307,8,13
307,8,15
307,9,14
307,9,19
307,10,13
307,10,15
307,10,16
307,11,12
307,11,15
307,11,17
307,12,17
307,13,15
307,14,19
307,15,16
308,0,1
308,0,16
308,0,18
308,1,2
308,1,6
308,1,10
308,1,11
308,1,15
308,1,16
308,1,17
308,2,3
308,2,6
308,2,11
308,2,15
308,2,16
308,2,17
308,3,6
308,3,12
308,3,17
308,4,7
308,5,9
308,5,14
308,5,19
308,6,17
308,8,10
308,8,13
308,8,15
308,9,14
308,9,19
308,10,13
308,10,15
308,10,16
308,11,15
308,11,17
308,12,17
308,13,15
308,14,19
308,15,16
308,15,17
309,0,1
309,0,16
309,0,18
309,1,2
309,1,6
309,1,11
309,1,15
309,1,16
309,1,17
309,2,3
309,2,6
309,2,11
309,2,15
309,2,16
309,2,17
309,3,6
309,3,12
309,3,17
309,4,7
309,5,9
309,5,14
309,5,19
309,6,17
309,8,10
309,8,13
309,8,15
309,9,14
309,9,19
309,10,13
309,10,15
309,10,16
309,11,15
309,11,17
309,12,17
309,13,15
309,14,19
309,15,16
309,15,17
310,0,1
310,0,16
310,0,18
310,1,2
310,1,6
310,1,11
310,1,15
310,1,16
310,1,17
310,2,3
310,2,6
310,2,11
310,2,15
310,2,16
310,2,17
310,3,6
310,3,12
310,3,17
310,4,7
310,5,9
310,5,14
310,5,19
310,6,11
310,6,17
310,8,10
310,8,13
310,8,15
310,9,14
310,9,19
310,10,13
310,10,15
310,10,16
310,11,15
310,11,17
310,12,17
310,13,15
310,14,19
310,15,16
310,15,17
310,16,18
311,0,1
311,0,16
311,0,18
311,1,2
311,1,6
311,1,11
311,1,15
311,1,16
311,1,17
311,2,3
311,2,6
311,2,11
311,2,15
311,2,16
311,2,17
311,3,6
311,3,12
311,3,17
311,4,7
311,5,9
311,5,14
311,5,19
311,6,11
311,6,17
311,8,10
311,8,13
311,8,15
311,9,14
311,9,19
311,10,13
311,10,15
311,10,16
311,11,15
311,11,16
311,11,17
311,12,17
311,13,15
311,14,19
311,15,16
311,15,17
311,16,18
312,0,1
312,0,16
312,0,18
312,1,2
312,1,6
312,1,11
312,1,15
312,1,16
312,1,17
312,2,3
312,2,6
312,2,11
312,2,15
312,2,16
312,2,17
312,3,6
312,3,12
312,3,17
312,4,7
312,5,9
312,5,14
312,5,19
312,6,11
312,6,17
312,8,10
312,8,13
312,8,15
312,9,14
312,9,19
312,10,13
312,10,15
312,10,16
312,11,15
312,11,16
312,11,17
312,12,17
312,13,15
312,14,19
312,15,16
312,15,17
312,16,18
313,0,16
313,0,18
313,1,2
313,1,6
313,1,11
313,1,15
313,1,16
313,1,17
313,2,3
313,2,6
313,2,11
313,2,15
313,2,16
313,2,17
313,3,6
313,3,12
313,3,17
313,4,7
313,5,9
313,5,14
313,5,19
313,6,11
313,6,15
313,6,17
313,8,10
313,8,13
313,9,14
313,9,19
313,10,13
313,10,15
313,11,15
313,11,16
313,11,17
313,12,17
313,13,15
313,14,19
313,15,16
313,15,17
313,16,18
314,0,16
314,0,18
314,1,2
314,1,6
314,1,11
314,1,15
314,1,16
314,1,17
314,2,3
314,2,6
314,2,11
314,2,15
314,2,16
314,2,17
314,3,6
314,3,12
314,3,17
314,4,7
314,5,9
314,5,14
314,5,19
314,6,11
314,6,15
314,6,17
314,8,10
314,8,13
314,9,14
314,9,19
314,10,13
314,10,15
314,11,15
314,11,16
314,11,17
314,12,17
314,14,19
314,15,16
314,15,17
314,16,18
315,0,16
315,0,18
315,1,2
315,1,6
315,1,11
315,1,15
315,1,16
315,1,17
315,2,3
315,2,6
315,2,11
315,2,15
315,2,16
315,2,17
315,3,6
315,3,12
315,3,17
315,4,7
315,4,18
315,5,9
315,5,14
315,5,19
315,6,11
315,6,15
315,6,17
315,8,10
315,8,13
315,9,14
315,9,19
315,10,13
315,10,15
315,11,15
315,11,16
315,11,17
315,12,17
315,14,19
315,15,16
315,15,17
315,16,18
316,0,16
316,0,18
316,1,2
316,1,6
316,1,11
316,1,15
316,1,16
316,1,17
316,2,3
316,2,6
316,2,11
316,2,15
316,2,16
316,2,17
316,3,6
316,3,12
316,3,17
316,4,7
316,4,18
316,5,9
316,5,14
316,5,19
316,6,11
316,6,15
316,6,16
316,6,17
316,8,10
316,8,13
316,9,14
316,9,19
316,10,13
316,11,15
316,11,16
316,11,17
316,14,19
316,15,16
316,15,17
316,16,18
317,0,16
317,0,18
317,1,2
317,1,6
317,1,11
317,1,15
317,1,16
317,1,17
317,2,3
317,2,6
317,2,11
317,2,15
317,2,16
317,2,17
317,3,6
317,3,12
317,3,17
317,4,7
317,4,18
317,5,9
317,5,14
317,5,19
317,6,11
317,6,15
317,6,16
317,6,17
317,8,10
317,8,13
317,9,14
317,9,19
317,10,13
317,11,15
317,11,16
317,11,17
317,14,19
317,15,16
317,15,17
317,16,18
318,0,16
318,0,18
318,1,2
318,1,6
318,1,11
318,1,15
318,1,16
318,1,17
318,2,3
318,2,6
318,2,11
318,2,15
318,2,16
318,2,17
318,3,6
318,3,12
318,3,17
318,4,7
318,4,18
318,5,9
318,5,14
318,5,19
318,6,11
318,6,15
318,6,16
318,6,17
318,8,10
318,8,13
318,9,14
318,9,19
318,10,13
318,11,15
318,11,16
318,11,17
318,14,19
318,15,16
318,15,17
318,16,18
319,0,16
319,0,18
319,1,2
319,1,6
319,1,11
319,1,15
319,1,16
319,1,17
319,2,3
319,2,6
319,2,11
319,2,15
319,2,16
319,2,17
319,3,6
319,3,12
319,4,7
319,4,18
319,5,9
319,5,14
319,5,19
319,6,11
319,6,15
319,6,16
319,6,17
319,8,10
319,8,13
319,9,14
319,9,19
319,10,13
319,11,15
319,11,16
319,11,17
319,14,19
319,15,16
319,15,17
319,16,18
320,0,16
320,0,18
320,1,2
320,1,6
320,1,11
320,1,15
320,1,16
320,1,17
320,2,3
320,2,6
320,2,11
320,2,15
320,2,16
320,2,17
320,3,6
320,3,12
320,4,7
320,4,18
320,5,9
320,5,14
320,5,19
320,6,11
320,6,15
320,6,16
320,6,17
320,8,10
320,8,13
320,9,14
320,9,19
320,10,13
320,11,15
320,11,16
320,11,17
320,14,19
320,15,16
320,15,17
320,16,18
321,0,18
321,1,2
321,1,6
321,1,11
321,1,15
321,1,16
321,1,17
321,2,3
321,2,6
321,2,11
321,2,15
321,2,16
321,2,17
321,3,6
321,3,12
321,4,7
321,4,18
321,5,9
321,5,14
321,5,19
321,6,11
321,6,15
321,6,16
321,6,17
321,8,10
321,8,13
321,9,14
321,9,19
321,10,13
321,11,15
321,11,16
321,11,17
321,14,19
321,15,16
321,15,17
321,16,18
322,0,5
322,0,18
322,1,2
322,1,6
322,1,11
322,1,15
322,1,16
322,1,17
322,2,3
322,2,6
322,2,11
322,2,15
322,2,16
322,2,17
322,3,6
322,3,12
322,4,7
322,4,18
322,5,14
322,5,19
322,6,11
322,6,15
322,6,16
322,6,17
322,8,10
322,8,13
322,9,14
322,9,19
322,10,13
322,11,15
322,11,16
322,11,17
322,14,19
322,15,16
322,15,17
322,16,18
323,0,5
323,0,18
323,1,2
323,1,6
323,1,11
323,1,15
323,1,16
323,1,17
323,2,3
323,2,6
323,2,11
323,2,15
323,2,16
323,2,17
323,3,6
323,3,12
323,4,7
323,4,18
323,5,14
323,5,19
323,6,11
323,6,15
323,6,16
323,6,17
323,8,10
323,8,13
323,9,14
323,9,19
323,10,13
323,11,15
323,11,16
323,11,17
323,14,19
323,15,16
323,15,17
323,16,18
324,0,5
324,0,18
324,1,2
324,1,6
324,1,11
324,1,15
324,1,16
324,1,17
324,2,3
324,2,6
324,2,11
324,2,15
324,2,16
324,2,17
324,3,6
324,3,12
324,4,18
324,5,14
324,5,19
324,6,11
324,6,15
324,6,16
324,6,17
324,8,10
324,8,13
324,9,14
324,9,19
324,10,13
324,11,15
324,11,16
324,11,17
324,14,19
324,15,16
324,15,17
324,16,18
325,0,5
325,0,18
325,1,2
325,1,6
325,1,11
325,1,15
325,1,16
325,1,17
325,2,3
325,2,6
325,2,11
325,2,15
325,2,16
325,2,17
325,3,6
325,3,11
325,3,15
325,4,18
325,5,14
325,5,19
325,6,11
325,6,15
325,6,16
325,6,17
325,8,10
325,8,13
325,9,14
325,9,19
325,10,13
325,11,15
325,11,16
325,11,17
325,14,19
325,15,16
325,15,17
325,16,18
326,0,5
326,0,18
326,1,2
326,1,6
326,1,11
326,1,15
326,1,16
326,1,17
326,2,3
326,2,6
326,2,11
326,2,15
326,2,16
326,2,17
326,3,6
326,3,11
326,3,15
326,4,7
326,4,18
326,5,14
326,5,19
326,6,11
326,6,15
326,6,16
326,6,17
326,8,10
326,8,13
326,9,14
326,9,19
326,10,13
326,11,15
326,11,16
326,11,17
326,14,19
326,15,16
326,15,17
326,16,18
327,0,5
327,0,18
327,1,2
327,1,6
327,1,11
327,1,15
327,1,16
327,1,17
327,2,3
327,2,6
327,2,11
327,2,15
327,2,16
327,2,17
327,3,6
327,3,11
327,3,15
327,4,7
327,4,18
327,5,14
327,6,11
327,6,15
327,6,16
327,6,17
327,8,10
327,8,13
327,9,14
327,9,19
327,10,13
327,11,15
327,11,16
327,11,17
327,14,19
327,15,16
327,15,17
328,0,5
328,0,18
328,1,2
328,1,6
328,1,11
328,1,15
328,1,16
328,1,17
328,2,3
328,2,6
328,2,11
328,2,15
328,2,16
328,2,17
328,3,6
328,3,11
328,3,15
328,4,7
328,4,18
328,5,14
328,6,11
328,6,15
328,6,16
328,6,17
328,8,10
328,8,13
328,9,14
328,9,19
328,10,13
328,11,15
328,11,16
328,11,17
328,14,19
328,15,16
328,15,17
329,0,5
329,0,18
329,1,2
329,1,3
329,1,6
329,1,11
329,1,15
329,1,16
329,1,17
329,2,3
329,2,6
329,2,11
329,2,15
329,2,16
329,2,17
329,3,6
329,3,11
329,3,15
329,4,7
329,4,18
329,5,14
329,6,11
329,6,15
329,6,16
329,7,18
329,8,10
329,8,13
329,9,14
329,9,19
329,10,13
329,11,15
329,11,16
329,11,17
329,13,17
329,14,19
329,15,16
330,0,5
330,0,18
330,1,2
330,1,3
330,1,6
330,1,11
330,1,15
330,1,16
330,1,17
330,2,3
330,2,6
330,2,11
330,2,15
330,2,16
330,2,17
330,3,6
330,3,11
330,3,15
330,4,7
330,4,18
330,5,14
330,6,11
330,6,15
330,6,16
330,7,18
330,8,10
330,8,13
330,9,14
330,9,19
330,10,13
330,11,15
330,11,16
330,11,17
330,13,17
330,14,19
330,15,16
331,0,5
331,0,18
331,1,2
331,1,3
331,1,6
331,1,11
331,1,15
331,1,16
331,1,17
331,2,3
331,2,6
331,2,11
331,2,15
331,2,16
331,2,17
331,3,6
331,3,11
331,3,15
331,4,7
331,4,18
331,5,14
331,6,11
331,6,15
331,6,16
331,7,18
331,8,10
331,8,13
331,9,14
331,9,19
331,10,13
331,11,15
331,11,16
331,11,17
331,13,17
331,14,19
331,15,16
332,0,5
332,0,18
332,1,2
332,1,3
332,1,6
332,1,11
332,1,15
332,1,16
332,1,17
332,2,3
332,2,6
332,2,11
332,2,15
332,2,16
332,2,17
332,3,6
332,3,11
332,3,15
332,4,7
332,4,18
332,5,14
332,6,11
332,6,15
332,6,16
332,7,18
332,8,10
332,8,13
332,9,14
332,9,19
332,10,13
332,11,15
332,11,16
332,11,17
332,13,17
332,14,19
332,15,16
333,0,5
333,0,18
333,1,2
333,1,3
333,1,6
333,1,11
333,1,15
333,1,16
333,1,17
333,2,3
333,2,6
333,2,11
333,2,15
333,2,16
333,2,17
333,3,6
333,3,11
333,3,15
333,4,7
333,4,18
333,5,14
333,6,11
333,6,15
333,6,16
333,7,18
333,8,10
333,8,13
333,9,14
333,9,19
333,10,13
333,11,15
333,11,16
333,11,17
333,13,17
333,14,19
333,15,16
334,0,4
334,0,5
334,1,2
334,1,3
334,1,6
334,1,11
334,1,15
334,1,16
334,1,17
334,2,3
334,2,6
334,2,11
334,2,15
334,2,16
334,2,17
334,3,6
334,3,11
334,3,15
334,3,16
334,4,7
334,4,18
334,5,14
334,6,11
334,6,15
334,6,16
334,7,18
334,8,10
334,8,13
334,9,14
334,9,19
334,10,13
334,11,15
334,11,16
334,11,17
334,13,17
334,14,19
334,15,16
335,0,4
335,0,5
335,1,2
335,1,3
335,1,6
335,1,11
335,1,15
335,1,16
335,1,17
335,2,3
335,2,6
335,2,11
335,2,15
335,2,16
335,3,6
335,3,11
335,3,15
335,3,16
335,4,7
335,4,18
335,5,14
335,6,11
335,6,15
335,6,16
335,7,18
335,8,10
335,8,13
335,9,14
335,9,19
335,10,13
335,11,15
335,11,16
335,11,17
335,13,17
335,14,19
335,15,16
336,0,4
336,0,5
336,1,2
336,1,3
336,1,6
336,1,11
336,1,15
336,1,16
336,1,17
336,2,3
336,2,6
336,2,11
336,2,15
336,2,16
336,3,6
336,3,11
336,3,15
336,3,16
336,4,7
336,4,18
336,5,14
336,6,11
336,6,15
336,6,16
336,7,18
336,8,10
336,8,13
336,9,14
336,9,19
336,10,13
336,11,15
336,11,16
336,11,17
336,13,17
336,14,19
336,15,16
337,0,4
337,0,5
337,1,2
337,1,3
337,1,6
337,1,11
337,1,15
337,1,16
337,1,17
337,2,3
337,2,6
337,2,11
337,2,15
337,2,16
337,3,6
337,3,11
337,3,15
337,3,16
337,4,7
337,4,18
337,5,14
337,6,11
337,6,15
337,6,16
337,7,18
337,8,10
337,8,13
337,9,14
337,9,19
337,10,13
337,11,15
337,11,16
337,11,17
337,13,17
337,14,19
337,15,16
338,0,4
338,0,5
338,1,2
338,1,3
338,1,6
338,1,11
338,1,15
338,1,16
338,1,17
338,2,3
338,2,6
338,2,11
338,2,15
338,2,16
338,3,6
338,3,11
338,3,15
338,3,16
338,4,7
338,4,18
338,5,14
338,5,15
338,6,11
338,6,15
338,6,16
338,7,18
338,8,10
338,8,13
338,9,14
338,9,19
338,10,13
338,11,15
338,11,16
338,11,17
338,13,17
338,14,19
338,15,16
339,0,4
339,0,5
339,1,2
339,1,3
339,1,6
339,1,11
339,1,15
339,1,16
339,1,17
339,2,3
339,2,6
339,2,11
339,2,15
339,2,16
339,3,6
339,3,11
339,3,15
339,3,16
339,4,7
339,4,18
339,5,14
339,5,15
339,6,11
339,6,15
339,6,16
339,7,18
339,8,10
339,8,13
339,9,14
339,9,19
339,10,13
339,11,15
339,11,16
339,11,17
339,13,17
339,14,19
339,15,16
340,0,4
340,0,5
340,0,19
340,1,2
340,1,3
340,1,6
340,1,11
340,1,15
340,1,16
340,1,17
340,2,3
340,2,6
340,2,11
340,2,15
340,2,16
340,3,6
340,3,11
340,3,15
340,3,16
340,4,7
340,4,18
340,5,14
340,5,15
340,6,11
340,6,12
340,6,15
340,6,16
340,7,18
340,8,10
340,8,13
340,9,14
340,9,19
340,10,13
340,11,15
340,11,16
340,11,17
340,13,17
340,14,19
340,15,16
341,0,4
341,0,5
341,0,19
341,1,2
341,1,3
341,1,6
341,1,11
341,1,15
341,1,16
341,1,17
341,2,3
341,2,6
341,2,11
341,2,15
341,2,16
341,3,6
341,3,11
341,3,15
341,3,16
341,4,7
341,4,18
341,5,14
341,5,15
341,6,11
341,6,12
341,6,15
341,6,16
341,7,18
341,8,10
341,8,13
341,9,14
341,9,19
341,10,13
341,11,15
341,11,16
341,11,17
341,13,17
341,14,19
341,15,16
342,0,4
342,0,5
342,0,19
342,1,2
342,1,3
342,1,6
342,1,11
342,1,15
342,1,16
342,1,17
342,2,3
342,2,6
342,2,11
342,2,15
342,2,16
342,3,6
342,3,11
342,3,15
342,3,16
342,4,7
342,4,18
342,5,14
342,5,15
342,6,11
342,6,12
342,6,15
342,6,16
342,7,18
342,8,10
342,8,13
342,9,14
342,9,19
342,10,13
342,11,15
342,11,16
342,11,17
342,13,17
342,14,19
342,15,16
343,0,4
343,0,5
343,0,19
343,1,2
343,1,3
343,1,6
343,1,11
343,1,15
343,1,16
343,1,17
343,2,3
343,2,6
343,2,11
343,2,15
343,2,16
343,3,6
343,3,11
343,3,15
343,3,16
343,4,7
343,4,18
343,5,14
343,5,15
343,6,11
343,6,12
343,6,15
343,6,16
343,7,18
343,8,10
343,8,13
343,9,14
343,9,19
343,10,13
343,11,15
343,11,16
343,11,17
343,13,17
343,14,19
343,15,16
344,0,4
344,0,5
344,0,19
344,1,2
344,1,3
344,1,6
344,1,11
344,1,15
344,1,16
344,1,17
344,2,3
344,2,6
344,2,11
344,2,15
344,2,16
344,3,6
344,3,11
344,3,12
344,3,15
344,3,16
344,4,7
344,4,18
344,5,14
344,5,15
344,6,11
344,6,12
344,6,15
344,6,16
344,7,18
344,8,10
344,8,13
344,8,17
344,9,14
344,9,19
344,10,13
344,11,15
344,11,16
344,11,17
344,13,17
344,14,19
344,15,16
345,0,4
345,0,5
345,0,19
345,1,2
345,1,3
345,1,6
345,1,11
345,1,15
345,1,16
345,1,17
345,2,3
345,2,6
345,2,11
345,2,15
345,2,16
345,3,5
345,3,6
345,3,11
345,3,12
345,3,15
345,3,16
345,4,7
345,4,18
345,5,14
345,5,15
345,6,11
345,6,12
345,6,15
345,6,16
345,7,18
345,8,10
345,8,11
345,8,13
345,8,17
345,9,14
345,9,19
345,10,13
345,11,15
345,11,16
345,11,17
345,13,17
345,14,19
345,15,16
346,0,4
346,0,5
346,0,19
346,1,2
346,1,3
346,1,6
346,1,8
346,1,11
346,1,15
346,1,16
346,1,17
346,2,3
346,2,6
346,2,11
346,2,15
346,2,16
346,3,5
346,3,6
346,3,11
346,3,12
346,3,15
346,3,16
346,4,7
346,4,18
346,5,14
346,5,15
346,6,11
346,6,12
346,6,15
346,6,16
346,7,18
346,8,10
346,8,11
346,8,13
346,8,17
346,9,14
346,9,19
346,10,13
346,11,15
346,11,16
346,11,17
346,13,17
346,14,19
346,15,16
347,0,4
347,0,5
347,0,19
347,1,2
347,1,3
347,1,6
347,1,8
347,1,11
347,1,15
347,1,16
347,1,17
347,2,3
347,2,6
347,2,11
347,2,15
347,2,16
347,3,5
347,3,6
347,3,11
347,3,12
347,3,15
347,3,16
347,4,7
347,4,18
347,5,14
347,5,15
347,6,11
347,6,12
347,6,15
347,6,16
347,7,18
347,8,10
347,8,11
347,8,13
347,8,17
347,9,14
347,9,19
347,10,13
347,11,15
347,11,16
347,13,17
347,14,19
347,15,16
348,0,4
348,0,5
348,0,19
348,1,2
348,1,3
348,1,6
348,1,8
348,1,11
348,1,15
348,1,16
348,2,3
348,2,6
348,2,11
348,2,15
348,2,16
348,3,5
348,3,6
348,3,11
348,3,12
348,3,15
348,3,16
348,4,7
348,4,18
348,5,14
348,5,15
348,6,11
348,6,12
348,6,15
348,6,16
348,7,18
348,8,10
348,8,11
348,8,13
348,8,17
348,9,14
348,9,19
348,10,13
348,11,15
348,11,16
348,13,17
348,14,19
348,15,16
349,0,4
349,0,5
349,0,9
349,0,19
349,1,2
349,1,3
349,1,6
349,1,8
349,1,11
349,1,15
349,1,16
349,2,3
349,2,6
349,2,11
349,2,15
349,2,16
349,3,5
349,3,6
349,3,11
349,3,12
349,3,15
349,3,16
349,4,7
349,4,18
349,5,14
349,5,15
349,6,11
349,6,12
349,6,15
349,6,16
349,7,18
349,8,10
349,8,11
349,8,13
349,8,16
349,8,17
349,9,14
349,9,19
349,10,13
349,11,15
349,11,16
349,13,17
349,14,19
349,15,16
350,0,4
350,0,5
350,0,9
350,0,19
350,1,2
350,1,3
350,1,6
350,1,8
350,1,11
350,1,15
350,1,16
350,2,3
350,2,5
350,2,6
350,2,11
350,2,15
350,2,16
350,3,5
350,3,6
350,3,11
350,3,12
350,3,15
350,3,16
350,4,7
350,4,18
350,5,14
350,5,15
350,6,11
350,6,12
350,6,15
350,6,16
350,7,18
350,8,10
350,8,11
350,8,13
350,8,16
350,8,17
350,9,14
350,9,19
350,10,13
350,10,17
350,11,15
350,11,16
350,13,17
350,14,19
350,15,16
351,0,4
351,0,5
351,0,9
351,0,19
351,1,2
351,1,3
351,1,6
351,1,8
351,1,11
351,1,15
351,1,16
351,2,3
351,2,5
351,2,6
351,2,11
351,2,15
351,2,16
351,3,5
351,3,6
351,3,11
351,3,12
351,3,15
351,3,16
351,4,7
351,4,18
351,5,14
351,5,15
351,6,11
351,6,12
351,6,15
351,6,16
351,7,18
351,8,10
351,8,11
351,8,13
351,8,16
351,8,17
351,9,14
351,9,19
351,10,13
351,10,17
351,11,15
351,11,16
351,13,17
351,14,19
351,15,16
352,0,4
352,0,5
352,0,9
352,0,19
352,1,2
352,1,3
352,1,6
352,1,8
352,1,11
352,1,15
352,1,16
352,2,3
352,2,5
352,2,6
352,2,11
352,2,15
352,2,16
352,3,5
352,3,6
352,3,11
352,3,12
352,3,15
352,3,16
352,4,7
352,4,18
352,5,14
352,5,15
352,6,11
352,6,12
352,6,16
352,7,18
352,8,10
352,8,11
352,8,13
352,8,16
352,8,17
352,9,14
352,9,19
352,10,13
352,10,17
352,11,15
352,11,16
352,13,17
352,14,19
352,15,16
353,0,4
353,0,5
353,0,9
353,0,19
353,1,2
353,1,3
353,1,6
353,1,8
353,1,11
353,1,15
353,1,16
353,2,3
353,2,5
353,2,6
353,2,11
353,2,15
353,2,16
353,3,5
353,3,6
353,3,11
353,3,12
353,3,15
353,3,16
353,4,7
353,4,18
353,5,14
353,5,15
353,6,11
353,6,12
353,6,16
353,7,18
353,8,10
353,8,11
353,8,13
353,8,16
353,8,17
353,9,14
353,9,19
353,10,13
353,10,17
353,11,15
353,11,16
353,13,17
353,14,19
353,15,16
354,0,4
354,0,9
354,0,19
354,1,2
354,1,3
354,1,6
354,1,8
354,1,11
354,1,16
354,2,3
354,2,5
354,2,6
354,2,11
354,2,15
354,2,16
354,3,5
354,3,6
354,3,11
354,3,12
354,3,15
354,3,16
354,4,7
354,5,14
354,5,15
354,6,11
354,6,12
354,6,16
354,7,18
354,8,10
354,8,11
354,8,13
354,8,16
354,8,17
354,9,14
354,9,19
354,10,13
354,10,17
354,11,15
354,11,16
354,13,17
354,14,19
354,15,16
355,0,4
355,0,9
355,0,19
355,1,2
355,1,3
355,1,6
355,1,8
355,1,11
355,1,16
355,2,3
355,2,5
355,2,6
355,2,11
355,2,15
355,2,16
355,3,5
355,3,6
355,3,11
355,3,12
355,3,15
355,3,16
355,4,7
355,5,14
355,5,15
355,6,11
355,6,12
355,6,16
355,7,18
355,8,10
355,8,11
355,8,13
355,8,16
355,9,14
355,9,19
355,10,13
355,10,17
355,11,15
355,11,16
355,13,17
355,14,19
355,15,16
356,0,4
356,0,9
356,0,19
356,1,2
356,1,3
356,1,6
356,1,8
356,1,11
356,1,16
356,2,3
356,2,5
356,2,6
356,2,8
356,2,11
356,2,15
356,2,16
356,3,5
356,3,6
356,3,11
356,3,12
356,3,15
356,3,16
356,4,7
356,5,14
356,5,15
356,5,16
356,6,11
356,6,12
356,6,16
356,7,18
356,8,10
356,8,11
356,8,13
356,8,16
356,9,14
356,9,19
356,10,13
356,10,17
356,11,15
356,11,16
356,13,17
356,14,19
356,15,16
357,0,4
357,0,9
357,0,19
357,1,2
357,1,3
357,1,6
357,1,8
357,1,11
357,1,12
357,1,16
357,2,3
357,2,5
357,2,6
357,2,8
357,2,11
357,2,15
357,2,16
357,3,5
357,3,6
357,3,11
357,3,12
357,3,15
357,3,16
357,4,7
357,5,14
357,5,15
357,5,16
357,6,11
357,6,12
357,6,16
357,7,18
357,8,10
357,8,11
357,8,13
357,8,16
357,9,14
357,9,19
357,10,13
357,10,17
357,11,16
357,13,17
357,14,19
357,15,16
358,0,4
358,0,9
358,0,19
358,1,2
358,1,3
358,1,6
358,1,8
358,1,11
358,1,12
358,1,16
358,2,3
358,2,5
358,2,6
358,2,8
358,2,11
358,2,15
358,2,16
358,3,5
358,3,6
358,3,11
358,3,12
358,3,15
358,3,16
358,4,7
358,5,14
358,5,15
358,5,16
358,6,11
358,6,12
358,6,16
358,7,18
358,8,10
358,8,11
358,8,13
358,8,16
358,9,14
358,9,19
358,10,13
358,10,17
358,11,16
358,13,17
358,14,19
358,15,16
359,0,4
359,0,9
359,0,19
359,1,2
359,1,3
359,1,6
359,1,8
359,1,11
359,1,12
359,1,16
359,2,3
359,2,5
359,2,6
359,2,8
359,2,11
359,2,15
359,2,16
359,3,5
359,3,6
359,3,11
359,3,12
359,3,15
359,3,16
359,4,7
359,5,14
359,5,15
359,5,16
359,6,11
359,6,12
359,6,16
359,7,18
359,8,10
359,8,11
359,8,13
359,8,16
359,9,14
359,9,19
359,10,13
359,10,17
359,11,16
359,13,17
359,14,15
359,14,19
359,15,16
360,0,9
360,0,19
360,1,2
360,1,3
360,1,6
360,1,8
360,1,11
360,1,12
360,1,13
360,1,16
360,2,3
360,2,5
360,2,6
360,2,8
360,2,11
360,2,15
360,2,16
360,3,5
360,3,6
360,3,11
360,3,12
360,3,15
360,3,16
360,4,7
360,5,14
360,5,15
360,5,16
360,6,11
360,6,12
360,6,16
360,7,18
360,8,10
360,8,11
360,8,13
360,8,16
360,9,14
360,9,19
360,10,13
360,10,17
360,11,16
360,13,17
360,14,15
360,14,19
360,15,16
361,0,9
361,0,19
361,1,2
361,1,3
361,1,6
361,1,8
361,1,11
361,1,12
361,1,13
361,1,16
361,2,3
361,2,5
361,2,6
361,2,8
361,2,11
361,2,15
361,2,16
361,3,5
361,3,6
361,3,11
361,3,12
361,3,15
361,3,16
361,4,7
361,5,14
361,5,15
361,5,16
361,6,11
361,6,12
361,6,16
361,7,18
361,8,11
361,8,13
361,8,16
361,9,14
361,9,19
361,10,13
361,10,17
361,11,16
361,13,17
361,14,15
361,14,19
361,15,16
362,0,9
362,0,19
362,1,2
362,1,3
362,1,6
362,1,8
362,1,11
362,1,12
362,1,13
362,1,16
362,2,3
362,2,5
362,2,6
362,2,8
362,2,11
362,2,15
362,2,16
362,3,5
362,3,6
362,3,11
362,3,12
362,3,15
362,3,16
362,4,7
362,5,15
362,5,16
362,6,11
362,6,12
362,6,16
362,7,18
362,8,11
362,8,13
362,8,16
362,9,14
362,9,15
362,9,19
362,10,13
362,10,17
362,11,16
362,13,17
362,14,15
362,14,19
362,15,16
363,0,9
363,0,19
363,1,2
363,1,3
363,1,6
363,1,8
363,1,11
363,1,12
363,1,13
363,1,16
363,2,3
363,2,5
363,2,6
363,2,8
363,2,11
363,2,15
363,2,16
363,3,5
363,3,6
363,3,11
363,3,12
363,3,15
363,3,16
363,4,7
363,5,15
363,5,16
363,6,11
363,6,12
363,6,16
363,7,18
363,8,11
363,8,13
363,8,16
363,9,14
363,9,15
363,9,19
363,10,13
363,10,17
363,11,16
363,12,16
363,13,17
363,14,15
363,15,16
364,0,9
364,0,19
364,1,2
364,1,3
364,1,6
364,1,8
364,1,11
364,1,12
364,1,13
364,1,16
364,2,3
364,2,5
364,2,6
364,2,8
364,2,11
364,2,12
364,2,15
364,2,16
364,3,5
364,3,6
364,3,8
364,3,11
364,3,12
364,3,15
364,3,16
364,4,7
364,5,15
364,5,16
364,6,11
364,6,12
364,6,16
364,7,18
364,8,11
364,8,13
364,8,16
364,9,14
364,9,15
364,9,19
364,10,13
364,10,17
364,11,16
364,12,16
364,13,17
364,14,15
364,15,16
365,0,9
365,0,19
365,1,2
365,1,3
365,1,6
365,1,8
365,1,11
365,1,12
365,1,13
365,1,16
365,2,3
365,2,5
365,2,6
365,2,8
365,2,11
365,2,12
365,2,15
365,2,16
365,3,5
365,3,6
365,3,8
365,3,11
365,3,12
365,3,15
365,3,16
365,4,7
365,5,11
365,5,15
365,5,16
365,6,12
365,6,16
365,7,18
365,8,11
365,8,13
365,8,16
365,9,14
365,9,15
365,9,19
365,10,13
365,10,17
365,11,16
365,12,16
365,13,17
365,14,15
365,15,16
366,0,9
366,0,19
366,1,2
366,1,3
366,1,6
366,1,8
366,1,11
366,1,12
366,1,13
366,1,16
366,2,3
366,2,5
366,2,6
366,2,8
366,2,11
366,2,12
366,2,15
366,2,16
366,3,5
366,3,6
366,3,8
366,3,11
366,3,12
366,3,15
366,3,16
366,4,7
366,5,11
366,5,15
366,5,16
366,6,12
366,6,16
366,7,18
366,8,11
366,8,13
366,8,16
366,9,14
366,9,15
366,9,19
366,10,13
366,10,17
366,11,16
366,12,16
366,13,17
366,14,15
367,0,9
367,0,19
367,1,2
367,1,3
367,1,6
367,1,8
367,1,11
367,1,12
367,1,13
367,1,16
367,2,3
367,2,5
367,2,6
367,2,8
367,2,11
367,2,12
367,2,15
367,2,16
367,3,5
367,3,6
367,3,8
367,3,11
367,3,12
367,3,15
367,3,16
367,4,7
367,4,19
367,5,9
367,5,11
367,5,15
367,5,16
367,6,12
367,6,16
367,7,18
367,8,11
367,8,13
367,8,16
367,9,14
367,9,15
367,9,19
367,10,13
367,10,17
367,11,16
367,12,16
367,13,17
367,14,15
368,0,9
368,0,19
368,1,2
368,1,3
368,1,6
368,1,8
368,1,11
368,1,12
368,1,13
368,1,16
368,2,3
368,2,5
368,2,6
368,2,8
368,2,11
368,2,12
368,2,15
368,2,16
368,3,5
368,3,6
368,3,8
368,3,11
368,3,12
368,3,15
368,3,16
368,4,7
368,4,19
368,5,9
368,5,11
368,5,15
368,5,16
368,6,12
368,6,16
368,7,18
368,8,11
368,8,13
368,8,16
368,9,14
368,9,15
368,9,19
368,10,13
368,10,17
368,11,13
368,11,16
368,12,16
368,13,17
368,14,15
369,0,9
369,0,19
369,1,2
369,1,3
369,1,6
369,1,8
369,1,11
369,1,12
369,1,13
369,1,16
369,2,3
369,2,5
369,2,6
369,2,8
369,2,11
369,2,12
369,2,15
369,2,16
369,3,5
369,3,6
369,3,8
369,3,11
369,3,12
369,3,15
369,3,16
369,4,7
369,4,19
369,5,9
369,5,11
369,5,15
369,5,16
369,6,12
369,6,16
369,8,11
369,8,13
369,8,16
369,9,14
369,9,15
369,9,19
369,10,13
369,10,17
369,11,13
369,11,16
369,12,16
369,13,17
369,14,15
370,0,9
370,0,19
370,1,2
370,1,3
370,1,6
370,1,8
370,1,11
370,1,12
370,1,13
370,1,16
370,2,3
370,2,5
370,2,6
370,2,8
370,2,11
370,2,12
370,2,16
370,3,5
370,3,6
370,3,8
370,3,11
370,3,12
370,3,15
370,3,16
370,4,7
370,4,19
370,5,9
370,5,11
370,5,15
370,5,16
370,6,12
370,6,16
370,8,11
370,8,13
370,8,16
370,9,14
370,9,15
370,9,19
370,10,13
370,10,17
370,11,13
370,11,16
370,12,16
370,13,17
370,14,15
370,15,19
371,0,19
371,1,2
371,1,3
371,1,6
371,1,8
371,1,11
371,1,12
371,1,13
371,1,16
371,2,3
371,2,5
371,2,6
371,2,8
371,2,11
371,2,12
371,2,16
371,3,5
371,3,6
371,3,8
371,3,11
371,3,12
371,3,15
371,3,16
371,4,7
371,4,19
371,5,9
371,5,11
371,5,15
371,5,16
371,6,12
371,6,16
371,8,11
371,8,13
371,8,16
371,9,14
371,9,15
371,9,19
371,10,13
371,10,17
371,11,13
371,11,16
371,12,16
371,13,17
371,14,15
371,15,19
372,0,19
372,1,2
372,1,3
372,1,6
372,1,8
372,1,11
372,1,12
372,1,13
372,1,16
372,2,3
372,2,5
372,2,6
372,2,8
372,2,11
372,2,12
372,2,16
372,3,5
372,3,6
372,3,8
372,3,11
372,3,12
372,3,16
372,4,7
372,4,19
372,5,8
372,5,9
372,5,11
372,5,15
372,5,16
372,6,12
372,6,16
372,8,11
372,8,13
372,8,16
372,9,14
372,9,15
372,9,19
372,10,13
372,10,17
372,11,13
372,11,16
372,12,16
372,13,17
372,14,15
372,15,19
373,0,19
373,1,2
373,1,3
373,1,6
373,1,8
373,1,11
373,1,12
373,1,13
373,1,16
373,2,3
373,2,5
373,2,6
373,2,8
373,2,11
373,2,12
373,2,16
373,3,5
373,3,6
373,3,8
373,3,11
373,3,12
373,3,16
373,4,5
373,4,7
373,4,19
373,5,8
373,5,9
373,5,11
373,5,15
373,5,16
373,6,12
373,6,16
373,8,11
373,8,13
373,8,16
373,9,14
373,9,15
373,9,19
373,10,13
373,10,17
373,11,13
373,11,16
373,12,13
373,12,16
373,13,17
373,14,15
373,15,19
374,0,19
374,1,2
374,1,3
374,1,6
374,1,8
374,1,11
374,1,12
374,1,13
374,1,16
374,2,3
374,2,5
374,2,8
374,2,11
374,2,12
374,2,16
374,3,5
374,3,6
374,3,8
374,3,11
374,3,12
374,3,16
374,4,5
374,4,7
374,4,19
374,5,8
374,5,9
374,5,11
374,5,15
374,5,16
374,6,12
374,6,16
374,8,11
374,8,12
374,8,13
374,8,16
374,9,14
374,9,15
374,9,19
374,10,13
374,10,17
374,11,13
374,11,16
374,12,13
374,12,16
374,13,17
374,14,15
374,15,19
375,0,19
375,1,2
375,1,3
375,1,6
375,1,8
375,1,11
375,1,12
375,1,13
375,1,16
375,2,3
375,2,5
375,2,8
375,2,11
375,2,12
375,2,16
375,3,5
375,3,6
375,3,8
375,3,11
375,3,12
375,3,16
375,4,5
375,4,7
375,4,19
375,5,8
375,5,9
375,5,11
375,5,15
375,5,16
375,6,12
375,6,16
375,8,11
375,8,12
375,8,13
375,8,16
375,9,14
375,9,15
375,9,19
375,10,13
375,10,17
375,11,13
375,11,16
375,12,13
375,12,16
375,13,17
375,14,15
375,15,19
376,0,19
376,1,2
376,1,3
376,1,6
376,1,8
376,1,11
376,1,12
376,1,13
376,1,16
376,2,3
376,2,5
376,2,8
376,2,11
376,2,12
376,2,16
376,3,5
376,3,6
376,3,8
376,3,11
376,3,12
376,3,16
376,4,5
376,4,7
376,4,19
376,5,8
376,5,9
376,5,11
376,5,15
376,5,16
376,6,12
376,6,16
376,8,11
376,8,12
376,8,13
376,8,16
376,9,14
376,9,15
376,9,19
376,10,13
376,10,17
376,11,13
376,11,16
376,12,13
376,12,16
376,13,17
376,14,15
376,15,19
377,0,19
377,1,2
377,1,3
377,1,6
377,1,8
377,1,11
377,1,12
377,1,13
377,1,16
377,2,3
377,2,5
377,2,8
377,2,11
377,2,12
377,2,16
377,3,5
377,3,6
377,3,8
377,3,11
377,3,12
377,3,16
377,4,5
377,4,7
377,4,19
377,5,8
377,5,9
377,5,11
377,5,15
377,5,16
377,6,12
377,6,16
377,8,11
377,8,12
377,8,13
377,8,16
377,9,14
377,9,15
377,9,19
377,10,13
377,10,17
377,11,13
377,11,16
377,12,13
377,12,16
377,13,17
377,14,15
377,15,19
378,0,19
378,1,2
378,1,3
378,1,6
378,1,8
378,1,11
378,1,12
378,1,13
378,1,16
378,2,3
378,2,5
378,2,8
378,2,11
378,2,12
378,2,16
378,3,5
378,3,6
378,3,8
378,3,11
378,3,12
378,3,16
378,4,5
378,4,7
378,4,19
378,5,8
378,5,9
378,5,11
378,5,15
378,5,16
378,6,12
378,6,16
378,8,11
378,8,12
378,8,13
378,8,16
378,9,14
378,9,15
378,9,19
378,10,13
378,10,17
378,11,13
378,11,16
378,12,13
378,12,16
378,13,16
378,13,17
378,14,15
378,15,19
379,0,9
379,0,19
379,1,2
379,1,3
379,1,6
379,1,8
379,1,11
379,1,12
379,1,13
379,1,16
379,2,3
379,2,5
379,2,8
379,2,11
379,2,12
379,2,16
379,3,5
379,3,6
379,3,8
379,3,11
379,3,12
379,3,16
379,4,5
379,4,7
379,4,19
379,5,8
379,5,9
379,5,11
379,5,15
379,5,16
379,6,12
379,6,16
379,8,11
379,8,12
379,8,13
379,8,16
379,9,14
379,9,15
379,9,19
379,10,13
379,10,17
379,11,13
379,11,16
379,12,13
379,12,16
379,13,16
379,13,17
379,14,15
379,15,19
380,0,9
380,0,19
380,1,2
380,1,3
380,1,6
380,1,8
380,1,11
380,1,12
380,1,13
380,1,16
380,2,3
380,2,5
380,2,8
380,2,11
380,2,12
380,2,16
380,3,5
380,3,6
380,3,8
380,3,11
380,3,12
380,3,16
380,4,5
380,4,7
380,4,19
380,5,8
380,5,9
380,5,11
380,5,15
380,5,16
380,6,12
380,6,16
380,8,11
380,8,12
380,8,13
380,8,16
380,9,14
380,9,15
380,9,19
380,10,17
380,11,13
380,11,16
380,12,13
380,12,16
380,13,16
380,13,17
380,14,15
380,15,19
381,0,9
381,0,15
381,0,19
381,1,2
381,1,3
381,1,6
381,1,8
381,1,11
381,1,12
381,1,13
381,1,16
381,2,3
381,2,5
381,2,8
381,2,11
381,2,12
381,2,16
381,3,5
381,3,6
381,3,8
381,3,11
381,3,12
381,3,16
381,4,5
381,4,7
381,4,19
381,5,8
381,5,9
381,5,11
381,5,15
381,5,16
381,6,12
381,6,16
381,8,11
381,8,12
381,8,13
381,8,16
381,9,14
381,9,15
381,9,19
381,10,17
381,11,13
381,11,16
381,12,13
381,12,16
381,13,16
381,14,15
381,15,19
382,0,9
382,0,15
382,0,19
382,1,2
382,1,3
382,1,6
382,1,8
382,1,11
382,1,12
382,1,13
382,1,16
382,2,3
382,2,5
382,2,8
382,2,11
382,2,12
382,2,13
382,2,16
382,3,5
382,3,6
382,3,8
382,3,11
382,3,12
382,3,13
382,3,16
382,4,5
382,4,7
382,4,19
382,5,8
382,5,9
382,5,11
382,5,15
382,5,16
382,6,12
382,6,16
382,8,11
382,8,12
382,8,13
382,8,16
382,9,14
382,9,15
382,9,19
382,10,17
382,11,13
382,11,16
382,12,13
382,12,16
382,13,16
382,14,15
382,15,19
383,0,9
383,0,15
383,0,19
383,1,2
383,1,3
383,1,5
383,1,6
383,1,8
383,1,11
383,1,12
383,1,13
383,1,16
383,2,3
383,2,5
383,2,8
383,2,11
383,2,12
383,2,13
383,2,16
383,3,5
383,3,8
383,3,11
383,3,12
383,3,13
383,3,16
383,4,5
383,4,7
383,4,19
383,5,8
383,5,9
383,5,11
383,5,15
383,5,16
383,6,12
383,6,16
383,8,11
383,8,12
383,8,13
383,8,16
383,9,14
383,9,15
383,9,19
383,10,17
383,11,13
383,11,16
383,12,13
383,12,16
383,13,16
383,14,15
383,15,19
384,0,4
384,0,9
384,0,15
384,0,19
384,1,2
384,1,3
384,1,5
384,1,6
384,1,8
384,1,11
384,1,12
384,1,13
384,1,16
384,2,3
384,2,5
384,2,8
384,2,11
384,2,12
384,2,13
384,2,16
384,3,5
384,3,8
384,3,11
384,3,12
384,3,13
384,3,16
384,4,5
384,4,7
384,4,19
384,5,8
384,5,9
384,5,11
384,5,16
384,6,12
384,6,16
384,8,11
384,8,12
384,8,13
384,8,16
384,9,14
384,9,15
384,9,19
384,10,17
384,11,13
384,11,16
384,12,13
384,12,16
384,13,16
384,14,15
384,15,19
385,0,4
385,0,9
385,0,15
385,0,19
385,1,2
385,1,3
385,1,5
385,1,6
385,1,8
385,1,11
385,1,12
385,1,13
385,1,16
385,2,3
385,2,5
385,2,8
385,2,11
385,2,12
385,2,13
385,2,16
385,3,5
385,3,8
385,3,11
385,3,12
385,3,13
385,3,16
385,4,5
385,4,7
385,4,19
385,5,8
385,5,9
385,5,11
385,5,16
385,6,12
385,6,16
385,8,11
385,8,12
385,8,13
385,8,16
385,9,14
385,9,15
385,9,19
385,10,17
385,11,13
385,11,16
385,12,13
385,12,16
385,13,16
385,14,15
385,15,19
386,0,4
386,0,9
386,0,14
386,0,15
386,0,19
386,1,2
386,1,3
386,1,5
386,1,6
386,1,8
386,1,11
386,1,12
386,1,13
386,1,16
386,2,3
386,2,5
386,2,8
386,2,11
386,2,12
386,2,13
386,2,16
386,3,5
386,3,8
386,3,11
386,3,12
386,3,13
386,3,16
386,4,5
386,4,7
386,4,19
386,5,8
386,5,9
386,5,11
386,5,16
386,6,12
386,6,16
386,8,11
386,8,12
386,8,13
386,8,16
386,9,14
386,9,15
386,9,19
386,10,17
386,11,13
386,11,16
386,12,13
386,12,16
386,13,16
386,14,15
386,15,19
387,0,4
387,0,9
387,0,14
387,0,15
387,0,19
387,1,2
387,1,3
387,1,5
387,1,6
387,1,8
387,1,11
387,1,12
387,1,13
387,1,16
387,2,3
387,2,5
387,2,8
387,2,11
387,2,12
387,2,13
387,2,16
387,3,5
387,3,8
387,3,11
387,3,12
387,3,13
387,3,16
387,4,5
387,4,7
387,4,19
387,5,8
387,5,9
387,5,11
387,5,16
387,6,12
387,6,16
387,7,19
387,8,11
387,8,12
387,8,13
387,8,16
387,9,14
387,9,15
387,9,19
387,10,17
387,11,13
387,11,16
387,12,13
387,12,16
387,13,16
387,14,15
387,15,19
388,0,4
388,0,9
388,0,14
388,0,15
388,0,19
388,1,2
388,1,3
388,1,5
388,1,6
388,1,8
388,1,11
388,1,12
388,1,13
388,1,16
388,2,3
388,2,5
388,2,8
388,2,11
388,2,13
388,2,16
388,3,5
388,3,8
388,3,11
388,3,12
388,3,13
388,3,16
388,4,5
388,4,7
388,4,19
388,5,8
388,5,9
388,5,11
388,5,16
388,6,12
388,6,16
388,7,19
388,8,11
388,8,13
388,8,16
388,9,14
388,9,15
388,9,19
388,10,17
388,11,13
388,11,16
388,12,13
388,12,16
388,13,16
388,14,15
388,15,19
389,0,4
389,0,9
389,0,14
389,0,15
389,0,19
389,1,2
389,1,3
389,1,5
389,1,6
389,1,8
389,1,11
389,1,12
389,1,13
389,1,16
389,2,3
389,2,5
389,2,8
389,2,11
389,2,13
389,2,16
389,3,5
389,3,8
389,3,11
389,3,12
389,3,13
389,3,16
389,4,5
389,4,7
389,4,19
389,5,8
389,5,9
389,5,11
389,5,16
389,6,12
389,6,16
389,7,19
389,8,11
389,8,13
389,8,16
389,9,14
389,9,15
389,9,19
389,10,17
389,11,13
389,11,16
389,12,13
389,12,16
389,13,16
389,14,15
389,15,19
390,0,4
390,0,9
390,0,14
390,0,15
390,0,19
390,1,2
390,1,3
390,1,5
390,1,6
390,1,8
390,1,12
390,1,13
390,1,16
390,2,3
390,2,5
390,2,8
390,2,11
390,2,13
390,2,16
390,3,5
390,3,8
390,3,11
390,3,12
390,3,13
390,3,16
390,4,5
390,4,7
390,4,19
390,5,8
390,5,9
390,5,11
390,5,16
390,6,12
390,6,16
390,7,19
390,8,9
390,8,11
390,8,13
390,8,16
390,9,14
390,9,15
390,9,19
390,10,17
390,11,13
390,11,16
390,12,13
390,12,16
390,13,16
390,14,15
390,15,19
391,0,4
391,0,9
391,0,14
391,0,15
391,0,19
391,1,2
391,1,3
391,1,5
391,1,6
391,1,8
391,1,12
391,1,13
391,1,16
391,2,3
391,2,5
391,2,8
391,2,11
391,2,13
391,2,16
391,3,5
391,3,8
391,3,11
391,3,12
391,3,13
391,3,16
391,4,5
391,4,7
391,4,9
391,4,19
391,5,8
391,5,9
391,5,11
391,5,16
391,6,12
391,6,16
391,7,19
391,8,9
391,8,11
391,8,13
391,8,16
391,9,14
391,9,15
391,9,19
391,10,17
391,11,13
391,11,16
391,12,13
391,12,16
391,13,16
391,14,15
391,15,19
392,0,4
392,0,9
392,0,14
392,0,15
392,0,19
392,1,2
392,1,3
392,1,5
392,1,6
392,1,8
392,1,12
392,1,13
392,1,16
392,2,3
392,2,5
392,2,8
392,2,11
392,2,13
392,2,16
392,3,5
392,3,8
392,3,11
392,3,12
392,3,13
392,3,16
392,4,5
392,4,7
392,4,9
392,4,19
392,5,8
392,5,9
392,5,11
392,5,16
392,6,12
392,6,16
392,7,19
392,8,9
392,8,11
392,8,13
392,8,16
392,9,14
392,9,15
392,9,19
392,10,17
392,11,13
392,11,16
392,12,13
392,12,16
392,13,16
392,14,15
392,15,19
393,0,4
393,0,9
393,0,14
393,0,15
393,0,19
393,1,2
393,1,3
393,1,5
393,1,6
393,1,8
393,1,12
393,1,13
393,1,16
393,2,3
393,2,5
393,2,8
393,2,11
393,2,13
393,2,16
393,3,5
393,3,8
393,3,11
393,3,12
393,3,13
393,3,16
393,4,5
393,4,7
393,4,9
393,4,19
393,5,8
393,5,9
393,5,11
393,5,13
393,5,16
393,6,12
393,6,16
393,7,19
393,8,9
393,8,11
393,8,13
393,8,16
393,9,14
393,9,15
393,9,19
393,10,17
393,11,13
393,11,16
393,11,18
393,12,13
393,12,16
393,13,16
393,14,15
393,15,19
394,0,4
394,0,9
394,0,14
394,0,15
394,0,19
394,1,2
394,1,3
394,1,5
394,1,6
394,1,8
394,1,12
394,1,13
394,1,16
394,2,3
394,2,5
394,2,8
394,2,9
394,2,11
394,2,13
394,2,16
394,3,5
394,3,8
394,3,11
394,3,12
394,3,13
394,3,16
394,4,5
394,4,7
394,4,9
394,4,19
394,5,8
394,5,9
394,5,11
394,5,13
394,5,16
394,6,12
394,6,16
394,7,19
394,8,9
394,8,11
394,8,13
394,8,16
394,9,14
394,9,15
394,9,19
394,10,17
394,11,13
394,11,16
394,11,18
394,12,13
394,12,16
394,13,16
394,14,15
395,0,4
395,0,14
395,0,15
395,0,19
395,1,2
395,1,3
395,1,5
395,1,6
395,1,8
395,1,12
395,1,13
395,1,16
395,2,3
395,2,5
395,2,8
395,2,9
395,2,11
395,2,13
395,2,16
395,3,5
395,3,8
395,3,11
395,3,12
395,3,13
395,3,16
395,4,5
395,4,7
395,4,9
395,4,19
395,5,8
395,5,9
395,5,11
395,5,13
395,5,16
395,6,12
395,6,16
395,7,19
395,8,9
395,8,11
395,8,13
395,8,16
395,9,14
395,9,15
395,9,19
395,10,17
395,11,13
395,11,16
395,11,18
395,12,13
395,12,16
395,13,16
395,14,15
396,0,4
396,0,14
396,0,15
396,0,19
396,1,2
396,1,3
396,1,5
396,1,6
396,1,8
396,1,12
396,1,13
396,1,16
396,2,3
396,2,5
396,2,8
396,2,9
396,2,11
396,2,13
396,2,16
396,3,5
396,3,8
396,3,11
396,3,12
396,3,13
396,3,16
396,4,5
396,4,7
396,4,9
396,4,19
396,5,8
396,5,9
396,5,11
396,5,13
396,5,16
396,6,16
396,7,19
396,8,9
396,8,11
396,8,16
396,9,14
396,9,15
396,9,16
396,9,19
396,10,17
396,11,13
396,11,16
396,11,18
396,12,13
396,13,16
396,14,15
397,0,4
397,0,14
397,0,15
397,0,19
397,1,2
397,1,3
397,1,5
397,1,6
397,1,8
397,1,12
397,1,13
397,1,16
397,2,3
397,2,5
397,2,8
397,2,9
397,2,11
397,2,13
397,2,16
397,3,5
397,3,8
397,3,11
397,3,12
397,3,13
397,3,16
397,4,5
397,4,7
397,4,8
397,4,9
397,4,11
397,4,19
397,5,8
397,5,9
397,5,11
397,5,13
397,5,16
397,6,16
397,7,19
397,8,9
397,8,11
397,8,16
397,9,14
397,9,15
397,9,16
397,9,19
397,10,17
397,11,13
397,11,16
397,11,18
397,12,13
397,12,17
397,13,16
397,14,15
398,0,4
398,0,14
398,0,15
398,0,19
398,1,2
398,1,3
398,1,5
398,1,6
398,1,8
398,1,12
398,1,13
398,1,16
398,2,3
398,2,5
398,2,8
398,2,9
398,2,11
398,2,13
398,2,16
398,3,5
398,3,8
398,3,11
398,3,12
398,3,13
398,3,16
398,4,5
398,4,7
398,4,8
398,4,9
398,4,11
398,4,19
398,5,8
398,5,9
398,5,11
398,5,13
398,5,16
398,6,16
398,7,19
398,8,9
398,8,11
398,8,16
398,9,14
398,9,15
398,9,16
398,10,17
398,11,13
398,11,16
398,11,18
398,12,13
398,12,17
398,13,16
398,14,15
399,0,4
399,0,14
399,0,15
399,0,19
399,1,2
399,1,3
399,1,5
399,1,6
399,1,8
399,1,12
399,1,13
399,1,16
399,2,3
399,2,5
399,2,8
399,2,9
399,2,11
399,2,13
399,2,16
399,3,5
399,3,8
399,3,11
399,3,12
399,3,13
399,3,16
399,4,5
399,4,7
399,4,8
399,4,9
399,4,11
399,4,19
399,5,8
399,5,9
399,5,11
399,5,13
399,5,16
399,6,16
399,7,19
399,8,9
399,8,11
399,8,16
399,9,14
399,9,15
399,9,16
399,10,17
399,11,13
399,11,16
399,11,18
399,12,13
399,12,17
399,13,16
399,14,15
400,0,4
400,0,14
400,0,15
400,0,19
400,1,2
400,1,3
400,1,5
400,1,6
400,1,8
400,1,12
400,1,13
400,1,16
400,2,3
400,2,5
400,2,8
400,2,9
400,2,11
400,2,13
400,2,16
400,3,5
400,3,8
400,3,11
400,3,12
400,3,13
400,3,16
400,4,5
400,4,7
400,4,8
400,4,9
400,4,11
400,4,19
400,5,8
400,5,9
400,5,11
400,5,13
400,5,16
400,6,16
400,7,19
400,8,9
400,8,11
400,8,16
400,9,14
400,9,15
400,9,16
400,10,17
400,11,13
400,11,16
400,11,18
400,12,13
400,12,17
400,13,16
400,14,15
401,0,4
401,0,14
401,0,15
401,0,19
401,1,2
401,1,3
401,1,5
401,1,6
401,1,12
401,1,13
401,1,16
401,2,3
401,2,5
401,2,8
401,2,9
401,2,11
401,2,13
401,2,16
401,3,5
401,3,8
401,3,11
401,3,13
401,3,16
401,4,7
401,4,8
401,4,9
401,4,11
401,4,19
401,5,8
401,5,9
401,5,11
401,5,13
401,5,16
401,6,16
401,7,19
401,8,9
401,8,11
401,8,16
401,9,14
401,9,16
401,10,17
401,11,13
401,11,16
401,11,18
401,12,13
401,12,17
401,13,16
401,14,15
402,0,4
402,0,14
402,0,15
402,0,19
402,1,2
402,1,3
402,1,5
402,1,6
402,1,12
402,1,13
402,1,16
402,2,3
402,2,5
402,2,8
402,2,9
402,2,11
402,2,13
402,2,16
402,3,5
402,3,8
402,3,11
402,3,13
402,3,16
402,4,7
402,4,8
402,4,9
402,4,11
402,4,19
402,5,8
402,5,9
402,5,11
402,5,13
402,5,16
402,6,16
402,7,19
402,8,9
402,8,11
402,8,16
402,9,14
402,9,16
402,10,17
402,11,13
402,11,18
402,12,13
402,12,17
402,13,16
402,14,15
403,0,4
403,0,14
403,0,15
403,0,19
403,1,2
403,1,3
403,1,5
403,1,6
403,1,12
403,1,13
403,1,16
403,2,3
403,2,4
403,2,5
403,2,8
403,2,9
403,2,11
403,2,13
403,2,16
403,3,5
403,3,8
403,3,9
403,3,11
403,3,13
403,3,16
403,4,7
403,4,8
403,4,9
403,4,11
403,4,19
403,5,8
403,5,9
403,5,11
403,5,13
403,5,16
403,7,19
403,8,9
403,8,11
403,8,16
403,9,14
403,9,16
403,10,17
403,11,13
403,11,18
403,11,19
403,12,13
403,12,17
403,13,16
403,14,15
404,0,4
404,0,14
404,0,15
404,0,19
404,1,2
404,1,3
404,1,5
404,1,6
404,1,12
404,1,13
404,1,16
404,2,3
404,2,4
404,2,5
404,2,8
404,2,9
404,2,11
404,2,13
404,2,16
404,3,5
404,3,8
404,3,9
404,3,11
404,3,13
404,3,16
404,4,7
404,4,8
404,4,9
404,4,11
404,4,19
404,5,8
404,5,9
404,5,11
404,5,13
404,5,16
404,7,19
404,8,9
404,8,11
404,8,16
404,8,19
404,9,14
404,9,16
404,10,17
404,11,13
404,11,18
404,11,19
404,12,13
404,12,17
404,13,16
404,13,18
404,14,15
405,0,4
405,0,14
405,0,15
405,0,19
405,1,2
405,1,3
405,1,5
405,1,6
405,1,13
405,1,16
405,2,3
405,2,4
405,2,5
405,2,8
405,2,9
405,2,11
405,2,13
405,2,16
405,3,5
405,3,8
405,3,9
405,3,11
405,3,13
405,3,16
405,4,7
405,4,8
405,4,9
405,4,11
405,4,19
405,5,8
405,5,9
405,5,11
405,5,13
405,5,16
405,7,19
405,8,9
405,8,11
405,8,14
405,8,16
405,8,19
405,9,14
405,9,16
405,10,12
405,10,17
405,11,13
405,11,18
405,11,19
405,12,13
405,12,17
405,13,16
405,13,18
405,14,15
406,0,4
406,0,14
406,0,15
406,0,19
406,1,2
406,1,3
406,1,5
406,1,6
406,1,13
406,1,16
406,2,3
406,2,4
406,2,5
406,2,8
406,2,9
406,2,11
406,2,13
406,2,16
406,2,19
406,3,5
406,3,8
406,3,9
406,3,11
406,3,13
406,3,16
406,4,7
406,4,8
406,4,9
406,4,11
406,4,14
406,4,19
406,5,8
406,5,9
406,5,11
406,5,13
406,5,16
406,7,19
406,8,9
406,8,14
406,8,16
406,8,19
406,9,14
406,9,16
406,10,12
406,10,17
406,11,13
406,11,18
406,11,19
406,12,13
406,12,17
406,13,16
406,13,18
406,14,15
407,0,4
407,0,14
407,0,15
407,1,2
407,1,3
407,1,5
407,1,6
407,1,13
407,1,16
407,2,3
407,2,4
407,2,5
407,2,8
407,2,9
407,2,11
407,2,13
407,2,16
407,2,18
407,2,19
407,3,5
407,3,8
407,3,9
407,3,11
407,3,13
407,3,16
407,3,18
407,4,7
407,4,8
407,4,9
407,4,11
407,4,14
407,4,19
407,5,8
407,5,9
407,5,11
407,5,13
407,5,16
407,7,19
407,8,9
407,8,14
407,8,16
407,8,19
407,9,14
407,9,16
407,10,12
407,10,17
407,11,13
407,11,18
407,11,19
407,12,13
407,12,17
407,13,16
407,13,18
407,14,15
408,0,4
408,0,14
408,0,15
408,1,3
408,1,5
408,1,6
408,1,13
408,1,16
408,2,3
408,2,4
408,2,5
408,2,8
408,2,9
408,2,11
408,2,13
408,2,16
408,2,18
408,2,19
408,3,5
408,3,8
408,3,9
408,3,11
408,3,13
408,3,16
408,3,18
408,4,7
408,4,8
408,4,9
408,4,14
408,4,15
408,4,19
408,5,8
408,5,9
408,5,11
408,5,13
408,5,16
408,7,19
408,8,9
408,8,14
408,8,16
408,8,19
408,9,14
408,9,16
408,10,12
408,10,17
408,11,13
408,11,18
408,11,19
408,12,13
408,12,17
408,13,16
408,13,18
408,14,15
409,0,4
409,0,14
409,0,15
409,1,3
409,1,5
409,1,6
409,1,13
409,1,16
409,2,3
409,2,4
409,2,5
409,2,8
409,2,9
409,2,11
409,2,13
409,2,16
409,2,18
409,2,19
409,3,5
409,3,8
409,3,9
409,3,11
409,3,13
409,3,16
409,3,18
409,4,7
409,4,8
409,4,9
409,4,14
409,4,15
409,4,19
409,5,8
409,5,9
409,5,11
409,5,13
409,5,16
409,6,16
409,7,19
409,8,9
409,8,14
409,8,16
409,8,19
409,9,14
409,9,16
409,10,12
409,10,17
409,11,13
409,11,18
409,11,19
409,12,13
409,12,17
409,13,16
409,13,18
409,14,15
410,0,4
410,0,14
410,0,15
410,1,3
410,1,5
410,1,6
410,1,13
410,1,16
410,2,3
410,2,4
410,2,5
410,2,8
410,2,9
410,2,11
410,2,13
410,2,16
410,2,18
410,2,19
410,3,5
410,3,8
410,3,9
410,3,11
410,3,13
410,3,16
410,3,18
410,4,7
410,4,8
410,4,9
410,4,14
410,4,15
410,4,19
410,5,8
410,5,9
410,5,11
410,5,13
410,5,16
410,5,18
410,6,16
410,7,19
410,8,9
410,8,14
410,8,16
410,8,19
410,9,14
410,9,16
410,10,12
410,10,17
410,11,13
410,11,18
410,11,19
410,12,13
410,12,17
410,13,16
410,13,18
410,14,15
411,0,4
411,0,8
411,0,14
411,0,15
411,1,3
411,1,5
411,1,6
411,1,13
411,1,16
411,2,3
411,2,4
411,2,5
411,2,8
411,2,9
411,2,11
411,2,13
411,2,16
411,2,18
411,2,19
411,3,5
411,3,8
411,3,9
411,3,11
411,3,13
411,3,16
411,3,18
411,4,7
411,4,8
411,4,9
411,4,14
411,4,15
411,4,19
411,5,8
411,5,9
411,5,11
411,5,13
411,5,16
411,5,18
411,6,16
411,7,19
411,8,9
411,8,14
411,8,16
411,8,19
411,9,14
411,9,16
411,10,12
411,10,17
411,11,13
411,11,18
411,11,19
411,12,13
411,12,17
411,13,16
411,13,18
411,14,15
412,0,4
412,0,8
412,0,14
412,0,15
412,1,3
412,1,5
412,1,6
412,1,13
412,1,16
412,2,3
412,2,4
412,2,5
412,2,8
412,2,9
412,2,11
412,2,13
412,2,16
412,2,18
412,2,19
412,3,5
412,3,9
412,3,11
412,3,13
412,3,16
412,3,18
412,4,7
412,4,8
412,4,9
412,4,14
412,4,15
412,4,19
412,5,8
412,5,9
412,5,11
412,5,13
412,5,16
412,5,18
412,6,16
412,7,19
412,8,9
412,8,14
412,8,16
412,8,19
412,9,14
412,9,16
412,10,12
412,10,17
412,11,13
412,11,18
412,11,19
412,12,13
412,12,17
412,13,16
412,13,18
412,14,15
413,0,4
413,0,8
413,0,14
413,0,15
413,1,3
413,1,5
413,1,6
413,1,13
413,1,16
413,2,3
413,2,4
413,2,5
413,2,8
413,2,9
413,2,11
413,2,13
413,2,16
413,2,18
413,2,19
413,3,5
413,3,9
413,3,11
413,3,13
413,3,16
413,3,18
413,4,7
413,4,8
413,4,14
413,4,15
413,4,19
413,5,8
413,5,9
413,5,11
413,5,13
413,5,16
413,5,18
413,6,16
413,7,19
413,8,9
413,8,14
413,8,16
413,8,19
413,9,14
413,9,16
413,10,12
413,10,17
413,11,13
413,11,18
413,11,19
413,12,17
413,13,16
413,13,18
413,14,15
414,0,4
414,0,8
414,0,14
414,0,15
414,1,3
414,1,5
414,1,6
414,1,16
414,2,3
414,2,4
414,2,5
414,2,8
414,2,9
414,2,11
414,2,13
414,2,16
414,2,18
414,2,19
414,3,5
414,3,9
414,3,11
414,3,13
414,3,16
414,3,18
414,4,7
414,4,8
414,4,14
414,4,15
414,4,19
414,5,8
414,5,9
414,5,11
414,5,13
414,5,16
414,5,18
414,6,16
414,7,19
414,8,9
414,8,14
414,8,16
414,9,14
414,9,16
414,10,12
414,10,17
414,11,13
414,11,18
414,11,19
414,12,17
414,13,16
414,13,18
414,14,15
414,18,19
415,0,4
415,0,8
415,0,14
415,0,15
415,1,3
415,1,5
415,1,6
415,1,9
415,1,16
415,2,3
415,2,4
415,2,5
415,2,8
415,2,9
415,2,11
415,2,13
415,2,16
415,2,18
415,2,19
415,3,5
415,3,9
415,3,11
415,3,13
415,3,16
415,3,18
415,4,7
415,4,8
415,4,14
415,4,15
415,4,19
415,5,9
415,5,11
415,5,13
415,5,16
415,5,18
415,6,16
415,7,19
415,8,9
415,8,14
415,8,16
415,9,14
415,9,16
415,10,12
415,10,17
415,11,13
415,11,18
415,11,19
415,12,17
415,13,16
415,13,18
415,14,15
415,18,19
416,0,4
416,0,8
416,0,14
416,0,15
416,1,3
416,1,5
416,1,6
416,1,9
416,1,16
416,2,3
416,2,4
416,2,5
416,2,8
416,2,9
416,2,11
416,2,13
416,2,16
416,2,18
416,2,19
416,3,5
416,3,9
416,3,11
416,3,13
416,3,16
416,3,18
416,4,7
416,4,8
416,4,14
416,4,15
416,4,19
416,5,9
416,5,11
416,5,13
416,5,16
416,5,18
416,6,16
416,7,19
416,8,9
416,8,14
416,8,16
416,9,14
416,9,16
416,10,12
416,10,17
416,11,13
416,11,18
416,11,19
416,12,17
416,13,16
416,13,18
416,14,15
416,18,19
417,0,4
417,0,8
417,0,14
417,0,15
417,1,3
417,1,5
417,1,6
417,1,9
417,1,16
417,2,3
417,2,4
417,2,5
417,2,8
417,2,9
417,2,11
417,2,13
417,2,16
417,2,18
417,2,19
417,3,5
417,3,9
417,3,11
417,3,13
417,3,16
417,3,18
417,4,7
417,4,8
417,4,14
417,4,15
417,4,19
417,5,9
417,5,11
417,5,13
417,5,16
417,5,18
417,6,16
417,7,19
417,8,9
417,8,14
417,8,16
417,9,14
417,9,16
417,10,12
417,10,17
417,11,13
417,11,18
417,11,19
417,12,17
417,13,16
417,13,18
417,14,15
417,18,19
418,0,4
418,0,8
418,0,14
418,0,15
418,1,5
418,1,6
418,1,9
418,1,16
418,2,3
418,2,4
418,2,5
418,2,8
418,2,9
418,2,11
418,2,13
418,2,16
418,2,18
418,2,19
418,3,5
418,3,9
418,3,11
418,3,13
418,3,16
418,3,18
418,4,7
418,4,8
418,4,14
418,4,15
418,4,19
418,5,9
418,5,11
418,5,13
418,5,16
418,5,18
418,6,16
418,7,19
418,8,9
418,8,14
418,8,16
418,9,14
418,9,16
418,10,12
418,10,17
418,11,13
418,11,18
418,11,19
418,12,17
418,13,16
418,13,18
418,14,15
418,18,19
419,0,4
419,0,8
419,0,14
419,0,15
419,1,5
419,1,6
419,1,9
419,1,16
419,2,3
419,2,4
419,2,5
419,2,9
419,2,11
419,2,13
419,2,16
419,2,18
419,2,19
419,3,5
419,3,9
419,3,11
419,3,13
419,3,16
419,3,18
419,4,8
419,4,14
419,4,15
419,4,19
419,5,9
419,5,11
419,5,13
419,5,16
419,5,18
419,6,16
419,7,19
419,8,9
419,8,14
419,8,16
419,9,16
419,10,12
419,10,17
419,11,13
419,11,18
419,11,19
419,12,17
419,13,16
419,13,18
419,13,19
419,14,15
419,18,19
420,0,4
420,0,8
420,0,14
420,0,15
420,1,5
420,1,6
420,1,9
420,1,16
420,2,3
420,2,4
420,2,5
420,2,9
420,2,11
420,2,13
420,2,16
420,2,18
420,2,19
420,3,5
420,3,9
420,3,11
420,3,13
420,3,16
420,3,18
420,3,19
420,4,8
420,4,14
420,4,15
420,4,19
420,5,9
420,5,11
420,5,13
420,5,16
420,5,18
420,6,16
420,7,19
420,8,9
420,8,14
420,8,16
420,9,16
420,10,12
420,10,17
420,11,13
420,11,18
420,11,19
420,12,17
420,13,16
420,13,18
420,13,19
420,14,15
420,18,19
421,0,4
421,0,8
421,0,14
421,0,15
421,1,5
421,1,6
421,1,9
421,1,16
421,2,3
421,2,5
421,2,9
421,2,11
421,2,13
421,2,16
421,2,18
421,2,19
421,3,5
421,3,9
421,3,11
421,3,13
421,3,16
421,3,18
421,3,19
421,4,8
421,4,14
421,4,15
421,4,19
421,5,9
421,5,11
421,5,13
421,5,16
421,5,18
421,6,16
421,7,19
421,8,9
421,8,14
421,8,16
421,9,16
421,10,12
421,10,17
421,11,13
421,11,18
421,11,19
421,12,17
421,13,16
421,13,18
421,13,19
421,14,15
421,18,19
422,0,4
422,0,8
422,0,14
422,0,15
422,1,5
422,1,6
422,1,9
422,1,16
422,2,3
422,2,5
422,2,9
422,2,11
422,2,13
422,2,16
422,2,18
422,2,19
422,3,5
422,3,9
422,3,11
422,3,13
422,3,16
422,3,18
422,3,19
422,4,8
422,4,14
422,4,15
422,4,19
422,5,9
422,5,11
422,5,13
422,5,16
422,5,18
422,6,16
422,7,19
422,8,9
422,8,14
422,8,16
422,9,13
422,9,16
422,10,12
422,10,17
422,11,13
422,11,18
422,11,19
422,12,17
422,13,16
422,13,18
422,13,19
422,14,15
422,18,19
423,0,4
423,0,8
423,0,14
423,0,15
423,1,5
423,1,6
423,1,9
423,1,16
423,2,3
423,2,5
423,2,9
423,2,11
423,2,13
423,2,16
423,2,18
423,2,19
423,3,5
423,3,9
423,3,11
423,3,13
423,3,16
423,3,18
423,3,19
423,4,8
423,4,14
423,4,15
423,4,19
423,5,9
423,5,11
423,5,13
423,5,16
423,5,18
423,6,16
423,7,15
423,7,19
423,8,9
423,8,14
423,9,13
423,9,16
423,10,12
423,10,17
423,11,13
423,11,18
423,11,19
423,12,17
423,13,18
423,13,19
423,14,15
423,18,19
424,0,4
424,0,8
424,0,14
424,0,15
424,1,5
424,1,6
424,1,9
424,1,16
424,2,3
424,2,5
424,2,9
424,2,11
424,2,13
424,2,16
424,2,18
424,2,19
424,3,5
424,3,9
424,3,11
424,3,13
424,3,16
424,3,18
424,3,19
424,4,8
424,4,14
424,4,15
424,4,19
424,5,9
424,5,11
424,5,13
424,5,16
424,5,17
424,5,18
424,6,16
424,7,15
424,8,9
424,8,14
424,9,13
424,9,16
424,10,12
424,10,17
424,11,13
424,11,18
424,11,19
424,12,17
424,13,18
424,13,19
424,14,15
424,18,19
425,0,4
425,0,8
425,0,14
425,0,15
425,1,5
425,1,6
425,1,9
425,1,16
425,2,3
425,2,5
425,2,9
425,2,11
425,2,13
425,2,16
425,2,18
425,2,19
425,3,5
425,3,11
425,3,13
425,3,17
425,3,18
425,3,19
425,4,8
425,4,14
425,4,15
425,4,19
425,5,9
425,5,11
425,5,13
425,5,16
425,5,17
425,5,18
425,6,9
425,6,16
425,7,15
425,8,9
425,8,14
425,9,13
425,9,16
425,10,12
425,10,17
425,11,13
425,11,18
425,11,19
425,12,17
425,13,18
425,13,19
425,14,15
425,18,19
426,0,4
426,0,8
426,0,14
426,0,15
426,1,5
426,1,6
426,1,9
426,1,16
426,2,3
426,2,5
426,2,9
426,2,11
426,2,13
426,2,16
426,2,18
426,2,19
426,3,5
426,3,11
426,3,13
426,3,17
426,3,18
426,3,19
426,4,8
426,4,14
426,4,15
426,4,19
426,5,9
426,5,11
426,5,13
426,5,16
426,5,17
426,5,18
426,6,9
426,6,16
426,7,15
426,8,9
426,8,14
426,9,13
426,9,16
426,10,12
426,10,17
426,11,13
426,11,18
426,11,19
426,12,17
426,13,18
426,13,19
426,14,15
426,18,19
427,0,4
427,0,8
427,0,14
427,1,5
427,1,6
427,1,9
427,1,16
427,2,3
427,2,5
427,2,9
427,2,11
427,2,13
427,2,16
427,2,18
427,2,19
427,3,5
427,3,11
427,3,13
427,3,17
427,3,18
427,3,19
427,4,8
427,4,14
427,4,15
427,4,19
427,5,9
427,5,11
427,5,13
427,5,16
427,5,17
427,5,18
427,6,9
427,6,16
427,7,15
427,8,9
427,8,14
427,9,13
427,9,16
427,10,12
427,10,17
427,11,13
427,11,18
427,11,19
427,12,17
427,13,18
427,13,19
427,14,15
427,18,19
428,0,4
428,0,8
428,0,14
428,1,5
428,1,6
428,1,9
428,1,16
428,2,3
428,2,5
428,2,9
428,2,11
428,2,13
428,2,16
428,2,18
428,2,19
428,3,5
428,3,11
428,3,13
428,3,17
428,3,18
428,3,19
428,4,8
428,4,14
428,4,15
428,4,19
428,5,9
428,5,11
428,5,13
428,5,16
428,5,17
428,5,18
428,6,9
428,6,16
428,7,15
428,8,14
428,9,13
428,9,16
428,10,12
428,11,13
428,11,18
428,11,19
428,12,17
428,13,18
428,13,19
428,14,15
428,18,19
429,0,4
429,0,8
429,0,14
429,1,5
429,1,6
429,1,9
429,1,16
429,2,3
429,2,5
429,2,9
429,2,11
429,2,13
429,2,18
429,2,19
429,3,5
429,3,11
429,3,13
429,3,17
429,3,18
429,3,19
429,4,8
429,4,14
429,4,15
429,4,19
429,5,9
429,5,11
429,5,13
429,5,16
429,5,17
429,5,18
429,6,9
429,6,16
429,7,15
429,8,14
429,9,16
429,10,12
429,11,13
429,11,18
429,11,19
429,12,17
429,13,18
429,13,19
429,14,15
429,18,19
430,0,4
430,0,8
430,0,14
430,1,5
430,1,6
430,1,9
430,1,16
430,2,3
430,2,5
430,2,9
430,2,11
430,2,13
430,2,18
430,2,19
430,3,5
430,3,11
430,3,13
430,3,17
430,3,18
430,3,19
430,4,8
430,4,14
430,4,15
430,4,19
430,5,9
430,5,11
430,5,13
430,5,16
430,5,17
430,5,18
430,6,9
430,6,16
430,7,15
430,8,14
430,9,16
430,10,12
430,11,13
430,11,18
430,11,19
430,12,17
430,13,18
430,13,19
430,18,19
431,0,4
431,0,8
431,0,14
431,1,5
431,1,6
431,1,9
431,1,16
431,2,3
431,2,5
431,2,9
431,2,11
431,2,13
431,2,18
431,2,19
431,3,5
431,3,11
431,3,13
431,3,17
431,3,18
431,3,19
431,4,8
431,4,14
431,4,15
431,4,19
431,5,9
431,5,13
431,5,16
431,5,17
431,5,18
431,6,9
431,6,16
431,7,15
431,8,14
431,9,16
431,10,12
431,11,13
431,11,18
431,11,19
431,12,17
431,13,18
431,13,19
431,18,19
432,0,4
432,0,8
432,0,14
432,1,5
432,1,6
432,1,9
432,1,16
432,2,3
432,2,5
432,2,9
432,2,11
432,2,13
432,2,18
432,2,19
432,3,5
432,3,11
432,3,13
432,3,17
432,3,18
432,3,19
432,4,8
432,4,14
432,4,15
432,4,19
432,5,9
432,5,13
432,5,16
432,5,17
432,5,18
432,6,9
432,6,16
432,7,15
432,8,14
432,9,16
432,10,12
432,11,13
432,11,18
432,11,19
432,13,18
432,13,19
432,18,19
433,0,4
433,0,8
433,0,14
433,1,5
433,1,6
433,1,9
433,1,16
433,1,17
433,2,3
433,2,5
433,2,9
433,2,11
433,2,13
433,2,18
433,2,19
433,3,5
433,3,11
433,3,13
433,3,17
433,3,18
433,3,19
433,4,8
433,4,14
433,4,15
433,4,19
433,5,9
433,5,13
433,5,16
433,5,17
433,5,18
433,6,9
433,6,16
433,7,15
433,8,14
433,9,16
433,10,12
433,11,13
433,11,18
433,11,19
433,13,18
433,13,19
433,18,19
434,0,4
434,0,8
434,0,14
434,1,5
434,1,6
434,1,9
434,1,16
434,1,17
434,2,3
434,2,5
434,2,9
434,2,11
434,2,13
434,2,18
434,2,19
434,3,5
434,3,11
434,3,13
434,3,17
434,3,18
434,3,19
434,4,8
434,4,14
434,4,15
434,4,19
434,5,9
434,5,13
434,5,16
434,5,17
434,5,18
434,6,9
434,6,16
434,7,15
434,8,14
434,9,16
434,10,12
434,11,13
434,11,18
434,11,19
434,13,18
434,13,19
434,18,19
435,0,4
435,0,8
435,0,14
435,1,5
435,1,6
435,1,9
435,1,16
435,1,17
435,2,3
435,2,5
435,2,11
435,2,13
435,2,18
435,2,19
435,3,5
435,3,11
435,3,13
435,3,17
435,3,18
435,3,19
435,4,8
435,4,14
435,4,15
435,5,9
435,5,13
435,5,17
435,5,18
435,6,9
435,6,16
435,6,17
435,7,15
435,8,14
435,9,16
435,10,12
435,11,13
435,11,18
435,11,19
435,13,18
435,13,19
435,18,19
436,0,4
436,0,8
436,0,14
436,1,5
436,1,6
436,1,9
436,1,16
436,1,17
436,2,3
436,2,5
436,2,11
436,2,13
436,2,18
436,2,19
436,3,5
436,3,11
436,3,13
436,3,17
436,3,18
436,3,19
436,4,8
436,4,14
436,4,15
436,5,9
436,5,13
436,5,17
436,5,18
436,6,9
436,6,16
436,6,17
436,7,15
436,8,14
436,9,16
436,10,12
436,11,13
436,11,18
436,11,19
436,13,18
436,13,19
436,18,19
437,0,4
437,0,8
437,0,14
437,1,5
437,1,6
437,1,9
437,1,16
437,1,17
437,2,3
437,2,5
437,2,11
437,2,13
437,2,18
437,2,19
437,3,5
437,3,11
437,3,13
437,3,17
437,3,18
437,3,19
437,4,8
437,4,14
437,4,15
437,5,9
437,5,13
437,5,17
437,5,18
437,6,9
437,6,16
437,6,17
437,7,15
437,8,14
437,9,16
437,10,12
437,11,13
437,11,18
437,11,19
437,13,18
437,13,19
437,18,19
438,0,4
438,0,8
438,0,14
438,1,6
438,1,9
438,1,16
438,1,17
438,2,3
438,2,5
438,2,11
438,2,13
438,2,18
438,2,19
438,3,5
438,3,11
438,3,13
438,3,17
438,3,18
438,3,19
438,4,8
438,4,14
438,4,15
438,5,9
438,5,13
438,5,17
438,5,18
438,6,9
438,6,16
438,6,17
438,7,15
438,8,14
438,9,16
438,10,12
438,11,13
438,11,18
438,11,19
438,13,18
438,13,19
438,18,19
439,0,4
439,0,8
439,0,14
439,1,6
439,1,9
439,1,16
439,1,17
439,2,3
439,2,5
439,2,11
439,2,13
439,2,18
439,2,19
439,3,5
439,3,11
439,3,13
439,3,17
439,3,18
439,3,19
439,4,8
439,4,14
439,4,15
439,5,9
439,5,13
439,5,17
439,5,18
439,5,19
439,6,9
439,6,16
439,6,17
439,7,15
439,8,14
439,9,16
439,10,12
439,11,13
439,11,18
439,11,19
439,13,18
439,13,19
439,18,19
440,0,4
440,0,8
440,0,14
440,1,6
440,1,9
440,1,16
440,1,17
440,2,3
440,2,5
440,2,11
440,2,13
440,2,18
440,2,19
440,3,5
440,3,11
440,3,13
440,3,17
440,3,18
440,3,19
440,4,8
440,4,14
440,4,15
440,5,6
440,5,9
440,5,13
440,5,17
440,5,18
440,5,19
440,6,9
440,6,16
440,6,17
440,7,15
440,8,14
440,9,16
440,9,17
440,10,12
440,11,13
440,11,18
440,11,19
440,13,18
440,13,19
440,18,19
441,0,4
441,0,8
441,0,14
441,1,6
441,1,9
441,1,16
441,1,17
441,2,3
441,2,5
441,2,11
441,2,13
441,2,18
441,2,19
441,3,5
441,3,11
441,3,13
441,3,17
441,3,18
441,3,19
441,4,8
441,4,14
441,5,6
441,5,9
441,5,13
441,5,17
441,5,18
441,5,19
441,6,9
441,6,16
441,6,17
441,7,15
441,8,14
441,9,16
441,9,17
441,10,12
441,11,13
441,11,18
441,11,19
441,13,18
441,13,19
441,18,19
442,0,4
442,0,8
442,0,14
442,1,6
442,1,9
442,1,16
442,1,17
442,2,3
442,2,5
442,2,11
442,2,13
442,2,18
442,2,19
442,3,5
442,3,11
442,3,13
442,3,17
442,3,18
442,3,19
442,4,8
442,4,14
442,5,6
442,5,9
442,5,13
442,5,17
442,5,18
442,5,19
442,6,9
442,6,16
442,6,17
442,7,15
442,8,14
442,9,16
442,9,17
442,10,12
442,11,13
442,11,18
442,11,19
442,13,18
442,13,19
442,18,19
443,0,4
443,0,8
443,0,14
443,1,6
443,1,9
443,1,16
443,1,17
443,2,3
443,2,5
443,2,11
443,2,13
443,2,18
443,2,19
443,3,5
443,3,11
443,3,13
443,3,17
443,3,18
443,3,19
443,4,8
443,4,14
443,5,6
443,5,9
443,5,13
443,5,17
443,5,18
443,5,19
443,6,9
443,6,16
443,6,17
443,7,15
443,8,14
443,9,16
443,9,17
443,10,12
443,11,13
443,11,18
443,11,19
443,13,18
443,13,19
443,18,19
444,0,4
444,0,8
444,0,14
444,1,6
444,1,9
444,1,16
444,1,17
444,2,3
444,2,5
444,2,11
444,2,13
444,2,18
444,2,19
444,3,5
444,3,11
444,3,13
444,3,17
444,3,18
444,3,19
444,4,8
444,4,14
444,5,6
444,5,9
444,5,13
444,5,17
444,5,18
444,5,19
444,6,9
444,6,16
444,6,17
444,7,15
444,8,14
444,9,16
444,9,17
444,10,12
444,11,13
444,11,18
444,11,19
444,13,18
444,13,19
444,18,19
445,0,4
445,0,8
445,0,14
445,1,6
445,1,9
445,1,16
445,1,17
445,2,3
445,2,5
445,2,11
445,2,13
445,2,18
445,2,19
445,3,5
445,3,11
445,3,13
445,3,17
445,3,18
445,3,19
445,4,8
445,4,14
445,5,6
445,5,9
445,5,13
445,5,17
445,5,18
445,5,19
445,6,9
445,6,16
445,6,17
445,7,15
445,8,14
445,9,16
445,9,17
445,10,12
445,11,13
445,11,18
445,11,19
445,13,18
445,13,19
445,18,19
446,0,4
446,0,8
446,0,14
446,0,16
446,1,6
446,1,9
446,1,16
446,1,17
446,2,3
446,2,5
446,2,11
446,2,13
446,2,18
446,2,19
446,3,5
446,3,11
446,3,13
446,3,17
446,3,18
446,3,19
446,4,8
446,4,14
446,5,6
446,5,9
446,5,17
446,5,18
446,5,19
446,6,9
446,6,16
446,6,17
446,7,15
446,8,14
446,9,16
446,9,17
446,10,12
446,11,13
446,11,18
446,11,19
446,13,18
446,13,19
446,18,19
447,0,4
447,0,8
447,0,14
447,0,16
447,1,6
447,1,9
447,1,16
447,1,17
447,2,3
447,2,5
447,2,11
447,2,13
447,2,18
447,2,19
447,3,5
447,3,11
447,3,13
447,3,17
447,3,18
447,3,19
447,4,8
447,4,14
447,5,6
447,5,9
447,5,17
447,5,18
447,5,19
447,6,9
447,6,16
447,6,17
447,7,15
447,8,14
447,9,16
447,9,17
447,10,12
447,11,13
447,11,18
447,11,19
447,13,18
447,13,19
447,14,18
447,18,19
448,0,4
448,0,8
448,0,14
448,0,16
448,1,6
448,1,9
448,1,16
448,1,17
448,2,3
448,2,5
448,2,11
448,2,13
448,2,18
448,2,19
448,3,5
448,3,11
448,3,13
448,3,17
448,3,18
448,3,19
448,4,7
448,4,8
448,4,14
448,5,6
448,5,9
448,5,12
448,5,17
448,5,18
448,5,19
448,6,9
448,6,16
448,6,17
448,7,15
448,8,14
448,9,16
448,9,17
448,10,12
448,11,13
448,11,18
448,11,19
448,13,18
448,13,19
448,14,18
448,18,19
449,0,4
449,0,8
449,0,14
449,0,16
449,1,6
449,1,9
449,1,16
449,1,17
449,2,3
449,2,5
449,2,11
449,2,13
449,2,18
449,2,19
449,3,5
449,3,11
449,3,13
449,3,17
449,3,18
449,3,19
449,4,7
449,4,8
449,4,14
449,5,6
449,5,9
449,5,12
449,5,17
449,5,19
449,6,9
449,6,16
449,6,17
449,7,15
449,8,14
449,9,16
449,9,17
449,10,12
449,11,13
449,11,18
449,11,19
449,13,18
449,13,19
449,14,18
449,18,19
450,0,4
450,0,8
450,0,14
450,0,16
450,1,6
450,1,9
450,1,16
450,1,17
450,2,3
450,2,5
450,2,11
450,2,13
450,2,18
450,2,19
450,3,5
450,3,11
450,3,13
450,3,17
450,3,18
450,3,19
450,4,7
450,4,8
450,4,14
450,5,6
450,5,9
450,5,12
450,5,17
450,5,19
450,6,9
450,6,16
450,6,17
450,7,15
450,8,14
450,8,18
450,9,16
450,9,17
450,10,12
450,11,13
450,11,18
450,11,19
450,13,18
450,13,19
450,14,18
450,18,19
451,0,4
451,0,8
451,0,14
451,0,16
451,0,18
451,1,6
451,1,9
451,1,16
451,1,17
451,2,3
451,2,5
451,2,11
451,2,13
451,2,18
451,2,19
451,3,5
451,3,11
451,3,13
451,3,17
451,3,18
451,3,19
451,4,7
451,4,8
451,4,14
451,5,6
451,5,9
451,5,12
451,5,17
451,5,19
451,6,9
451,6,16
451,6,17
451,7,15
451,8,14
451,8,18
451,9,16
451,9,17
451,10,12
451,11,13
451,11,18
451,11,19
451,13,18
451,13,19
451,14,18
451,18,19
452,0,4
452,0,8
452,0,14
452,0,16
452,0,18
452,1,6
452,1,9
452,1,16
452,1,17
452,2,3
452,2,5
452,2,11
452,2,13
452,2,18
452,2,19
452,3,5
452,3,11
452,3,12
452,3,13
452,3,17
452,3,18
452,3,19
452,4,7
452,4,8
452,4,14
452,5,6
452,5,9
452,5,12
452,5,17
452,5,19
452,6,9
452,6,16
452,6,17
452,7,8
452,7,15
452,8,14
452,8,18
452,9,16
452,9,17
452,10,12
452,11,13
452,11,18
452,11,19
452,13,18
452,13,19
452,14,18
452,18,19
453,0,4
453,0,8
453,0,14
453,0,16
453,0,18
453,1,6
453,1,9
453,1,16
453,1,17
453,2,3
453,2,5
453,2,11
453,2,13
453,2,18
453,2,19
453,3,5
453,3,11
453,3,12
453,3,13
453,3,17
453,3,18
453,3,19
453,4,7
453,4,8
453,4,14
453,5,6
453,5,9
453,5,12
453,5,17
453,5,19
453,6,9
453,6,16
453,6,17
453,7,8
453,7,15
453,8,13
453,8,14
453,8,18
453,9,16
453,9,17
453,10,12
453,11,13
453,11,19
453,13,14
453,13,18
453,13,19
453,14,18
453,16,17
453,18,19
454,0,4
454,0,8
454,0,14
454,0,16
454,0,18
454,1,6
454,1,9
454,1,16
454,1,17
454,2,3
454,2,11
454,2,13
454,2,18
454,2,19
454,3,5
454,3,11
454,3,12
454,3,13
454,3,17
454,3,18
454,3,19
454,4,7
454,4,8
454,4,14
454,5,6
454,5,12
454,5,17
454,5,19
454,6,9
454,6,16
454,6,17
454,7,8
454,7,15
454,8,13
454,8,14
454,8,18
454,9,16
454,9,17
454,10,12
454,11,13
454,11,19
454,13,14
454,13,18
454,13,19
454,14,18
454,16,17
454,18,19
455,0,4
455,0,8
455,0,14
455,0,16
455,0,18
455,1,6
455,1,9
455,1,16
455,1,17
455,2,3
455,2,11
455,2,13
455,2,18
455,2,19
455,3,5
455,3,12
455,3,13
455,3,17
455,3,18
455,3,19
455,4,7
455,4,8
455,4,14
455,5,6
455,5,12
455,5,17
455,5,19
455,6,9
455,6,16
455,6,17
455,7,8
455,7,15
455,8,13
455,8,14
455,8,18
455,9,16
455,9,17
455,10,12
455,11,13
455,11,19
455,13,14
455,13,18
455,13,19
455,14,18
455,16,17
455,18,19
456,0,4
456,0,8
456,0,14
456,0,16
456,0,18
456,1,6
456,1,9
456,1,16
456,1,17
456,2,3
456,2,11
456,2,13
456,2,18
456,2,19
456,3,5
456,3,12
456,3,13
456,3,17
456,3,19
456,4,7
456,4,8
456,4,14
456,5,6
456,5,12
456,5,17
456,5,19
456,6,9
456,6,16
456,6,17
456,7,8
456,7,15
456,8,13
456,8,14
456,8,18
456,9,16
456,9,17
456,10,12
456,11,13
456,11,15
456,11,19
456,13,14
456,13,15
456,13,18
456,13,19
456,14,18
456,16,17
456,18,19
457,0,4
457,0,8
457,0,14
457,0,16
457,0,18
457,1,6
457,1,9
457,1,16
457,1,17
457,2,3
457,2,11
457,2,13
457,2,18
457,2,19
457,3,5
457,3,12
457,3,13
457,3,17
457,3,19
457,4,7
457,4,8
457,4,14
457,5,6
457,5,12
457,5,17
457,5,19
457,6,9
457,6,16
457,6,17
457,7,8
457,7,15
457,8,13
457,8,14
457,8,18
457,9,16
457,9,17
457,10,12
457,11,13
457,11,15
457,11,19
457,13,14
457,13,15
457,13,18
457,13,19
457,14,18
457,16,17
457,18,19
458,0,4
458,0,8
458,0,14
458,0,16
458,0,18
458,1,6
458,1,9
458,1,16
458,1,17
458,2,3
458,2,11
458,2,13
458,2,18
458,2,19
458,3,5
458,3,12
458,3,17
458,3,19
458,4,7
458,4,8
458,4,14
458,5,6
458,5,12
458,5,17
458,5,19
458,6,9
458,6,16
458,6,17
458,7,8
458,7,15
458,8,13
458,8,14
458,8,18
458,9,16
458,9,17
458,10,12
458,11,13
458,11,15
458,11,19
458,13,14
458,13,15
458,13,18
458,13,19
458,14,18
458,16,17
458,18,19
459,0,4
459,0,8
459,0,14
459,0,16
459,0,18
459,1,6
459,1,9
459,1,16
459,1,17
459,2,3
459,2,8
459,2,11
459,2,13
459,2,18
459,2,19
459,3,5
459,3,12
459,3,19
459,4,7
459,4,8
459,4,14
459,5,6
459,5,12
459,5,17
459,5,19
459,6,9
459,6,16
459,6,17
459,7,8
459,7,15
459,8,13
459,8,14
459,8,18
459,9,16
459,9,17
459,10,12
459,11,13
459,11,15
459,11,19
459,13,14
459,13,15
459,13,18
459,13,19
459,14,18
459,16,17
459,18,19
460,0,4
460,0,8
460,0,14
460,0,16
460,0,18
460,1,6
460,1,9
460,1,16
460,1,17
460,2,3
460,2,8
460,2,11
460,2,13
460,2,18
460,2,19
460,3,5
460,3,12
460,3,19
460,4,7
460,4,8
460,4,14
460,4,18
460,5,6
460,5,12
460,5,17
460,5,19
460,6,9
460,6,16
460,6,17
460,7,8
460,7,15
460,8,13
460,8,14
460,8,18
460,9,16
460,9,17
460,11,13
460,11,15
460,11,19
460,13,14
460,13,15
460,13,18
460,13,19
460,14,18
460,16,17
460,17,18
460,18,19
461,0,4
461,0,8
461,0,14
461,0,16
461,0,18
461,1,6
461,1,9
461,1,16
461,1,17
461,2,3
461,2,8
461,2,11
461,2,13
461,2,18
461,2,19
461,3,5
461,3,12
461,3,19
461,4,7
461,4,8
461,4,14
461,4,18
461,5,6
461,5,12
461,5,17
461,5,19
461,6,9
461,6,16
461,6,17
461,7,8
461,7,15
461,8,13
461,8,14
461,8,15
461,8,18
461,9,16
461,9,17
461,11,13
461,11,15
461,11,19
461,13,14
461,13,15
461,13,18
461,13,19
461,14,18
461,16,17
461,17,18
461,18,19
462,0,4
462,0,8
462,0,14
462,0,16
462,0,18
462,1,6
462,1,9
462,1,16
462,1,17
462,2,3
462,2,8
462,2,11
462,2,13
462,2,18
462,2,19
462,3,5
462,3,12
462,3,19
462,4,7
462,4,8
462,4,14
462,4,18
462,5,6
462,5,12
462,5,17
462,5,19
462,6,9
462,6,16
462,6,17
462,7,8
462,7,15
462,8,13
462,8,14
462,8,15
462,8,18
462,9,16
462,9,17
462,11,13
462,11,15
462,11,19
462,13,14
462,13,15
462,13,18
462,13,19
462,14,18
462,16,17
462,17,18
462,18,19
463,0,4
463,0,6
463,0,8
463,0,14
463,0,16
463,0,17
463,0,18
463,1,6
463,1,9
463,1,16
463,1,17
463,2,3
463,2,8
463,2,11
463,2,13
463,2,18
463,2,19
463,3,5
463,3,12
463,3,19
463,4,7
463,4,8
463,4,14
463,4,18
463,5,6
463,5,12
463,5,17
463,5,19
463,6,9
463,6,16
463,6,17
463,7,8
463,7,14
463,7,15
463,8,13
463,8,14
463,8,15
463,8,18
463,9,16
463,9,17
463,11,13
463,11,15
463,11,19
463,13,14
463,13,15
463,13,18
463,13,19
463,14,18
463,16,17
463,17,18
463,18,19
464,0,4
464,0,6
464,0,8
464,0,14
464,0,16
464,0,17
464,0,18
464,1,6
464,1,9
464,1,16
464,1,17
464,2,3
464,2,8
464,2,11
464,2,13
464,2,18
464,2,19
464,3,5
464,3,12
464,3,19
464,4,7
464,4,8
464,4,14
464,4,18
464,5,6
464,5,12
464,5,17
464,5,19
464,6,9
464,6,16
464,6,17
464,7,8
464,7,14
464,7,15
464,8,13
464,8,14
464,8,15
464,8,18
464,9,16
464,9,17
464,11,13
464,11,15
464,11,19
464,13,14
464,13,15
464,13,18
464,13,19
464,14,18
464,16,17
464,17,18
464,18,19
465,0,4
465,0,6
465,0,8
465,0,14
465,0,16
465,0,17
465,0,18
465,1,6
465,1,9
465,1,16
465,1,17
465,2,3
465,2,8
465,2,11
465,2,13
465,2,18
465,2,19
465,3,5
465,3,12
465,3,19
465,4,7
465,4,8
465,4,14
465,4,18
465,5,6
465,5,12
465,5,17
465,5,19
465,6,9
465,6,16
465,6,17
465,7,8
465,7,14
465,7,15
465,8,13
465,8,14
465,8,15
465,8,18
465,9,16
465,9,17
465,11,13
465,11,15
465,11,19
465,13,14
465,13,15
465,13,18
465,13,19
465,14,18
465,16,17
465,17,18
465,18,19
466,0,4
466,0,6
466,0,14
466,0,16
466,0,17
466,0,18
466,1,6
466,1,9
466,1,16
466,1,17
466,2,3
466,2,8
466,2,11
466,2,13
466,2,18
466,2,19
466,3,5
466,3,12
466,3,19
466,4,7
466,4,8
466,4,14
466,4,18
466,5,6
466,5,12
466,5,17
466,5,19
466,6,9
466,6,16
466,6,17
466,7,8
466,7,13
466,7,14
466,7,15
466,8,13
466,8,14
466,8,15
466,8,18
466,9,16
466,9,17
466,11,13
466,11,15
466,11,19
466,12,19
466,13,14
466,13,15
466,13,18
466,13,19
466,14,18
466,16,17
466,17,18
467,0,6
467,0,14
467,0,16
467,0,17
467,0,18
467,1,6
467,1,9
467,1,16
467,1,17
467,2,3
467,2,8
467,2,11
467,2,13
467,2,15
467,2,18
467,2,19
467,3,5
467,3,12
467,3,19
467,4,7
467,4,8
467,4,14
467,4,18
467,5,6
467,5,12
467,5,17
467,5,19
467,6,9
467,6,16
467,6,17
467,7,8
467,7,13
467,7,14
467,7,15
467,8,13
467,8,14
467,8,15
467,8,18
467,9,16
467,9,17
467,11,13
467,11,15
467,11,19
467,12,19
467,13,14
467,13,15
467,13,18
467,13,19
467,14,18
467,16,17
467,17,18
468,0,6
468,0,14
468,0,16
468,0,17
468,0,18
468,1,6
468,1,9
468,1,16
468,1,17
468,2,3
468,2,8
468,2,11
468,2,13
468,2,15
468,2,18
468,2,19
468,3,5
468,3,12
468,3,19
468,4,7
468,4,8
468,4,14
468,4,18
468,5,6
468,5,12
468,5,17
468,5,19
468,6,9
468,6,16
468,6,17
468,7,8
468,7,13
468,7,14
468,8,13
468,8,14
468,8,15
468,8,18
468,9,17
468,11,13
468,11,15
468,11,19
468,12,19
468,13,14
468,13,15
468,13,18
468,13,19
468,14,18
468,16,17
468,17,18
469,0,6
469,0,14
469,0,16
469,0,17
469,0,18
469,1,6
469,1,9
469,1,16
469,1,17
469,2,3
469,2,8
469,2,11
469,2,13
469,2,15
469,2,18
469,2,19
469,3,5
469,3,12
469,3,19
469,4,7
469,4,8
469,4,14
469,4,18
469,5,6
469,5,12
469,5,17
469,5,19
469,6,9
469,6,16
469,6,17
469,7,8
469,7,13
469,7,14
469,8,13
469,8,14
469,8,15
469,8,18
469,9,17
469,11,13
469,11,15
469,12,19
469,13,14
469,13,15
469,13,18
469,13,19
469,14,18
469,16,17
469,17,18
470,0,6
470,0,14
470,0,16
470,0,17
470,0,18
470,1,6
470,1,9
470,1,16
470,1,17
470,2,3
470,2,8
470,2,11
470,2,13
470,2,14
470,2,15
470,2,18
470,2,19
470,3,5
470,3,12
470,3,19
470,4,7
470,4,14
470,4,18
470,5,6
470,5,12
470,5,17
470,5,19
470,6,9
470,6,12
470,6,16
470,6,17
470,7,8
470,7,13
470,7,14
470,8,13
470,8,14
470,8,15
470,8,18
470,9,17
470,11,13
470,11,15
470,12,17
470,12,19
470,13,14
470,13,15
470,13,18
470,14,18
470,16,17
470,17,18
471,0,6
471,0,14
471,0,16
471,0,17
471,0,18
471,1,6
471,1,9
471,1,16
471,1,17
471,2,3
471,2,8
471,2,11
471,2,13
471,2,14
471,2,15
471,2,18
471,2,19
471,3,5
471,3,12
471,3,19
471,4,7
471,4,14
471,4,18
471,5,6
471,5,12
471,5,19
471,6,9
471,6,12
471,6,16
471,6,17
471,7,8
471,7,13
471,7,14
471,8,13
471,8,14
471,8,15
471,8,18
471,9,17
471,11,13
471,11,15
471,12,17
471,12,19
471,13,14
471,13,15
471,13,18
471,14,18
471,16,17
471,17,18
472,0,6
472,0,14
472,0,16
472,0,17
472,0,18
472,1,6
472,1,9
472,1,16
472,1,17
472,2,3
472,2,8
472,2,11
472,2,13
472,2,14
472,2,15
472,2,18
472,2,19
472,3,5
472,3,12
472,3,19
472,4,7
472,4,14
472,4,18
472,5,6
472,5,12
472,5,19
472,6,9
472,6,12
472,6,16
472,6,17
472,7,8
472,7,13
472,7,14
472,8,13
472,8,14
472,8,15
472,8,18
472,9,17
472,11,13
472,11,15
472,12,17
472,12,19
472,13,14
472,13,15
472,13,18
472,14,18
472,16,17
472,17,18
473,0,6
473,0,14
473,0,16
473,0,17
473,0,18
473,1,6
473,1,9
473,1,16
473,1,17
473,2,3
473,2,8
473,2,11
473,2,13
473,2,14
473,2,15
473,2,18
473,2,19
473,3,5
473,3,12
473,3,19
473,4,7
473,4,14
473,4,18
473,5,12
473,5,19
473,6,9
473,6,12
473,6,16
473,6,17
473,7,8
473,7,13
473,7,14
473,8,13
473,8,14
473,8,15
473,8,18
473,9,17
473,11,13
473,11,15
473,12,17
473,12,19
473,13,14
473,13,15
473,13,18
473,14,18
473,16,17
473,16,18
473,17,18
474,0,1
474,0,6
474,0,14
474,0,16
474,0,17
474,0,18
474,1,6
474,1,9
474,1,16
474,1,17
474,2,3
474,2,8
474,2,11
474,2,13
474,2,14
474,2,15
474,2,18
474,2,19
474,3,5
474,3,12
474,3,19
474,4,7
474,4,14
474,4,18
474,5,12
474,5,19
474,6,9
474,6,12
474,6,16
474,6,17
474,7,8
474,7,13
474,7,14
474,8,11
474,8,13
474,8,14
474,8,15
474,8,18
474,11,13
474,11,15
474,12,17
474,12,19
474,13,14
474,13,15
474,13,18
474,14,18
474,16,17
474,16,18
474,17,18
475,0,1
475,0,6
475,0,14
475,0,16
475,0,17
475,0,18
475,1,6
475,1,9
475,1,16
475,1,17
475,2,3
475,2,8
475,2,11
475,2,13
475,2,14
475,2,15
475,2,18
475,2,19
475,3,5
475,3,12
475,3,19
475,4,7
475,4,14
475,4,18
475,5,12
475,5,19
475,6,9
475,6,12
475,6,16
475,6,17
475,7,8
475,7,13
475,7,14
475,8,11
475,8,13
475,8,14
475,8,15
475,8,18
475,11,13
475,11,15
475,12,17
475,12,19
475,13,14
475,13,15
475,13,18
475,14,18
475,16,17
475,16,18
475,17,18
476,0,1
476,0,6
476,0,14
476,0,16
476,0,17
476,0,18
476,1,6
476,1,9
476,1,16
476,1,17
476,2,3
476,2,8
476,2,11
476,2,13
476,2,14
476,2,15
476,2,18
476,2,19
476,3,5
476,3,12
476,3,19
476,4,7
476,4,14
476,4,18
476,5,12
476,5,19
476,6,9
476,6,12
476,6,16
476,6,17
476,7,8
476,7,13
476,7,14
476,8,11
476,8,13
476,8,14
476,8,15
476,8,18
476,11,13
476,11,15
476,12,17
476,12,19
476,13,14
476,13,15
476,14,17
476,14,18
476,16,17
476,16,18
476,17,18
477,0,1
477,0,6
477,0,14
477,0,16
477,0,17
477,0,18
477,1,6
477,1,9
477,1,16
477,1,17
477,2,3
477,2,8
477,2,11
477,2,13
477,2,14
477,2,15
477,2,19
477,3,5
477,3,12
477,3,19
477,4,7
477,4,14
477,4,18
477,5,10
477,5,12
477,5,19
477,6,9
477,6,12
477,6,16
477,6,17
477,7,8
477,7,13
477,7,14
477,8,11
477,8,13
477,8,14
477,8,15
477,8,18
477,11,13
477,11,15
477,12,17
477,12,19
477,13,14
477,13,15
477,14,17
477,14,18
477,16,17
477,16,18
477,17,18
478,0,1
478,0,6
478,0,14
478,0,16
478,0,17
478,0,18
478,1,6
478,1,9
478,1,16
478,1,17
478,2,3
478,2,8
478,2,11
478,2,13
478,2,14
478,2,15
478,2,19
478,3,5
478,3,12
478,3,19
478,4,7
478,4,14
478,4,18
478,5,10
478,5,12
478,5,19
478,6,9
478,6,12
478,6,16
478,6,17
478,7,13
478,7,14
478,8,11
478,8,13
478,8,14
478,8,15
478,8,18
478,11,13
478,11,15
478,12,17
478,12,19
478,13,14
478,13,15
478,14,17
478,14,18
478,16,17
478,16,18
478,17,18
479,0,1
479,0,6
479,0,14
479,0,16
479,0,17
479,0,18
479,1,6
479,1,9
479,1,16
479,1,17
479,2,3
479,2,8
479,2,11
479,2,13
479,2,14
479,2,15
479,2,19
479,3,5
479,3,12
479,3,19
479,4,7
479,4,14
479,4,18
479,5,10
479,5,12
479,5,19
479,6,9
479,6,12
479,6,16
479,6,17
479,7,13
479,7,14
479,8,11
479,8,13
479,8,14
479,8,15
479,8,18
479,11,13
479,11,15
479,12,17
479,12,19
479,13,14
479,13,15
479,14,17
479,14,18
479,16,17
479,16,18
479,17,18
480,0,1
480,0,6
480,0,14
480,0,16
480,0,17
480,0,18
480,1,6
480,1,9
480,1,16
480,1,17
480,2,3
480,2,8
480,2,11
480,2,13
480,2,14
480,2,15
480,2,19
480,3,5
480,3,12
480,3,19
480,4,7
480,4,14
480,4,18
480,5,10
480,5,12
480,5,19
480,6,9
480,6,12
480,6,16
480,6,17
480,7,13
480,7,14
480,8,11
480,8,13
480,8,14
480,8,15
480,9,12
480,11,13
480,11,15
480,12,17
480,12,19
480,13,14
480,13,15
480,14,17
480,14,18
480,16,17
480,16,18
480,17,18
481,0,1
481,0,6
481,0,14
481,0,16
481,0,17
481,0,18
481,1,6
481,1,9
481,1,16
481,1,17
481,2,3
481,2,8
481,2,11
481,2,13
481,2,14
481,2,15
481,2,19
481,3,5
481,3,12
481,3,19
481,4,7
481,4,14
481,4,18
481,5,10
481,5,12
481,5,19
481,6,9
481,6,12
481,6,16
481,6,17
481,7,13
481,7,14
481,8,11
481,8,13
481,8,14
481,8,15
481,9,12
481,11,13
481,11,15
481,12,17
481,12,19
481,13,14
481,13,15
481,14,17
481,14,18
481,16,17
481,16,18
481,17,18
482,0,1
482,0,6
482,0,14
482,0,16
482,0,17
482,0,18
482,1,6
482,1,9
482,1,16
482,1,17
482,2,3
482,2,8
482,2,11
482,2,13
482,2,14
482,2,15
482,2,19
482,3,5
482,3,12
482,3,19
482,4,7
482,4,14
482,4,18
482,5,10
482,5,12
482,5,19
482,6,9
482,6,12
482,6,16
482,6,17
482,7,13
482,8,11
482,8,13
482,8,14
482,8,15
482,9,12
482,11,13
482,11,15
482,12,17
482,12,19
482,13,14
482,13,15
482,14,17
482,14,18
482,16,17
482,16,18
482,17,18
483,0,1
483,0,6
483,0,9
483,0,12
483,0,14
483,0,16
483,0,17
483,0,18
483,1,6
483,1,9
483,1,16
483,1,17
483,2,3
483,2,8
483,2,11
483,2,13
483,2,14
483,2,15
483,2,19
483,3,12
483,3,19
483,4,7
483,4,14
483,4,18
483,5,10
483,5,12
483,5,19
483,6,9
483,6,12
483,6,16
483,6,17
483,7,13
483,8,11
483,8,13
483,8,14
483,8,15
483,9,12
483,11,13
483,11,15
483,12,17
483,12,19
483,13,14
483,13,15
483,14,17
483,14,18
483,16,17
483,16,18
483,17,18
484,0,1
484,0,6
484,0,9
484,0,12
484,0,14
484,0,16
484,0,17
484,0,18
484,1,6
484,1,9
484,1,16
484,1,17
484,2,3
484,2,8
484,2,11
484,2,13
484,2,14
484,2,15
484,2,19
484,3,19
484,4,7
484,4,14
484,4,18
484,5,10
484,5,12
484,5,19
484,6,9
484,6,12
484,6,16
484,6,17
484,8,11
484,8,13
484,8,14
484,8,15
484,9,12
484,11,13
484,11,15
484,12,17
484,12,19
484,13,14
484,13,15
484,14,17
484,14,18
484,16,17
484,16,18
484,17,18
485,0,1
485,0,6
485,0,9
485,0,12
485,0,14
485,0,16
485,0,17
485,0,18
485,1,6
485,1,9
485,1,16
485,1,17
485,2,3
485,2,8
485,2,11
485,2,13
485,2,14
485,2,15
485,2,19
485,3,19
485,4,7
485,4,14
485,4,18
485,5,10
485,5,12
485,5,19
485,6,9
485,6,12
485,6,16
485,6,17
485,8,11
485,8,13
485,8,14
485,8,15
485,9,12
485,11,13
485,11,15
485,12,17
485,12,19
485,13,14
485,13,15
485,14,17
485,14,18
485,16,17
485,16,18
485,17,18
486,0,1
486,0,6
486,0,9
486,0,12
486,0,14
486,0,16
486,0,17
486,0,18
486,1,6
486,1,9
486,1,16
486,1,17
486,2,3
486,2,8
486,2,11
486,2,13
486,2,14
486,2,15
486,2,19
486,3,19
486,4,7
486,4,14
486,4,18
486,5,10
486,5,12
486,5,19
486,6,9
486,6,12
486,6,16
486,6,17
486,8,11
486,8,13
486,8,15
486,9,12
486,11,13
486,11,15
486,12,17
486,12,19
486,13,14
486,13,15
486,14,17
486,14,18
486,16,17
486,16,18
486,17,18
487,0,1
487,0,6
487,0,9
487,0,12
487,0,16
487,0,17
487,0,18
487,1,6
487,1,9
487,1,16
487,1,17
487,2,3
487,2,8
487,2,11
487,2,13
487,2,14
487,2,15
487,2,19
487,3,19
487,4,7
487,4,14
487,4,18
487,5,10
487,5,12
487,5,19
487,6,9
487,6,12
487,6,16
487,6,17
487,8,11
487,8,13
487,8,15
487,9,12
487,11,13
487,11,15
487,12,17
487,12,19
487,13,15
487,14,17
487,14,18
487,16,17
487,16,18
487,17,18
488,0,1
488,0,6
488,0,9
488,0,12
488,0,16
488,0,17
488,1,6
488,1,9
488,1,16
488,2,3
488,2,8
488,2,13
488,2,14
488,2,15
488,2,19
488,3,19
488,4,7
488,4,14
488,4,18
488,5,9
488,5,10
488,5,12
488,5,19
488,6,9
488,6,12
488,6,16
488,6,17
488,8,11
488,8,13
488,8,15
488,9,12
488,11,13
488,11,15
488,12,17
488,12,19
488,13,15
488,14,17
488,14,18
488,16,17
488,16,18
488,17,18
489,0,1
489,0,6
489,0,9
489,0,12
489,0,16
489,0,17
489,1,6
489,1,9
489,1,16
489,2,3
489,2,8
489,2,13
489,2,14
489,2,15
489,2,19
489,3,19
489,4,7
489,4,14
489,4,18
489,5,9
489,5,10
489,5,12
489,5,19
489,6,9
489,6,12
489,6,16
489,6,17
489,8,11
489,8,13
489,8,15
489,9,12
489,11,13
489,11,15
489,12,17
489,12,19
489,13,15
489,14,17
489,14,18
489,16,17
489,16,18
489,17,18
490,0,1
490,0,6
490,0,9
490,0,12
490,0,16
490,0,17
490,1,6
490,1,9
490,1,16
490,2,3
490,2,8
490,2,13
490,2,14
490,2,15
490,2,19
490,3,15
490,3,19
490,4,7
490,4,14
490,4,17
490,4,18
490,5,9
490,5,10
490,5,12
490,5,19
490,6,9
490,6,12
490,6,16
490,6,17
490,8,11
490,8,13
490,8,15
490,9,12
490,11,13
490,11,15
490,12,17
490,12,19
490,13,15
490,14,17
490,14,18
490,16,17
490,16,18
490,17,18
491,0,1
491,0,6
491,0,9
491,0,12
491,0,16
491,0,17
491,1,6
491,1,9
491,1,16
491,2,3
491,2,8
491,2,13
491,2,14
491,2,15
491,2,19
491,3,15
491,3,19
491,4,7
491,4,14
491,4,17
491,4,18
491,5,9
491,5,10
491,5,12
491,5,19
491,6,9
491,6,12
491,6,14
491,6,16
491,6,17
491,7,18
491,8,11
491,8,13
491,8,15
491,9,12
491,11,13
491,11,15
491,12,17
491,12,19
491,13,15
491,14,17
491,14,18
491,16,17
491,16,18
491,17,18
492,0,1
492,0,6
492,0,9
492,0,12
492,0,16
492,0,17
492,1,6
492,1,9
492,1,16
492,2,8
492,2,13
492,2,14
492,2,15
492,2,19
492,3,15
492,3,19
492,4,7
492,4,14
492,4,17
492,4,18
492,5,9
492,5,10
492,5,19
492,6,9
492,6,12
492,6,14
492,6,16
492,6,17
492,7,18
492,8,11
492,8,13
492,8,15
492,9,12
492,11,15
492,12,17
492,12,19
492,14,17
492,14,18
492,16,17
492,16,18
492,17,18
493,0,1
493,0,6
493,0,9
493,0,12
493,0,16
493,0,17
493,1,9
493,1,16
493,2,8
493,2,13
493,2,14
493,2,15
493,2,19
493,3,15
493,3,19
493,4,7
493,4,14
493,4,17
493,4,18
493,5,9
493,5,10
493,5,19
493,6,9
493,6,12
493,6,14
493,6,17
493,7,18
493,8,11
493,8,13
493,8,15
493,9,12
493,11,15
493,12,17
493,12,19
493,14,17
493,14,18
493,16,17
493,16,18
493,17,18
494,0,1
494,0,6
494,0,9
494,0,12
494,0,16
494,0,17
494,1,9
494,1,16
494,2,8
494,2,13
494,2,14
494,2,15
494,2,19
494,3,15
494,3,19
494,4,7
494,4,14
494,4,17
494,4,18
494,5,9
494,5,10
494,5,19
494,6,9
494,6,12
494,6,14
494,6,17
494,7,18
494,8,11
494,8,13
494,8,15
494,9,12
494,11,15
494,12,17
494,12,19
494,14,17
494,14,18
494,16,17
494,16,18
494,17,18
495,0,1
495,0,6
495,0,9
495,0,12
495,0,16
495,0,17
495,1,9
495,1,16
495,2,8
495,2,13
495,2,14
495,2,15
495,2,19
495,3,15
495,3,19
495,4,7
495,4,14
495,4,17
495,4,18
495,5,9
495,5,10
495,5,19
495,6,9
495,6,12
495,6,14
495,6,17
495,7,18
495,8,11
495,8,13
495,8,15
495,9,12
495,11,15
495,12,17
495,12,19
495,14,17
495,14,18
495,16,17
495,16,18
495,17,18
496,0,1
496,0,6
496,0,9
496,0,12
496,0,16
496,0,17
496,1,9
496,1,16
496,2,8
496,2,14
496,2,15
496,2,19
496,3,15
496,3,19
496,4,7
496,4,14
496,4,17
496,4,18
496,5,9
496,5,10
496,5,19
496,6,9
496,6,12
496,6,14
496,6,17
496,7,18
496,8,11
496,8,13
496,8,15
496,9,12
496,11,15
496,12,17
496,12,19
496,14,17
496,14,18
496,16,17
496,16,18
496,17,18
497,0,1
497,0,6
497,0,9
497,0,12
497,0,16
497,0,17
497,1,9
497,1,16
497,2,8
497,2,14
497,2,15
497,3,15
497,3,19
497,4,7
497,4,14
497,4,17
497,4,18
497,5,9
497,5,10
497,5,19
497,6,9
497,6,12
497,6,14
497,6,17
497,7,18
497,8,11
497,8,13
497,8,15
497,9,12
497,11,15
497,12,14
497,12,17
497,14,17
497,14,18
497,16,17
497,16,18
497,17,18
498,0,1
498,0,6
498,0,9
498,0,12
498,0,16
498,0,17
498,1,9
498,1,16
498,2,8
498,2,14
498,2,15
498,3,15
498,3,19
498,4,7
498,4,14
498,4,17
498,4,18
498,5,9
498,5,10
498,5,19
498,6,9
498,6,12
498,6,14
498,6,17
498,7,13
498,7,18
498,8,11
498,8,13
498,8,15
498,9,12
498,11,15
498,12,14
498,12,17
498,14,17
498,14,18
498,16,17
498,16,18
498,17,18
499,0,1
499,0,6
499,0,9
499,0,12
499,0,16
499,0,17
499,1,9
499,1,16
499,2,8
499,2,14
499,2,15
499,3,15
499,3,19
499,4,7
499,4,14
499,4,17
499,4,18
499,5,9
499,5,10
499,5,19
499,6,9
499,6,12
499,6,14
499,6,17
499,7,13
499,7,14
499,7,18
499,8,11
499,8,13
499,8,15
499,9,12
499,11,15
499,12,14
499,12,17
499,14,17
499,14,18
499,16,17
499,16,18
499,17,18
500,0,1
500,0,6
500,0,9
500,0,12
500,0,16
500,0,17
500,1,9
500,1,16
500,2,8
500,2,14
500,2,15
500,3,15
500,3,19
500,4,7
500,4,14
500,4,17
500,4,18
500,5,9
500,5,10
500,5,19
500,6,9
500,6,12
500,6,14
500,6,17
500,7,13
500,7,14
500,7,18
500,8,11
500,8,13
500,8,15
500,9,12
500,11,15
500,12,14
500,12,17
500,14,17
500,14,18
500,16,17
500,16,18
500,17,18
501,0,1
501,0,6
501,0,9
501,0,12
501,0,16
501,0,17
501,1,9
501,1,16
501,2,8
501,2,14
501,2,15
501,3,15
501,3,19
501,4,7
501,4,14
501,4,17
501,4,18
501,5,9
501,5,10
501,5,19
501,6,9
501,6,12
501,6,14
501,6,17
501,7,13
501,7,14
501,7,18
501,8,11
501,8,15
501,9,12
501,11,15
501,12,14
501,12,17
501,14,17
501,14,18
501,15,19
501,16,17
501,16,18
501,17,18
502,0,1
502,0,6
502,0,9
502,0,12
502,0,16
502,1,9
502,1,16
502,2,8
502,2,14
502,2,15
502,3,15
502,3,19
502,4,7
502,4,14
502,4,17
502,4,18
502,5,9
502,5,10
502,5,19
502,6,9
502,6,12
502,6,14
502,6,17
502,7,13
502,7,14
502,7,18
502,8,11
502,8,15
502,9,12
502,11,15
502,12,14
502,12,17
502,14,17
502,14,18
502,15,19
502,16,17
502,16,18
502,17,18
503,0,1
503,0,6
503,0,9
503,0,12
503,0,16
503,1,16
503,2,8
503,2,14
503,2,15
503,3,15
503,3,19
503,4,7
503,4,14
503,4,17
503,4,18
503,5,9
503,5,10
503,5,19
503,6,9
503,6,12
503,6,14
503,6,17
503,7,13
503,7,14
503,7,18
503,8,11
503,8,15
503,9,12
503,11,15
503,12,14
503,12,17
503,14,17
503,14,18
503,15,19
503,16,17
503,16,18
503,17,18
504,0,1
504,0,6
504,0,9
504,0,12
504,1,16
504,2,8
504,2,14
504,2,15
504,3,15
504,3,19
504,4,7
504,4,14
504,4,17
504,4,18
504,5,9
504,5,10
504,5,19
504,6,9
504,6,12
504,6,14
504,6,17
504,7,13
504,7,14
504,7,18
504,8,11
504,8,15
504,9,12
504,9,19
504,12,14
504,12,17
504,14,17
504,14,18
504,15,19
504,16,17
504,16,18
504,17,18
505,0,1
505,0,6
505,0,9
505,0,12
505,1,16
505,2,8
505,2,14
505,2,15
505,3,15
505,3,19
505,4,7
505,4,14
505,4,17
505,4,18
505,5,9
505,5,10
505,5,19
505,6,9
505,6,12
505,6,14
505,6,17
505,7,13
505,7,14
505,7,18
505,8,11
505,8,15
505,9,12
505,9,19
505,12,14
505,12,17
505,14,17
505,14,18
505,15,19
505,16,17
505,16,18
505,17,18
506,0,1
506,0,6
506,0,9
506,0,12
506,1,16
506,2,8
506,2,14
506,2,15
506,3,15
506,3,19
506,4,7
506,4,14
506,4,17
506,4,18
506,5,9
506,5,10
506,5,19
506,6,9
506,6,12
506,6,14
506,6,17
506,7,13
506,7,14
506,7,18
506,8,11
506,8,15
506,9,12
506,9,19
506,12,14
506,12,16
506,12,17
506,14,17
506,14,18
506,15,19
506,16,17
506,16,18
506,17,18
507,0,1
507,0,6
507,0,9
507,0,12
507,1,16
507,2,8
507,2,14
507,2,15
507,3,15
507,3,19
507,4,6
507,4,7
507,4,12
507,4,14
507,4,17
507,4,18
507,5,9
507,5,10
507,5,19
507,6,9
507,6,12
507,6,14
507,7,13
507,7,14
507,7,18
507,8,11
507,8,15
507,9,12
507,9,19
507,12,14
507,12,16
507,12,17
507,14,17
507,14,18
507,15,19
507,16,17
507,16,18
507,17,18
508,0,1
508,0,6
508,0,9
508,0,12
508,1,16
508,2,8
508,2,14
508,2,15
508,3,15
508,3,19
508,4,6
508,4,7
508,4,12
508,4,14
508,4,17
508,4,18
508,5,10
508,5,19
508,6,9
508,6,12
508,6,14
508,7,13
508,7,14
508,7,18
508,8,11
508,8,15
508,9,12
508,9,19
508,12,14
508,12,16
508,12,17
508,14,17
508,14,18
508,15,19
508,16,17
508,16,18
508,17,18
509,0,1
509,0,6
509,0,9
509,0,12
509,1,16
509,2,8
509,2,14
509,2,15
509,3,15
509,3,19
509,4,6
509,4,7
509,4,12
509,4,14
509,4,17
509,4,18
509,5,10
509,5,19
509,6,9
509,6,12
509,6,14
509,7,13
509,7,14
509,7,18
509,8,11
509,8,15
509,9,12
509,9,19
509,12,14
509,12,16
509,12,17
509,12,18
509,14,17
509,14,18
509,15,19
509,16,17
509,16,18
509,17,18
510,0,1
510,0,6
510,0,9
510,0,12
510,1,16
510,2,8
510,2,14
510,2,15
510,3,15
510,3,19
510,4,6
510,4,7
510,4,12
510,4,14
510,4,17
510,4,18
510,5,10
510,5,19
510,6,9
510,6,12
510,6,14
510,7,13
510,7,14
510,7,18
510,8,11
510,8,15
510,9,12
510,9,19
510,12,14
510,12,16
510,12,17
510,12,18
510,14,17
510,14,18
510,15,19
510,16,17
510,16,18
510,17,18
511,0,1
511,0,6
511,0,9
511,0,12
511,1,16
511,2,8
511,2,14
511,2,15
511,3,15
511,3,19
511,4,6
511,4,7
511,4,12
511,4,14
511,4,17
511,4,18
511,5,10
511,5,19
511,6,9
511,6,12
511,6,14
511,7,13
511,7,14
511,7,18
511,8,11
511,8,15
511,9,12
511,9,19
511,12,14
511,12,16
511,12,17
511,12,18
511,14,17
511,14,18
511,15,19
511,16,17
511,16,18
511,17,18
512,0,1
512,0,6
512,0,9
512,0,12
512,1,16
512,2,4
512,2,8
512,2,14
512,2,15
512,3,15
512,3,19
512,4,6
512,4,7
512,4,12
512,4,14
512,4,17
512,4,18
512,5,10
512,5,19
512,6,9
512,6,12
512,6,14
512,7,13
512,7,14
512,7,18
512,8,11
512,8,15
512,9,12
512,9,19
512,10,19
512,12,14
512,12,16
512,12,17
512,12,18
512,14,17
512,14,18
512,15,19
512,16,17
512,16,18
512,17,18
513,0,1
513,0,6
513,0,9
513,0,12
513,1,16
513,2,4
513,2,8
513,2,14
513,2,15
513,3,15
513,3,19
513,4,6
513,4,7
513,4,12
513,4,14
513,4,17
513,4,18
513,5,10
513,5,19
513,6,9
513,6,12
513,6,14
513,7,14
513,7,18
513,8,11
513,8,15
513,9,12
513,9,19
513,10,19
513,12,14
513,12,16
513,12,17
513,12,18
513,14,17
513,14,18
513,15,19
513,16,17
513,16,18
513,17,18
514,0,1
514,0,6
514,0,9
514,0,12
514,1,16
514,2,4
514,2,8
514,2,14
514,2,15
514,3,15
514,3,19
514,4,6
514,4,7
514,4,12
514,4,14
514,4,17
514,4,18
514,5,10
514,5,19
514,6,9
514,6,12
514,6,14
514,7,14
514,7,18
514,8,11
514,8,15
514,9,12
514,9,19
514,10,19
514,12,14
514,12,16
514,12,17
514,12,18
514,14,17
514,14,18
514,15,19
514,16,17
514,16,18
514,17,18
515,0,1
515,0,9
515,1,16
515,2,4
515,2,8
515,2,11
515,2,14
515,2,15
515,3,15
515,3,19
515,4,6
515,4,7
515,4,12
515,4,14
515,4,17
515,4,18
515,5,10
515,5,19
515,6,9
515,6,12
515,6,14
515,7,13
515,7,14
515,7,18
515,8,11
515,8,15
515,9,12
515,9,19
515,10,19
515,12,14
515,12,16
515,12,17
515,12,18
515,14,17
515,14,18
515,15,19
515,16,17
515,16,18
515,17,18
516,0,1
516,0,9
516,1,16
516,2,4
516,2,8
516,2,11
516,2,14
516,2,15
516,3,15
516,3,19
516,4,6
516,4,7
516,4,12
516,4,14
516,4,17
516,4,18
516,5,10
516,5,19
516,6,9
516,6,12
516,6,14
516,6,18
516,7,13
516,7,14
516,7,18
516,8,11
516,8,15
516,9,19
516,10,19
516,12,14
516,12,16
516,12,17
516,12,18
516,14,18
516,15,19
516,16,17
516,16,18
516,17,18
517,0,1
517,0,9
517,1,16
517,2,4
517,2,8
517,2,11
517,2,14
517,2,15
517,3,15
517,3,19
517,4,6
517,4,7
517,4,12
517,4,14
517,4,17
517,4,18
517,5,10
517,5,19
517,6,9
517,6,12
517,6,14
517,6,18
517,7,13
517,7,14
517,7,18
517,8,11
517,8,15
517,9,19
517,10,19
517,12,14
517,12,16
517,12,17
517,12,18
517,14,18
517,15,19
517,16,17
517,17,18
518,0,1
518,0,9
518,1,16
518,2,4
518,2,8
518,2,11
518,2,14
518,2,15
518,3,15
518,3,19
518,4,6
518,4,7
518,4,12
518,4,14
518,4,17
518,4,18
518,5,10
518,5,19
518,6,9
518,6,12
518,6,14
518,6,18
518,7,13
518,7,14
518,7,18
518,8,11
518,8,15
518,9,19
518,10,19
518,12,14
518,12,16
518,12,17
518,12,18
518,14,18
518,15,19
518,16,17
518,17,18
519,0,1
519,0,9
519,1,16
519,2,4
519,2,8
519,2,11
519,2,14
519,2,15
519,3,15
519,3,19
519,4,6
519,4,7
519,4,12
519,4,14
519,4,17
519,4,18
519,5,10
519,5,19
519,6,9
519,6,12
519,6,14
519,6,18
519,7,13
519,7,14
519,7,18
519,8,11
519,8,15
519,9,19
519,10,19
519,12,14
519,12,16
519,12,17
519,12,18
519,14,17
519,14,18
519,15,19
519,16,17
519,17,18
520,0,1
520,0,9
520,1,16
520,2,4
520,2,11
520,2,14
520,3,15
520,3,19
520,4,6
520,4,7
520,4,12
520,4,14
520,4,17
520,4,18
520,5,10
520,5,19
520,6,9
520,6,12
520,6,14
520,6,18
520,7,13
520,7,14
520,7,18
520,8,11
520,8,15
520,9,19
520,10,19
520,12,14
520,12,16
520,12,17
520,12,18
520,14,17
520,14,18
520,15,19
520,16,17
520,17,18
521,0,1
521,0,9
521,1,16
521,2,4
521,2,11
521,2,14
521,3,15
521,3,19
521,4,6
521,4,7
521,4,12
521,4,14
521,4,17
521,4,18
521,5,10
521,5,19
521,6,9
521,6,12
521,6,14
521,6,18
521,7,13
521,7,14
521,7,18
521,8,11
521,8,15
521,9,19
521,10,19
521,12,14
521,12,16
521,12,17
521,12,18
521,14,17
521,14,18
521,15,19
521,16,17
521,17,18
522,0,1
522,1,16
522,2,4
522,2,11
522,2,14
522,3,15
522,3,19
522,4,6
522,4,7
522,4,12
522,4,14
522,4,17
522,4,18
522,5,10
522,5,19
522,6,9
522,6,12
522,6,14
522,6,18
522,7,13
522,7,14
522,7,18
522,8,11
522,8,15
522,9,19
522,10,19
522,12,14
522,12,16
522,12,17
522,12,18
522,14,17
522,14,18
522,15,19
522,16,17
522,17,18
523,0,1
523,1,16
523,2,4
523,2,11
523,2,14
523,3,15
523,3,19
523,4,6
523,4,7
523,4,12
523,4,14
523,4,17
523,4,18
523,5,10
523,5,19
523,6,9
523,6,12
523,6,14
523,6,18
523,7,13
523,7,14
523,7,17
523,7,18
523,8,11
523,9,19
523,10,19
523,12,14
523,12,16
523,12,17
523,12,18
523,14,17
523,14,18
523,15,19
523,16,17
523,17,18
524,0,1
524,1,16
524,2,4
524,2,11
524,2,14
524,3,15
524,3,19
524,4,6
524,4,7
524,4,12
524,4,14
524,4,17
524,4,18
524,5,10
524,5,19
524,6,9
524,6,12
524,6,14
524,6,18
524,7,13
524,7,14
524,7,17
524,7,18
524,8,11
524,9,19
524,10,19
524,12,14
524,12,16
524,12,17
524,12,18
524,14,17
524,14,18
524,15,19
524,16,17
524,17,18
525,0,1
525,1,16
525,2,4
525,2,11
525,2,14
525,3,15
525,3,19
525,4,6
525,4,7
525,4,12
525,4,14
525,4,17
525,4,18
525,5,10
525,5,19
525,6,9
525,6,12
525,6,14
525,6,18
525,7,13
525,7,14
525,7,17
525,7,18
525,8,11
525,9,14
525,9,19
525,10,19
525,12,14
525,12,16
525,12,17
525,12,18
525,14,17
525,14,18
525,15,19
525,16,17
525,17,18
526,0,1
526,1,16
526,2,4
526,2,11
526,2,14
526,3,15
526,3,19
526,4,6
526,4,7
526,4,12
526,4,14
526,4,17
526,4,18
526,5,10
526,5,19
526,6,9
526,6,12
526,6,14
526,6,18
526,7,13
526,7,14
526,7,17
526,7,18
526,8,11
526,9,14
526,9,19
526,10,19
526,12,14
526,12,16
526,12,17
526,12,18
526,14,17
526,14,18
526,15,19
526,16,17
526,17,18
527,0,1
527,1,16
527,2,4
527,2,7
527,2,11
527,2,14
527,3,15
527,3,19
527,4,6
527,4,7
527,4,12
527,4,14
527,4,17
527,4,18
527,5,10
527,5,19
527,6,9
527,6,12
527,6,14
527,6,18
527,7,13
527,7,14
527,7,17
527,7,18
527,8,11
527,9,14
527,9,19
527,10,19
527,12,14
527,12,16
527,12,17
527,12,18
527,14,17
527,14,18
527,15,19
527,16,17
527,17,18
528,0,1
528,1,16
528,2,4
528,2,7
528,2,11
528,2,14
528,3,15
528,3,19
528,4,6
528,4,7
528,4,12
528,4,14
528,4,17
528,4,18
528,5,10
528,5,19
528,6,7
528,6,9
528,6,12
528,6,14
528,6,17
528,6,18
528,7,13
528,7,14
528,7,17
528,7,18
528,8,11
528,9,14
528,9,19
528,10,19
528,12,14
528,12,16
528,12,17
528,12,18
528,14,17
528,14,18
528,15,19
528,16,17
528,17,18
529,0,1
529,1,16
529,2,4
529,2,7
529,2,11
529,2,14
529,3,15
529,3,19
529,4,6
529,4,7
529,4,12
529,4,14
529,4,17
529,4,18
529,5,10
529,5,19
529,6,7
529,6,9
529,6,14
529,6,17
529,6,18
529,7,13
529,7,14
529,7,17
529,7,18
529,8,11
529,9,14
529,9,19
529,10,19
529,12,14
529,12,16
529,12,17
529,12,18
529,14,17
529,14,18
529,15,19
529,16,17
529,17,18
530,0,1
530,1,16
530,2,4
530,2,7
530,2,11
530,2,14
530,3,15
530,3,19
530,4,6
530,4,7
530,4,9
530,4,14
530,4,17
530,4,18
530,5,10
530,5,19
530,6,7
530,6,9
530,6,14
530,6,17
530,6,18
530,7,13
530,7,14
530,7,17
530,7,18
530,8,11
530,9,14
530,9,19
530,10,19
530,12,14
530,12,16
530,12,17
530,12,18
530,14,17
530,14,18
530,15,19
530,16,17
530,17,18
531,0,1
531,1,16
531,2,4
531,2,7
531,2,11
531,2,14
531,3,15
531,3,19
531,4,6
531,4,7
531,4,9
531,4,14
531,4,17
531,4,18
531,5,10
531,5,19
531,6,7
531,6,9
531,6,14
531,6,17
531,6,18
531,7,13
531,7,14
531,7,17
531,7,18
531,8,11
531,9,14
531,9,19
531,10,19
531,12,14
531,12,16
531,12,17
531,12,18
531,14,17
531,14,18
531,15,19
531,16,17
531,17,18
532,0,1
532,1,16
532,2,4
532,2,7
532,2,11
532,2,14
532,3,15
532,3,19
532,4,6
532,4,7
532,4,9
532,4,14
532,4,17
532,4,18
532,5,10
532,5,19
532,6,7
532,6,9
532,6,14
532,6,17
532,6,18
532,7,13
532,7,14
532,7,17
532,7,18
532,8,11
532,9,14
532,9,19
532,10,19
532,12,14
532,12,16
532,12,17
532,12,18
532,14,17
532,14,18
532,15,19
532,16,17
532,17,18
533,1,16
533,2,4
533,2,7
533,2,11
533,2,14
533,3,15
533,4,6
533,4,7
533,4,9
533,4,14
533,4,17
533,4,18
533,5,10
533,5,19
533,6,7
533,6,9
533,6,14
533,6,17
533,6,18
533,7,13
533,7,14
533,7,17
533,7,18
533,8,11
533,9,14
533,9,19
533,10,19
533,12,16
533,12,17
533,12,18
533,14,17
533,14,18
533,15,19
533,16,17
533,17,18
534,1,16
534,2,4
534,2,7
534,2,11
534,2,14
534,3,15
534,4,6
534,4,7
534,4,9
534,4,14
534,4,17
534,4,18
534,5,10
534,5,19
534,6,7
534,6,9
534,6,14
534,6,17
534,6,18
534,7,13
534,7,14
534,7,17
534,7,18
534,8,11
534,9,14
534,9,19
534,10,19
534,12,16
534,12,17
534,12,18
534,14,17
534,14,18
534,15,19
534,16,17
534,17,18
535,1,16
535,2,4
535,2,7
535,2,11
535,2,14
535,3,15
535,4,6
535,4,7
535,4,9
535,4,14
535,4,17
535,4,18
535,5,10
535,5,19
535,6,7
535,6,9
535,6,14
535,6,17
535,6,18
535,7,13
535,7,14
535,7,17
535,7,18
535,8,11
535,9,14
535,9,19
535,10,19
535,12,16
535,12,17
535,12,18
535,14,17
535,14,18
535,15,19
535,16,17
535,17,18
536,1,16
536,2,4
536,2,7
536,2,11
536,2,14
536,3,15
536,4,6
536,4,7
536,4,9
536,4,14
536,4,17
536,4,18
536,5,10
536,5,19
536,6,7
536,6,9
536,6,14
536,6,17
536,6,18
536,7,13
536,7,14
536,7,17
536,7,18
536,8,11
536,9,14
536,9,19
536,10,19
536,12,16
536,12,17
536,12,18
536,14,17
536,14,18
536,15,19
536,17,18
537,1,16
537,2,4
537,2,7
537,2,11
537,2,14
537,3,15
537,4,6
537,4,7
537,4,9
537,4,14
537,4,17
537,4,18
537,5,10
537,5,19
537,6,7
537,6,9
537,6,14
537,6,17
537,6,18
537,7,13
537,7,14
537,7,17
537,7,18
537,8,11
537,9,14
537,9,19
537,10,19
537,12,16
537,12,17
537,12,18
537,14,17
537,14,18
537,15,19
537,17,18
538,1,16
538,2,4
538,2,7
538,2,11
538,2,14
538,3,15
538,4,6
538,4,7
538,4,9
538,4,14
538,4,17
538,4,18
538,5,10
538,5,19
538,6,7
538,6,9
538,6,14
538,6,17
538,6,18
538,7,13
538,7,14
538,7,17
538,7,18
538,8,11
538,9,14
538,9,19
538,10,19
538,12,16
538,12,17
538,12,18
538,14,17
538,14,18
538,15,19
538,17,18
539,1,16
539,2,4
539,2,7
539,2,11
539,3,15
539,4,6
539,4,7
539,4,9
539,4,14
539,4,17
539,4,18
539,5,10
539,5,19
539,6,7
539,6,9
539,6,14
539,6,17
539,6,18
539,7,13
539,7,14
539,7,17
539,7,18
539,8,11
539,9,14
539,10,19
539,12,16
539,12,17
539,12,18
539,14,17
539,14,18
539,15,19
539,17,18
540,1,16
540,2,4
540,2,7
540,2,11
540,3,15
540,4,6
540,4,7
540,4,9
540,4,14
540,4,17
540,4,18
540,5,10
540,5,19
540,6,7
540,6,9
540,6,14
540,6,17
540,6,18
540,7,13
540,7,14
540,7,17
540,7,18
540,9,14
540,10,19
540,12,16
540,12,17
540,12,18
540,14,17
540,14,18
540,15,19
540,17,18
541,1,16
541,2,4
541,2,6
541,2,7
541,2,11
541,3,15
541,4,6
541,4,7
541,4,9
541,4,14
541,4,17
541,4,18
541,5,10
541,5,19
541,6,7
541,6,9
541,6,14
541,6,17
541,6,18
541,7,13
541,7,14
541,7,17
541,7,18
541,9,14
541,9,18
541,10,19
541,12,16
541,12,17
541,12,18
541,14,17
541,14,18
541,15,19
541,17,18
542,1,16
542,2,4
542,2,6
542,2,7
542,2,9
542,2,11
542,3,15
542,4,6
542,4,7
542,4,9
542,4,14
542,4,17
542,4,18
542,5,10
542,5,19
542,6,7
542,6,9
542,6,14
542,6,17
542,6,18
542,7,13
542,7,14
542,7,17
542,7,18
542,9,14
542,9,18
542,10,19
542,12,16
542,12,17
542,12,18
542,14,17
542,14,18
542,15,19
542,17,18
543,1,16
543,2,4
543,2,6
543,2,7
543,2,9
543,2,11
543,3,15
543,4,6
543,4,7
543,4,9
543,4,14
543,4,17
543,4,18
543,5,10
543,5,19
543,6,7
543,6,9
543,6,14
543,6,17
543,6,18
543,7,13
543,7,14
543,7,17
543,7,18
543,9,14
543,9,18
543,10,19
543,12,16
543,12,17
543,12,18
543,14,17
543,14,18
543,15,19
543,17,18
544,1,16
544,2,4
544,2,6
544,2,7
544,2,9
544,2,11
544,3,15
544,4,6
544,4,7
544,4,9
544,4,14
544,4,17
544,4,18
544,5,10
544,5,19
544,6,7
544,6,9
544,6,14
544,6,17
544,6,18
544,7,13
544,7,14
544,7,17
544,7,18
544,9,14
544,9,18
544,10,19
544,12,16
544,12,17
544,12,18
544,14,17
544,14,18
544,15,19
544,17,18
545,0,10
545,1,16
545,2,4
545,2,6
545,2,7
545,2,9
545,2,11
545,3,15
545,4,6
545,4,7
545,4,9
545,4,14
545,4,17
545,4,18
545,5,10
545,5,19
545,6,7
545,6,9
545,6,14
545,6,17
545,6,18
545,7,13
545,7,14
545,7,17
545,7,18
545,9,14
545,9,18
545,10,19
545,12,16
545,12,17
545,12,18
545,14,17
545,14,18
545,15,19
545,17,18
546,0,10
546,1,16
546,2,4
546,2,6
546,2,7
546,2,9
546,2,11
546,3,15
546,4,6
546,4,7
546,4,9
546,4,14
546,4,17
546,4,18
546,5,10
546,5,19
546,6,7
546,6,9
546,6,14
546,6,17
546,6,18
546,7,9
546,7,13
546,7,14
546,7,17
546,7,18
546,9,14
546,9,18
546,10,19
546,12,16
546,12,17
546,12,18
546,14,17
546,14,18
546,15,19
546,17,18
547,0,10
547,1,16
547,2,4
547,2,6
547,2,7
547,2,9
547,2,11
547,3,15
547,4,6
547,4,7
547,4,9
547,4,14
547,4,17
547,4,18
547,5,10
547,5,19
547,6,7
547,6,9
547,6,14
547,6,17
547,6,18
547,7,9
547,7,13
547,7,14
547,7,17
547,7,18
547,9,14
547,9,18
547,10,19
547,12,14
547,12,16
547,12,17
547,12,18
547,14,17
547,14,18
547,15,19
547,17,18
548,0,10
548,1,16
548,2,4
548,2,6
548,2,7
548,2,9
548,2,11
548,3,15
548,4,6
548,4,7
548,4,9
548,4,14
548,4,17
548,4,18
548,5,10
548,5,19
548,6,7
548,6,9
548,6,14
548,6,17
548,6,18
548,7,9
548,7,13
548,7,14
548,7,17
548,7,18
548,9,14
548,9,18
548,10,19
548,12,14
548,12,16
548,12,17
548,12,18
548,14,17
548,14,18
548,15,19
548,17,18
549,0,10
549,1,16
549,2,4
549,2,6
549,2,7
549,2,9
549,2,11
549,3,15
549,4,6
549,4,7
549,4,9
549,4,14
549,4,17
549,4,18
549,5,10
549,5,19
549,6,7
549,6,9
549,6,14
549,6,17
549,6,18
549,7,9
549,7,13
549,7,14
549,7,17
549,7,18
549,9,14
549,9,18
549,10,19
549,12,14
549,12,16
549,12,17
549,12,18
549,14,17
549,14,18
549,15,19
549,17,18
550,0,10
550,1,16
550,2,4
550,2,6
550,2,7
550,2,9
550,2,11
550,3,15
550,4,6
550,4,7
550,4,9
550,4,14
550,4,17
550,4,18
550,5,10
550,5,19
550,6,7
550,6,9
550,6,14
550,6,17
550,6,18
550,7,9
550,7,13
550,7,14
550,7,17
550,7,18
550,9,11
550,9,14
550,9,18
550,10,19
550,12,14
550,12,16
550,12,17
550,12,18
550,14,17
550,14,18
550,15,19
550,17,18
551,0,10
551,1,16
551,2,4
551,2,6
551,2,7
551,2,9
551,2,11
551,3,15
551,4,6
551,4,7
551,4,9
551,4,14
551,4,17
551,4,18
551,5,10
551,5,19
551,6,7
551,6,9
551,6,14
551,6,17
551,6,18
551,7,9
551,7,13
551,7,14
551,7,17
551,7,18
551,9,11
551,9,14
551,9,18
551,10,19
551,12,14
551,12,16
551,12,17
551,12,18
551,14,17
551,14,18
551,15,19
551,17,18
552,0,10
552,1,16
552,2,4
552,2,6
552,2,7
552,2,9
552,2,11
552,3,15
552,4,6
552,4,7
552,4,9
552,4,14
552,4,17
552,4,18
552,5,10
552,5,19
552,6,7
552,6,9
552,6,12
552,6,14
552,6,17
552,6,18
552,7,9
552,7,13
552,7,14
552,7,17
552,7,18
552,9,11
552,9,14
552,9,18
552,10,19
552,12,14
552,12,16
552,12,17
552,12,18
552,14,17
552,14,18
552,15,19
552,17,18
553,0,10
553,1,16
553,2,4
553,2,6
553,2,7
553,2,9
553,2,11
553,3,15
553,4,6
553,4,7
553,4,9
553,4,14
553,4,17
553,4,18
553,5,10
553,5,19
553,6,7
553,6,9
553,6,12
553,6,14
553,6,17
553,6,18
553,7,9
553,7,13
553,7,14
553,7,17
553,7,18
553,9,11
553,9,14
553,9,18
553,10,15
553,10,19
553,12,14
553,12,16
553,12,17
553,12,18
553,14,17
553,14,18
553,15,19
553,17,18
554,0,10
554,1,16
554,2,4
554,2,6
554,2,7
554,2,9
554,2,11
554,3,15
554,4,6
554,4,7
554,4,9
554,4,14
554,4,17
554,4,18
554,5,10
554,5,19
554,6,7
554,6,9
554,6,12
554,6,14
554,6,17
554,6,18
554,7,9
554,7,12
554,7,14
554,7,17
554,7,18
554,9,11
554,9,14
554,9,18
554,10,15
554,10,19
554,12,14
554,12,16
554,12,17
554,12,18
554,14,17
554,14,18
554,15,19
554,17,18
555,0,10
555,0,19
555,1,16
555,2,4
555,2,6
555,2,7
555,2,9
555,2,11
555,3,15
555,4,6
555,4,7
555,4,9
555,4,14
555,4,17
555,4,18
555,5,10
555,5,19
555,6,7
555,6,9
555,6,12
555,6,14
555,6,17
555,6,18
555,7,9
555,7,12
555,7,14
555,7,17
555,7,18
555,9,11
555,9,14
555,9,18
555,10,15
555,10,19
555,12,14
555,12,16
555,12,17
555,12,18
555,13,17
555,14,17
555,14,18
555,15,19
555,17,18
556,0,10
556,0,19
556,1,16
556,2,4
556,2,6
556,2,7
556,2,9
556,2,11
556,3,15
556,4,6
556,4,7
556,4,9
556,4,14
556,4,17
556,4,18
556,5,10
556,5,19
556,6,7
556,6,9
556,6,12
556,6,14
556,6,17
556,6,18
556,7,9
556,7,12
556,7,14
556,7,17
556,7,18
556,9,11
556,9,14
556,9,18
556,10,15
556,10,19
556,12,14
556,12,16
556,12,17
556,12,18
556,13,17
556,14,17
556,14,18
556,15,19
556,17,18
557,0,10
557,0,19
557,1,16
557,2,4
557,2,6
557,2,7
557,2,9
557,2,11
557,3,15
557,4,6
557,4,7
557,4,9
557,4,14
557,4,17
557,4,18
557,5,10
557,5,19
557,6,7
557,6,9
557,6,12
557,6,14
557,6,17
557,6,18
557,7,9
557,7,12
557,7,14
557,7,17
557,7,18
557,9,11
557,9,14
557,9,18
557,10,15
557,10,19
557,12,14
557,12,16
557,12,17
557,12,18
557,14,17
557,14,18
557,15,19
557,17,18
558,0,10
558,0,19
558,1,16
558,2,4
558,2,6
558,2,7
558,2,9
558,2,11
558,3,15
558,4,6
558,4,7
558,4,9
558,4,14
558,4,17
558,4,18
558,5,10
558,5,19
558,6,7
558,6,9
558,6,12
558,6,14
558,6,17
558,6,18
558,7,9
558,7,12
558,7,14
558,7,17
558,7,18
558,9,11
558,9,14
558,9,18
558,10,15
558,10,19
558,12,14
558,12,16
558,12,17
558,12,18
558,14,17
558,14,18
558,15,19
558,17,18
559,0,10
559,0,19
559,1,16
559,2,4
559,2,6
559,2,7
559,2,9
559,2,11
559,3,15
559,4,6
559,4,7
559,4,9
559,4,14
559,4,17
559,4,18
559,5,10
559,5,19
559,6,7
559,6,9
559,6,12
559,6,14
559,6,17
559,6,18
559,7,9
559,7,12
559,7,14
559,7,17
559,7,18
559,9,11
559,9,14
559,9,18
559,10,15
559,10,19
559,12,14
559,12,16
559,12,17
559,12,18
559,14,17
559,14,18
559,15,19
559,17,18
560,0,10
560,0,18
560,0,19
560,1,16
560,2,4
560,2,6
560,2,7
560,2,9
560,2,11
560,3,15
560,4,6
560,4,7
560,4,9
560,4,12
560,4,14
560,4,17
560,4,18
560,5,10
560,5,19
560,6,7
560,6,9
560,6,12
560,6,14
560,6,17
560,6,18
560,7,9
560,7,12
560,7,14
560,7,17
560,7,18
560,9,11
560,9,14
560,9,18
560,10,15
560,10,19
560,12,14
560,12,16
560,12,17
560,12,18
560,14,17
560,14,18
560,15,19
560,17,18
561,0,10
561,0,18
561,0,19
561,1,16
561,2,4
561,2,6
561,2,7
561,2,9
561,2,11
561,3,15
561,4,6
561,4,7
561,4,9
561,4,12
561,4,14
561,4,17
561,4,18
561,5,10
561,5,19
561,6,7
561,6,9
561,6,12
561,6,14
561,6,17
561,6,18
561,7,9
561,7,12
561,7,14
561,7,17
561,7,18
561,9,11
561,9,14
561,9,18
561,10,15
561,10,19
561,12,14
561,12,16
561,12,17
561,12,18
561,14,17
561,14,18
561,15,19
561,17,18
562,0,10
562,0,18
562,0,19
562,1,16
562,2,4
562,2,6
562,2,7
562,2,9
562,2,11
562,3,15
562,4,6
562,4,7
562,4,9
562,4,11
562,4,12
562,4,14
562,4,17
562,4,18
562,5,10
562,5,19
562,6,7
562,6,9
562,6,12
562,6,14
562,6,17
562,6,18
562,7,9
562,7,12
562,7,14
562,7,17
562,7,18
562,9,11
562,9,14
562,9,18
562,10,15
562,10,19
562,12,14
562,12,16
562,12,17
562,12,18
562,14,17
562,14,18
562,15,19
562,17,18
563,0,10
563,0,18
563,0,19
563,1,16
563,2,4
563,2,6
563,2,7
563,2,9
563,2,11
563,3,15
563,4,6
563,4,7
563,4,9
563,4,11
563,4,12
563,4,14
563,4,17
563,4,18
563,5,10
563,5,19
563,6,7
563,6,9
563,6,12
563,6,14
563,6,17
563,6,18
563,7,9
563,7,12
563,7,14
563,7,17
563,7,18
563,8,11
563,9,11
563,9,14
563,9,17
563,9,18
563,10,15
563,10,19
563,12,14
563,12,16
563,12,17
563,12,18
563,14,17
563,14,18
563,15,19
563,17,18
564,0,10
564,0,18
564,0,19
564,1,16
564,2,4
564,2,6
564,2,7
564,2,9
564,2,11
564,3,15
564,4,6
564,4,7
564,4,9
564,4,11
564,4,12
564,4,14
564,4,17
564,4,18
564,5,10
564,5,19
564,6,7
564,6,9
564,6,12
564,6,14
564,6,17
564,6,18
564,7,9
564,7,11
564,7,12
564,7,14
564,7,17
564,7,18
564,8,11
564,9,11
564,9,14
564,9,17
564,9,18
564,10,15
564,10,19
564,12,14
564,12,16
564,12,17
564,12,18
564,14,17
564,14,18
564,15,19
564,17,18
565,0,10
565,0,18
565,0,19
565,1,16
565,2,4
565,2,6
565,2,7
565,2,9
565,2,11
565,3,15
565,4,6
565,4,7
565,4,9
565,4,11
565,4,12
565,4,14
565,4,17
565,4,18
565,5,10
565,5,19
565,6,7
565,6,9
565,6,12
565,6,14
565,6,17
565,6,18
565,7,9
565,7,11
565,7,12
565,7,14
565,7,17
565,7,18
565,8,11
565,9,11
565,9,17
565,9,18
565,10,15
565,10,19
565,12,14
565,12,16
565,12,17
565,12,18
565,14,17
565,14,18
565,15,19
565,17,18
566,0,10
566,0,15
566,0,18
566,0,19
566,1,16
566,2,4
566,2,6
566,2,7
566,2,9
566,2,11
566,3,15
566,4,6
566,4,7
566,4,9
566,4,11
566,4,12
566,4,14
566,4,17
566,4,18
566,5,10
566,5,19
566,6,7
566,6,9
566,6,12
566,6,14
566,6,17
566,6,18
566,7,9
566,7,11
566,7,12
566,7,14
566,7,17
566,7,18
566,8,11
566,9,11
566,9,17
566,9,18
566,10,15
566,10,19
566,12,14
566,12,16
566,12,17
566,12,18
566,14,17
566,14,18
566,15,19
566,17,18
567,0,4
567,0,10
567,0,15
567,0,18
567,0,19
567,1,16
567,2,4
567,2,6
567,2,7
567,2,9
567,2,11
567,2,17
567,3,15
567,4,6
567,4,7
567,4,9
567,4,11
567,4,12
567,4,14
567,4,17
567,4,18
567,5,10
567,5,19
567,6,7
567,6,9
567,6,12
567,6,14
567,6,17
567,6,18
567,7,9
567,7,11
567,7,12
567,7,14
567,7,17
567,7,18
567,8,11
567,9,11
567,9,17
567,9,18
567,10,15
567,10,19
567,12,14
567,12,17
567,12,18
567,14,17
567,14,18
567,15,19
567,17,18
568,0,4
568,0,10
568,0,15
568,0,18
568,0,19
568,1,16
568,2,6
568,2,7
568,2,9
568,2,11
568,2,17
568,4,6
568,4,7
568,4,9
568,4,11
568,4,12
568,4,14
568,4,17
568,4,18
568,5,10
568,5,19
568,6,7
568,6,9
568,6,12
568,6,14
568,6,17
568,6,18
568,7,9
568,7,11
568,7,12
568,7,14
568,7,17
568,7,18
568,8,11
568,9,11
568,9,17
568,9,18
568,10,15
568,10,19
568,12,14
568,12,17
568,12,18
568,14,17
568,14,18
568,15,19
568,17,18
569,0,4
569,0,10
569,0,15
569,0,18
569,0,19
569,1,16
569,2,6
569,2,7
569,2,9
569,2,11
569,2,17
569,4,6
569,4,7
569,4,9
569,4,11
569,4,12
569,4,14
569,4,17
569,4,18
569,5,10
569,5,19
569,6,7
569,6,9
569,6,12
569,6,14
569,6,17
569,6,18
569,7,9
569,7,11
569,7,12
569,7,14
569,7,17
569,7,18
569,8,11
569,9,11
569,9,17
569,9,18
569,10,15
569,10,19
569,12,14
569,12,17
569,12,18
569,14,17
569,14,18
569,15,19
569,17,18
570,0,4
570,0,10
570,0,15
570,0,18
570,0,19
570,1,16
570,2,6
570,2,7
570,2,9
570,2,11
570,2,17
570,4,6
570,4,7
570,4,9
570,4,11
570,4,12
570,4,14
570,4,17
570,4,18
570,5,10
570,5,19
570,6,7
570,6,9
570,6,11
570,6,12
570,6,14
570,6,17
570,6,18
570,7,9
570,7,11
570,7,12
570,7,14
570,7,17
570,7,18
570,8,11
570,9,11
570,9,17
570,9,18
570,10,15
570,10,19
570,12,14
570,12,17
570,12,18
570,14,17
570,14,18
570,15,19
570,17,18
571,0,4
571,0,10
571,0,15
571,0,18
571,0,19
571,1,16
571,2,6
571,2,7
571,2,8
571,2,9
571,2,11
571,2,17
571,4,6
571,4,7
571,4,9
571,4,11
571,4,12
571,4,14
571,4,17
571,4,18
571,5,10
571,5,19
571,6,7
571,6,9
571,6,11
571,6,12
571,6,14
571,6,17
571,6,18
571,7,9
571,7,11
571,7,12
571,7,14
571,7,17
571,7,18
571,8,11
571,9,11
571,9,17
571,9,18
571,10,15
571,10,19
571,11,17
571,12,14
571,12,17
571,12,18
571,14,17
571,14,18
571,15,19
571,17,18
572,0,4
572,0,10
572,0,15
572,0,18
572,0,19
572,1,16
572,2,6
572,2,7
572,2,8
572,2,9
572,2,11
572,2,17
572,4,6
572,4,7
572,4,9
572,4,11
572,4,12
572,4,14
572,4,17
572,4,18
572,5,10
572,5,19
572,6,7
572,6,9
572,6,11
572,6,12
572,6,14
572,6,17
572,6,18
572,7,9
572,7,11
572,7,12
572,7,14
572,7,17
572,7,18
572,8,9
572,8,11
572,9,11
572,9,17
572,9,18
572,10,15
572,10,19
572,11,17
572,12,14
572,12,17
572,12,18
572,14,17
572,14,18
572,15,19
572,17,18
573,0,4
573,0,10
573,0,15
573,0,18
573,1,16
573,2,6
573,2,7
573,2,8
573,2,9
573,2,11
573,2,17
573,4,6
573,4,7
573,4,9
573,4,11
573,4,12
573,4,14
573,4,17
573,4,18
573,5,10
573,5,19
573,6,7
573,6,9
573,6,11
573,6,12
573,6,14
573,6,17
573,6,18
573,7,9
573,7,11
573,7,12
573,7,14
573,7,17
573,7,18
573,8,9
573,8,11
573,9,11
573,9,17
573,9,18
573,10,15
573,10,19
573,11,17
573,12,14
573,12,17
573,12,18
573,14,17
573,14,18
573,15,19
573,17,18
574,0,4
574,0,7
574,0,10
574,0,15
574,0,18
574,1,16
574,2,6
574,2,8
574,2,9
574,2,11
574,2,17
574,4,6
574,4,7
574,4,9
574,4,11
574,4,12
574,4,14
574,4,17
574,4,18
574,5,10
574,5,19
574,6,7
574,6,9
574,6,11
574,6,12
574,6,14
574,6,17
574,6,18
574,7,9
574,7,11
574,7,12
574,7,14
574,7,17
574,7,18
574,8,9
574,8,11
574,9,11
574,9,17
574,9,18
574,10,15
574,10,19
574,11,17
574,12,14
574,12,17
574,12,18
574,14,17
574,14,18
574,15,19
574,17,18
575,0,4
575,0,7
575,0,10
575,0,15
575,0,18
575,1,16
575,2,6
575,2,8
575,2,9
575,2,11
575,2,17
575,3,9
575,4,6
575,4,7
575,4,9
575,4,11
575,4,12
575,4,14
575,4,17
575,4,18
575,5,10
575,5,19
575,6,7
575,6,9
575,6,11
575,6,12
575,6,14
575,6,17
575,6,18
575,7,9
575,7,11
575,7,12
575,7,14
575,7,17
575,7,18
575,8,9
575,8,11
575,9,11
575,9,17
575,9,18
575,10,15
575,10,19
575,11,17
575,11,18
575,12,14
575,12,17
575,12,18
575,14,17
575,14,18
575,15,19
575,17,18
576,0,4
576,0,7
576,0,10
576,0,15
576,0,18
576,1,16
576,2,6
576,2,8
576,2,9
576,2,11
576,2,17
576,3,9
576,4,6
576,4,7
576,4,9
576,4,11
576,4,12
576,4,14
576,4,17
576,4,18
576,5,10
576,5,15
576,5,19
576,6,7
576,6,9
576,6,11
576,6,12
576,6,14
576,6,17
576,6,18
576,7,9
576,7,11
576,7,12
576,7,14
576,7,17
576,7,18
576,8,9
576,8,11
576,9,11
576,9,17
576,10,15
576,10,19
576,11,17
576,11,18
576,12,14
576,12,17
576,12,18
576,14,17
576,14,18
576,15,19
576,17,18
577,0,4
577,0,7
577,0,10
577,0,15
577,0,18
577,1,16
577,2,6
577,2,8
577,2,9
577,2,11
577,2,17
577,3,9
577,4,6
577,4,7
577,4,9
577,4,11
577,4,12
577,4,14
577,4,17
577,4,18
577,5,10
577,5,15
577,5,19
577,6,7
577,6,11
577,6,12
577,6,14
577,6,17
577,6,18
577,7,9
577,7,11
577,7,12
577,7,14
577,7,17
577,7,18
577,8,9
577,8,11
577,9,11
577,9,17
577,10,15
577,10,18
577,10,19
577,11,17
577,11,18
577,12,14
577,12,17
577,12,18
577,14,17
577,14,18
577,15,18
577,15,19
577,17,18
578,0,4
578,0,7
578,0,10
578,0,15
578,0,18
578,1,16
578,2,6
578,2,8
578,2,9
578,2,11
578,2,17
578,3,9
578,4,6
578,4,7
578,4,9
578,4,11
578,4,12
578,4,14
578,4,17
578,4,18
578,5,10
578,5,15
578,5,19
578,6,7
578,6,11
578,6,12
578,6,14
578,6,17
578,6,18
578,7,9
578,7,11
578,7,12
578,7,14
578,7,17
578,7,18
578,8,9
578,8,11
578,9,11
578,9,17
578,10,15
578,10,18
578,10,19
578,11,17
578,11,18
578,12,14
578,12,17
578,12,18
578,14,17
578,14,18
578,15,18
578,15,19
578,17,18
579,0,4
579,0,7
579,0,10
579,0,15
579,0,18
579,1,16
579,2,6
579,2,8
579,2,9
579,2,11
579,2,17
579,3,9
579,3,11
579,4,6
579,4,7
579,4,9
579,4,11
579,4,12
579,4,14
579,4,17
579,4,18
579,5,10
579,5,15
579,5,19
579,6,7
579,6,11
579,6,12
579,6,14
579,6,17
579,6,18
579,7,9
579,7,11
579,7,12
579,7,14
579,7,17
579,7,18
579,8,9
579,8,11
579,9,11
579,9,17
579,10,15
579,10,18
579,10,19
579,11,17
579,11,18
579,12,14
579,12,17
579,12,18
579,14,17
579,14,18
579,15,18
579,15,19
579,17,18
580,0,4
580,0,7
580,0,10
580,0,15
580,0,18
580,1,16
580,2,6
580,2,8
580,2,9
580,2,11
580,2,17
580,3,9
580,3,11
580,4,6
580,4,7
580,4,9
580,4,11
580,4,12
580,4,14
580,4,17
580,4,18
580,5,10
580,5,15
580,5,19
580,6,7
580,6,11
580,6,12
580,6,14
580,6,17
580,6,18
580,7,9
580,7,11
580,7,12
580,7,14
580,7,17
580,7,18
580,8,9
580,8,11
580,9,11
580,9,17
580,10,15
580,10,18
580,10,19
580,11,17
580,11,18
580,12,14
580,12,17
580,12,18
580,14,17
580,14,18
580,15,18
580,15,19
580,17,18
581,0,4
581,0,7
581,0,10
581,0,15
581,0,18
581,1,16
581,2,6
581,2,8
581,2,9
581,2,11
581,2,17
581,3,9
581,3,11
581,4,6
581,4,7
581,4,9
581,4,11
581,4,12
581,4,14
581,4,17
581,4,18
581,5,10
581,5,15
581,5,19
581,6,7
581,6,11
581,6,12
581,6,14
581,6,17
581,6,18
581,7,9
581,7,11
581,7,12
581,7,14
581,7,17
581,7,18
581,8,9
581,8,11
581,9,11
581,9,17
581,10,15
581,10,18
581,10,19
581,11,17
581,11,18
581,12,14
581,12,17
581,12,18
581,14,17
581,14,18
581,15,18
581,15,19
581,17,18
582,0,4
582,0,7
582,0,10
582,0,15
582,0,18
582,1,16
582,2,6
582,2,8
582,2,9
582,2,11
582,2,17
582,3,9
582,3,11
582,4,6
582,4,7
582,4,9
582,4,11
582,4,12
582,4,14
582,4,15
582,4,17
582,4,18
582,5,10
582,5,15
582,5,19
582,6,7
582,6,11
582,6,12
582,6,14
582,6,17
582,6,18
582,7,9
582,7,11
582,7,12
582,7,14
582,7,17
582,7,18
582,8,9
582,8,11
582,9,11
582,9,17
582,10,15
582,10,18
582,10,19
582,11,17
582,11,18
582,12,14
582,12,17
582,12,18
582,14,17
582,14,18
582,15,18
582,15,19
582,17,18
583,0,4
583,0,7
583,0,10
583,0,12
583,0,15
583,0,18
583,1,16
583,2,6
583,2,8
583,2,9
583,2,11
583,2,17
583,3,9
583,3,11
583,4,6
583,4,7
583,4,9
583,4,11
583,4,12
583,4,14
583,4,15
583,4,17
583,4,18
583,5,10
583,5,15
583,5,19
583,6,7
583,6,11
583,6,12
583,6,14
583,6,17
583,6,18
583,7,9
583,7,11
583,7,12
583,7,14
583,7,17
583,7,18
583,8,9
583,8,11
583,9,11
583,9,17
583,10,15
583,10,18
583,10,19
583,11,17
583,11,18
583,12,14
583,12,17
583,12,18
583,14,17
583,14,18
583,15,18
583,15,19
583,17,18
584,0,4
584,0,7
584,0,10
584,0,12
584,0,15
584,0,18
584,1,16
584,2,6
584,2,8
584,2,9
584,2,11
584,2,17
584,3,9
584,3,11
584,4,6
584,4,7
584,4,9
584,4,11
584,4,12
584,4,14
584,4,15
584,4,17
584,4,18
584,5,10
584,5,15
584,5,19
584,6,7
584,6,11
584,6,12
584,6,14
584,6,17
584,7,11
584,7,12
584,7,14
584,7,17
584,7,18
584,8,9
584,8,11
584,9,11
584,9,17
584,10,15
584,10,18
584,10,19
584,11,17
584,11,18
584,12,14
584,12,17
584,12,18
584,14,17
584,14,18
584,15,18
584,15,19
584,17,18
585,0,4
585,0,7
585,0,10
585,0,12
585,0,15
585,0,17
585,0,18
585,1,16
585,2,6
585,2,8
585,2,9
585,2,11
585,2,17
585,3,9
585,3,11
585,4,6
585,4,7
585,4,9
585,4,10
585,4,11
585,4,12
585,4,14
585,4,15
585,4,17
585,4,18
585,5,10
585,5,15
585,5,19
585,6,7
585,6,11
585,6,12
585,6,14
585,6,17
585,7,11
585,7,12
585,7,14
585,7,17
585,7,18
585,8,9
585,8,11
585,9,11
585,9,17
585,10,15
585,10,18
585,10,19
585,11,17
585,11,18
585,12,14
585,12,17
585,12,18
585,14,17
585,14,18
585,15,18
585,15,19
585,17,18
586,0,4
586,0,7
586,0,10
586,0,11
586,0,12
586,0,15
586,0,17
586,0,18
586,1,16
586,2,6
586,2,8
586,2,9
586,2,11
586,2,17
586,3,9
586,3,11
586,4,6
586,4,7
586,4,10
586,4,11
586,4,12
586,4,14
586,4,15
586,4,17
586,4,18
586,5,10
586,5,15
586,5,19
586,6,7
586,6,11
586,6,12
586,6,14
586,6,17
586,7,11
586,7,12
586,7,14
586,7,17
586,7,18
586,8,9
586,8,11
586,9,11
586,9,17
586,10,15
586,10,18
586,10,19
586,11,12
586,11,17
586,11,18
586,12,14
586,12,17
586,12,18
586,14,17
586,14,18
586,15,18
586,15,19
586,17,18
587,0,4
587,0,7
587,0,10
587,0,11
587,0,12
587,0,15
587,0,17
587,0,18
587,1,16
587,2,6
587,2,8
587,2,9
587,2,11
587,2,17
587,3,9
587,3,11
587,4,6
587,4,7
587,4,10
587,4,11
587,4,12
587,4,14
587,4,15
587,4,17
587,4,18
587,5,10
587,5,15
587,5,19
587,6,7
587,6,11
587,6,12
587,6,14
587,6,17
587,7,11
587,7,12
587,7,14
587,7,17
587,7,18
587,8,9
587,8,11
587,9,11
587,9,17
587,10,15
587,10,18
587,10,19
587,11,12
587,11,17
587,11,18
587,12,14
587,12,17
587,12,18
587,14,17
587,14,18
587,15,18
587,15,19
587,17,18
588,0,4
588,0,7
588,0,10
588,0,11
588,0,12
588,0,15
588,0,17
588,0,18
588,1,16
588,2,6
588,2,8
588,2,9
588,2,11
588,2,17
588,3,9
588,3,11
588,4,6
588,4,7
588,4,10
588,4,11
588,4,12
588,4,14
588,4,15
588,4,17
588,4,18
588,5,10
588,5,15
588,5,19
588,6,7
588,6,11
588,6,12
588,6,14
588,6,17
588,7,11
588,7,12
588,7,14
588,7,15
588,7,17
588,7,18
588,8,9
588,8,11
588,8,17
588,9,11
588,9,17
588,10,15
588,10,18
588,10,19
588,11,12
588,11,17
588,11,18
588,12,14
588,12,17
588,12,18
588,14,17
588,14,18
588,15,18
588,15,19
588,17,18
589,0,4
589,0,7
589,0,10
589,0,11
589,0,12
589,0,15
589,0,17
589,0,18
589,1,16
589,2,6
589,2,8
589,2,9
589,2,11
589,2,17
589,3,9
589,3,11
589,4,6
589,4,7
589,4,10
589,4,11
589,4,12
589,4,14
589,4,15
589,4,17
589,4,18
589,5,10
589,5,15
589,5,19
589,6,7
589,6,11
589,6,12
589,6,14
589,6,17
589,7,10
589,7,11
589,7,12
589,7,14
589,7,15
589,7,17
589,7,18
589,8,9
589,8,11
589,8,17
589,9,11
589,9,17
589,10,15
589,10,18
589,10,19
589,11,12
589,11,14
589,11,17
589,11,18
589,12,14
589,12,17
589,12,18
589,14,17
589,14,18
589,15,18
589,15,19
589,17,18
590,0,4
590,0,7
590,0,10
590,0,11
590,0,12
590,0,15
590,0,17
590,0,18
590,1,16
590,2,6
590,2,8
590,2,9
590,2,11
590,2,17
590,3,9
590,3,11
590,4,6
590,4,7
590,4,10
590,4,11
590,4,12
590,4,14
590,4,15
590,4,17
590,4,18
590,5,10
590,5,15
590,5,19
590,6,7
590,6,11
590,6,12
590,6,14
590,6,17
590,7,10
590,7,11
590,7,12
590,7,14
590,7,15
590,7,17
590,7,18
590,8,9
590,8,11
590,8,17
590,9,11
590,9,17
590,10,15
590,10,18
590,10,19
590,11,12
590,11,14
590,11,17
590,11,18
590,12,14
590,12,17
590,12,18
590,14,17
590,14,18
590,15,18
590,15,19
590,17,18
591,0,4
591,0,7
591,0,10
591,0,11
591,0,12
591,0,15
591,0,17
591,0,18
591,1,16
591,2,6
591,2,8
591,2,9
591,2,11
591,2,17
591,3,9
591,3,11
591,4,6
591,4,7
591,4,10
591,4,11
591,4,12
591,4,14
591,4,15
591,4,17
591,4,18
591,5,10
591,5,15
591,5,19
591,6,7
591,6,8
591,6,11
591,6,12
591,6,14
591,6,17
591,7,10
591,7,11
591,7,12
591,7,14
591,7,15
591,7,17
591,7,18
591,8,9
591,8,11
591,8,17
591,9,11
591,9,17
591,10,15
591,10,18
591,10,19
591,11,12
591,11,14
591,11,17
591,11,18
591,12,14
591,12,17
591,12,18
591,14,17
591,14,18
591,15,18
591,15,19
591,17,18
592,0,4
592,0,7
592,0,10
592,0,11
592,0,12
592,0,15
592,0,17
592,0,18
592,1,16
592,2,6
592,2,8
592,2,9
592,2,11
592,2,17
592,3,9
592,3,11
592,4,7
592,4,10
592,4,11
592,4,12
592,4,14
592,4,15
592,4,17
592,4,18
592,5,10
592,5,15
592,5,19
592,6,7
592,6,8
592,6,11
592,6,12
592,6,14
592,6,17
592,7,10
592,7,11
592,7,12
592,7,14
592,7,15
592,7,17
592,7,18
592,8,9
592,8,11
592,8,17
592,9,11
592,9,17
592,10,15
592,10,18
592,10,19
592,11,12
592,11,14
592,11,17
592,11,18
592,12,14
592,12,17
592,12,18
592,14,17
592,14,18
592,15,18
592,17,18
593,0,4
593,0,7
593,0,10
593,0,11
593,0,12
593,0,15
593,0,17
593,0,18
593,1,16
593,2,6
593,2,8
593,2,9
593,2,11
593,2,17
593,3,9
593,3,11
593,4,7
593,4,10
593,4,11
593,4,12
593,4,14
593,4,15
593,4,17
593,4,18
593,5,10
593,5,15
593,5,19
593,6,7
593,6,8
593,6,11
593,6,12
593,6,14
593,6,17
593,7,10
593,7,11
593,7,12
593,7,14
593,7,15
593,7,17
593,7,18
593,8,9
593,8,11
593,8,17
593,9,11
593,9,17
593,10,15
593,10,18
593,10,19
593,11,12
593,11,14
593,11,17
593,11,18
593,12,14
593,12,17
593,12,18
593,14,17
593,14,18
593,15,18
593,17,18
594,0,3
594,0,4
594,0,7
594,0,10
594,0,11
594,0,12
594,0,15
594,0,17
594,0,18
594,1,16
594,2,6
594,2,8
594,2,9
594,2,11
594,2,17
594,3,9
594,3,11
594,4,7
594,4,10
594,4,11
594,4,12
594,4,14
594,4,15
594,4,17
594,4,18
594,5,10
594,5,15
594,5,19
594,6,7
594,6,8
594,6,11
594,6,12
594,6,14
594,6,17
594,7,10
594,7,11
594,7,12
594,7,14
594,7,15
594,7,17
594,7,18
594,8,9
594,8,11
594,8,17
594,9,11
594,9,17
594,10,15
594,10,18
594,11,12
594,11,14
594,11,17
594,11,18
594,12,14
594,12,17
594,12,18
594,14,17
594,14,18
594,15,18
594,17,18
595,0,3
595,0,4
595,0,7
595,0,10
595,0,11
595,0,12
595,0,15
595,0,17
595,0,18
595,1,16
595,2,6
595,2,8
595,2,9
595,2,11
595,2,17
595,3,9
595,3,11
595,4,7
595,4,10
595,4,11
595,4,12
595,4,14
595,4,15
595,4,17
595,4,18
595,5,10
595,5,15
595,5,19
595,6,8
595,6,11
595,6,12
595,6,14
595,6,17
595,7,10
595,7,11
595,7,12
595,7,14
595,7,15
595,7,17
595,7,18
595,8,9
595,8,11
595,8,17
595,9,11
595,9,17
595,10,12
595,10,15
595,10,18
595,11,12
595,11,14
595,11,17
595,11,18
595,12,14
595,12,17
595,12,18
595,14,17
595,14,18
595,15,18
595,17,18
596,0,3
596,0,4
596,0,7
596,0,10
596,0,11
596,0,12
596,0,15
596,0,17
596,0,18
596,1,16
596,2,6
596,2,8
596,2,9
596,2,11
596,2,17
596,3,9
596,3,11
596,3,17
596,4,7
596,4,10
596,4,11
596,4,12
596,4,14
596,4,15
596,4,17
596,4,18
596,5,10
596,5,15
596,5,19
596,6,8
596,6,11
596,6,12
596,6,14
596,6,17
596,7,10
596,7,11
596,7,12
596,7,14
596,7,15
596,7,17
596,7,18
596,8,9
596,8,11
596,8,17
596,9,11
596,9,17
596,10,12
596,10,15
596,10,18
596,11,12
596,11,14
596,11,17
596,11,18
596,12,14
596,12,17
596,12,18
596,14,17
596,14,18
596,15,18
596,17,18
597,0,3
597,0,4
597,0,7
597,0,10
597,0,11
597,0,12
597,0,15
597,0,17
597,0,18
597,1,16
597,2,6
597,2,8
597,2,9
597,2,17
597,3,9
597,3,11
597,3,17
597,4,7
597,4,10
597,4,11
597,4,12
597,4,14
597,4,15
597,4,17
597,4,18
597,5,10
597,5,15
597,5,19
597,6,8
597,6,11
597,6,12
597,6,14
597,6,17
597,7,10
597,7,11
597,7,12
597,7,14
597,7,15
597,7,17
597,7,18
597,8,9
597,8,11
597,8,17
597,9,11
597,9,17
597,10,12
597,10,15
597,10,18
597,11,12
597,11,14
597,11,17
597,11,18
597,12,14
597,12,17
597,12,18
597,14,17
597,14,18
597,15,18
597,17,18
598,0,3
598,0,4
598,0,7
598,0,10
598,0,11
598,0,12
598,0,15
598,0,17
598,0,18
598,1,16
598,2,6
598,2,8
598,2,9
598,2,17
598,3,9
598,3,11
598,3,17
598,4,7
598,4,10
598,4,11
598,4,12
598,4,14
598,4,15
598,4,17
598,4,18
598,5,10
598,5,15
598,5,19
598,6,8
598,6,11
598,6,12
598,6,14
598,6,17
598,7,10
598,7,11
598,7,12
598,7,14
598,7,15
598,7,17
598,7,18
598,8,9
598,8,11
598,8,17
598,9,11
598,9,17
598,10,12
598,10,15
598,10,18
598,11,12
598,11,14
598,11,17
598,11,18
598,12,14
598,12,17
598,12,18
598,14,17
598,14,18
598,15,18
598,17,18
599,0,3
599,0,4
599,0,7
599,0,10
599,0,11
599,0,12
599,0,15
599,0,17
599,0,18
599,1,16
599,2,6
599,2,8
599,2,9
599,2,17
599,3,4
599,3,9
599,3,11
599,3,17
599,4,7
599,4,10
599,4,11
599,4,12
599,4,14
599,4,15
599,4,17
599,4,18
599,5,10
599,5,15
599,5,19
599,6,8
599,6,11
599,6,12
599,6,14
599,6,17
599,7,10
599,7,11
599,7,12
599,7,14
599,7,15
599,7,17
599,7,18
599,8,9
599,8,11
599,8,17
599,9,11
599,9,17
599,10,12
599,10,15
599,10,18
599,11,12
599,11,14
599,11,17
599,11,18
599,12,14
599,12,17
599,12,18
599,14,17
599,14,18
599,15,18
599,17,18
600,0,3
600,0,4
600,0,7
600,0,10
600,0,11
600,0,12
600,0,17
600,0,18
600,1,16
600,2,6
600,2,8
600,2,9
600,2,17
600,3,4
600,3,9
600,3,11
600,3,17
600,4,7
600,4,10
600,4,11
600,4,12
600,4,14
600,4,15
600,4,17
600,4,18
600,5,10
600,5,15
600,5,19
600,6,8
600,6,11
600,6,12
600,6,14
600,6,17
600,7,10
600,7,11
600,7,12
600,7,14
600,7,15
600,7,17
600,7,18
600,8,9
600,8,11
600,8,17
600,9,11
600,9,17
600,10,12
600,10,15
600,10,18
600,11,12
600,11,14
600,11,17
600,11,18
600,12,14
600,12,17
600,12,18
600,14,17
600,14,18
600,15,18
600,17,18
601,0,3
601,0,4
601,0,7
601,0,10
601,0,11
601,0,12
601,0,17
601,0,18
601,1,16
601,2,6
601,2,8
601,2,9
601,2,17
601,3,4
601,3,9
601,3,11
601,3,17
601,4,7
601,4,10
601,4,11
601,4,12
601,4,14
601,4,15
601,4,17
601,4,18
601,5,10
601,5,15
601,5,19
601,6,8
601,6,11
601,6,12
601,6,14
601,6,17
601,7,10
601,7,11
601,7,12
601,7,14
601,7,15
601,7,17
601,7,18
601,8,9
601,8,11
601,8,17
601,9,11
601,9,17
601,10,12
601,10,15
601,10,18
601,11,12
601,11,14
601,11,17
601,11,18
601,12,14
601,12,17
601,12,18
601,14,17
601,14,18
601,15,18
601,17,18
602,0,3
602,0,4
602,0,7
602,0,10
602,0,11
602,0,12
602,0,17
602,0,18
602,1,16
602,2,6
602,2,8
602,2,9
602,2,17
602,3,4
602,3,9
602,3,11
602,3,17
602,4,7
602,4,10
602,4,11
602,4,12
602,4,14
602,4,17
602,4,18
602,5,10
602,5,15
602,5,19
602,6,8
602,6,11
602,6,14
602,6,17
602,7,10
602,7,11
602,7,12
602,7,14
602,7,15
602,7,17
602,7,18
602,8,9
602,8,17
602,9,17
602,10,12
602,10,15
602,10,18
602,11,12
602,11,14
602,11,17
602,11,18
602,12,14
602,12,17
602,12,18
602,14,17
602,14,18
602,15,18
602,17,18
603,0,3
603,0,4
603,0,7
603,0,10
603,0,11
603,0,12
603,0,17
603,0,18
603,1,16
603,2,6
603,2,8
603,2,9
603,2,17
603,3,4
603,3,9
603,3,11
603,3,17
603,4,7
603,4,10
603,4,11
603,4,12
603,4,14
603,4,17
603,4,18
603,5,10
603,5,15
603,5,19
603,6,8
603,6,11
603,6,14
603,6,17
603,7,10
603,7,11
603,7,12
603,7,14
603,7,15
603,7,17
603,7,18
603,8,9
603,8,17
603,9,17
603,10,12
603,10,15
603,10,18
603,11,12
603,11,14
603,11,17
603,11,18
603,12,14
603,12,17
603,12,18
603,14,17
603,14,18
603,15,18
603,17,18
604,0,3
604,0,4
604,0,7
604,0,10
604,0,11
604,0,12
604,0,17
604,0,18
604,1,16
604,2,6
604,2,8
604,2,9
604,2,17
604,3,4
604,3,9
604,3,11
604,3,17
604,4,7
604,4,10
604,4,11
604,4,12
604,4,14
604,4,17
604,4,18
604,5,10
604,5,15
604,5,18
604,5,19
604,6,8
604,6,14
604,6,17
604,7,10
604,7,11
604,7,12
604,7,14
604,7,15
604,7,17
604,7,18
604,8,9
604,8,17
604,9,17
604,10,12
604,10,15
604,10,18
604,11,12
604,11,14
604,11,17
604,11,18
604,12,14
604,12,17
604,12,18
604,14,17
604,15,18
604,17,18
605,0,3
605,0,4
605,0,7
605,0,10
605,0,11
605,0,12
605,0,17
605,0,18
605,1,16
605,2,6
605,2,8
605,2,9
605,2,17
605,3,4
605,3,9
605,3,11
605,3,17
605,4,7
605,4,10
605,4,11
605,4,12
605,4,14
605,4,17
605,4,18
605,5,10
605,5,15
605,5,18
605,5,19
605,6,8
605,6,14
605,6,17
605,7,10
605,7,11
605,7,12
605,7,14
605,7,15
605,7,17
605,7,18
605,8,9
605,8,17
605,9,17
605,10,11
605,10,12
605,10,15
605,10,18
605,11,12
605,11,14
605,11,17
605,11,18
605,12,14
605,12,17
605,12,18
605,14,17
605,15,18
605,17,18
606,0,3
606,0,4
606,0,7
606,0,10
606,0,11
606,0,12
606,0,17
606,0,18
606,1,13
606,1,16
606,2,6
606,2,8
606,2,9
606,2,17
606,3,4
606,3,9
606,3,11
606,3,17
606,4,7
606,4,10
606,4,11
606,4,12
606,4,14
606,4,17
606,4,18
606,5,10
606,5,15
606,5,18
606,5,19
606,6,8
606,6,14
606,6,17
606,7,10
606,7,11
606,7,12
606,7,14
606,7,15
606,7,17
606,7,18
606,8,17
606,9,17
606,10,11
606,10,12
606,10,15
606,10,18
606,11,12
606,11,14
606,11,17
606,11,18
606,12,14
606,12,17
606,12,18
606,15,18
606,17,18
607,0,3
607,0,4
607,0,7
607,0,10
607,0,11
607,0,12
607,0,17
607,0,18
607,1,13
607,1,16
607,2,6
607,2,8
607,2,9
607,2,17
607,3,4
607,3,9
607,3,11
607,3,12
607,3,17
607,4,7
607,4,10
607,4,11
607,4,12
607,4,14
607,4,17
607,4,18
607,5,10
607,5,15
607,5,18
607,5,19
607,6,8
607,6,14
607,6,17
607,7,10
607,7,11
607,7,12
607,7,14
607,7,15
607,7,17
607,7,18
607,8,17
607,9,17
607,10,11
607,10,12
607,10,15
607,10,18
607,11,12
607,11,14
607,11,17
607,11,18
607,12,14
607,12,17
607,12,18
607,17,18
608,0,3
608,0,4
608,0,7
608,0,10
608,0,11
608,0,12
608,0,17
608,0,18
608,1,13
608,1,16
608,2,6
608,2,8
608,2,9
608,2,17
608,3,4
608,3,9
608,3,11
608,3,12
608,3,17
608,4,7
608,4,10
608,4,11
608,4,12
608,4,14
608,4,17
608,4,18
608,5,10
608,5,15
608,5,18
608,5,19
608,6,8
608,6,14
608,7,10
608,7,11
608,7,12
608,7,14
608,7,15
608,7,17
608,7,18
608,8,17
608,9,17
608,10,11
608,10,12
608,10,15
608,10,18
608,11,12
608,11,14
608,11,17
608,11,18
608,12,14
608,12,17
608,12,18
608,17,18
609,0,3
609,0,4
609,0,7
609,0,10
609,0,11
609,0,12
609,0,17
609,0,18
609,1,13
609,1,16
609,2,6
609,2,8
609,2,9
609,2,17
609,3,4
609,3,9
609,3,11
609,3,12
609,3,17
609,4,7
609,4,10
609,4,11
609,4,12
609,4,14
609,4,17
609,4,18
609,5,10
609,5,15
609,5,18
609,5,19
609,6,8
609,6,14
609,7,10
609,7,11
609,7,12
609,7,14
609,7,15
609,7,17
609,7,18
609,9,17
609,10,11
609,10,12
609,10,15
609,10,18
609,11,12
609,11,14
609,11,17
609,11,18
609,12,14
609,12,17
609,12,18
609,17,18
610,0,3
610,0,4
610,0,7
610,0,10
610,0,11
610,0,12
610,0,17
610,0,18
610,1,13
610,1,16
610,2,6
610,2,8
610,2,9
610,3,4
610,3,9
610,3,11
610,3,12
610,3,17
610,4,7
610,4,10
610,4,11
610,4,12
610,4,14
610,4,17
610,4,18
610,5,10
610,5,15
610,5,18
610,5,19
610,6,8
610,7,10
610,7,11
610,7,12
610,7,14
610,7,17
610,7,18
610,9,17
610,10,11
610,10,12
610,10,15
610,10,18
610,11,12
610,11,14
610,11,17
610,11,18
610,12,14
610,12,17
610,12,18
610,17,18
611,0,3
611,0,4
611,0,7
611,0,10
611,0,11
611,0,12
611,0,17
611,0,18
611,1,13
611,1,16
611,2,6
611,2,8
611,2,9
611,3,4
611,3,9
611,3,11
611,3,12
611,3,17
611,4,7
611,4,10
611,4,11
611,4,12
611,4,14
611,4,17
611,4,18
611,5,7
611,5,10
611,5,15
611,5,18
611,5,19
611,6,8
611,7,10
611,7,11
611,7,12
611,7,14
611,7,17
611,7,18
611,9,17
611,10,11
611,10,12
611,10,14
611,10,15
611,10,18
611,11,12
611,11,14
611,11,17
611,11,18
611,12,14
611,12,17
611,12,18
611,17,18
612,0,3
612,0,4
612,0,7
612,0,10
612,0,11
612,0,12
612,0,17
612,0,18
612,1,13
612,1,16
612,2,6
612,2,8
612,2,9
612,3,4
612,3,9
612,3,11
612,3,12
612,3,17
612,4,7
612,4,10
612,4,11
612,4,12
612,4,14
612,4,17
612,4,18
612,5,7
612,5,10
612,5,18
612,5,19
612,6,8
612,7,10
612,7,11
612,7,12
612,7,14
612,7,17
612,7,18
612,9,17
612,10,11
612,10,12
612,10,14
612,10,15
612,10,18
612,11,12
612,11,14
612,11,17
612,11,18
612,12,14
612,12,17
612,12,18
612,17,18
613,0,3
613,0,4
613,0,7
613,0,10
613,0,11
613,0,12
613,0,17
613,0,18
613,1,13
613,1,16
613,2,6
613,2,8
613,2,9
613,3,4
613,3,9
613,3,11
613,3,12
613,3,17
613,4,7
613,4,10
613,4,11
613,4,12
613,4,14
613,4,17
613,4,18
613,5,7
613,5,10
613,5,18
613,5,19
613,6,8
613,7,10
613,7,11
613,7,12
613,7,14
613,7,17
613,7,18
613,9,17
613,10,11
613,10,12
613,10,14
613,10,15
613,10,18
613,11,12
613,11,14
613,11,17
613,11,18
613,12,14
613,12,17
613,12,18
613,17,18
614,0,3
614,0,4
614,0,7
614,0,10
614,0,11
614,0,12
614,0,17
614,0,18
614,1,13
614,1,16
614,2,6
614,2,8
614,2,9
614,3,4
614,3,9
614,3,11
614,3,12
614,3,17
614,4,7
614,4,10
614,4,11
614,4,12
614,4,14
614,4,17
614,4,18
614,5,7
614,5,10
614,5,18
614,5,19
614,6,8
614,7,10
614,7,11
614,7,12
614,7,14
614,7,17
614,7,18
614,10,11
614,10,12
614,10,14
614,10,15
614,10,18
614,11,12
614,11,14
614,11,17
614,11,18
614,12,14
614,12,17
614,12,18
614,15,16
614,17,18
615,0,3
615,0,4
615,0,7
615,0,10
615,0,11
615,0,12
615,0,17
615,0,18
615,1,13
615,1,16
615,2,6
615,2,8
615,2,9
615,3,4
615,3,9
615,3,11
615,3,12
615,3,17
615,4,5
615,4,7
615,4,10
615,4,11
615,4,12
615,4,14
615,4,17
615,4,18
615,5,7
615,5,10
615,5,18
615,5,19
615,6,8
615,7,10
615,7,11
615,7,12
615,7,14
615,7,17
615,7,18
615,10,11
615,10,12
615,10,14
615,10,15
615,10,18
615,11,12
615,11,14
615,11,17
615,11,18
615,12,14
615,12,17
615,12,18
615,15,16
615,17,18
616,0,3
616,0,4
616,0,7
616,0,10
616,0,11
616,0,12
616,0,17
616,0,18
616,1,13
616,1,16
616,2,6
616,2,8
616,2,9
616,3,4
616,3,9
616,3,11
616,3,12
616,3,17
616,4,5
616,4,7
616,4,10
616,4,11
616,4,12
616,4,14
616,4,17
616,4,18
616,5,7
616,5,10
616,5,18
616,5,19
616,6,8
616,7,10
616,7,11
616,7,12
616,7,14
616,7,17
616,7,18
616,10,11
616,10,12
616,10,14
616,10,15
616,10,18
616,11,12
616,11,14
616,11,17
616,11,18
616,12,14
616,12,17
616,12,18
616,15,16
616,17,18
617,0,3
617,0,4
617,0,7
617,0,10
617,0,11
617,0,12
617,0,17
617,0,18
617,1,13
617,1,16
617,2,6
617,2,8
617,2,9
617,3,4
617,3,9
617,3,11
617,3,12
617,3,17
617,4,5
617,4,7
617,4,10
617,4,11
617,4,12
617,4,14
617,4,17
617,4,18
617,5,7
617,5,10
617,5,18
617,5,19
617,6,8
617,7,10
617,7,11
617,7,12
617,7,14
617,7,17
617,7,18
617,10,11
617,10,12
617,10,14
617,10,15
617,10,18
617,11,12
617,11,14
617,11,17
617,11,18
617,12,14
617,12,17
617,12,18
617,15,16
618,0,3
618,0,4
618,0,7
618,0,10
618,0,11
618,0,12
618,0,17
618,0,18
618,1,13
618,1,16
618,2,6
618,2,8
618,2,9
618,3,4
618,3,9
618,3,11
618,3,12
618,3,17
618,4,5
618,4,7
618,4,10
618,4,11
618,4,12
618,4,14
618,4,17
618,4,18
618,5,7
618,5,10
618,5,18
618,5,19
618,6,8
618,7,10
618,7,11
618,7,12
618,7,14
618,7,17
618,7,18
618,10,11
618,10,12
618,10,14
618,10,15
618,10,18
618,11,12
618,11,14
618,11,17
618,11,18
618,12,14
618,12,17
618,12,18
618,15,16
619,0,3
619,0,4
619,0,7
619,0,11
619,0,12
619,0,17
619,0,18
619,1,13
619,1,16
619,2,6
619,2,8
619,2,9
619,3,4
619,3,11
619,3,12
619,3,17
619,4,5
619,4,7
619,4,10
619,4,11
619,4,12
619,4,14
619,4,17
619,4,18
619,5,7
619,5,10
619,5,18
619,5,19
619,6,8
619,7,10
619,7,11
619,7,12
619,7,14
619,7,18
619,10,11
619,10,12
619,10,14
619,10,18
619,11,12
619,11,14
619,11,17
619,11,18
619,12,14
619,12,17
619,12,18
619,15,16
620,0,3
620,0,4
620,0,7
620,0,11
620,0,12
620,0,17
620,0,18
620,1,13
620,1,16
620,2,6
620,2,8
620,2,9
620,3,4
620,3,9
620,3,11
620,3,12
620,3,17
620,4,5
620,4,7
620,4,10
620,4,11
620,4,12
620,4,14
620,4,17
620,4,18
620,5,7
620,5,10
620,5,18
620,5,19
620,6,8
620,7,10
620,7,11
620,7,12
620,7,14
620,7,18
620,10,11
620,10,12
620,10,14
620,10,18
620,11,12
620,11,14
620,11,17
620,11,18
620,12,14
620,12,17
620,12,18
620,15,16
621,0,3
621,0,4
621,0,7
621,0,11
621,0,12
621,0,17
621,0,18
621,1,13
621,1,16
621,2,6
621,2,8
621,2,9
621,3,4
621,3,9
621,3,11
621,3,12
621,3,17
621,4,5
621,4,7
621,4,10
621,4,11
621,4,12
621,4,14
621,4,17
621,4,18
621,5,7
621,5,10
621,5,18
621,5,19
621,6,8
621,7,10
621,7,11
621,7,12
621,7,14
621,7,18
621,10,11
621,10,12
621,10,14
621,10,18
621,11,12
621,11,14
621,11,17
621,11,18
621,12,14
621,12,17
621,12,18
621,15,16
622,0,3
622,0,4
622,0,7
622,0,11
622,0,12
622,0,17
622,0,18
622,1,13
622,2,6
622,2,8
622,2,9
622,3,4
622,3,9
622,3,11
622,3,12
622,3,17
622,4,5
622,4,7
622,4,10
622,4,11
622,4,12
622,4,14
622,4,17
622,4,18
622,5,7
622,5,10
622,5,18
622,5,19
622,6,8
622,7,10
622,7,11
622,7,12
622,7,14
622,7,18
622,9,17
622,10,11
622,10,12
622,10,14
622,10,18
622,11,12
622,11,14
622,11,17
622,11,18
622,12,17
622,12,18
622,15,16
623,0,3
623,0,4
623,0,7
623,0,11
623,0,12
623,0,17
623,0,18
623,1,13
623,2,6
623,2,8
623,2,9
623,3,4
623,3,9
623,3,11
623,3,12
623,3,17
623,4,5
623,4,7
623,4,10
623,4,11
623,4,12
623,4,17
623,4,18
623,5,7
623,5,10
623,5,18
623,5,19
623,6,8
623,7,10
623,7,11
623,7,12
623,7,14
623,7,18
623,9,17
623,10,11
623,10,12
623,10,14
623,10,18
623,11,12
623,11,14
623,11,17
623,11,18
623,12,17
623,12,18
623,15,16
624,0,3
624,0,4
624,0,7
624,0,11
624,0,12
624,0,17
624,0,18
624,1,13
624,2,6
624,2,8
624,2,9
624,3,4
624,3,9
624,3,11
624,3,12
624,3,17
624,4,5
624,4,7
624,4,10
624,4,11
624,4,12
624,4,17
624,4,18
624,5,7
624,5,10
624,5,18
624,5,19
624,6,8
624,7,10
624,7,11
624,7,12
624,7,14
624,7,18
624,9,17
624,10,11
624,10,12
624,10,14
624,10,18
624,11,12
624,11,14
624,11,17
624,11,18
624,12,17
624,12,18
624,15,16
625,0,3
625,0,4
625,0,7
625,0,11
625,0,12
625,0,17
625,0,18
625,1,13
625,2,6
625,2,9
625,3,4
625,3,9
625,3,11
625,3,12
625,3,17
625,4,5
625,4,7
625,4,10
625,4,11
625,4,12
625,4,17
625,4,18
625,5,7
625,5,10
625,5,18
625,5,19
625,6,8
625,7,10
625,7,11
625,7,12
625,7,14
625,7,18
625,9,17
625,10,11
625,10,12
625,10,14
625,10,18
625,11,12
625,11,14
625,11,17
625,11,18
625,12,17
625,12,18
625,15,16
626,0,3
626,0,4
626,0,7
626,0,11
626,0,12
626,0,17
626,0,18
626,1,13
626,2,6
626,2,9
626,3,4
626,3,9
626,3,11
626,3,12
626,3,17
626,4,5
626,4,7
626,4,10
626,4,11
626,4,12
626,4,17
626,4,18
626,5,7
626,5,10
626,5,18
626,5,19
626,6,8
626,7,10
626,7,11
626,7,12
626,7,18
626,9,17
626,10,11
626,10,12
626,10,14
626,10,18
626,11,12
626,11,14
626,11,17
626,11,18
626,12,17
626,12,18
626,15,16
627,0,3
627,0,4
627,0,7
627,0,11
627,0,12
627,0,17
627,0,18
627,1,13
627,2,6
627,2,9
627,3,4
627,3,9
627,3,11
627,3,12
627,3,17
627,4,5
627,4,7
627,4,10
627,4,11
627,4,12
627,4,17
627,4,18
627,5,7
627,5,10
627,5,18
627,5,19
627,6,8
627,7,10
627,7,11
627,7,12
627,7,18
627,9,17
627,10,11
627,10,12
627,10,14
627,10,18
627,11,12
627,11,14
627,11,17
627,11,18
627,12,17
627,12,18
627,15,16
628,0,3
628,0,4
628,0,11
628,0,12
628,0,17
628,0,18
628,1,13
628,2,6
628,2,9
628,3,4
628,3,9
628,3,11
628,3,12
628,3,17
628,4,5
628,4,7
628,4,10
628,4,11
628,4,12
628,4,17
628,4,18
628,5,7
628,5,10
628,5,11
628,5,18
628,5,19
628,6,8
628,7,10
628,7,11
628,7,12
628,7,18
628,9,17
628,10,11
628,10,12
628,10,14
628,10,18
628,11,12
628,11,14
628,11,17
628,11,18
628,12,17
628,12,18
628,15,16
629,0,3
629,0,4
629,0,11
629,0,12
629,0,17
629,0,18
629,1,13
629,2,6
629,2,9
629,3,4
629,3,9
629,3,11
629,3,12
629,3,17
629,4,5
629,4,7
629,4,10
629,4,11
629,4,12
629,4,17
629,4,18
629,5,7
629,5,10
629,5,11
629,5,18
629,5,19
629,6,8
629,7,10
629,7,11
629,7,12
629,7,18
629,7,19
629,9,17
629,10,11
629,10,12
629,10,14
629,10,18
629,11,12
629,11,14
629,11,18
629,12,17
629,12,18
629,15,16
630,0,3
630,0,4
630,0,9
630,0,11
630,0,12
630,0,17
630,0,18
630,1,13
630,2,6
630,2,9
630,3,4
630,3,9
630,3,11
630,3,12
630,3,17
630,4,5
630,4,7
630,4,10
630,4,11
630,4,12
630,4,17
630,4,18
630,5,7
630,5,10
630,5,11
630,5,18
630,5,19
630,6,8
630,7,10
630,7,11
630,7,12
630,7,18
630,7,19
630,9,17
630,10,11
630,10,12
630,10,14
630,10,18
630,11,12
630,11,14
630,11,18
630,12,17
630,12,18
630,15,16
631,0,3
631,0,4
631,0,9
631,0,12
631,0,17
631,0,18
631,1,13
631,2,6
631,2,9
631,3,9
631,3,11
631,3,12
631,3,17
631,4,5
631,4,7
631,4,10
631,4,11
631,4,12
631,4,17
631,4,18
631,5,7
631,5,10
631,5,11
631,5,18
631,5,19
631,6,8
631,7,10
631,7,11
631,7,12
631,7,18
631,7,19
631,9,17
631,10,11
631,10,12
631,10,14
631,10,18
631,11,12
631,11,14
631,11,18
631,12,17
631,12,18
631,13,16
631,15,16
632,0,3
632,0,4
632,0,9
632,0,12
632,0,17
632,0,18
632,1,13
632,2,6
632,2,9
632,3,9
632,3,11
632,3,12
632,3,17
632,4,5
632,4,7
632,4,10
632,4,11
632,4,12
632,4,17
632,4,18
632,5,7
632,5,10
632,5,11
632,5,18
632,5,19
632,6,8
632,7,10
632,7,11
632,7,12
632,7,18
632,7,19
632,9,17
632,10,11
632,10,12
632,10,14
632,10,18
632,11,12
632,11,14
632,11,18
632,12,17
632,12,18
632,13,16
632,15,16
633,0,3
633,0,4
633,0,9
633,0,12
633,0,17
633,1,13
633,2,6
633,2,9
633,3,9
633,3,11
633,3,12
633,3,17
633,4,5
633,4,7
633,4,10
633,4,11
633,4,12
633,4,17
633,4,18
633,5,7
633,5,10
633,5,11
633,5,18
633,5,19
633,6,8
633,7,10
633,7,11
633,7,12
633,7,18
633,7,19
633,9,17
633,10,11
633,10,12
633,10,14
633,10,18
633,11,12
633,11,14
633,12,17
633,12,18
633,13,16
633,15,16
634,0,3
634,0,4
634,0,9
634,0,12
634,0,17
634,1,13
634,2,6
634,2,9
634,3,9
634,3,11
634,3,12
634,3,17
634,4,5
634,4,7
634,4,10
634,4,11
634,4,12
634,4,18
634,5,7
634,5,10
634,5,11
634,5,18
634,5,19
634,6,8
634,7,10
634,7,11
634,7,12
634,7,18
634,7,19
634,9,17
634,10,11
634,10,12
634,10,14
634,10,18
634,11,12
634,11,14
634,12,17
634,12,18
634,13,16
634,15,16
635,0,3
635,0,4
635,0,9
635,0,12
635,0,17
635,1,13
635,2,6
635,2,9
635,3,9
635,3,12
635,3,17
635,4,5
635,4,7
635,4,10
635,4,11
635,4,12
635,4,18
635,5,7
635,5,10
635,5,11
635,5,18
635,5,19
635,6,8
635,7,10
635,7,11
635,7,12
635,7,18
635,7,19
635,9,17
635,10,11
635,10,12
635,10,14
635,10,18
635,11,12
635,11,14
635,12,17
635,12,18
635,13,16
635,15,16
636,0,3
636,0,4
636,0,9
636,0,12
636,0,17
636,1,13
636,2,6
636,3,9
636,3,12
636,3,17
636,4,5
636,4,7
636,4,10
636,4,11
636,4,12
636,4,18
636,5,7
636,5,10
636,5,11
636,5,18
636,5,19
636,6,8
636,7,10
636,7,11
636,7,12
636,7,18
636,7,19
636,9,17
636,10,11
636,10,12
636,10,14
636,10,18
636,11,12
636,11,14
636,12,17
636,12,18
636,13,16
636,15,16
637,0,3
637,0,4
637,0,9
637,0,12
637,0,17
637,1,13
637,2,6
637,3,9
637,3,12
637,3,17
637,4,5
637,4,7
637,4,10
637,4,11
637,4,12
637,4,18
637,5,7
637,5,10
637,5,11
637,5,18
637,5,19
637,6,8
637,7,10
637,7,11
637,7,12
637,7,18
637,7,19
637,9,17
637,10,11
637,10,12
637,10,14
637,10,18
637,10,19
637,11,12
637,11,14
637,11,18
637,12,17
637,12,18
637,13,16
637,15,16
638,0,3
638,0,4
638,0,9
638,0,12
638,0,17
638,1,13
638,2,6
638,3,9
638,3,12
638,3,17
638,4,5
638,4,7
638,4,10
638,4,11
638,4,12
638,4,18
638,5,7
638,5,10
638,5,11
638,5,18
638,5,19
638,6,8
638,7,10
638,7,11
638,7,12
638,7,18
638,7,19
638,9,17
638,10,11
638,10,14
638,10,18
638,10,19
638,11,12
638,11,14
638,11,18
638,12,17
638,12,18
638,13,16
638,15,16
639,0,3
639,0,9
639,0,12
639,0,17
639,1,13
639,2,6
639,3,9
639,3,12
639,3,17
639,4,5
639,4,7
639,4,10
639,4,11
639,4,12
639,4,18
639,5,7
639,5,10
639,5,11
639,5,18
639,5,19
639,6,8
639,7,10
639,7,11
639,7,12
639,7,18
639,7,19
639,9,17
639,10,11
639,10,14
639,10,18
639,10,19
639,11,12
639,11,14
639,11,18
639,12,17
639,12,18
639,13,16
639,15,16
639,18,19
640,0,3
640,0,9
640,0,12
640,0,17
640,1,13
640,2,6
640,3,9
640,3,12
640,3,17
640,4,5
640,4,7
640,4,10
640,4,11
640,4,12
640,4,18
640,5,7
640,5,10
640,5,11
640,5,14
640,5,18
640,5,19
640,6,8
640,7,10
640,7,11
640,7,12
640,7,18
640,7,19
640,9,17
640,10,11
640,10,14
640,10,18
640,10,19
640,11,12
640,11,14
640,11,18
640,12,17
640,12,18
640,13,16
640,15,16
640,18,19
641,0,3
641,0,9
641,0,12
641,0,17
641,1,13
641,2,6
641,3,9
641,3,12
641,3,17
641,4,5
641,4,7
641,4,10
641,4,11
641,4,12
641,4,18
641,5,7
641,5,10
641,5,11
641,5,14
641,5,18
641,5,19
641,7,10
641,7,11
641,7,12
641,7,18
641,7,19
641,9,17
641,10,11
641,10,14
641,10,18
641,10,19
641,11,14
641,11,18
641,12,17
641,12,18
641,13,16
641,15,16
641,18,19
642,0,3
642,0,9
642,0,12
642,0,17
642,1,13
642,2,6
642,3,9
642,3,17
642,4,5
642,4,7
642,4,10
642,4,11
642,4,12
642,4,18
642,5,7
642,5,10
642,5,11
642,5,14
642,5,18
642,5,19
642,7,10
642,7,11
642,7,12
642,7,18
642,7,19
642,9,17
642,10,11
642,10,14
642,10,18
642,10,19
642,11,14
642,11,18
642,12,17
642,12,18
642,13,15
642,13,16
642,15,16
642,18,19
643,0,3
643,0,9
643,0,12
643,0,17
643,1,13
643,2,6
643,3,9
643,3,17
643,4,5
643,4,7
643,4,10
643,4,11
643,4,12
643,4,18
643,5,7
643,5,10
643,5,11
643,5,14
643,5,18
643,5,19
643,7,10
643,7,11
643,7,12
643,7,18
643,7,19
643,9,17
643,10,11
643,10,14
643,10,18
643,10,19
643,11,14
643,11,18
643,12,17
643,12,18
643,13,15
643,13,16
643,15,16
643,18,19
644,0,3
644,0,9
644,0,12
644,0,17
644,1,13
644,2,6
644,3,9
644,3,17
644,4,5
644,4,7
644,4,10
644,4,11
644,4,12
644,4,18
644,5,7
644,5,10
644,5,11
644,5,14
644,5,18
644,5,19
644,7,10
644,7,11
644,7,12
644,7,18
644,7,19
644,9,17
644,10,11
644,10,14
644,10,18
644,10,19
644,11,14
644,11,18
644,12,17
644,12,18
644,13,15
644,13,16
644,15,16
644,18,19
645,0,3
645,0,9
645,0,12
645,0,17
645,1,13
645,2,6
645,3,9
645,3,17
645,4,5
645,4,7
645,4,10
645,4,11
645,4,12
645,4,18
645,5,7
645,5,10
645,5,11
645,5,14
645,5,18
645,5,19
645,7,10
645,7,11
645,7,12
645,7,18
645,7,19
645,9,17
645,10,11
645,10,14
645,10,18
645,10,19
645,11,14
645,11,18
645,12,17
645,12,18
645,13,15
645,13,16
645,15,16
645,18,19
646,0,3
646,0,9
646,0,12
646,0,17
646,1,13
646,2,6
646,3,9
646,3,17
646,4,5
646,4,7
646,4,10
646,4,11
646,4,12
646,4,18
646,5,7
646,5,10
646,5,11
646,5,14
646,5,18
646,5,19
646,7,10
646,7,11
646,7,12
646,7,18
646,7,19
646,9,12
646,9,17
646,10,11
646,10,14
646,10,18
646,10,19
646,11,14
646,11,18
646,11,19
646,12,17
646,12,18
646,13,15
646,13,16
646,15,16
646,18,19
647,0,3
647,0,9
647,0,12
647,0,17
647,1,13
647,2,6
647,3,9
647,3,12
647,3,17
647,4,5
647,4,7
647,4,10
647,4,11
647,4,12
647,4,18
647,4,19
647,5,7
647,5,10
647,5,11
647,5,14
647,5,18
647,5,19
647,7,10
647,7,11
647,7,12
647,7,18
647,7,19
647,9,12
647,9,17
647,10,11
647,10,14
647,10,18
647,10,19
647,11,14
647,11,18
647,11,19
647,12,17
647,12,18
647,13,15
647,13,16
647,15,16
647,18,19
648,0,3
648,0,9
648,0,12
648,0,17
648,1,13
648,2,6
648,3,9
648,3,12
648,3,17
648,4,5
648,4,7
648,4,10
648,4,11
648,4,12
648,4,18
648,4,19
648,5,7
648,5,10
648,5,11
648,5,14
648,5,18
648,5,19
648,7,10
648,7,11
648,7,12
648,7,18
648,7,19
648,9,12
648,9,17
648,10,11
648,10,14
648,10,18
648,10,19
648,11,12
648,11,14
648,11,18
648,11,19
648,12,17
648,12,18
648,13,15
648,13,16
648,15,16
648,18,19
649,0,3
649,0,9
649,0,12
649,0,17
649,1,13
649,2,3
649,2,6
649,3,9
649,3,12
649,3,17
649,4,5
649,4,7
649,4,10
649,4,11
649,4,12
649,4,18
649,4,19
649,5,7
649,5,10
649,5,11
649,5,14
649,5,18
649,5,19
649,7,10
649,7,11
649,7,12
649,7,18
649,7,19
649,9,12
649,9,17
649,10,11
649,10,14
649,10,18
649,10,19
649,11,12
649,11,14
649,11,18
649,11,19
649,12,17
649,12,18
649,13,15
649,13,16
649,15,16
649,18,19
650,0,3
650,0,9
650,0,12
650,0,17
650,1,13
650,2,3
650,2,6
650,3,9
650,3,12
650,3,17
650,4,5
650,4,7
650,4,10
650,4,11
650,4,12
650,4,18
650,4,19
650,5,7
650,5,10
650,5,11
650,5,14
650,5,18
650,5,19
650,7,10
650,7,11
650,7,12
650,7,18
650,7,19
650,9,12
650,9,17
650,10,11
650,10,12
650,10,14
650,10,18
650,10,19
650,11,12
650,11,14
650,11,18
650,11,19
650,12,17
650,12,18
650,13,15
650,13,16
650,15,16
650,18,19
651,0,3
651,0,9
651,0,12
651,0,17
651,1,13
651,2,3
651,2,6
651,3,9
651,3,12
651,3,17
651,4,5
651,4,7
651,4,10
651,4,11
651,4,12
651,4,18
651,4,19
651,5,7
651,5,10
651,5,11
651,5,14
651,5,18
651,5,19
651,7,10
651,7,11
651,7,12
651,7,18
651,7,19
651,9,12
651,9,17
651,10,11
651,10,12
651,10,14
651,10,18
651,10,19
651,11,12
651,11,14
651,11,18
651,11,19
651,12,17
651,12,18
651,13,15
651,13,16
651,15,16
651,18,19
652,0,3
652,0,9
652,0,12
652,0,17
652,1,13
652,2,3
652,2,6
652,3,9
652,3,12
652,3,17
652,4,5
652,4,7
652,4,10
652,4,11
652,4,12
652,4,18
652,4,19
652,5,7
652,5,10
652,5,11
652,5,14
652,5,18
652,5,19
652,7,10
652,7,11
652,7,12
652,7,18
652,7,19
652,9,12
652,9,17
652,10,11
652,10,12
652,10,14
652,10,18
652,10,19
652,11,12
652,11,14
652,11,18
652,11,19
652,12,17
652,12,18
652,13,15
652,13,16
652,15,16
652,18,19
653,0,3
653,0,9
653,0,12
653,0,17
653,1,13
653,1,15
653,2,3
653,2,6
653,3,9
653,3,12
653,3,17
653,4,5
653,4,7
653,4,10
653,4,11
653,4,12
653,4,18
653,4,19
653,5,7
653,5,10
653,5,11
653,5,14
653,5,18
653,5,19
653,7,10
653,7,11
653,7,12
653,7,18
653,7,19
653,9,12
653,9,17
653,10,11
653,10,12
653,10,14
653,10,18
653,10,19
653,11,12
653,11,14
653,11,18
653,11,19
653,12,17
653,12,18
653,13,15
653,13,16
653,14,18
653,15,16
653,18,19
654,0,3
654,0,9
654,0,12
654,0,17
654,1,13
654,1,15
654,2,3
654,2,6
654,3,9
654,3,12
654,3,17
654,4,5
654,4,7
654,4,10
654,4,11
654,4,12
654,4,18
654,4,19
654,5,7
654,5,10
654,5,11
654,5,14
654,5,18
654,5,19
654,7,11
654,7,18
654,7,19
654,9,12
654,9,17
654,10,11
654,10,12
654,10,14
654,10,18
654,10,19
654,11,12
654,11,14
654,11,18
654,11,19
654,12,17
654,12,18
654,13,15
654,13,16
654,14,18
654,15,16
654,18,19
655,0,3
655,0,9
655,0,12
655,0,17
655,1,13
655,1,15
655,2,3
655,2,6
655,3,9
655,3,12
655,3,17
655,4,5
655,4,7
655,4,10
655,4,11
655,4,12
655,4,18
655,4,19
655,5,7
655,5,10
655,5,11
655,5,14
655,5,18
655,5,19
655,7,11
655,7,18
655,7,19
655,9,12
655,9,17
655,10,11
655,10,12
655,10,14
655,10,18
655,10,19
655,11,12
655,11,14
655,11,18
655,11,19
655,12,17
655,12,18
655,13,15
655,13,16
655,14,18
655,15,16
655,18,19
656,0,3
656,0,9
656,0,12
656,0,17
656,1,13
656,1,15
656,2,3
656,2,6
656,3,9
656,3,12
656,3,17
656,4,5
656,4,7
656,4,10
656,4,11
656,4,12
656,4,18
656,4,19
656,5,7
656,5,10
656,5,11
656,5,12
656,5,14
656,5,18
656,5,19
656,7,11
656,7,18
656,7,19
656,9,12
656,9,17
656,10,11
656,10,12
656,10,14
656,10,18
656,10,19
656,11,12
656,11,14
656,11,18
656,11,19
656,12,17
656,12,18
656,13,15
656,13,16
656,14,18
656,15,16
656,18,19
657,0,3
657,0,9
657,0,12
657,0,17
657,1,13
657,1,15
657,2,3
657,2,6
657,3,9
657,3,12
657,3,17
657,4,5
657,4,7
657,4,10
657,4,11
657,4,12
657,4,18
657,4,19
657,5,7
657,5,10
657,5,11
657,5,12
657,5,14
657,5,18
657,5,19
657,7,11
657,7,18
657,7,19
657,9,12
657,9,17
657,10,11
657,10,12
657,10,14
657,10,18
657,10,19
657,11,12
657,11,14
657,11,18
657,11,19
657,12,17
657,12,18
657,13,15
657,13,16
657,14,18
657,15,16
657,18,19
658,0,3
658,0,9
658,0,12
658,0,17
658,1,13
658,1,15
658,2,3
658,2,6
658,3,9
658,3,12
658,3,17
658,4,5
658,4,7
658,4,11
658,4,12
658,4,18
658,4,19
658,5,7
658,5,10
658,5,11
658,5,12
658,5,14
658,5,18
658,5,19
658,7,18
658,7,19
658,9,12
658,9,17
658,10,11
658,10,12
658,10,14
658,10,18
658,10,19
658,11,12
658,11,14
658,11,18
658,11,19
658,12,17
658,12,18
658,13,15
658,13,16
658,14,18
658,15,16
658,18,19
659,0,3
659,0,9
659,0,12
659,0,17
659,1,13
659,1,15
659,2,3
659,2,6
659,3,9
659,3,12
659,3,17
659,4,5
659,4,7
659,4,11
659,4,12
659,4,18
659,5,7
659,5,10
659,5,11
659,5,12
659,5,14
659,5,18
659,5,19
659,7,18
659,7,19
659,9,12
659,9,17
659,10,11
659,10,12
659,10,14
659,10,18
659,10,19
659,11,12
659,11,14
659,11,18
659,11,19
659,12,17
659,12,18
659,13,15
659,13,16
659,14,18
659,14,19
659,15,16
659,18,19
660,0,3
660,0,9
660,0,12
660,0,17
660,1,13
660,1,15
660,2,3
660,2,6
660,3,9
660,3,12
660,3,17
660,4,5
660,4,7
660,4,11
660,4,12
660,4,18
660,5,7
660,5,10
660,5,11
660,5,12
660,5,14
660,5,18
660,5,19
660,7,11
660,7,18
660,7,19
660,9,12
660,9,17
660,10,11
660,10,12
660,10,14
660,10,18
660,10,19
660,11,12
660,11,14
660,11,18
660,11,19
660,12,17
660,12,18
660,13,15
660,13,16
660,14,18
660,14,19
660,15,16
660,18,19
661,0,3
661,0,9
661,0,17
661,1,13
661,1,15
661,2,3
661,2,6
661,3,9
661,3,12
661,3,17
661,4,5
661,4,7
661,4,11
661,4,12
661,4,18
661,4,19
661,5,7
661,5,10
661,5,11
661,5,12
661,5,14
661,5,18
661,5,19
661,7,11
661,7,18
661,7,19
661,9,12
661,9,17
661,10,11
661,10,12
661,10,14
661,10,18
661,10,19
661,11,12
661,11,14
661,11,18
661,11,19
661,12,17
661,12,18
661,13,15
661,13,16
661,14,18
661,14,19
661,15,16
661,18,19
662,0,3
662,0,9
662,0,17
662,1,13
662,1,15
662,2,3
662,2,6
662,3,9
662,3,12
662,3,17
662,4,5
662,4,7
662,4,11
662,4,12
662,4,18
662,4,19
662,5,7
662,5,10
662,5,11
662,5,12
662,5,14
662,5,18
662,5,19
662,7,11
662,7,18
662,7,19
662,9,12
662,9,17
662,10,11
662,10,12
662,10,14
662,10,18
662,10,19
662,11,12
662,11,14
662,11,18
662,11,19
662,12,14
662,12,17
662,12,18
662,13,15
662,13,16
662,14,18
662,14,19
662,15,16
662,18,19
663,0,3
663,0,9
663,0,17
663,1,13
663,1,15
663,2,3
663,2,6
663,3,9
663,3,12
663,3,17
663,4,5
663,4,7
663,4,11
663,4,12
663,4,18
663,4,19
663,5,7
663,5,10
663,5,11
663,5,12
663,5,14
663,5,18
663,5,19
663,7,11
663,7,18
663,7,19
663,9,12
663,9,17
663,10,11
663,10,12
663,10,14
663,10,18
663,10,19
663,11,12
663,11,14
663,11,18
663,11,19
663,12,14
663,12,17
663,12,18
663,13,15
663,13,16
663,14,18
663,14,19
663,15,16
663,18,19
664,0,3
664,0,9
664,0,17
664,1,13
664,1,15
664,2,3
664,2,6
664,3,9
664,3,12
664,3,17
664,4,5
664,4,7
664,4,10
664,4,11
664,4,12
664,4,18
664,4,19
664,5,7
664,5,10
664,5,11
664,5,12
664,5,14
664,5,18
664,5,19
664,7,11
664,7,18
664,7,19
664,9,12
664,9,17
664,10,11
664,10,12
664,10,14
664,10,18
664,10,19
664,11,12
664,11,14
664,11,18
664,11,19
664,12,14
664,12,17
664,12,18
664,13,15
664,13,16
664,14,18
664,14,19
664,15,16
664,18,19
665,0,3
665,0,9
665,0,17
665,1,13
665,1,15
665,2,3
665,2,6
665,3,9
665,3,12
665,3,17
665,4,5
665,4,7
665,4,10
665,4,11
665,4,12
665,4,18
665,4,19
665,5,7
665,5,10
665,5,11
665,5,12
665,5,14
665,5,18
665,5,19
665,7,11
665,7,18
665,7,19
665,9,12
665,9,17
665,10,11
665,10,12
665,10,14
665,10,18
665,10,19
665,11,12
665,11,14
665,11,18
665,11,19
665,12,14
665,12,17
665,12,18
665,13,15
665,13,16
665,14,18
665,14,19
665,15,16
665,18,19
666,0,3
666,0,9
666,0,17
666,1,13
666,1,15
666,2,3
666,2,6
666,3,9
666,3,12
666,3,17
666,4,5
666,4,7
666,4,10
666,4,11
666,4,12
666,4,18
666,4,19
666,5,7
666,5,10
666,5,11
666,5,12
666,5,14
666,5,18
666,5,19
666,7,11
666,7,18
666,7,19
666,9,12
666,9,17
666,10,11
666,10,12
666,10,14
666,10,18
666,10,19
666,11,12
666,11,14
666,11,18
666,11,19
666,12,14
666,12,17
666,12,18
666,13,15
666,13,16
666,14,18
666,14,19
666,15,16
666,18,19
667,0,3
667,0,9
667,0,17
667,1,13
667,1,15
667,2,3
667,2,6
667,3,6
667,3,9
667,3,12
667,3,17
667,4,5
667,4,7
667,4,9
667,4,10
667,4,11
667,4,12
667,4,18
667,4,19
667,5,7
667,5,10
667,5,11
667,5,12
667,5,14
667,5,18
667,5,19
667,7,11
667,7,18
667,7,19
667,9,12
667,9,17
667,10,11
667,10,12
667,10,14
667,10,18
667,10,19
667,11,12
667,11,14
667,11,18
667,11,19
667,12,14
667,12,17
667,12,18
667,13,15
667,13,16
667,14,18
667,14,19
667,15,16
667,18,19
668,0,3
668,0,9
668,0,17
668,1,13
668,1,15
668,2,3
668,2,6
668,3,6
668,3,9
668,3,12
668,3,17
668,4,5
668,4,7
668,4,9
668,4,10
668,4,11
668,4,12
668,4,18
668,4,19
668,5,7
668,5,10
668,5,11
668,5,12
668,5,14
668,5,18
668,5,19
668,7,11
668,7,18
668,7,19
668,9,12
668,9,17
668,10,11
668,10,12
668,10,14
668,10,18
668,10,19
668,11,12
668,11,14
668,11,18
668,11,19
668,12,14
668,12,17
668,12,18
668,13,15
668,13,16
668,14,18
668,14,19
668,15,16
668,18,19
669,0,3
669,0,9
669,0,17
669,1,13
669,1,15
669,2,3
669,2,6
669,3,6
669,3,9
669,3,12
669,3,17
669,4,5
669,4,7
669,4,9
669,4,10
669,4,11
669,4,12
669,4,18
669,4,19
669,5,7
669,5,10
669,5,11
669,5,12
669,5,14
669,5,18
669,5,19
669,7,11
669,7,18
669,7,19
669,9,12
669,9,17
669,10,11
669,10,12
669,10,14
669,10,18
669,10,19
669,11,12
669,11,14
669,11,18
669,11,19
669,12,14
669,12,17
669,12,18
669,13,15
669,13,16
669,14,18
669,14,19
669,15,16
669,18,19
670,0,3
670,0,9
670,0,17
670,1,13
670,1,15
670,2,3
670,2,6
670,2,17
670,3,6
670,3,9
670,3,12
670,3,17
670,4,5
670,4,7
670,4,9
670,4,10
670,4,11
670,4,12
670,4,18
670,4,19
670,5,7
670,5,10
670,5,11
670,5,12
670,5,14
670,5,18
670,5,19
670,7,11
670,7,18
670,7,19
670,9,12
670,9,17
670,10,11
670,10,12
670,10,14
670,10,18
670,10,19
670,11,12
670,11,14
670,11,18
670,11,19
670,12,14
670,12,17
670,12,18
670,13,15
670,13,16
670,14,18
670,14,19
670,15,16
670,18,19
671,0,3
671,0,9
671,0,17
671,1,13
671,1,15
671,2,3
671,2,6
671,2,17
671,3,6
671,3,12
671,3,17
671,4,5
671,4,7
671,4,9
671,4,10
671,4,11
671,4,12
671,4,18
671,4,19
671,5,7
671,5,10
671,5,11
671,5,12
671,5,14
671,5,18
671,5,19
671,7,11
671,7,18
671,7,19
671,9,12
671,9,17
671,10,11
671,10,12
671,10,14
671,10,18
671,10,19
671,11,14
671,11,18
671,11,19
671,12,14
671,12,17
671,12,18
671,13,15
671,13,16
671,14,18
671,14,19
671,18,19
672,0,3
672,0,9
672,0,17
672,1,13
672,1,15
672,2,3
672,2,6
672,2,17
672,3,6
672,3,12
672,3,17
672,4,5
672,4,7
672,4,9
672,4,10
672,4,11
672,4,18
672,4,19
672,5,7
672,5,10
672,5,11
672,5,12
672,5,14
672,5,18
672,5,19
672,7,11
672,7,18
672,7,19
672,9,12
672,9,17
672,10,11
672,10,12
672,10,14
672,10,18
672,10,19
672,11,14
672,11,18
672,11,19
672,12,14
672,12,17
672,12,18
672,13,15
672,13,16
672,14,18
672,14,19
672,18,19
673,0,3
673,0,17
673,1,13
673,1,15
673,2,3
673,2,6
673,2,17
673,3,6
673,3,12
673,3,17
673,4,5
673,4,7
673,4,9
673,4,10
673,4,11
673,4,18
673,4,19
673,5,7
673,5,10
673,5,11
673,5,12
673,5,14
673,5,18
673,5,19
673,7,11
673,7,18
673,7,19
673,9,12
673,9,17
673,10,11
673,10,12
673,10,14
673,10,18
673,10,19
673,11,14
673,11,18
673,11,19
673,12,14
673,12,17
673,12,18
673,13,15
673,13,16
673,14,18
673,14,19
673,18,19
674,0,3
674,0,17
674,1,13
674,1,15
674,2,3
674,2,6
674,2,17
674,3,6
674,3,12
674,3,17
674,4,5
674,4,7
674,4,9
674,4,10
674,4,11
674,4,18
674,4,19
674,5,7
674,5,10
674,5,11
674,5,12
674,5,14
674,5,18
674,5,19
674,7,11
674,7,18
674,7,19
674,9,12
674,9,17
674,10,11
674,10,12
674,10,14
674,10,18
674,10,19
674,11,14
674,11,18
674,11,19
674,12,14
674,12,17
674,12,18
674,13,15
674,13,16
674,14,18
674,14,19
674,18,19
675,0,3
675,0,17
675,1,13
675,1,15
675,2,3
675,2,6
675,2,17
675,3,6
675,3,12
675,3,17
675,4,5
675,4,7
675,4,9
675,4,10
675,4,11
675,4,18
675,4,19
675,5,7
675,5,10
675,5,11
675,5,12
675,5,14
675,5,18
675,5,19
675,7,11
675,7,18
675,7,19
675,9,12
675,9,17
675,10,11
675,10,12
675,10,14
675,10,18
675,10,19
675,11,14
675,11,18
675,11,19
675,12,14
675,12,17
675,12,18
675,13,15
675,13,16
675,14,18
675,14,19
675,18,19
676,0,3
676,0,17
676,1,13
676,1,15
676,2,3
676,2,6
676,2,17
676,3,6
676,3,12
676,3,17
676,4,5
676,4,7
676,4,9
676,4,10
676,4,11
676,4,14
676,4,18
676,4,19
676,5,7
676,5,10
676,5,11
676,5,12
676,5,14
676,5,18
676,5,19
676,7,11
676,7,18
676,7,19
676,9,12
676,9,17
676,10,11
676,10,12
676,10,14
676,10,18
676,10,19
676,11,14
676,11,18
676,11,19
676,12,14
676,12,17
676,12,18
676,13,15
676,13,16
676,14,18
676,14,19
676,18,19
677,0,3
677,0,17
677,1,15
677,2,3
677,2,6
677,2,17
677,3,6
677,3,12
677,3,17
677,4,5
677,4,7
677,4,9
677,4,10
677,4,11
677,4,14
677,4,18
677,4,19
677,5,7
677,5,10
677,5,11
677,5,12
677,5,14
677,5,18
677,5,19
677,7,11
677,7,18
677,7,19
677,9,12
677,10,11
677,10,12
677,10,14
677,10,18
677,10,19
677,11,14
677,11,18
677,11,19
677,12,14
677,12,17
677,12,18
677,13,15
677,13,16
677,14,18
677,14,19
677,18,19
678,0,2
678,0,3
678,0,17
678,1,15
678,2,3
678,2,6
678,2,17
678,3,6
678,3,12
678,3,17
678,4,5
678,4,7
678,4,9
678,4,10
678,4,11
678,4,14
678,4,18
678,4,19
678,5,7
678,5,10
678,5,11
678,5,12
678,5,14
678,5,18
678,5,19
678,7,11
678,7,18
678,7,19
678,9,12
678,10,11
678,10,12
678,10,14
678,10,18
678,10,19
678,11,14
678,11,18
678,11,19
678,12,14
678,12,17
678,12,18
678,13,15
678,13,16
678,14,18
678,14,19
678,18,19
679,0,2
679,0,3
679,0,17
679,1,15
679,2,3
679,2,6
679,2,17
679,3,6
679,3,12
679,3,17
679,4,5
679,4,7
679,4,9
679,4,10
679,4,11
679,4,14
679,4,18
679,4,19
679,5,7
679,5,10
679,5,11
679,5,12
679,5,14
679,5,18
679,5,19
679,7,11
679,7,18
679,7,19
679,10,11
679,10,12
679,10,14
679,10,18
679,10,19
679,11,14
679,11,18
679,11,19
679,12,14
679,12,17
679,12,18
679,13,15
679,13,16
679,14,18
679,14,19
679,18,19
680,0,2
680,0,3
680,0,17
680,1,15
680,2,3
680,2,6
680,2,17
680,3,6
680,3,12
680,3,17
680,4,5
680,4,7
680,4,9
680,4,10
680,4,11
680,4,14
680,4,18
680,4,19
680,5,7
680,5,10
680,5,11
680,5,12
680,5,14
680,5,18
680,5,19
680,7,11
680,7,18
680,7,19
680,10,11
680,10,12
680,10,14
680,10,18
680,10,19
680,11,14
680,11,18
680,11,19
680,12,14
680,12,17
680,12,18
680,13,15
680,13,16
680,14,18
680,14,19
680,18,19
681,0,2
681,0,3
681,0,17
681,1,8
681,1,15
681,2,3
681,2,6
681,2,17
681,3,6
681,3,12
681,3,17
681,4,5
681,4,7
681,4,9
681,4,10
681,4,11
681,4,14
681,4,18
681,4,19
681,5,7
681,5,10
681,5,11
681,5,12
681,5,14
681,5,18
681,5,19
681,7,11
681,7,18
681,7,19
681,10,11
681,10,12
681,10,14
681,10,18
681,10,19
681,11,14
681,11,18
681,11,19
681,12,14
681,12,17
681,12,18
681,13,16
681,14,18
681,14,19
681,18,19
682,0,2
682,0,3
682,0,17
682,1,8
682,1,15
682,2,3
682,2,6
682,2,17
682,3,6
682,3,12
682,3,17
682,4,5
682,4,7
682,4,9
682,4,10
682,4,11
682,4,14
682,4,18
682,4,19
682,5,7
682,5,10
682,5,11
682,5,12
682,5,14
682,5,18
682,5,19
682,7,11
682,7,14
682,7,18
682,7,19
682,10,11
682,10,12
682,10,14
682,10,18
682,10,19
682,11,14
682,11,18
682,11,19
682,12,14
682,12,17
682,12,18
682,13,16
682,14,18
682,14,19
682,18,19
683,0,2
683,0,3
683,0,17
683,1,8
683,1,15
683,2,3
683,2,6
683,2,17
683,3,6
683,3,12
683,3,17
683,4,5
683,4,7
683,4,9
683,4,10
683,4,11
683,4,14
683,4,18
683,4,19
683,5,7
683,5,10
683,5,11
683,5,12
683,5,14
683,5,18
683,5,19
683,7,11
683,7,14
683,7,18
683,7,19
683,10,11
683,10,12
683,10,14
683,10,18
683,10,19
683,11,14
683,11,18
683,11,19
683,12,14
683,12,17
683,12,18
683,13,16
683,14,18
683,14,19
683,18,19
684,0,2
684,0,3
684,0,17
684,1,8
684,1,15
684,2,3
684,2,6
684,2,17
684,3,6
684,3,12
684,3,17
684,4,5
684,4,7
684,4,9
684,4,10
684,4,11
684,4,14
684,4,18
684,4,19
684,5,7
684,5,10
684,5,11
684,5,12
684,5,14
684,5,18
684,5,19
684,7,11
684,7,14
684,7,18
684,7,19
684,10,11
684,10,12
684,10,14
684,10,18
684,10,19
684,11,14
684,11,18
684,11,19
684,12,14
684,12,17
684,12,18
684,13,16
684,14,18
684,14,19
684,18,19
685,0,2
685,0,3
685,0,17
685,1,8
685,1,15
685,2,3
685,2,6
685,2,17
685,3,6
685,3,12
685,3,17
685,4,5
685,4,7
685,4,9
685,4,10
685,4,11
685,4,14
685,4,18
685,4,19
685,5,7
685,5,10
685,5,11
685,5,12
685,5,14
685,5,18
685,5,19
685,7,11
685,7,14
685,7,18
685,7,19
685,8,15
685,10,11
685,10,12
685,10,14
685,10,18
685,10,19
685,11,14
685,11,18
685,11,19
685,12,14
685,12,17
685,12,18
685,13,16
685,14,18
685,14,19
685,18,19
686,0,2
686,0,3
686,0,17
686,1,8
686,1,15
686,2,3
686,2,6
686,2,17
686,3,6
686,3,12
686,3,17
686,4,5
686,4,7
686,4,9
686,4,10
686,4,11
686,4,14
686,4,18
686,4,19
686,5,7
686,5,10
686,5,11
686,5,12
686,5,14
686,5,18
686,5,19
686,6,17
686,7,11
686,7,14
686,7,18
686,7,19
686,8,15
686,10,11
686,10,12
686,10,14
686,10,18
686,10,19
686,11,14
686,11,16
686,11,18
686,11,19
686,12,14
686,12,17
686,12,18
686,13,16
686,14,18
686,14,19
686,18,19
687,0,2
687,0,3
687,0,17
687,1,8
687,1,15
687,2,3
687,2,6
687,2,17
687,3,6
687,3,12
687,3,17
687,4,5
687,4,7
687,4,9
687,4,10
687,4,11
687,4,14
687,4,18
687,4,19
687,5,7
687,5,10
687,5,11
687,5,12
687,5,14
687,5,18
687,5,19
687,6,17
687,7,11
687,7,14
687,7,18
687,7,19
687,10,11
687,10,12
687,10,14
687,10,18
687,10,19
687,11,14
687,11,16
687,11,18
687,11,19
687,12,14
687,12,17
687,12,18
687,13,16
687,14,18
687,14,19
687,18,19
688,0,2
688,0,3
688,0,17
688,1,8
688,1,15
688,2,3
688,2,6
688,2,17
688,3,6
688,3,12
688,3,17
688,4,5
688,4,7
688,4,9
688,4,10
688,4,11
688,4,14
688,4,18
688,4,19
688,5,7
688,5,10
688,5,11
688,5,12
688,5,14
688,5,18
688,5,19
688,6,17
688,7,11
688,7,14
688,7,18
688,7,19
688,10,11
688,10,12
688,10,14
688,10,18
688,10,19
688,11,14
688,11,16
688,11,18
688,11,19
688,12,14
688,12,17
688,12,18
688,13,16
688,14,18
688,14,19
688,18,19
689,0,2
689,0,3
689,0,17
689,1,8
689,1,15
689,2,3
689,2,6
689,2,17
689,3,6
689,3,12
689,3,17
689,4,5
689,4,7
689,4,9
689,4,10
689,4,11
689,4,14
689,4,18
689,4,19
689,5,7
689,5,10
689,5,11
689,5,12
689,5,14
689,5,18
689,5,19
689,6,17
689,7,11
689,7,14
689,7,18
689,7,19
689,8,12
689,10,11
689,10,12
689,10,14
689,10,18
689,10,19
689,11,14
689,11,16
689,11,18
689,11,19
689,12,14
689,12,17
689,12,18
689,13,16
689,14,18
689,14,19
689,18,19
690,0,2
690,0,3
690,0,17
690,1,8
690,1,15
690,2,3
690,2,6
690,2,17
690,3,6
690,3,12
690,3,17
690,4,5
690,4,7
690,4,9
690,4,10
690,4,11
690,4,14
690,4,18
690,4,19
690,5,10
690,5,11
690,5,12
690,5,14
690,5,18
690,5,19
690,6,17
690,7,11
690,7,14
690,7,18
690,7,19
690,8,12
690,10,11
690,10,12
690,10,14
690,10,18
690,10,19
690,11,14
690,11,16
690,11,18
690,11,19
690,12,14
690,12,17
690,12,18
690,13,16
690,14,18
690,14,19
690,16,18
690,18,19
691,0,2
691,0,3
691,0,17
691,1,8
691,1,15
691,2,3
691,2,6
691,2,17
691,3,6
691,3,12
691,3,17
691,4,5
691,4,7
691,4,9
691,4,10
691,4,11
691,4,14
691,4,18
691,4,19
691,5,10
691,5,11
691,5,12
691,5,14
691,5,18
691,5,19
691,6,17
691,7,11
691,7,14
691,7,18
691,7,19
691,8,12
691,10,11
691,10,12
691,10,14
691,10,18
691,10,19
691,11,14
691,11,16
691,11,18
691,11,19
691,12,14
691,12,17
691,13,16
691,14,18
691,14,19
691,16,18
691,18,19
692,0,2
692,0,3
692,0,17
692,1,8
692,1,15
692,2,3
692,2,6
692,2,17
692,3,6
692,3,12
692,3,17
692,4,5
692,4,7
692,4,9
692,4,10
692,4,11
692,4,14
692,4,18
692,4,19
692,5,10
692,5,11
692,5,12
692,5,14
692,5,18
692,5,19
692,6,17
692,7,11
692,7,14
692,7,18
692,7,19
692,8,12
692,10,11
692,10,12
692,10,14
692,10,18
692,10,19
692,11,14
692,11,16
692,11,18
692,11,19
692,12,14
692,12,17
692,13,16
692,14,18
692,14,19
692,16,18
692,18,19
693,0,2
693,0,3
693,0,17
693,1,8
693,1,15
693,2,3
693,2,6
693,2,17
693,3,6
693,3,12
693,3,17
693,4,5
693,4,7
693,4,9
693,4,10
693,4,11
693,4,14
693,4,18
693,4,19
693,5,10
693,5,11
693,5,12
693,5,14
693,5,18
693,5,19
693,6,17
693,7,11
693,7,14
693,7,18
693,7,19
693,8,12
693,10,11
693,10,12
693,10,14
693,10,18
693,10,19
693,11,14
693,11,16
693,11,18
693,11,19
693,12,17
693,13,16
693,14,18
693,14,19
693,16,18
693,18,19
694,0,2
694,0,3
694,0,17
694,1,8
694,1,15
694,2,3
694,2,6
694,2,17
694,3,6
694,3,12
694,3,17
694,4,5
694,4,7
694,4,9
694,4,10
694,4,11
694,4,14
694,4,18
694,4,19
694,5,10
694,5,11
694,5,12
694,5,14
694,5,18
694,5,19
694,6,17
694,7,11
694,7,14
694,7,16
694,7,18
694,7,19
694,8,12
694,10,11
694,10,12
694,10,14
694,10,18
694,10,19
694,11,14
694,11,16
694,11,18
694,11,19
694,12,17
694,13,16
694,14,18
694,14,19
694,16,18
694,18,19
695,0,2
695,0,3
695,0,17
695,1,8
695,1,15
695,2,3
695,2,6
695,2,17
695,3,6
695,3,12
695,3,17
695,4,5
695,4,7
695,4,9
695,4,10
695,4,11
695,4,14
695,4,18
695,4,19
695,5,10
695,5,11
695,5,12
695,5,14
695,5,18
695,5,19
695,6,17
695,7,11
695,7,14
695,7,16
695,7,18
695,7,19
695,8,12
695,8,18
695,10,12
695,10,14
695,10,18
695,10,19
695,11,14
695,11,16
695,11,18
695,11,19
695,12,17
695,13,16
695,14,18
695,14,19
695,16,18
695,18,19
696,0,2
696,0,3
696,0,17
696,1,8
696,1,15
696,2,3
696,2,6
696,2,17
696,3,6
696,3,12
696,3,17
696,4,5
696,4,7
696,4,9
696,4,10
696,4,11
696,4,14
696,4,18
696,4,19
696,5,8
696,5,10
696,5,11
696,5,12
696,5,14
696,5,18
696,5,19
696,6,17
696,7,11
696,7,14
696,7,16
696,7,19
696,8,12
696,8,18
696,10,12
696,10,14
696,10,18
696,10,19
696,11,14
696,11,16
696,11,18
696,11,19
696,12,17
696,13,16
696,14,18
696,14,19
696,16,18
696,18,19
697,0,2
697,0,3
697,0,17
697,1,8
697,1,13
697,1,15
697,2,3
697,2,6
697,2,17
697,3,6
697,3,12
697,3,17
697,4,5
697,4,7
697,4,9
697,4,10
697,4,11
697,4,14
697,4,18
697,4,19
697,5,8
697,5,10
697,5,11
697,5,12
697,5,14
697,5,18
697,5,19
697,6,17
697,7,11
697,7,14
697,7,16
697,7,19
697,8,10
697,8,12
697,8,18
697,10,12
697,10,14
697,10,18
697,10,19
697,11,14
697,11,16
697,11,18
697,11,19
697,12,17
697,13,16
697,13,18
697,14,18
697,14,19
697,16,18
697,18,19
698,0,2
698,0,3
698,0,17
698,1,8
698,1,13
698,1,15
698,2,3
698,2,6
698,2,17
698,3,6
698,3,12
698,3,17
698,4,5
698,4,7
698,4,9
698,4,10
698,4,11
698,4,14
698,4,18
698,4,19
698,5,8
698,5,10
698,5,11
698,5,12
698,5,14
698,5,18
698,5,19
698,6,17
698,7,11
698,7,14
698,7,16
698,7,19
698,8,10
698,8,12
698,8,18
698,10,12
698,10,14
698,10,18
698,10,19
698,11,14
698,11,16
698,11,18
698,11,19
698,12,17
698,13,16
698,13,18
698,14,18
698,14,19
698,16,18
698,18,19
699,0,2
699,0,3
699,0,17
699,1,13
699,1,15
699,2,3
699,2,6
699,2,17
699,3,6
699,3,12
699,3,17
699,4,5
699,4,7
699,4,9
699,4,10
699,4,11
699,4,14
699,4,18
699,4,19
699,5,8
699,5,10
699,5,11
699,5,12
699,5,14
699,5,18
699,5,19
699,6,17
699,7,11
699,7,14
699,7,16
699,7,19
699,8,10
699,8,12
699,8,18
699,10,12
699,10,14
699,10,18
699,10,19
699,11,14
699,11,16
699,11,18
699,11,19
699,12,17
699,13,16
699,13,18
699,14,18
699,14,19
699,16,18
699,18,19
700,0,2
700,0,3
700,0,17
700,1,13
700,1,15
700,2,3
700,2,6
700,2,17
700,3,6
700,3,12
700,3,17
700,4,5
700,4,7
700,4,9
700,4,10
700,4,11
700,4,14
700,4,18
700,4,19
700,5,8
700,5,10
700,5,12
700,5,14
700,5,18
700,5,19
700,6,17
700,7,11
700,7,14
700,7,16
700,7,19
700,8,10
700,8,12
700,8,18
700,10,12
700,10,14
700,10,18
700,10,19
700,11,14
700,11,16
700,11,18
700,11,19
700,12,17
700,13,16
700,13,18
700,14,18
700,14,19
700,16,18
700,18,19
701,0,2
701,0,3
701,0,17
701,1,13
701,1,15
701,2,3
701,2,6
701,2,17
701,3,6
701,3,12
701,3,17
701,4,5
701,4,7
701,4,9
701,4,10
701,4,11
701,4,14
701,4,18
701,4,19
701,5,8
701,5,10
701,5,12
701,5,14
701,5,18
701,5,19
701,6,17
701,7,11
701,7,14
701,7,16
701,7,19
701,8,10
701,8,12
701,8,18
701,10,12
701,10,14
701,10,18
701,10,19
701,11,14
701,11,16
701,11,18
701,11,19
701,12,17
701,13,16
701,13,18
701,14,18
701,14,19
701,16,18
701,18,19
702,0,2
702,0,3
702,0,17
702,1,13
702,1,15
702,2,3
702,2,6
702,2,17
702,3,6
702,3,12
702,3,17
702,4,5
702,4,7
702,4,9
702,4,10
702,4,11
702,4,14
702,4,18
702,4,19
702,5,8
702,5,10
702,5,12
702,5,14
702,5,18
702,5,19
702,6,17
702,7,11
702,7,14
702,7,16
702,7,19
702,8,10
702,8,12
702,8,18
702,10,12
702,10,14
702,10,18
702,10,19
702,11,14
702,11,16
702,11,18
702,11,19
702,13,16
702,13,18
702,14,18
702,14,19
702,16,18
702,18,19
703,0,2
703,0,3
703,0,17
703,1,13
703,1,15
703,2,3
703,2,6
703,2,17
703,3,6
703,3,12
703,3,17
703,4,5
703,4,7
703,4,9
703,4,10
703,4,11
703,4,14
703,4,18
703,4,19
703,5,8
703,5,10
703,5,12
703,5,14
703,5,18
703,5,19
703,6,17
703,7,11
703,7,14
703,7,16
703,7,19
703,8,10
703,8,12
703,8,18
703,8,19
703,10,12
703,10,14
703,10,18
703,10,19
703,11,14
703,11,16
703,11,19
703,13,16
703,13,18
703,14,18
703,14,19
703,16,18
703,18,19
704,0,2
704,0,3
704,0,17
704,1,13
704,1,15
704,2,3
704,2,6
704,2,17
704,3,6
704,3,12
704,3,17
704,4,5
704,4,7
704,4,9
704,4,10
704,4,11
704,4,14
704,4,18
704,4,19
704,5,8
704,5,10
704,5,12
704,5,14
704,5,18
704,5,19
704,6,17
704,7,11
704,7,14
704,7,16
704,7,19
704,8,10
704,8,12
704,8,18
704,8,19
704,10,12
704,10,14
704,10,18
704,10,19
704,11,14
704,11,16
704,11,19
704,13,16
704,13,18
704,14,18
704,14,19
704,16,18
704,18,19
705,0,2
705,0,3
705,0,17
705,1,13
705,1,15
705,2,3
705,2,6
705,2,17
705,3,6
705,3,12
705,3,17
705,4,5
705,4,7
705,4,9
705,4,10
705,4,11
705,4,14
705,4,18
705,4,19
705,5,8
705,5,10
705,5,12
705,5,14
705,5,18
705,5,19
705,6,17
705,7,11
705,7,14
705,7,16
705,7,19
705,8,10
705,8,12
705,8,14
705,8,18
705,8,19
705,9,14
705,10,12
705,10,14
705,10,18
705,10,19
705,11,14
705,11,16
705,11,19
705,13,16
705,13,18
705,14,18
705,14,19
705,16,18
705,18,19
706,0,2
706,0,3
706,0,6
706,0,17
706,1,13
706,1,15
706,2,3
706,2,6
706,2,17
706,3,6
706,3,12
706,3,17
706,4,5
706,4,7
706,4,9
706,4,10
706,4,11
706,4,14
706,4,18
706,4,19
706,5,8
706,5,10
706,5,12
706,5,14
706,5,18
706,5,19
706,6,17
706,7,11
706,7,14
706,7,16
706,7,19
706,8,10
706,8,12
706,8,14
706,8,18
706,8,19
706,9,14
706,10,12
706,10,14
706,10,18
706,10,19
706,11,14
706,11,16
706,11,19
706,13,16
706,13,18
706,14,18
706,14,19
706,18,19
707,0,2
707,0,3
707,0,6
707,0,17
707,1,13
707,1,15
707,2,3
707,2,6
707,2,17
707,3,6
707,3,12
707,3,17
707,4,5
707,4,7
707,4,9
707,4,10
707,4,11
707,4,14
707,4,18
707,4,19
707,5,8
707,5,10
707,5,12
707,5,14
707,5,18
707,5,19
707,6,17
707,7,11
707,7,14
707,7,16
707,7,19
707,8,10
707,8,12
707,8,14
707,8,18
707,8,19
707,9,14
707,10,12
707,10,14
707,10,18
707,10,19
707,11,14
707,11,16
707,11,19
707,13,16
707,13,18
707,14,18
707,14,19
707,18,19
708,0,2
708,0,3
708,0,6
708,0,17
708,1,13
708,1,15
708,2,3
708,2,6
708,2,17
708,3,6
708,3,12
708,3,17
708,4,5
708,4,7
708,4,9
708,4,10
708,4,11
708,4,14
708,4,19
708,5,8
708,5,10
708,5,12
708,5,14
708,5,18
708,5,19
708,6,12
708,6,17
708,7,11
708,7,14
708,7,16
708,7,19
708,8,10
708,8,12
708,8,14
708,8,18
708,8,19
708,9,14
708,10,12
708,10,14
708,10,18
708,10,19
708,11,14
708,11,16
708,11,19
708,13,16
708,13,18
708,14,18
708,14,19
708,18,19
709,0,2
709,0,3
709,0,6
709,0,17
709,1,13
709,1,15
709,1,18
709,2,3
709,2,6
709,2,17
709,3,6
709,3,12
709,3,17
709,4,5
709,4,7
709,4,9
709,4,10
709,4,11
709,4,14
709,4,19
709,5,8
709,5,10
709,5,12
709,5,14
709,5,18
709,5,19
709,6,12
709,6,17
709,7,11
709,7,14
709,7,16
709,7,19
709,8,10
709,8,12
709,8,14
709,8,18
709,8,19
709,9,14
709,10,14
709,10,18
709,10,19
709,11,14
709,11,16
709,11,19
709,13,16
709,13,18
709,14,18
709,14,19
709,18,19
710,0,2
710,0,3
710,0,6
710,0,17
710,1,13
710,1,15
710,1,18
710,2,3
710,2,6
710,2,17
710,3,6
710,3,12
710,3,17
710,4,5
710,4,7
710,4,9
710,4,10
710,4,11
710,4,14
710,4,19
710,5,8
710,5,10
710,5,12
710,5,14
710,5,18
710,5,19
710,6,12
710,6,17
710,7,11
710,7,14
710,7,16
710,7,19
710,8,10
710,8,12
710,8,14
710,8,18
710,8,19
710,9,14
710,10,14
710,10,18
710,10,19
710,11,14
710,11,16
710,11,19
710,13,16
710,13,18
710,14,18
710,14,19
710,18,19
711,0,2
711,0,3
711,0,6
711,0,17
711,1,13
711,1,15
711,1,18
711,2,3
711,2,6
711,2,17
711,3,6
711,3,12
711,3,17
711,4,5
711,4,7
711,4,8
711,4,9
711,4,10
711,4,11
711,4,14
711,4,19
711,5,8
711,5,10
711,5,12
711,5,14
711,5,18
711,5,19
711,6,12
711,6,17
711,7,11
711,7,14
711,7,16
711,7,19
711,8,10
711,8,12
711,8,13
711,8,14
711,8,18
711,8,19
711,9,14
711,10,14
711,10,18
711,10,19
711,11,14
711,11,16
711,11,19
711,13,16
711,13,18
711,13,19
711,14,18
711,14,19
711,18,19
712,0,2
712,0,3
712,0,6
712,0,17
712,1,13
712,1,15
712,1,18
712,2,3
712,2,6
712,2,17
712,3,6
712,3,12
712,3,17
712,4,5
712,4,7
712,4,8
712,4,9
712,4,10
712,4,11
712,4,14
712,4,19
712,5,8
712,5,10
712,5,12
712,5,14
712,5,18
712,5,19
712,6,12
712,6,17
712,7,11
712,7,14
712,7,16
712,7,19
712,8,10
712,8,12
712,8,13
712,8,14
712,8,18
712,8,19
712,9,14
712,10,14
712,10,18
712,10,19
712,11,14
712,11,16
712,11,19
712,13,16
712,13,18
712,13,19
712,14,18
712,14,19
712,18,19
713,0,2
713,0,3
713,0,6
713,0,17
713,1,13
713,1,15
713,1,18
713,2,3
713,2,6
713,2,17
713,3,6
713,3,12
713,3,17
713,4,5
713,4,7
713,4,8
713,4,9
713,4,10
713,4,11
713,4,14
713,4,19
713,5,8
713,5,10
713,5,12
713,5,14
713,5,18
713,5,19
713,6,12
713,6,17
713,7,11
713,7,14
713,7,16
713,7,19
713,8,10
713,8,12
713,8,13
713,8,14
713,8,18
713,8,19
713,9,14
713,10,14
713,10,18
713,10,19
713,11,14
713,11,16
713,13,16
713,13,18
713,13,19
713,14,18
713,14,19
713,18,19
714,0,2
714,0,3
714,0,6
714,0,17
714,1,13
714,1,15
714,1,18
714,2,3
714,2,6
714,2,17
714,3,6
714,3,12
714,3,17
714,4,5
714,4,7
714,4,8
714,4,9
714,4,10
714,4,11
714,4,14
714,4,19
714,5,8
714,5,10
714,5,14
714,5,18
714,5,19
714,6,12
714,6,17
714,7,11
714,7,14
714,7,16
714,8,10
714,8,12
714,8,13
714,8,14
714,8,18
714,8,19
714,9,14
714,10,14
714,10,18
714,10,19
714,11,14
714,11,16
714,12,15
714,13,16
714,13,18
714,13,19
714,14,18
714,14,19
714,18,19
715,0,2
715,0,3
715,0,6
715,0,17
715,1,13
715,1,15
715,1,18
715,2,3
715,2,6
715,2,17
715,3,6
715,3,12
715,3,17
715,4,5
715,4,7
715,4,8
715,4,9
715,4,10
715,4,11
715,4,14
715,4,19
715,5,8
715,5,10
715,5,14
715,5,18
715,5,19
715,6,12
715,6,17
715,7,11
715,7,14
715,7,16
715,8,10
715,8,12
715,8,13
715,8,14
715,8,18
715,8,19
715,9,14
715,10,14
715,10,19
715,11,14
715,11,16
715,12,15
715,13,16
715,13,18
715,13,19
715,14,19
715,18,19
716,0,2
716,0,3
716,0,6
716,0,17
716,1,13
716,1,15
716,1,18
716,2,3
716,2,6
716,2,17
716,3,6
716,3,12
716,3,17
716,4,5
716,4,7
716,4,8
716,4,9
716,4,10
716,4,11
716,4,14
716,4,19
716,5,8
716,5,10
716,5,13
716,5,14
716,5,18
716,5,19
716,6,12
716,6,17
716,7,11
716,7,13
716,7,14
716,7,16
716,8,10
716,8,13
716,8,14
716,8,18
716,8,19
716,9,14
716,10,14
716,10,19
716,11,14
716,11,16
716,12,15
716,13,16
716,13,18
716,13,19
716,14,19
716,18,19
717,0,2
717,0,3
717,0,6
717,0,17
717,1,13
717,1,15
717,1,18
717,2,3
717,2,6
717,2,17
717,3,6
717,3,17
717,4,5
717,4,7
717,4,8
717,4,9
717,4,10
717,4,11
717,4,14
717,4,19
717,5,8
717,5,10
717,5,13
717,5,14
717,5,18
717,5,19
717,6,12
717,6,17
717,7,11
717,7,13
717,7,14
717,7,16
717,8,10
717,8,13
717,8,14
717,8,18
717,8,19
717,9,14
717,10,14
717,10,19
717,11,14
717,11,16
717,12,15
717,13,16
717,13,18
717,13,19
717,14,19
717,18,19
718,0,2
718,0,3
718,0,6
718,0,17
718,1,13
718,1,15
718,1,18
718,2,3
718,2,6
718,2,17
718,3,6
718,3,17
718,4,5
718,4,7
718,4,8
718,4,9
718,4,10
718,4,11
718,4,14
718,4,19
718,5,8
718,5,10
718,5,13
718,5,14
718,5,18
718,5,19
718,6,12
718,6,17
718,7,11
718,7,13
718,7,14
718,7,16
718,8,10
718,8,13
718,8,14
718,8,18
718,8,19
718,9,14
718,10,14
718,10,19
718,11,14
718,11,16
718,12,15
718,13,16
718,13,18
718,13,19
718,14,19
718,15,18
718,18,19
719,0,2
719,0,3
719,0,6
719,0,10
719,0,17
719,1,13
719,1,15
719,1,18
719,2,3
719,2,6
719,2,17
719,3,6
719,3,17
719,4,5
719,4,7
719,4,8
719,4,9
719,4,10
719,4,11
719,4,13
719,4,14
719,4,19
719,5,8
719,5,10
719,5,13
719,5,14
719,5,18
719,5,19
719,6,12
719,6,17
719,7,11
719,7,13
719,7,14
719,7,16
719,8,10
719,8,13
719,8,14
719,8,18
719,8,19
719,9,14
719,10,14
719,10,19
719,11,14
719,11,16
719,12,15
719,13,16
719,13,18
719,13,19
719,14,19
719,15,18
719,18,19
720,0,2
720,0,3
720,0,6
720,0,10
720,0,17
720,1,13
720,1,15
720,1,18
720,2,3
720,2,6
720,2,17
720,3,6
720,3,17
720,4,5
720,4,7
720,4,8
720,4,9
720,4,10
720,4,11
720,4,13
720,4,14
720,4,19
720,5,8
720,5,10
720,5,13
720,5,14
720,5,18
720,5,19
720,6,12
720,6,17
720,7,11
720,7,13
720,7,14
720,7,16
720,8,10
720,8,13
720,8,14
720,8,18
720,8,19
720,9,14
720,10,14
720,10,19
720,11,14
720,11,16
720,12,15
720,13,16
720,13,18
720,13,19
720,14,19
720,15,18
720,18,19
721,0,2
721,0,3
721,0,6
721,0,10
721,0,17
721,1,13
721,1,15
721,1,18
721,2,3
721,2,6
721,2,17
721,3,6
721,3,17
721,4,5
721,4,7
721,4,8
721,4,9
721,4,10
721,4,11
721,4,13
721,4,14
721,4,19
721,5,8
721,5,10
721,5,13
721,5,14
721,5,18
721,5,19
721,6,12
721,6,17
721,7,11
721,7,13
721,7,14
721,7,16
721,8,10
721,8,13
721,8,14
721,8,18
721,8,19
721,9,11
721,9,14
721,10,14
721,10,19
721,11,14
721,11,16
721,12,15
721,13,16
721,13,18
721,13,19
721,14,19
721,15,18
721,18,19
722,0,2
722,0,3
722,0,6
722,0,10
722,1,13
722,1,15
722,1,18
722,2,3
722,2,6
722,2,17
722,3,6
722,3,17
722,4,5
722,4,7
722,4,8
722,4,9
722,4,10
722,4,11
722,4,13
722,4,14
722,4,16
722,4,19
722,5,8
722,5,10
722,5,13
722,5,14
722,5,18
722,5,19
722,6,17
722,7,11
722,7,13
722,7,14
722,7,16
722,8,10
722,8,13
722,8,14
722,8,18
722,8,19
722,9,11
722,9,14
722,10,14
722,10,19
722,11,14
722,11,16
722,12,15
722,13,16
722,13,18
722,13,19
722,14,19
722,15,18
722,18,19
723,0,2
723,0,3
723,0,6
723,0,10
723,1,13
723,1,15
723,1,18
723,2,3
723,2,6
723,2,17
723,3,6
723,3,17
723,4,5
723,4,7
723,4,8
723,4,9
723,4,10
723,4,11
723,4,13
723,4,14
723,4,16
723,4,19
723,5,8
723,5,10
723,5,13
723,5,14
723,5,18
723,5,19
723,6,17
723,7,11
723,7,13
723,7,14
723,7,16
723,8,10
723,8,13
723,8,14
723,8,18
723,8,19
723,9,11
723,9,14
723,10,14
723,10,19
723,11,14
723,11,16
723,12,15
723,13,16
723,13,18
723,13,19
723,14,19
723,15,18
723,18,19
724,0,2
724,0,3
724,0,6
724,0,10
724,1,13
724,1,15
724,1,18
724,2,3
724,2,6
724,2,17
724,3,6
724,3,17
724,4,5
724,4,7
724,4,8
724,4,9
724,4,10
724,4,11
724,4,13
724,4,14
724,4,16
724,4,19
724,5,8
724,5,10
724,5,13
724,5,14
724,5,18
724,5,19
724,6,17
724,7,11
724,7,13
724,7,14
724,7,16
724,8,10
724,8,13
724,8,14
724,8,18
724,8,19
724,9,11
724,9,14
724,10,14
724,10,19
724,11,14
724,11,16
724,12,15
724,13,16
724,13,18
724,13,19
724,14,19
724,15,18
724,18,19
725,0,2
725,0,3
725,0,5
725,0,6
725,0,10
725,1,13
725,1,15
725,1,18
725,2,3
725,2,6
725,2,17
725,3,6
725,3,17
725,4,5
725,4,7
725,4,8
725,4,9
725,4,10
725,4,11
725,4,13
725,4,14
725,4,16
725,4,19
725,5,8
725,5,10
725,5,13
725,5,14
725,5,18
725,5,19
725,6,17
725,7,11
725,7,13
725,7,16
725,8,10
725,8,13
725,8,14
725,8,19
725,9,11
725,9,14
725,10,14
725,10,19
725,11,14
725,11,16
725,12,15
725,13,18
725,13,19
725,14,19
725,15,18
725,18,19
726,0,2
726,0,3
726,0,5
726,0,6
726,0,10
726,1,13
726,1,15
726,1,18
726,2,3
726,2,6
726,2,17
726,3,6
726,3,17
726,4,5
726,4,7
726,4,8
726,4,9
726,4,10
726,4,11
726,4,13
726,4,14
726,4,16
726,4,19
726,5,8
726,5,10
726,5,13
726,5,14
726,5,18
726,5,19
726,6,17
726,7,11
726,7,13
726,7,16
726,8,10
726,8,13
726,8,14
726,8,19
726,9,11
726,9,14
726,10,14
726,10,19
726,11,14
726,11,16
726,12,15
726,13,14
726,13,18
726,13,19
726,14,19
726,15,18
726,18,19
727,0,2
727,0,3
727,0,5
727,0,6
727,0,10
727,1,13
727,1,15
727,1,18
727,2,3
727,2,6
727,2,17
727,3,6
727,3,17
727,4,5
727,4,7
727,4,8
727,4,9
727,4,10
727,4,11
727,4,13
727,4,14
727,4,16
727,4,19
727,5,8
727,5,10
727,5,13
727,5,14
727,5,19
727,6,17
727,7,11
727,7,13
727,7,16
727,8,10
727,8,13
727,8,14
727,8,19
727,9,11
727,9,14
727,10,13
727,10,14
727,10,19
727,11,14
727,11,16
727,12,15
727,13,14
727,13,18
727,13,19
727,14,19
727,15,18
728,0,2
728,0,3
728,0,5
728,0,6
728,0,10
728,1,13
728,1,15
728,1,18
728,2,3
728,2,6
728,2,17
728,3,6
728,3,17
728,4,5
728,4,7
728,4,8
728,4,9
728,4,10
728,4,11
728,4,13
728,4,14
728,4,16
728,4,19
728,5,8
728,5,10
728,5,13
728,5,14
728,5,19
728,6,17
728,7,11
728,7,13
728,7,16
728,8,10
728,8,13
728,8,14
728,8,19
728,9,11
728,9,14
728,10,13
728,10,14
728,10,19
728,11,14
728,11,16
728,12,15
728,13,14
728,13,18
728,13,19
728,14,19
728,15,18
729,0,2
729,0,3
729,0,5
729,0,6
729,0,10
729,1,13
729,1,15
729,1,18
729,2,3
729,2,6
729,2,17
729,3,6
729,3,17
729,4,5
729,4,7
729,4,8
729,4,9
729,4,10
729,4,11
729,4,13
729,4,14
729,4,16
729,4,19
729,5,8
729,5,10
729,5,13
729,5,14
729,5,19
729,6,17
729,7,11
729,7,16
729,8,10
729,8,13
729,8,14
729,8,19
729,9,11
729,9,14
729,10,13
729,10,14
729,10,19
729,11,14
729,11,16
729,12,15
729,13,14
729,13,18
729,13,19
729,14,19
729,15,18
730,0,2
730,0,3
730,0,5
730,0,6
730,0,10
730,1,13
730,1,15
730,1,18
730,2,3
730,2,6
730,2,17
730,3,6
730,3,17
730,4,5
730,4,7
730,4,8
730,4,9
730,4,10
730,4,11
730,4,13
730,4,14
730,4,16
730,4,19
730,5,8
730,5,10
730,5,13
730,5,15
730,5,19
730,6,17
730,7,11
730,7,16
730,8,9
730,8,10
730,8,13
730,8,14
730,8,19
730,9,11
730,9,14
730,10,13
730,10,14
730,10,19
730,11,14
730,11,16
730,12,15
730,13,14
730,13,18
730,13,19
730,14,19
730,15,18
731,0,2
731,0,3
731,0,5
731,0,6
731,0,10
731,0,19
731,1,13
731,1,15
731,1,18
731,2,3
731,2,6
731,2,17
731,3,6
731,3,17
731,4,5
731,4,7
731,4,8
731,4,9
731,4,10
731,4,13
731,4,14
731,4,16
731,4,19
731,5,8
731,5,10
731,5,13
731,5,15
731,5,19
731,6,17
731,7,11
731,7,16
731,8,9
731,8,10
731,8,13
731,8,14
731,8,19
731,9,11
731,9,14
731,10,13
731,10,14
731,10,19
731,11,14
731,11,16
731,12,15
731,13,14
731,13,18
731,13,19
731,14,19
731,15,18
732,0,2
732,0,3
732,0,5
732,0,6
732,0,10
732,0,19
732,1,13
732,1,15
732,1,18
732,2,3
732,2,6
732,2,17
732,3,6
732,3,17
732,4,5
732,4,7
732,4,8
732,4,9
732,4,10
732,4,13
732,4,14
732,4,16
732,4,19
732,5,8
732,5,10
732,5,13
732,5,15
732,5,19
732,6,17
732,7,11
732,7,16
732,8,9
732,8,10
732,8,13
732,8,14
732,8,19
732,9,11
732,9,14
732,10,13
732,10,14
732,10,19
732,11,14
732,11,16
732,12,15
732,13,14
732,13,18
732,13,19
732,14,19
732,15,18
733,0,2
733,0,3
733,0,5
733,0,6
733,0,10
733,0,19
733,1,13
733,1,15
733,1,18
733,2,3
733,2,6
733,2,17
733,3,6
733,3,17
733,4,5
733,4,7
733,4,8
733,4,9
733,4,10
733,4,13
733,4,14
733,4,16
733,4,19
733,5,8
733,5,10
733,5,13
733,5,15
733,5,19
733,6,17
733,7,11
733,7,16
733,8,9
733,8,10
733,8,13
733,8,14
733,8,19
733,9,11
733,9,14
733,10,13
733,10,14
733,10,19
733,11,14
733,11,16
733,12,15
733,13,14
733,13,18
733,13,19
733,14,16
733,14,19
733,15,18
734,0,2
734,0,3
734,0,5
734,0,6
734,0,10
734,0,19
734,1,13
734,1,15
734,1,18
734,2,3
734,2,6
734,3,6
734,3,17
734,4,5
734,4,7
734,4,8
734,4,9
734,4,10
734,4,13
734,4,14
734,4,16
734,4,19
734,5,8
734,5,10
734,5,13
734,5,15
734,5,19
734,6,17
734,7,11
734,7,16
734,8,9
734,8,10
734,8,13
734,8,14
734,8,19
734,9,11
734,9,14
734,10,13
734,10,14
734,10,19
734,11,14
734,11,16
734,12,15
734,13,14
734,13,18
734,13,19
734,14,16
734,14,19
734,15,18
735,0,2
735,0,3
735,0,5
735,0,6
735,0,10
735,0,19
735,1,13
735,1,15
735,1,18
735,2,3
735,2,6
735,3,6
735,3,17
735,4,5
735,4,7
735,4,8
735,4,9
735,4,10
735,4,13
735,4,14
735,4,16
735,4,19
735,5,8
735,5,10
735,5,13
735,5,15
735,5,19
735,6,17
735,7,11
735,7,16
735,8,9
735,8,10
735,8,13
735,8,14
735,8,19
735,9,11
735,9,14
735,10,13
735,10,14
735,10,19
735,11,14
735,11,16
735,12,15
735,13,14
735,13,18
735,13,19
735,14,16
735,14,19
735,15,18
736,0,2
736,0,3
736,0,5
736,0,6
736,0,10
736,0,19
736,1,13
736,1,15
736,1,18
736,2,3
736,2,6
736,3,6
736,3,17
736,4,5
736,4,7
736,4,8
736,4,9
736,4,10
736,4,13
736,4,14
736,4,16
736,4,19
736,5,8
736,5,10
736,5,13
736,5,15
736,5,19
736,6,17
736,7,11
736,7,16
736,8,9
736,8,10
736,8,13
736,8,14
736,8,19
736,9,11
736,9,14
736,9,16
736,10,13
736,10,14
736,10,19
736,11,14
736,11,16
736,12,15
736,13,14
736,13,18
736,13,19
736,14,16
736,14,19
736,15,18
737,0,2
737,0,3
737,0,5
737,0,6
737,0,10
737,0,19
737,1,13
737,1,15
737,1,18
737,2,3
737,2,6
737,2,10
737,3,6
737,3,17
737,4,5
737,4,7
737,4,8
737,4,10
737,4,13
737,4,14
737,4,16
737,4,19
737,5,8
737,5,10
737,5,13
737,5,15
737,5,19
737,6,17
737,7,11
737,7,16
737,8,9
737,8,10
737,8,13
737,8,14
737,8,19
737,9,11
737,9,14
737,9,16
737,10,13
737,10,14
737,10,19
737,11,14
737,11,16
737,12,15
737,13,14
737,13,18
737,13,19
737,14,16
737,14,19
737,15,18
738,0,2
738,0,3
738,0,5
738,0,6
738,0,10
738,0,19
738,1,13
738,1,15
738,1,18
738,2,3
738,2,6
738,2,10
738,3,6
738,3,17
738,4,5
738,4,7
738,4,8
738,4,10
738,4,13
738,4,14
738,4,16
738,4,19
738,5,6
738,5,8
738,5,10
738,5,13
738,5,15
738,5,19
738,6,17
738,7,11
738,7,16
738,8,9
738,8,10
738,8,13
738,8,14
738,8,19
738,9,11
738,9,14
738,9,16
738,10,13
738,10,14
738,10,19
738,11,14
738,11,16
738,12,15
738,13,14
738,13,18
738,13,19
738,14,16
738,14,19
738,15,19
739,0,2
739,0,3
739,0,5
739,0,6
739,0,10
739,0,19
739,1,13
739,1,15
739,1,18
739,2,3
739,2,6
739,2,10
739,3,6
739,3,17
739,4,5
739,4,7
739,4,8
739,4,10
739,4,11
739,4,13
739,4,14
739,4,16
739,4,19
739,5,6
739,5,10
739,5,13
739,5,15
739,5,19
739,6,17
739,7,11
739,7,16
739,8,9
739,8,10
739,8,13
739,8,14
739,8,19
739,9,11
739,9,14
739,9,16
739,10,13
739,10,14
739,10,19
739,11,14
739,11,16
739,12,15
739,13,14
739,13,18
739,13,19
739,14,16
739,14,19
739,15,19
740,0,2
740,0,3
740,0,5
740,0,6
740,0,10
740,0,19
740,1,13
740,1,15
740,1,18
740,2,3
740,2,6
740,2,10
740,3,6
740,3,17
740,4,5
740,4,7
740,4,8
740,4,10
740,4,11
740,4,13
740,4,14
740,4,16
740,4,19
740,5,6
740,5,10
740,5,13
740,5,15
740,5,19
740,6,15
740,6,17
740,7,11
740,7,16
740,8,9
740,8,10
740,8,13
740,8,14
740,8,19
740,9,11
740,9,14
740,9,16
740,10,13
740,10,14
740,10,19
740,11,14
740,11,16
740,12,15
740,13,14
740,13,15
740,13,18
740,13,19
740,14,16
740,14,19
740,15,19
741,0,2
741,0,3
741,0,5
741,0,6
741,0,10
741,0,15
741,0,19
741,1,13
741,1,15
741,1,18
741,2,3
741,2,6
741,2,10
741,3,6
741,3,17
741,4,5
741,4,7
741,4,8
741,4,10
741,4,11
741,4,13
741,4,14
741,4,16
741,4,19
741,5,6
741,5,10
741,5,13
741,5,15
741,5,19
741,6,10
741,6,15
741,6,17
741,7,11
741,7,16
741,8,9
741,8,10
741,8,13
741,8,14
741,8,19
741,9,11
741,9,14
741,9,16
741,10,13
741,10,19
741,11,14
741,11,16
741,12,15
741,13,14
741,13,15
741,13,18
741,13,19
741,14,16
741,14,19
741,15,19
742,0,2
742,0,3
742,0,5
742,0,6
742,0,10
742,0,13
742,0,15
742,0,19
742,1,13
742,1,15
742,1,18
742,2,3
742,2,6
742,2,10
742,3,6
742,3,17
742,4,5
742,4,7
742,4,8
742,4,10
742,4,11
742,4,13
742,4,14
742,4,16
742,4,19
742,5,6
742,5,10
742,5,13
742,5,15
742,5,19
742,6,10
742,6,15
742,6,17
742,7,11
742,7,16
742,8,9
742,8,10
742,8,13
742,8,14
742,8,19
742,9,11
742,9,14
742,9,16
742,10,13
742,10,15
742,10,19
742,11,14
742,11,16
742,12,15
742,13,14
742,13,15
742,13,19
742,14,16
742,14,19
742,15,19
743,0,2
743,0,3
743,0,5
743,0,6
743,0,10
743,0,13
743,0,15
743,0,19
743,1,5
743,1,13
743,1,15
743,1,18
743,2,3
743,2,6
743,2,10
743,3,6
743,3,17
743,4,5
743,4,7
743,4,8
743,4,10
743,4,11
743,4,13
743,4,14
743,4,16
743,4,19
743,5,6
743,5,10
743,5,13
743,5,15
743,5,19
743,6,10
743,6,15
743,6,17
743,7,11
743,7,16
743,8,9
743,8,10
743,8,11
743,8,13
743,8,14
743,8,19
743,9,11
743,9,14
743,9,16
743,10,13
743,10,15
743,10,19
743,11,14
743,11,16
743,12,15
743,13,14
743,13,15
743,13,19
743,14,16
743,15,19
744,0,2
744,0,3
744,0,5
744,0,6
744,0,10
744,0,13
744,0,15
744,0,19
744,1,5
744,1,13
744,1,15
744,1,18
744,2,3
744,2,6
744,2,10
744,3,6
744,3,17
744,4,5
744,4,7
744,4,8
744,4,10
744,4,11
744,4,13
744,4,14
744,4,16
744,4,19
744,5,6
744,5,10
744,5,13
744,5,15
744,5,19
744,6,10
744,6,15
744,6,17
744,7,11
744,7,16
744,8,9
744,8,10
744,8,11
744,8,13
744,8,14
744,8,19
744,9,11
744,9,14
744,9,16
744,10,13
744,10,15
744,10,19
744,11,14
744,11,16
744,12,15
744,13,14
744,13,15
744,13,19
744,14,16
744,15,19
745,0,2
745,0,3
745,0,5
745,0,6
745,0,10
745,0,13
745,0,15
745,0,19
745,1,5
745,1,13
745,1,15
745,1,18
745,2,3
745,2,6
745,2,10
745,3,6
745,3,17
745,4,5
745,4,7
745,4,8
745,4,10
745,4,11
745,4,13
745,4,14
745,4,16
745,4,19
745,5,6
745,5,10
745,5,13
745,5,15
745,5,19
745,6,10
745,6,15
745,7,11
745,7,16
745,8,9
745,8,10
745,8,11
745,8,13
745,8,14
745,9,11
745,9,14
745,9,16
745,10,13
745,10,15
745,10,19
745,11,14
745,11,16
745,13,14
745,13,15
745,13,19
745,14,16
745,15,19
746,0,2
746,0,3
746,0,5
746,0,6
746,0,10
746,0,13
746,0,15
746,0,19
746,1,5
746,1,13
746,1,15
746,1,18
746,2,3
746,2,6
746,2,10
746,3,6
746,3,15
746,3,17
746,4,7
746,4,8
746,4,10
746,4,11
746,4,13
746,4,14
746,4,16
746,4,19
746,5,6
746,5,10
746,5,13
746,5,15
746,5,19
746,6,10
746,6,15
746,7,11
746,7,16
746,8,9
746,8,11
746,8,14
746,9,11
746,9,14
746,9,16
746,10,13
746,10,15
746,10,19
746,11,14
746,11,16
746,13,14
746,13,15
746,13,19
746,14,16
746,15,19
747,0,2
747,0,3
747,0,5
747,0,6
747,0,10
747,0,13
747,0,15
747,0,19
747,1,5
747,1,13
747,1,15
747,1,18
747,2,3
747,2,5
747,2,6
747,2,10
747,3,6
747,3,15
747,3,17
747,4,7
747,4,8
747,4,10
747,4,11
747,4,13
747,4,14
747,4,16
747,4,19
747,5,6
747,5,10
747,5,13
747,5,15
747,5,19
747,6,10
747,6,15
747,7,11
747,7,16
747,8,9
747,8,11
747,8,14
747,9,11
747,9,14
747,9,16
747,10,13
747,10,15
747,10,19
747,11,14
747,11,16
747,13,14
747,13,15
747,13,19
747,14,16
747,15,19
748,0,2
748,0,5
748,0,6
748,0,10
748,0,13
748,0,15
748,0,19
748,1,5
748,1,13
748,1,15
748,1,18
748,2,3
748,2,5
748,2,6
748,2,10
748,3,6
748,3,15
748,3,17
748,4,7
748,4,8
748,4,11
748,4,13
748,4,14
748,4,16
748,4,19
748,5,6
748,5,10
748,5,13
748,5,15
748,5,19
748,6,10
748,6,15
748,6,19
748,7,11
748,7,16
748,8,9
748,8,11
748,8,14
748,9,11
748,9,14
748,9,16
748,10,13
748,10,15
748,10,19
748,11,14
748,11,16
748,13,14
748,13,15
748,13,19
748,14,16
748,15,19
749,0,2
749,0,5
749,0,6
749,0,10
749,0,13
749,0,15
749,0,19
749,1,5
749,1,13
749,1,15
749,1,18
749,1,19
749,2,3
749,2,5
749,2,6
749,2,10
749,3,6
749,3,15
749,3,17
749,4,7
749,4,8
749,4,11
749,4,13
749,4,14
749,4,16
749,4,19
749,5,6
749,5,10
749,5,13
749,5,15
749,5,19
749,6,10
749,6,15
749,6,19
749,7,16
749,8,9
749,8,11
749,8,14
749,9,11
749,9,14
749,9,16
749,10,13
749,10,15
749,10,19
749,11,14
749,11,16
749,13,14
749,13,15
749,13,19
749,14,16
749,15,19
750,0,2
750,0,5
750,0,6
750,0,10
750,0,13
750,0,15
750,0,19
750,1,5
750,1,13
750,1,15
750,1,18
750,1,19
750,2,3
750,2,5
750,2,6
750,2,10
750,3,6
750,3,15
750,3,17
750,4,7
750,4,11
750,4,13
750,4,14
750,4,16
750,4,19
750,5,6
750,5,10
750,5,13
750,5,15
750,5,19
750,6,10
750,6,15
750,6,19
750,7,16
750,8,9
750,8,11
750,8,14
750,9,11
750,9,14
750,9,16
750,10,13
750,10,15
750,10,19
750,11,14
750,11,16
750,13,14
750,13,15
750,13,19
750,14,16
750,15,19
751,0,2
751,0,5
751,0,6
751,0,10
751,0,13
751,0,15
751,0,19
751,1,5
751,1,13
751,1,15
751,1,18
751,1,19
751,2,3
751,2,5
751,2,6
751,2,10
751,2,15
751,3,6
751,3,15
751,3,17
751,4,7
751,4,11
751,4,13
751,4,14
751,4,16
751,4,19
751,5,6
751,5,10
751,5,13
751,5,15
751,5,19
751,6,10
751,6,15
751,6,19
751,7,16
751,8,9
751,8,11
751,8,14
751,9,11
751,9,14
751,9,16
751,10,13
751,10,15
751,10,19
751,11,14
751,11,16
751,13,14
751,13,15
751,13,19
751,14,16
751,15,19
752,0,2
752,0,5
752,0,6
752,0,10
752,0,13
752,0,15
752,0,19
752,1,5
752,1,13
752,1,15
752,1,18
752,1,19
752,2,3
752,2,5
752,2,6
752,2,10
752,2,15
752,3,6
752,3,15
752,3,17
752,4,7
752,4,11
752,4,13
752,4,14
752,4,16
752,4,19
752,5,6
752,5,10
752,5,13
752,5,15
752,5,19
752,6,10
752,6,15
752,6,19
752,7,16
752,8,9
752,8,11
752,8,14
752,9,11
752,9,14
752,9,16
752,10,13
752,10,15
752,10,19
752,11,14
752,11,16
752,13,15
752,13,19
752,14,16
752,15,19
753,0,2
753,0,5
753,0,6
753,0,10
753,0,13
753,0,15
753,0,19
753,1,5
753,1,13
753,1,15
753,1,18
753,1,19
753,2,3
753,2,5
753,2,6
753,2,10
753,2,15
753,3,6
753,3,15
753,3,17
753,4,7
753,4,13
753,4,14
753,4,16
753,4,19
753,5,6
753,5,10
753,5,13
753,5,15
753,5,19
753,6,10
753,6,15
753,6,19
753,7,16
753,8,9
753,8,11
753,8,14
753,9,11
753,9,14
753,9,16
753,10,13
753,10,15
753,10,19
753,11,14
753,11,16
753,12,17
753,13,15
753,13,19
753,14,16
753,15,19
754,0,2
754,0,5
754,0,6
754,0,10
754,0,13
754,0,15
754,0,19
754,1,5
754,1,13
754,1,15
754,1,18
754,1,19
754,2,3
754,2,5
754,2,6
754,2,10
754,2,15
754,3,6
754,3,15
754,3,17
754,4,7
754,4,13
754,4,14
754,4,16
754,4,19
754,5,6
754,5,10
754,5,13
754,5,15
754,5,19
754,6,10
754,6,15
754,6,19
754,7,16
754,8,9
754,8,11
754,8,14
754,9,11
754,9,14
754,9,16
754,10,13
754,10,15
754,10,19
754,11,14
754,11,16
754,12,17
754,13,15
754,13,19
754,14,16
754,15,19
755,0,2
755,0,5
755,0,6
755,0,10
755,0,13
755,0,15
755,0,19
755,1,5
755,1,13
755,1,15
755,1,18
755,1,19
755,2,3
755,2,5
755,2,6
755,2,10
755,2,15
755,3,6
755,3,15
755,3,17
755,4,7
755,4,13
755,4,14
755,4,16
755,4,19
755,5,6
755,5,10
755,5,13
755,5,15
755,5,19
755,6,10
755,6,15
755,6,19
755,7,16
755,8,9
755,8,11
755,8,14
755,9,11
755,9,14
755,9,16
755,10,13
755,10,15
755,10,19
755,11,14
755,11,16
755,12,17
755,13,15
755,13,19
755,14,16
755,15,19
756,0,2
756,0,5
756,0,6
756,0,10
756,0,13
756,0,15
756,0,19
756,1,5
756,1,13
756,1,18
756,1,19
756,2,3
756,2,5
756,2,6
756,2,10
756,2,15
756,3,6
756,3,15
756,3,17
756,4,7
756,4,13
756,4,14
756,4,16
756,4,19
756,5,6
756,5,10
756,5,13
756,5,15
756,5,19
756,6,10
756,6,15
756,6,19
756,7,16
756,8,9
756,8,11
756,8,14
756,9,11
756,9,14
756,9,16
756,10,13
756,10,15
756,10,19
756,11,14
756,11,16
756,12,17
756,13,15
756,13,19
756,14,16
756,15,19
757,0,2
757,0,5
757,0,6
757,0,10
757,0,13
757,0,15
757,0,19
757,1,4
757,1,5
757,1,13
757,1,18
757,1,19
757,2,3
757,2,5
757,2,6
757,2,10
757,2,15
757,2,19
757,3,6
757,3,15
757,3,17
757,4,7
757,4,13
757,4,16
757,4,19
757,5,6
757,5,10
757,5,13
757,5,15
757,5,19
757,6,10
757,6,15
757,6,19
757,7,16
757,8,9
757,8,11
757,8,14
757,9,11
757,9,14
757,9,16
757,10,13
757,10,15
757,10,19
757,11,14
757,11,16
757,12,15
757,12,17
757,13,15
757,13,19
757,14,16
757,15,19
758,0,1
758,0,2
758,0,4
758,0,5
758,0,6
758,0,10
758,0,13
758,0,15
758,0,19
758,1,4
758,1,5
758,1,13
758,1,18
758,1,19
758,2,3
758,2,5
758,2,6
758,2,10
758,2,15
758,2,19
758,3,6
758,3,15
758,3,17
758,4,7
758,4,13
758,4,16
758,4,19
758,5,6
758,5,10
758,5,13
758,5,15
758,5,19
758,6,10
758,6,13
758,6,15
758,6,19
758,7,16
758,8,9
758,8,11
758,8,14
758,9,11
758,9,14
758,9,16
758,10,13
758,10,15
758,10,19
758,11,14
758,11,16
758,12,15
758,12,17
758,13,15
758,13,19
758,14,16
758,15,19
759,0,1
759,0,2
759,0,4
759,0,5
759,0,6
759,0,10
759,0,13
759,0,15
759,0,19
759,1,4
759,1,5
759,1,18
759,1,19
759,2,3
759,2,5
759,2,6
759,2,10
759,2,15
759,2,19
759,3,6
759,3,15
759,3,17
759,4,7
759,4,13
759,4,16
759,4,19
759,5,6
759,5,10
759,5,13
759,5,15
759,5,19
759,6,10
759,6,13
759,6,15
759,6,19
759,8,9
759,8,11
759,8,14
759,9,11
759,9,14
759,9,16
759,10,13
759,10,15
759,10,19
759,11,14
759,11,16
759,12,15
759,12,17
759,13,15
759,13,19
759,14,16
759,15,19
760,0,1
760,0,2
760,0,4
760,0,5
760,0,6
760,0,10
760,0,13
760,0,15
760,0,19
760,1,4
760,1,5
760,1,18
760,1,19
760,2,3
760,2,5
760,2,6
760,2,10
760,2,15
760,2,19
760,3,6
760,3,15
760,3,17
760,4,7
760,4,13
760,4,19
760,5,6
760,5,10
760,5,13
760,5,15
760,5,19
760,6,10
760,6,13
760,6,15
760,6,19
760,8,9
760,8,11
760,8,14
760,9,11
760,9,14
760,9,16
760,10,13
760,10,15
760,10,19
760,11,14
760,11,16
760,12,15
760,12,17
760,13,15
760,13,19
760,14,16
760,15,19
761,0,1
761,0,2
761,0,4
761,0,5
761,0,6
761,0,10
761,0,13
761,0,15
761,0,19
761,1,4
761,1,5
761,1,18
761,1,19
761,2,3
761,2,5
761,2,6
761,2,10
761,2,15
761,2,19
761,3,6
761,3,15
761,3,17
761,4,7
761,4,13
761,4,19
761,5,6
761,5,10
761,5,12
761,5,13
761,5,15
761,5,19
761,6,10
761,6,13
761,6,15
761,6,19
761,8,9
761,8,11
761,8,14
761,9,11
761,9,14
761,9,16
761,10,13
761,10,15
761,10,19
761,11,14
761,11,16
761,12,15
761,12,17
761,13,15
761,13,19
761,14,16
761,15,19
762,0,1
762,0,2
762,0,4
762,0,5
762,0,6
762,0,10
762,0,13
762,0,15
762,0,19
762,1,4
762,1,5
762,1,18
762,1,19
762,2,3
762,2,5
762,2,6
762,2,10
762,2,15
762,2,19
762,3,6
762,3,15
762,3,17
762,4,7
762,4,13
762,4,19
762,5,6
762,5,10
762,5,12
762,5,13
762,5,15
762,5,19
762,6,10
762,6,13
762,6,15
762,6,19
762,8,9
762,8,11
762,8,14
762,9,11
762,9,14
762,9,16
762,10,13
762,10,15
762,10,19
762,11,14
762,11,16
762,12,15
762,12,17
762,13,15
762,13,19
762,14,16
762,15,19
763,0,1
763,0,2
763,0,4
763,0,5
763,0,6
763,0,10
763,0,13
763,0,15
763,0,19
763,1,4
763,1,5
763,1,18
763,1,19
763,2,3
763,2,5
763,2,6
763,2,10
763,2,13
763,2,15
763,2,19
763,3,6
763,3,12
763,3,15
763,3,17
763,4,7
763,4,13
763,5,6
763,5,10
763,5,12
763,5,13
763,5,15
763,5,19
763,6,10
763,6,13
763,6,15
763,6,19
763,8,11
763,8,14
763,9,11
763,9,14
763,9,16
763,10,13
763,10,15
763,10,19
763,11,14
763,11,16
763,12,15
763,12,17
763,13,15
763,13,19
763,14,16
763,15,19
764,0,1
764,0,4
764,0,5
764,0,6
764,0,10
764,0,13
764,0,15
764,0,19
764,1,4
764,1,5
764,1,18
764,1,19
764,2,3
764,2,5
764,2,6
764,2,10
764,2,13
764,2,15
764,2,19
764,3,6
764,3,12
764,3,15
764,3,17
764,4,7
764,4,13
764,5,6
764,5,10
764,5,12
764,5,13
764,5,15
764,5,19
764,6,10
764,6,12
764,6,13
764,6,15
764,6,19
764,8,9
764,8,11
764,8,14
764,9,11
764,9,14
764,9,16
764,10,13
764,10,15
764,10,19
764,11,14
764,11,16
764,12,15
764,12,17
764,13,15
764,13,19
764,14,16
764,15,19
765,0,1
765,0,4
765,0,5
765,0,6
765,0,10
765,0,13
765,0,15
765,0,19
765,1,4
765,1,5
765,1,18
765,1,19
765,2,3
765,2,5
765,2,6
765,2,10
765,2,13
765,2,15
765,2,19
765,3,6
765,3,12
765,3,15
765,3,17
765,4,7
765,4,13
765,5,6
765,5,10
765,5,12
765,5,13
765,5,15
765,5,19
765,6,10
765,6,12
765,6,13
765,6,15
765,6,19
765,8,9
765,8,11
765,8,14
765,9,11
765,9,14
765,9,16
765,10,13
765,10,15
765,10,19
765,11,14
765,11,16
765,12,15
765,12,17
765,13,15
765,13,19
765,14,16
765,15,19
766,0,1
766,0,4
766,0,5
766,0,6
766,0,10
766,0,13
766,0,15
766,0,19
766,1,4
766,1,5
766,1,19
766,2,3
766,2,5
766,2,6
766,2,10
766,2,13
766,2,15
766,2,19
766,3,6
766,3,12
766,3,15
766,4,7
766,4,13
766,5,6
766,5,10
766,5,12
766,5,13
766,5,15
766,5,19
766,6,10
766,6,12
766,6,13
766,6,15
766,6,19
766,8,9
766,8,11
766,8,14
766,9,11
766,9,14
766,9,16
766,10,13
766,10,15
766,10,19
766,11,14
766,11,16
766,12,15
766,12,17
766,13,15
766,13,19
766,14,16
766,15,19
767,0,1
767,0,4
767,0,5
767,0,6
767,0,10
767,0,13
767,0,15
767,0,19
767,1,4
767,1,5
767,1,19
767,2,3
767,2,5
767,2,6
767,2,10
767,2,13
767,2,15
767,2,19
767,3,6
767,3,12
767,3,15
767,4,7
767,5,6
767,5,10
767,5,12
767,5,13
767,5,15
767,5,19
767,6,10
767,6,12
767,6,13
767,6,15
767,6,19
767,8,9
767,8,11
767,8,14
767,9,11
767,9,14
767,9,16
767,10,13
767,10,15
767,10,19
767,11,14
767,11,16
767,12,15
767,12,17
767,12,19
767,13,15
767,13,19
767,14,16
767,15,19
768,0,1
768,0,4
768,0,5
768,0,6
768,0,10
768,0,13
768,0,15
768,0,19
768,1,4
768,1,5
768,1,19
768,2,3
768,2,5
768,2,6
768,2,10
768,2,13
768,2,15
768,2,19
768,3,6
768,3,12
768,3,15
768,4,7
768,5,6
768,5,10
768,5,12
768,5,13
768,5,15
768,5,19
768,6,10
768,6,12
768,6,13
768,6,15
768,6,19
768,8,9
768,8,11
768,8,14
768,9,11
768,9,14
768,9,16
768,10,13
768,10,15
768,10,19
768,11,14
768,11,16
768,12,15
768,12,17
768,12,19
768,13,15
768,13,19
768,14,16
768,15,19
769,0,1
769,0,4
769,0,5
769,0,6
769,0,10
769,0,13
769,0,15
769,0,19
769,1,4
769,1,5
769,1,19
769,2,3
769,2,5
769,2,6
769,2,10
769,2,13
769,2,15
769,2,19
769,3,5
769,3,6
769,3,12
769,3,15
769,4,7
769,5,6
769,5,10
769,5,12
769,5,13
769,5,15
769,5,19
769,6,10
769,6,12
769,6,13
769,6,15
769,6,19
769,8,9
769,8,11
769,8,14
769,9,11
769,9,14
769,9,16
769,10,13
769,10,15
769,10,19
769,11,14
769,11,16
769,12,15
769,12,17
769,12,19
769,13,15
769,13,19
769,14,16
769,15,19
770,0,1
770,0,4
770,0,5
770,0,6
770,0,10
770,0,13
770,0,15
770,0,19
770,1,4
770,1,5
770,1,19
770,2,3
770,2,5
770,2,6
770,2,10
770,2,13
770,2,15
770,2,19
770,3,5
770,3,6
770,3,12
770,3,15
770,4,7
770,5,6
770,5,10
770,5,12
770,5,13
770,5,15
770,5,19
770,6,10
770,6,12
770,6,13
770,6,15
770,6,19
770,8,9
770,8,11
770,8,14
770,9,11
770,9,14
770,9,16
770,10,13
770,10,15
770,10,19
770,11,14
770,11,16
770,12,15
770,12,17
770,12,19
770,13,15
770,13,19
770,14,16
770,15,19
771,0,1
771,0,4
771,0,5
771,0,6
771,0,10
771,0,13
771,0,15
771,0,19
771,1,4
771,1,5
771,1,19
771,2,3
771,2,5
771,2,6
771,2,10
771,2,13
771,2,15
771,2,19
771,3,5
771,3,6
771,3,12
771,3,15
771,4,7
771,5,6
771,5,10
771,5,12
771,5,13
771,5,15
771,5,19
771,6,10
771,6,12
771,6,13
771,6,15
771,6,19
771,8,9
771,8,11
771,8,14
771,9,11
771,9,14
771,9,16
771,10,13
771,10,15
771,10,19
771,11,14
771,11,16
771,12,15
771,12,17
771,12,19
771,13,15
771,13,19
771,14,16
771,15,19
772,0,1
772,0,4
772,0,5
772,0,6
772,0,10
772,0,13
772,0,19
772,1,4
772,1,5
772,1,18
772,1,19
772,2,5
772,2,6
772,2,10
772,2,13
772,2,15
772,2,19
772,3,5
772,3,6
772,3,12
772,3,15
772,4,7
772,5,6
772,5,10
772,5,12
772,5,13
772,5,15
772,5,19
772,6,10
772,6,12
772,6,13
772,6,15
772,6,19
772,7,18
772,8,9
772,8,11
772,8,14
772,8,16
772,9,11
772,9,14
772,9,16
772,10,13
772,10,15
772,10,19
772,11,14
772,11,16
772,12,15
772,12,17
772,12,19
772,13,15
772,13,19
772,14,16
772,15,19
773,0,1
773,0,4
773,0,5
773,0,6
773,0,10
773,0,13
773,0,19
773,1,4
773,1,5
773,1,18
773,1,19
773,2,5
773,2,6
773,2,10
773,2,13
773,2,15
773,2,19
773,3,5
773,3,6
773,3,12
773,3,15
773,4,7
773,5,6
773,5,10
773,5,12
773,5,13
773,5,15
773,5,19
773,6,10
773,6,12
773,6,13
773,6,15
773,6,19
773,7,18
773,8,9
773,8,11
773,8,14
773,8,16
773,9,11
773,9,14
773,9,16
773,10,13
773,10,15
773,10,19
773,11,14
773,11,16
773,12,15
773,12,19
773,13,15
773,13,19
773,14,16
773,15,19
774,0,1
774,0,4
774,0,5
774,0,6
774,0,10
774,0,13
774,0,19
774,1,4
774,1,5
774,1,18
774,1,19
774,2,5
774,2,6
774,2,10
774,2,13
774,2,15
774,2,19
774,3,5
774,3,6
774,3,12
774,3,15
774,4,7
774,5,6
774,5,10
774,5,12
774,5,13
774,5,15
774,5,19
774,6,10
774,6,12
774,6,13
774,6,15
774,6,19
774,7,18
774,8,9
774,8,11
774,8,14
774,8,16
774,9,11
774,9,14
774,9,16
774,10,13
774,10,15
774,10,19
774,11,14
774,11,16
774,12,15
774,12,19
774,13,15
774,13,19
774,14,16
774,15,19
775,0,1
775,0,4
775,0,5
775,0,6
775,0,10
775,0,13
775,0,19
775,1,4
775,1,5
775,1,7
775,1,18
775,1,19
775,2,5
775,2,6
775,2,10
775,2,13
775,2,15
775,2,19
775,3,5
775,3,6
775,3,12
775,3,15
775,4,7
775,5,6
775,5,10
775,5,12
775,5,13
775,5,15
775,5,19
775,6,10
775,6,12
775,6,13
775,6,15
775,6,19
775,7,18
775,8,9
775,8,11
775,8,14
775,8,16
775,9,11
775,9,14
775,9,16
775,10,13
775,10,15
775,10,19
775,11,14
775,11,16
775,12,15
775,12,19
775,13,15
775,13,19
775,14,16
775,15,19
776,0,1
776,0,4
776,0,5
776,0,6
776,0,10
776,0,13
776,0,19
776,1,4
776,1,5
776,1,7
776,1,18
776,1,19
776,2,5
776,2,6
776,2,10
776,2,13
776,2,15
776,2,19
776,3,5
776,3,6
776,3,12
776,3,15
776,4,7
776,5,6
776,5,10
776,5,12
776,5,13
776,5,15
776,5,19
776,6,10
776,6,12
776,6,13
776,6,15
776,6,19
776,7,18
776,8,9
776,8,11
776,8,14
776,8,16
776,9,11
776,9,14
776,9,16
776,10,12
776,10,13
776,10,15
776,10,19
776,11,14
776,11,16
776,12,15
776,12,19
776,13,15
776,13,19
776,14,16
776,15,19
777,0,1
777,0,4
777,0,5
777,0,6
777,0,10
777,0,13
777,0,19
777,1,4
777,1,5
777,1,7
777,1,18
777,1,19
777,2,5
777,2,6
777,2,10
777,2,13
777,2,15
777,2,19
777,3,5
777,3,6
777,3,12
777,3,15
777,4,7
777,5,6
777,5,10
777,5,12
777,5,13
777,5,15
777,5,19
777,6,10
777,6,12
777,6,13
777,6,15
777,6,19
777,7,18
777,8,9
777,8,11
777,8,14
777,8,16
777,9,11
777,9,14
777,9,16
777,10,12
777,10,13
777,10,15
777,10,19
777,11,14
777,11,16
777,12,15
777,12,19
777,13,15
777,13,19
777,14,16
777,15,19
778,0,1
778,0,4
778,0,5
778,0,6
778,0,7
778,0,10
778,0,13
778,0,19
778,1,4
778,1,5
778,1,7
778,1,18
778,1,19
778,2,5
778,2,6
778,2,10
778,2,13
778,2,15
778,2,19
778,3,5
778,3,6
778,3,12
778,3,15
778,4,7
778,4,18
778,5,6
778,5,10
778,5,12
778,5,13
778,5,15
778,5,19
778,6,10
778,6,12
778,6,13
778,6,15
778,6,19
778,7,18
778,8,9
778,8,11
778,8,14
778,8,16
778,9,11
778,9,14
778,9,16
778,10,12
778,10,13
778,10,15
778,10,19
778,11,14
778,11,16
778,12,15
778,12,19
778,13,15
778,13,19
778,14,16
778,15,19
779,0,1
779,0,4
779,0,5
779,0,6
779,0,7
779,0,10
779,0,13
779,0,19
779,1,4
779,1,5
779,1,7
779,1,18
779,1,19
779,2,5
779,2,6
779,2,10
779,2,13
779,2,15
779,2,19
779,3,5
779,3,6
779,3,12
779,3,15
779,3,17
779,4,7
779,4,18
779,5,6
779,5,10
779,5,12
779,5,13
779,5,15
779,5,19
779,6,10
779,6,12
779,6,13
779,6,15
779,6,19
779,7,18
779,8,9
779,8,11
779,8,14
779,8,16
779,9,11
779,9,14
779,9,16
779,10,12
779,10,13
779,10,15
779,10,19
779,11,14
779,11,16
779,12,15
779,12,19
779,13,15
779,13,19
779,14,16
779,15,19
780,0,1
780,0,4
780,0,5
780,0,6
780,0,7
780,0,10
780,0,13
780,0,19
780,1,4
780,1,5
780,1,6
780,1,7
780,1,18
780,1,19
780,2,5
780,2,6
780,2,10
780,2,12
780,2,13
780,2,15
780,2,19
780,3,5
780,3,6
780,3,12
780,3,15
780,3,17
780,4,7
780,4,18
780,5,6
780,5,10
780,5,12
780,5,13
780,5,15
780,5,19
780,6,10
780,6,12
780,6,13
780,6,15
780,6,19
780,7,18
780,8,9
780,8,11
780,8,14
780,8,16
780,9,11
780,9,14
780,9,16
780,10,12
780,10,13
780,10,15
780,10,19
780,11,14
780,11,16
780,12,15
780,12,19
780,13,15
780,13,19
780,14,16
780,15,19
781,0,1
781,0,4
781,0,5
781,0,6
781,0,7
781,0,10
781,0,13
781,0,19
781,1,4
781,1,5
781,1,6
781,1,7
781,1,18
781,1,19
781,2,5
781,2,6
781,2,10
781,2,12
781,2,13
781,2,15
781,2,19
781,3,5
781,3,12
781,3,15
781,3,17
781,4,7
781,4,18
781,5,6
781,5,10
781,5,12
781,5,13
781,5,15
781,5,19
781,6,10
781,6,12
781,6,13
781,6,15
781,6,19
781,7,18
781,8,9
781,8,11
781,8,14
781,8,16
781,9,11
781,9,14
781,9,16
781,10,12
781,10,13
781,10,15
781,10,19
781,11,14
781,11,16
781,12,15
781,12,19
781,13,15
781,13,19
781,14,16
781,15,19
782,0,1
782,0,4
782,0,5
782,0,6
782,0,7
782,0,10
782,0,19
782,1,4
782,1,5
782,1,6
782,1,7
782,1,18
782,1,19
782,2,5
782,2,6
782,2,10
782,2,12
782,2,13
782,2,15
782,2,19
782,3,5
782,3,12
782,3,15
782,3,17
782,4,7
782,4,18
782,5,6
782,5,10
782,5,12
782,5,13
782,5,15
782,5,19
782,6,10
782,6,12
782,6,13
782,6,15
782,6,19
782,7,18
782,8,9
782,8,11
782,8,14
782,8,16
782,9,11
782,9,14
782,9,16
782,10,12
782,10,13
782,10,15
782,10,19
782,11,14
782,11,16
782,12,15
782,12,19
782,13,15
782,13,19
782,14,16
782,15,19
783,0,1
783,0,4
783,0,5
783,0,6
783,0,7
783,0,10
783,0,19
783,1,4
783,1,5
783,1,6
783,1,7
783,1,18
783,1,19
783,2,5
783,2,6
783,2,10
783,2,12
783,2,13
783,2,15
783,2,19
783,3,5
783,3,12
783,3,15
783,3,17
783,4,7
783,4,18
783,5,6
783,5,10
783,5,12
783,5,13
783,5,15
783,5,19
783,6,10
783,6,12
783,6,13
783,6,15
783,6,19
783,7,18
783,8,9
783,8,11
783,8,14
783,8,16
783,9,11
783,9,14
783,9,16
783,10,12
783,10,13
783,10,15
783,10,19
783,11,14
783,11,16
783,12,15
783,12,19
783,13,15
783,13,19
783,14,16
783,15,19
784,0,1
784,0,4
784,0,5
784,0,6
784,0,7
784,0,10
784,0,18
784,0,19
784,1,4
784,1,5
784,1,6
784,1,7
784,1,18
784,1,19
784,2,5
784,2,6
784,2,10
784,2,12
784,2,13
784,2,15
784,2,19
784,3,5
784,3,12
784,3,15
784,3,17
784,4,7
784,4,18
784,5,6
784,5,10
784,5,12
784,5,13
784,5,15
784,5,19
784,6,10
784,6,12
784,6,13
784,6,15
784,6,19
784,7,18
784,8,9
784,8,11
784,8,14
784,8,16
784,9,11
784,9,14
784,9,16
784,10,12
784,10,13
784,10,15
784,10,19
784,11,14
784,11,16
784,12,13
784,12,15
784,12,19
784,13,15
784,13,19
784,14,16
784,15,19
785,0,1
785,0,4
785,0,5
785,0,6
785,0,7
785,0,18
785,0,19
785,1,4
785,1,5
785,1,6
785,1,7
785,1,18
785,1,19
785,2,5
785,2,6
785,2,10
785,2,12
785,2,13
785,2,15
785,2,19
785,3,5
785,3,12
785,3,15
785,3,17
785,4,7
785,4,18
785,5,6
785,5,10
785,5,12
785,5,13
785,5,15
785,5,19
785,6,10
785,6,12
785,6,13
785,6,15
785,6,19
785,7,18
785,8,9
785,8,11
785,8,14
785,8,16
785,9,11
785,9,14
785,9,16
785,10,12
785,10,13
785,10,15
785,10,19
785,11,14
785,11,16
785,12,13
785,12,15
785,12,19
785,13,15
785,13,19
785,14,16
785,15,19
786,0,1
786,0,4
786,0,7
786,0,18
786,0,19
786,1,4
786,1,5
786,1,6
786,1,7
786,1,18
786,1,19
786,2,5
786,2,6
786,2,10
786,2,12
786,2,13
786,2,15
786,2,19
786,3,5
786,3,12
786,3,17
786,4,7
786,4,18
786,5,6
786,5,10
786,5,12
786,5,19
786,6,10
786,6,12
786,6,13
786,6,15
786,6,19
786,7,18
786,8,9
786,8,11
786,8,14
786,8,16
786,9,11
786,9,14
786,9,16
786,10,12
786,10,13
786,10,15
786,10,19
786,11,14
786,11,16
786,12,13
786,12,15
786,12,19
786,13,15
786,13,19
786,14,16
786,15,19
787,0,1
787,0,4
787,0,7
787,0,18
787,0,19
787,1,4
787,1,5
787,1,6
787,1,7
787,1,10
787,1,18
787,1,19
787,2,5
787,2,6
787,2,10
787,2,12
787,2,13
787,2,15
787,2,19
787,3,5
787,3,12
787,3,17
787,4,7
787,4,18
787,5,6
787,5,10
787,5,12
787,5,19
787,6,10
787,6,12
787,6,13
787,6,15
787,6,19
787,7,18
787,8,9
787,8,11
787,8,14
787,8,16
787,9,11
787,9,14
787,9,16
787,10,12
787,10,13
787,10,15
787,10,19
787,11,14
787,11,16
787,12,13
787,12,15
787,12,19
787,13,15
787,13,19
787,14,16
787,15,19
788,0,1
788,0,4
788,0,7
788,0,18
788,0,19
788,1,4
788,1,5
788,1,6
788,1,7
788,1,10
788,1,18
788,1,19
788,2,6
788,2,10
788,2,12
788,2,13
788,2,15
788,2,19
788,3,5
788,3,12
788,3,17
788,4,7
788,4,18
788,5,6
788,5,10
788,5,12
788,5,19
788,6,10
788,6,12
788,6,13
788,6,15
788,6,19
788,7,18
788,8,9
788,8,11
788,8,14
788,8,16
788,9,11
788,9,14
788,9,16
788,10,12
788,10,13
788,10,15
788,10,19
788,11,14
788,11,16
788,12,13
788,12,15
788,12,19
788,13,15
788,13,19
788,14,16
789,0,1
789,0,4
789,0,7
789,0,18
789,0,19
789,1,4
789,1,5
789,1,6
789,1,7
789,1,10
789,1,18
789,1,19
789,2,6
789,2,10
789,2,12
789,2,13
789,2,15
789,2,19
789,3,5
789,3,12
789,3,17
789,4,7
789,4,18
789,5,6
789,5,10
789,5,12
789,5,17
789,5,19
789,6,10
789,6,12
789,6,13
789,6,15
789,6,19
789,7,18
789,8,9
789,8,11
789,8,14
789,8,16
789,9,11
789,9,14
789,9,16
789,10,12
789,10,13
789,10,15
789,10,19
789,11,14
789,11,16
789,12,13
789,12,15
789,12,19
789,13,15
789,13,19
789,14,16
790,0,1
790,0,4
790,0,7
790,0,18
790,1,4
790,1,5
790,1,6
790,1,7
790,1,10
790,1,18
790,1,19
790,2,6
790,2,10
790,2,12
790,2,13
790,2,15
790,2,19
790,3,5
790,3,12
790,3,17
790,4,7
790,4,18
790,5,6
790,5,10
790,5,12
790,5,17
790,5,19
790,6,10
790,6,12
790,6,13
790,6,15
790,6,19
790,7,18
790,8,9
790,8,11
790,8,14
790,8,16
790,9,11
790,9,14
790,9,16
790,10,12
790,10,13
790,10,15
790,10,19
790,11,14
790,11,16
790,12,13
790,12,15
790,12,19
790,13,15
790,13,19
790,14,16
791,0,1
791,0,4
791,0,7
791,0,18
791,1,4
791,1,5
791,1,6
791,1,7
791,1,10
791,1,18
791,1,19
791,2,6
791,2,10
791,2,12
791,2,13
791,2,15
791,2,19
791,3,5
791,3,12
791,3,17
791,4,7
791,4,18
791,5,6
791,5,10
791,5,12
791,5,17
791,5,19
791,6,10
791,6,12
791,6,13
791,6,15
791,6,19
791,7,18
791,8,9
791,8,11
791,8,14
791,8,16
791,9,11
791,9,14
791,9,16
791,10,12
791,10,13
791,10,15
791,10,19
791,11,14
791,11,16
791,12,13
791,12,15
791,12,19
791,13,15
791,13,19
791,14,16
792,0,1
792,0,4
792,0,7
792,0,18
792,1,4
792,1,5
792,1,6
792,1,7
792,1,10
792,1,18
792,1,19
792,2,6
792,2,10
792,2,12
792,2,13
792,2,15
792,2,19
792,3,5
792,3,12
792,3,17
792,4,7
792,4,18
792,5,6
792,5,10
792,5,12
792,5,17
792,5,19
792,6,10
792,6,12
792,6,13
792,6,15
792,6,19
792,7,18
792,8,9
792,8,11
792,8,14
792,8,16
792,9,11
792,9,14
792,9,16
792,10,12
792,10,13
792,10,15
792,10,19
792,11,14
792,11,16
792,12,13
792,12,15
792,12,19
792,13,15
792,13,19
792,14,16
793,0,1
793,0,4
793,0,7
793,0,18
793,1,4
793,1,5
793,1,6
793,1,7
793,1,10
793,1,18
793,1,19
793,2,6
793,2,10
793,2,12
793,2,13
793,2,15
793,2,19
793,3,5
793,3,12
793,3,17
793,4,7
793,4,18
793,5,6
793,5,10
793,5,12
793,5,17
793,5,19
793,6,10
793,6,12
793,6,13
793,6,15
793,6,19
793,7,18
793,8,9
793,8,11
793,8,14
793,8,16
793,9,11
793,9,14
793,9,16
793,10,12
793,10,13
793,10,15
793,10,19
793,11,14
793,11,16
793,12,13
793,12,15
793,12,19
793,13,15
793,13,19
793,14,16
794,0,1
794,0,4
794,0,7
794,0,18
794,1,4
794,1,5
794,1,6
794,1,7
794,1,10
794,1,18
794,1,19
794,2,6
794,2,10
794,2,12
794,2,13
794,2,15
794,2,19
794,3,5
794,3,12
794,3,17
794,4,7
794,4,18
794,5,6
794,5,10
794,5,12
794,5,17
794,5,19
794,6,10
794,6,12
794,6,13
794,6,19
794,7,18
794,8,9
794,8,11
794,8,14
794,8,16
794,9,11
794,9,14
794,9,16
794,10,12
794,10,13
794,10,15
794,10,19
794,11,14
794,11,16
794,12,13
794,12,15
794,12,19
794,13,15
794,13,19
794,14,16
794,17,19
795,0,1
795,0,4
795,0,7
795,0,18
795,1,4
795,1,5
795,1,6
795,1,7
795,1,10
795,1,18
795,1,19
795,2,6
795,2,10
795,2,12
795,2,13
795,2,15
795,2,19
795,3,5
795,3,12
795,3,17
795,3,19
795,4,7
795,4,18
795,5,6
795,5,10
795,5,12
795,5,17
795,5,19
795,6,10
795,6,12
795,6,13
795,6,19
795,7,18
795,8,9
795,8,11
795,8,14
795,8,16
795,9,11
795,9,14
795,9,16
795,10,12
795,10,13
795,10,15
795,10,19
795,11,14
795,11,16
795,12,13
795,12,15
795,12,19
795,13,15
795,14,16
795,17,19
796,0,1
796,0,4
796,0,7
796,0,18
796,1,4
796,1,5
796,1,6
796,1,7
796,1,10
796,1,18
796,1,19
796,2,6
796,2,10
796,2,12
796,2,13
796,2,15
796,2,19
796,3,5
796,3,12
796,3,17
796,3,19
796,4,7
796,4,18
796,5,6
796,5,10
796,5,12
796,5,17
796,5,19
796,6,10
796,6,12
796,6,13
796,6,19
796,7,18
796,8,9
796,8,11
796,8,14
796,8,16
796,9,11
796,9,14
796,9,16
796,10,12
796,10,13
796,10,15
796,10,19
796,11,14
796,11,16
796,12,13
796,12,15
796,12,19
796,13,15
796,14,16
796,17,19
797,0,1
797,0,4
797,0,7
797,0,18
797,1,4
797,1,5
797,1,6
797,1,7
797,1,10
797,1,18
797,1,19
797,2,6
797,2,10
797,2,12
797,2,13
797,2,15
797,2,19
797,3,5
797,3,12
797,3,17
797,3,19
797,4,7
797,4,18
797,5,6
797,5,10
797,5,12
797,5,17
797,5,19
797,6,10
797,6,12
797,6,13
797,6,19
797,7,18
797,8,9
797,8,11
797,8,14
797,8,16
797,9,11
797,9,14
797,9,16
797,10,12
797,10,13
797,10,15
797,10,19
797,11,14
797,11,16
797,12,13
797,12,15
797,12,19
797,13,15
797,14,16
797,17,19
798,0,1
798,0,4
798,0,7
798,0,18
798,1,4
798,1,5
798,1,6
798,1,7
798,1,10
798,1,18
798,1,19
798,2,6
798,2,10
798,2,12
798,2,13
798,2,15
798,2,19
798,3,5
798,3,12
798,3,17
798,3,19
798,4,7
798,4,18
798,5,6
798,5,10
798,5,12
798,5,17
798,5,19
798,6,10
798,6,12
798,6,13
798,6,19
798,7,18
798,8,9
798,8,11
798,8,14
798,8,16
798,9,11
798,9,14
798,9,16
798,10,12
798,10,13
798,10,15
798,10,19
798,11,14
798,11,16
798,12,13
798,12,15
798,12,19
798,13,15
798,14,16
798,17,19
799,0,1
799,0,4
799,0,7
799,0,18
799,1,4
799,1,5
799,1,6
799,1,7
799,1,10
799,1,18
799,1,19
799,2,6
799,2,10
799,2,12
799,2,13
799,2,15
799,2,19
799,3,5
799,3,12
799,3,17
799,3,19
799,4,7
799,4,18
799,5,6
799,5,10
799,5,12
799,5,17
799,5,19
799,6,10
799,6,12
799,6,13
799,6,19
799,7,18
799,8,9
799,8,11
799,8,14
799,8,16
799,9,11
799,9,14
799,9,16
799,10,12
799,10,13
799,10,15
799,10,19
799,11,14
799,11,16
799,12,13
799,12,15
799,12,19
799,13,15
799,14,16
799,17,19
800,0,1
800,0,4
800,0,7
800,0,18
800,1,4
800,1,5
800,1,6
800,1,10
800,1,18
800,1,19
800,2,6
800,2,10
800,2,12
800,2,13
800,2,15
800,2,19
800,3,5
800,3,17
800,3,19
800,4,7
800,4,18
800,5,6
800,5,10
800,5,12
800,5,17
800,5,19
800,6,10
800,6,12
800,6,13
800,6,19
800,7,18
800,8,9
800,8,11
800,8,14
800,8,16
800,9,11
800,9,14
800,9,16
800,10,12
800,10,13
800,10,15
800,10,19
800,11,14
800,11,16
800,12,13
800,12,15
800,12,19
800,13,15
800,14,16
800,17,19
801,0,1
801,0,4
801,0,7
801,0,18
801,1,4
801,1,5
801,1,6
801,1,10
801,1,18
801,1,19
801,2,6
801,2,10
801,2,12
801,2,13
801,2,15
801,2,19
801,3,5
801,3,17
801,3,19
801,4,7
801,4,18
801,5,6
801,5,10
801,5,12
801,5,17
801,5,19
801,6,10
801,6,12
801,6,13
801,6,19
801,7,18
801,8,9
801,8,11
801,8,14
801,8,16
801,9,11
801,9,14
801,9,16
801,10,12
801,10,13
801,10,19
801,11,14
801,11,16
801,12,13
801,12,15
801,12,19
801,13,15
801,14,16
801,17,19
802,0,1
802,0,4
802,0,7
802,0,18
802,1,5
802,1,6
802,1,10
802,1,18
802,1,19
802,2,6
802,2,10
802,2,12
802,2,13
802,2,15
802,2,19
802,3,5
802,3,17
802,3,19
802,4,7
802,4,18
802,5,6
802,5,10
802,5,12
802,5,17
802,5,19
802,6,10
802,6,12
802,6,13
802,6,19
802,7,18
802,8,9
802,8,11
802,8,14
802,8,16
802,9,11
802,9,14
802,9,16
802,10,12
802,10,13
802,10,19
802,11,14
802,11,16
802,12,13
802,12,15
802,12,19
802,13,15
802,14,16
802,17,19
803,0,1
803,0,4
803,0,7
803,0,18
803,1,5
803,1,6
803,1,10
803,1,18
803,1,19
803,2,6
803,2,10
803,2,12
803,2,13
803,2,15
803,2,19
803,3,5
803,3,17
803,3,19
803,4,7
803,4,18
803,5,6
803,5,10
803,5,12
803,5,17
803,5,19
803,6,10
803,6,12
803,6,13
803,6,19
803,7,18
803,8,9
803,8,11
803,8,14
803,8,16
803,9,11
803,9,14
803,9,16
803,10,12
803,10,13
803,10,19
803,11,14
803,11,16
803,12,13
803,12,15
803,12,19
803,13,15
803,14,16
803,17,19
804,0,1
804,0,4
804,0,7
804,0,18
804,1,5
804,1,6
804,1,10
804,1,18
804,1,19
804,2,6
804,2,10
804,2,12
804,2,13
804,2,15
804,2,19
804,3,5
804,3,17
804,3,19
804,4,7
804,4,18
804,5,6
804,5,10
804,5,12
804,5,17
804,5,19
804,6,10
804,6,12
804,6,13
804,6,19
804,7,18
804,8,9
804,8,11
804,8,14
804,8,16
804,9,11
804,9,14
804,9,16
804,10,12
804,10,13
804,10,19
804,11,14
804,11,16
804,12,13
804,12,15
804,12,19
804,13,15
804,14,16
804,17,19
805,0,1
805,0,4
805,0,7
805,0,18
805,1,5
805,1,6
805,1,10
805,1,18
805,1,19
805,2,6
805,2,10
805,2,12
805,2,13
805,2,15
805,3,5
805,3,17
805,3,19
805,4,7
805,4,18
805,5,6
805,5,10
805,5,17
805,5,19
805,6,10
805,6,12
805,6,13
805,6,19
805,7,18
805,8,9
805,8,11
805,8,14
805,8,16
805,9,11
805,9,14
805,9,16
805,10,12
805,10,13
805,10,19
805,11,14
805,11,16
805,12,13
805,12,15
805,12,19
805,13,15
805,14,16
805,17,19
806,0,1
806,0,4
806,0,7
806,0,18
806,1,5
806,1,6
806,1,10
806,1,18
806,1,19
806,2,6
806,2,10
806,2,12
806,2,13
806,2,15
806,3,5
806,3,17
806,3,19
806,4,7
806,4,18
806,5,6
806,5,10
806,5,17
806,5,19
806,6,10
806,6,12
806,6,13
806,6,19
806,7,18
806,8,9
806,8,11
806,8,14
806,8,16
806,9,11
806,9,14
806,9,16
806,10,12
806,10,13
806,10,19
806,11,14
806,11,16
806,12,13
806,12,15
806,12,19
806,13,15
806,14,16
806,17,19
807,0,1
807,0,4
807,0,7
807,0,18
807,1,5
807,1,6
807,1,10
807,1,18
807,1,19
807,2,6
807,2,10
807,2,12
807,2,13
807,2,15
807,3,5
807,3,17
807,3,19
807,4,7
807,4,18
807,5,6
807,5,10
807,5,17
807,5,19
807,6,10
807,6,12
807,6,13
807,6,19
807,7,18
807,8,9
807,8,11
807,8,14
807,8,16
807,9,11
807,9,14
807,9,16
807,10,12
807,10,13
807,10,19
807,11,14
807,11,16
807,12,13
807,12,15
807,12,19
807,13,15
807,14,16
807,17,19
808,0,1
808,0,4
808,0,7
808,0,18
808,1,5
808,1,6
808,1,10
808,1,18
808,1,19
808,2,6
808,2,10
808,2,12
808,2,13
808,2,15
808,3,5
808,3,17
808,3,19
808,4,7
808,4,18
808,5,6
808,5,10
808,5,17
808,5,19
808,6,10
808,6,12
808,6,13
808,6,19
808,7,18
808,8,9
808,8,11
808,8,14
808,8,16
808,9,11
808,9,14
808,9,16
808,10,12
808,10,13
808,10,17
808,10,19
808,11,14
808,11,16
808,12,13
808,12,15
808,12,19
808,13,15
808,14,16
808,17,19
809,0,1
809,0,4
809,0,7
809,0,18
809,1,5
809,1,6
809,1,10
809,1,18
809,1,19
809,2,6
809,2,10
809,2,12
809,2,13
809,2,15
809,3,5
809,3,17
809,3,19
809,4,7
809,4,18
809,5,6
809,5,10
809,5,17
809,5,19
809,6,10
809,6,12
809,6,13
809,6,19
809,7,18
809,8,9
809,8,11
809,8,14
809,8,16
809,9,11
809,9,14
809,9,16
809,10,12
809,10,13
809,10,17
809,10,19
809,11,14
809,11,16
809,12,13
809,12,15
809,13,15
809,14,16
809,17,19
810,0,1
810,0,4
810,0,7
810,0,18
810,1,5
810,1,6
810,1,10
810,1,18
810,1,19
810,2,6
810,2,10
810,2,12
810,2,13
810,3,5
810,3,17
810,3,19
810,4,7
810,4,18
810,5,6
810,5,10
810,5,17
810,5,19
810,6,10
810,6,12
810,6,19
810,7,18
810,8,9
810,8,11
810,8,14
810,8,16
810,9,11
810,9,14
810,9,16
810,10,12
810,10,13
810,10,17
810,10,19
810,11,14
810,11,16
810,12,13
810,12,15
810,13,15
810,14,16
810,17,19
811,0,1
811,0,4
811,0,7
811,0,18
811,1,5
811,1,6
811,1,10
811,1,19
811,2,6
811,2,10
811,2,12
811,2,13
811,3,5
811,3,17
811,3,19
811,4,7
811,4,18
811,5,6
811,5,10
811,5,17
811,5,19
811,6,9
811,6,10
811,6,12
811,6,19
811,7,18
811,8,9
811,8,11
811,8,14
811,8,16
811,9,11
811,9,14
811,9,16
811,10,12
811,10,13
811,10,17
811,10,19
811,11,14
811,11,16
811,12,13
811,12,15
811,13,15
811,14,16
811,17,19
812,0,4
812,0,7
812,0,18
812,1,5
812,1,6
812,1,10
812,1,19
812,2,6
812,2,10
812,2,12
812,2,13
812,3,5
812,3,17
812,3,19
812,4,7
812,4,18
812,5,10
812,5,17
812,5,19
812,6,9
812,6,10
812,6,12
812,6,19
812,7,18
812,8,9
812,8,16
812,8,18
812,9,11
812,9,14
812,10,12
812,10,13
812,10,17
812,10,19
812,11,14
812,11,16
812,12,13
812,12,15
812,13,15
812,14,16
812,17,19
813,0,4
813,0,7
813,0,18
813,1,5
813,1,6
813,1,10
813,1,19
813,2,6
813,2,10
813,2,12
813,2,13
813,3,5
813,3,17
813,3,19
813,4,7
813,4,18
813,5,10
813,5,17
813,5,19
813,6,9
813,6,10
813,6,12
813,6,19
813,7,18
813,8,9
813,8,16
813,8,18
813,9,11
813,9,14
813,10,12
813,10,13
813,10,17
813,10,19
813,11,14
813,11,16
813,12,13
813,12,15
813,13,15
813,14,16
813,17,19
814,0,4
814,0,7
814,0,18
814,1,5
814,1,6
814,1,10
814,1,19
814,2,6
814,2,10
814,2,12
814,2,13
814,3,5
814,3,17
814,3,19
814,4,7
814,4,18
814,5,10
814,5,17
814,5,19
814,6,9
814,6,10
814,6,19
814,8,9
814,8,16
814,8,18
814,9,11
814,9,14
814,10,12
814,10,13
814,10,17
814,10,19
814,11,14
814,11,16
814,12,13
814,12,15
814,13,15
814,14,16
814,17,19
815,0,4
815,0,7
815,0,18
815,1,5
815,1,6
815,1,10
815,1,19
815,2,6
815,2,10
815,2,12
815,2,13
815,3,5
815,3,17
815,3,19
815,4,7
815,4,18
815,5,10
815,5,17
815,5,19
815,6,9
815,6,10
815,6,19
815,8,9
815,8,16
815,8,18
815,9,11
815,9,14
815,10,12
815,10,13
815,10,17
815,10,19
815,11,14
815,11,16
815,12,13
815,12,15
815,13,15
815,14,16
815,17,19
816,0,4
816,0,7
816,0,18
816,1,5
816,1,6
816,1,10
816,1,19
816,2,6
816,2,9
816,2,10
816,2,12
816,2,13
816,3,5
816,3,17
816,3,19
816,4,7
816,4,18
816,5,10
816,5,17
816,5,19
816,6,9
816,6,10
816,6,19
816,8,9
816,8,16
816,8,18
816,9,11
816,9,14
816,10,12
816,10,13
816,10,17
816,10,19
816,11,14
816,11,16
816,12,13
816,12,15
816,13,15
816,14,16
816,17,19
817,0,4
817,0,7
817,0,18
817,1,5
817,1,6
817,1,10
817,1,19
817,2,6
817,2,9
817,2,10
817,2,12
817,2,13
817,3,5
817,3,17
817,3,19
817,4,7
817,4,18
817,5,10
817,5,17
817,5,19
817,6,9
817,6,10
817,6,19
817,8,18
817,9,11
817,10,12
817,10,13
817,10,17
817,10,19
817,11,14
817,11,16
817,12,13
817,12,15
817,13,15
817,14,16
817,17,19
818,0,4
818,0,7
818,0,18
818,1,5
818,1,6
818,1,10
818,1,19
818,2,6
818,2,9
818,2,10
818,2,12
818,2,13
818,3,5
818,3,17
818,3,19
818,4,7
818,4,18
818,5,10
818,5,17
818,5,19
818,6,9
818,6,10
818,6,19
818,8,18
818,9,11
818,10,12
818,10,13
818,10,17
818,10,19
818,11,14
818,11,16
818,12,13
818,12,15
818,13,15
818,14,16
818,17,19
819,0,4
819,0,7
819,0,18
819,1,5
819,1,6
819,1,10
819,1,19
819,2,6
819,2,9
819,2,10
819,2,12
819,2,13
819,3,5
819,3,17
819,3,19
819,4,7
819,4,18
819,5,10
819,5,17
819,5,19
819,6,9
819,6,10
819,8,18
819,9,11
819,10,12
819,10,13
819,10,17
819,10,19
819,11,14
819,11,16
819,12,13
819,12,15
819,13,15
819,14,16
819,17,19
820,0,4
820,0,7
820,0,18
820,1,5
820,1,6
820,1,10
820,1,17
820,1,19
820,2,6
820,2,9
820,2,10
820,2,12
820,2,13
820,3,5
820,3,17
820,3,19
820,4,7
820,4,18
820,5,10
820,5,17
820,5,19
820,6,9
820,6,10
820,8,18
820,9,11
820,10,12
820,10,13
820,10,17
820,10,19
820,11,14
820,11,16
820,12,13
820,12,15
820,13,15
820,14,16
820,17,19
821,0,4
821,0,7
821,0,18
821,1,5
821,1,6
821,1,10
821,1,17
821,1,19
821,2,6
821,2,9
821,2,10
821,2,12
821,2,13
821,3,5
821,3,17
821,3,19
821,4,7
821,4,18
821,5,10
821,5,17
821,5,19
821,6,9
821,6,10
821,8,18
821,9,11
821,10,12
821,10,13
821,10,17
821,10,19
821,11,14
821,11,16
821,12,13
821,12,15
821,13,15
821,14,16
821,17,19
822,0,4
822,0,7
822,0,18
822,1,5
822,1,6
822,1,10
822,1,17
822,1,19
822,2,6
822,2,9
822,2,10
822,2,12
822,2,13
822,3,5
822,3,17
822,3,19
822,4,7
822,4,18
822,5,10
822,5,17
822,5,19
822,6,9
822,6,10
822,8,18
822,9,11
822,10,12
822,10,13
822,10,17
822,10,19
822,11,14
822,12,13
822,12,15
822,13,15
822,14,16
822,17,19
823,0,4
823,0,7
823,0,18
823,1,6
823,1,10
823,1,17
823,1,19
823,2,6
823,2,9
823,2,10
823,2,12
823,2,13
823,2,17
823,3,5
823,3,17
823,3,19
823,4,7
823,4,18
823,5,10
823,5,17
823,5,19
823,6,9
823,6,10
823,8,18
823,9,11
823,10,12
823,10,13
823,10,17
823,10,19
823,11,14
823,12,13
823,12,15
823,13,15
823,14,16
823,17,19
824,0,4
824,0,7
824,0,18
824,1,6
824,1,9
824,1,10
824,1,17
824,1,19
824,2,6
824,2,9
824,2,10
824,2,11
824,2,12
824,2,13
824,2,17
824,3,5
824,3,17
824,3,19
824,4,7
824,4,18
824,5,10
824,5,17
824,5,19
824,6,9
824,6,10
824,8,18
824,9,11
824,10,12
824,10,13
824,10,17
824,10,19
824,11,14
824,12,13
824,12,15
824,13,15
824,14,16
824,17,19
825,0,4
825,0,7
825,0,18
825,1,2
825,1,6
825,1,9
825,1,10
825,1,17
825,1,19
825,2,6
825,2,9
825,2,10
825,2,11
825,2,12
825,2,13
825,2,17
825,3,5
825,3,17
825,3,19
825,4,7
825,5,10
825,5,17
825,5,19
825,6,9
825,6,10
825,6,17
825,8,18
825,9,11
825,10,12
825,10,17
825,10,19
825,11,14
825,12,13
825,12,15
825,13,15
825,14,16
825,17,19
826,0,4
826,0,7
826,0,18
826,1,2
826,1,6
826,1,9
826,1,10
826,1,17
826,1,19
826,2,6
826,2,9
826,2,10
826,2,11
826,2,12
826,2,13
826,2,17
826,3,5
826,3,17
826,3,19
826,4,7
826,5,10
826,5,17
826,5,19
826,6,9
826,6,10
826,6,17
826,8,18
826,9,11
826,10,17
826,10,19
826,11,14
826,12,13
826,12,15
826,13,15
826,14,16
826,17,19
827,0,4
827,0,7
827,0,18
827,1,2
827,1,6
827,1,9
827,1,10
827,1,17
827,1,19
827,2,6
827,2,9
827,2,10
827,2,11
827,2,12
827,2,13
827,2,17
827,3,5
827,3,19
827,4,7
827,5,10
827,5,17
827,5,19
827,6,9
827,6,10
827,6,17
827,8,18
827,9,11
827,10,17
827,10,19
827,11,14
827,12,13
827,12,15
827,13,15
827,14,16
827,17,19
828,0,4
828,0,7
828,0,8
828,0,18
828,1,2
828,1,6
828,1,9
828,1,10
828,1,17
828,1,19
828,2,6
828,2,9
828,2,10
828,2,11
828,2,12
828,2,13
828,2,17
828,3,5
828,3,19
828,4,7
828,5,17
828,5,19
828,6,9
828,6,10
828,6,17
828,8,18
828,9,10
828,9,11
828,10,17
828,10,19
828,11,14
828,12,13
828,12,15
828,13,15
828,14,16
828,17,19
829,0,4
829,0,7
829,0,8
829,1,2
829,1,6
829,1,9
829,1,10
829,1,17
829,1,19
829,2,6
829,2,9
829,2,10
829,2,11
829,2,12
829,2,13
829,2,17
829,3,5
829,3,19
829,4,7
829,5,17
829,5,19
829,6,9
829,6,10
829,6,17
829,8,18
829,9,10
829,9,11
829,10,17
829,10,19
829,11,14
829,12,13
829,12,15
829,13,15
829,14,16
829,17,19
830,0,4
830,0,7
830,0,8
830,1,2
830,1,6
830,1,9
830,1,10
830,1,17
830,1,19
830,2,6
830,2,9
830,2,10
830,2,11
830,2,12
830,2,13
830,2,17
830,3,5
830,3,19
830,4,7
830,5,17
830,5,19
830,6,9
830,6,10
830,6,17
830,8,18
830,9,10
830,9,11
830,10,17
830,10,19
830,11,14
830,12,13
830,12,15
830,13,15
830,14,16
830,17,19
831,0,4
831,0,7
831,0,8
831,1,2
831,1,6
831,1,9
831,1,10
831,1,17
831,1,19
831,2,6
831,2,9
831,2,10
831,2,11
831,2,12
831,2,13
831,2,17
831,3,5
831,3,19
831,4,7
831,5,17
831,5,19
831,6,9
831,6,10
831,6,17
831,8,18
831,9,10
831,9,11
831,10,17
831,10,19
831,11,14
831,12,13
831,12,15
831,13,15
831,14,16
831,17,19
832,0,4
832,0,7
832,0,8
832,1,2
832,1,6
832,1,9
832,1,10
832,1,17
832,2,6
832,2,9
832,2,10
832,2,11
832,2,12
832,2,17
832,3,5
832,3,19
832,4,7
832,5,17
832,5,19
832,6,9
832,6,10
832,6,17
832,8,18
832,9,10
832,9,11
832,10,17
832,10,19
832,11,14
832,12,13
832,12,15
832,13,15
832,14,16
832,17,19
833,0,4
833,0,7
833,0,8
833,1,2
833,1,6
833,1,9
833,1,10
833,1,17
833,2,6
833,2,9
833,2,10
833,2,11
833,2,12
833,2,17
833,3,5
833,3,19
833,4,7
833,5,17
833,5,19
833,6,9
833,6,10
833,6,17
833,8,18
833,9,10
833,9,11
833,10,17
833,10,19
833,11,14
833,12,13
833,12,15
833,13,15
833,14,16
833,17,19
834,0,4
834,0,7
834,0,8
834,1,2
834,1,6
834,1,9
834,1,10
834,1,17
834,2,6
834,2,9
834,2,10
834,2,11
834,2,12
834,2,17
834,3,5
834,3,19
834,4,7
834,5,17
834,5,19
834,6,9
834,6,10
834,6,17
834,8,18
834,9,10
834,9,11
834,10,17
834,10,19
834,11,14
834,12,13
834,12,15
834,13,15
834,14,16
834,17,19
835,0,4
835,0,7
835,0,8
835,1,2
835,1,6
835,1,9
835,1,10
835,1,17
835,2,6
835,2,9
835,2,10
835,2,11
835,2,12
835,2,17
835,3,5
835,3,19
835,4,7
835,5,19
835,6,9
835,6,10
835,6,17
835,8,18
835,9,10
835,9,11
835,10,17
835,10,19
835,12,13
835,12,15
835,13,15
835,14,16
835,17,19
836,0,4
836,0,8
836,1,2
836,1,6
836,1,9
836,1,10
836,1,17
836,2,6
836,2,9
836,2,10
836,2,11
836,2,17
836,3,5
836,3,19
836,4,7
836,5,19
836,6,9
836,6,10
836,6,17
836,8,18
836,9,10
836,9,11
836,9,17
836,10,17
836,10,19
836,12,13
836,12,15
836,13,15
836,14,16
836,17,19
837,0,4
837,0,8
837,1,2
837,1,6
837,1,9
837,1,10
837,1,17
837,2,6
837,2,9
837,2,10
837,2,11
837,2,17
837,3,5
837,3,19
837,4,7
837,5,19
837,6,9
837,6,10
837,6,17
837,8,18
837,9,10
837,9,11
837,9,17
837,10,17
837,10,19
837,12,13
837,12,15
837,13,15
837,14,16
837,17,19
838,0,4
838,0,8
838,1,2
838,1,6
838,1,9
838,1,10
838,1,17
838,2,6
838,2,9
838,2,10
838,2,11
838,2,17
838,3,5
838,3,19
838,4,7
838,5,19
838,6,9
838,6,10
838,6,17
838,8,18
838,9,10
838,9,11
838,9,17
838,10,17
838,10,19
838,12,13
838,12,15
838,13,15
838,14,16
838,17,19
839,0,4
839,0,8
839,1,2
839,1,6
839,1,9
839,1,10
839,1,17
839,2,6
839,2,9
839,2,10
839,2,11
839,2,17
839,3,5
839,3,19
839,4,7
839,5,19
839,6,9
839,6,10
839,6,17
839,8,18
839,9,10
839,9,11
839,9,17
839,10,17
839,10,19
839,12,13
839,12,15
839,13,15
839,14,16
839,17,19
840,0,4
840,0,8
840,1,2
840,1,6
840,1,9
840,1,10
840,1,17
840,2,6
840,2,9
840,2,10
840,2,11
840,2,17
840,3,5
840,3,19
840,4,7
840,5,19
840,6,9
840,6,10
840,8,18
840,9,10
840,9,11
840,9,17
840,10,17
840,10,19
840,12,13
840,12,15
840,13,15
840,14,16
841,0,4
841,0,8
841,1,2
841,1,6
841,1,9
841,1,10
841,1,17
841,2,6
841,2,9
841,2,10
841,2,11
841,2,17
841,3,5
841,3,19
841,4,7
841,5,19
841,6,9
841,6,10
841,6,18
841,8,18
841,9,10
841,9,11
841,9,17
841,10,17
841,10,19
841,12,13
841,12,15
841,13,15
841,14,16
842,0,4
842,0,8
842,1,2
842,1,6
842,1,9
842,1,10
842,1,17
842,2,6
842,2,9
842,2,10
842,2,11
842,2,17
842,3,5
842,3,19
842,4,7
842,5,19
842,6,9
842,6,10
842,6,18
842,8,18
842,9,10
842,9,11
842,9,17
842,10,17
842,10,19
842,12,13
842,12,15
842,13,15
842,14,16
843,0,4
843,0,8
843,1,2
843,1,6
843,1,9
843,1,10
843,1,17
843,2,6
843,2,9
843,2,10
843,2,11
843,2,17
843,3,5
843,3,19
843,4,7
843,5,19
843,6,9
843,6,10
843,6,18
843,8,18
843,9,10
843,9,11
843,9,17
843,10,17
843,10,19
843,12,13
843,12,15
843,13,15
843,14,16
844,0,4
844,0,8
844,1,2
844,1,6
844,1,9
844,1,10
844,1,17
844,2,6
844,2,9
844,2,10
844,2,11
844,2,17
844,3,5
844,3,19
844,4,7
844,5,19
844,6,9
844,6,18
844,8,18
844,9,10
844,9,11
844,9,17
844,10,17
844,10,19
844,12,13
844,12,15
844,13,15
844,14,16
845,0,4
845,0,8
845,1,2
845,1,6
845,1,9
845,1,10
845,1,17
845,2,6
845,2,9
845,2,10
845,2,11
845,2,17
845,3,5
845,3,19
845,4,7
845,5,19
845,6,9
845,6,18
845,9,10
845,9,11
845,9,17
845,10,17
845,10,19
845,12,13
845,12,15
845,13,15
845,14,16
846,0,4
846,0,8
846,1,2
846,1,6
846,1,9
846,1,10
846,1,17
846,2,6
846,2,9
846,2,10
846,2,11
846,2,17
846,3,5
846,3,19
846,4,7
846,5,19
846,6,9
846,6,18
846,9,10
846,9,11
846,9,17
846,10,17
846,10,19
846,12,13
846,12,15
846,13,15
846,14,16
847,0,4
847,0,8
847,1,2
847,1,6
847,1,9
847,1,10
847,1,17
847,2,6
847,2,9
847,2,10
847,2,11
847,2,17
847,3,5
847,3,19
847,4,7
847,5,19
847,6,9
847,6,18
847,9,10
847,9,11
847,9,17
847,10,17
847,10,19
847,12,13
847,12,15
847,13,15
847,14,16
848,0,4
848,0,8
848,1,2
848,1,6
848,1,9
848,1,10
848,1,17
848,2,6
848,2,9
848,2,10
848,2,11
848,2,17
848,3,5
848,3,19
848,4,7
848,4,8
848,5,19
848,6,9
848,9,10
848,9,11
848,9,17
848,10,17
848,10,19
848,12,13
848,12,15
848,13,15
848,14,16
849,0,4
849,0,8
849,1,2
849,1,6
849,1,9
849,1,10
849,1,17
849,2,6
849,2,9
849,2,10
849,2,11
849,2,17
849,3,5
849,3,19
849,4,7
849,4,8
849,5,19
849,6,9
849,9,10
849,9,11
849,9,17
849,10,17
849,10,19
849,12,13
849,12,15
849,13,15
849,14,16
850,0,4
850,0,8
850,1,2
850,1,6
850,1,9
850,1,10
850,1,17
850,2,6
850,2,9
850,2,10
850,2,11
850,2,17
850,3,5
850,3,19
850,4,8
850,5,19
850,6,9
850,9,10
850,9,11
850,9,17
850,10,17
850,12,13
850,12,15
850,13,15
850,14,16
851,0,4
851,0,8
851,1,2
851,1,6
851,1,9
851,1,10
851,1,17
851,2,6
851,2,9
851,2,10
851,2,11
851,2,17
851,3,5
851,3,19
851,4,8
851,5,19
851,6,9
851,9,10
851,9,11
851,9,17
851,10,17
851,12,13
851,12,15
851,13,15
851,14,16
852,0,4
852,0,8
852,1,2
852,1,6
852,1,9
852,1,10
852,1,17
852,2,6
852,2,9
852,2,10
852,2,11
852,2,17
852,3,5
852,3,19
852,4,8
852,5,19
852,6,9
852,9,10
852,9,11
852,9,17
852,10,17
852,11,17
852,12,13
852,12,15
852,13,15
852,14,16
853,0,4
853,0,8
853,1,2
853,1,6
853,1,9
853,1,10
853,1,17
853,2,6
853,2,9
853,2,10
853,2,11
853,2,17
853,3,5
853,3,19
853,4,8
853,5,19
853,6,9
853,9,10
853,9,11
853,9,17
853,10,17
853,11,17
853,12,13
853,12,15
853,13,15
853,14,16
854,0,4
854,0,8
854,1,2
854,1,6
854,1,7
854,1,9
854,1,10
854,1,17
854,2,6
854,2,9
854,2,10
854,2,11
854,2,17
854,3,5
854,3,19
854,4,8
854,5,19
854,6,9
854,9,10
854,9,11
854,9,17
854,10,17
854,11,17
854,12,13
854,12,15
854,13,15
854,14,16
855,0,4
855,0,8
855,1,2
855,1,6
855,1,7
855,1,9
855,1,10
855,1,17
855,2,6
855,2,9
855,2,10
855,2,11
855,2,17
855,3,5
855,3,19
855,4,8
855,5,19
855,6,9
855,9,10
855,9,11
855,9,17
855,10,17
855,11,15
855,11,17
855,12,13
855,12,15
855,13,15
855,14,16
856,0,4
856,0,8
856,1,2
856,1,6
856,1,7
856,1,9
856,1,10
856,1,17
856,2,6
856,2,9
856,2,10
856,2,11
856,2,17
856,3,5
856,3,19
856,4,8
856,5,19
856,6,9
856,9,10
856,9,11
856,9,17
856,10,17
856,11,15
856,11,17
856,12,13
856,12,15
856,13,15
856,14,16
857,0,4
857,0,8
857,1,2
857,1,6
857,1,7
857,1,9
857,1,10
857,1,17
857,2,6
857,2,9
857,2,10
857,2,11
857,2,17
857,3,5
857,3,19
857,4,8
857,5,19
857,6,9
857,9,10
857,9,11
857,9,17
857,10,17
857,11,15
857,11,17
857,12,13
857,12,15
857,13,15
857,14,16
858,0,4
858,0,8
858,1,2
858,1,6
858,1,7
858,1,9
858,1,10
858,1,17
858,2,6
858,2,9
858,2,10
858,2,11
858,2,17
858,3,5
858,3,19
858,4,8
858,5,19
858,6,7
858,6,9
858,9,10
858,9,11
858,9,17
858,10,17
858,11,15
858,11,17
858,12,13
858,12,15
858,13,15
858,14,16
858,15,17
859,0,4
859,0,8
859,1,2
859,1,6
859,1,7
859,1,9
859,1,10
859,1,17
859,2,6
859,2,9
859,2,10
859,2,11
859,2,17
859,3,5
859,3,19
859,4,8
859,5,19
859,6,7
859,6,9
859,9,10
859,9,11
859,9,17
859,10,17
859,11,15
859,11,17
859,12,13
859,12,15
859,13,15
859,14,16
859,15,17
860,0,4
860,0,8
860,1,2
860,1,6
860,1,7
860,1,9
860,1,10
860,1,17
860,2,6
860,2,9
860,2,10
860,2,11
860,2,17
860,3,5
860,3,19
860,4,8
860,5,19
860,6,7
860,6,9
860,9,10
860,9,17
860,10,17
860,11,15
860,11,17
860,12,13
860,12,15
860,13,15
860,14,16
860,14,18
860,15,17
860,16,18
861,0,4
861,0,8
861,1,2
861,1,6
861,1,7
861,1,9
861,1,10
861,1,17
861,2,6
861,2,9
861,2,10
861,2,11
861,2,17
861,3,5
861,3,19
861,4,8
861,5,19
861,6,7
861,9,10
861,9,17
861,10,17
861,11,15
861,11,17
861,12,13
861,12,15
861,12,17
861,13,15
861,14,16
861,14,18
861,15,17
861,16,18
862,0,4
862,0,8
862,1,2
862,1,6
862,1,7
862,1,9
862,1,10
862,1,17
862,2,6
862,2,9
862,2,10
862,2,11
862,2,17
862,3,5
862,3,19
862,4,8
862,5,19
862,6,7
862,9,10
862,9,17
862,10,17
862,11,15
862,11,17
862,12,13
862,12,15
862,12,17
862,13,15
862,14,16
862,14,18
862,15,17
862,16,18
863,0,4
863,0,8
863,1,2
863,1,6
863,1,7
863,1,9
863,1,10
863,1,17
863,2,6
863,2,9
863,2,10
863,2,11
863,2,17
863,3,5
863,3,19
863,4,8
863,5,19
863,6,7
863,9,10
863,9,17
863,10,17
863,11,12
863,11,15
863,11,17
863,12,13
863,12,15
863,12,17
863,13,15
863,13,17
863,14,16
863,14,18
863,15,17
863,16,18
864,0,4
864,0,8
864,1,2
864,1,6
864,1,7
864,1,9
864,1,10
864,1,17
864,2,6
864,2,9
864,2,11
864,2,17
864,3,5
864,3,19
864,4,8
864,5,19
864,6,7
864,9,10
864,9,17
864,10,17
864,11,12
864,11,15
864,11,17
864,12,13
864,12,15
864,12,17
864,13,15
864,13,17
864,14,16
864,14,18
864,15,17
864,16,18
865,0,4
865,0,8
865,1,2
865,1,6
865,1,7
865,1,9
865,1,10
865,1,17
865,2,6
865,2,9
865,2,11
865,2,17
865,3,5
865,3,19
865,4,8
865,5,19
865,6,7
865,9,10
865,9,17
865,10,17
865,11,12
865,11,15
865,11,17
865,12,13
865,12,15
865,12,17
865,13,15
865,13,17
865,14,16
865,14,18
865,15,17
865,16,18
866,0,4
866,0,8
866,1,2
866,1,6
866,1,7
866,1,9
866,1,10
866,1,17
866,2,6
866,2,9
866,2,11
866,2,15
866,2,17
866,3,5
866,3,19
866,4,8
866,5,19
866,6,7
866,9,10
866,9,17
866,10,17
866,11,12
866,11,15
866,11,17
866,12,13
866,12,15
866,12,17
866,13,15
866,13,17
866,14,16
866,14,18
866,15,17
866,16,18
867,0,4
867,0,8
867,1,2
867,1,6
867,1,7
867,1,9
867,1,10
867,1,17
867,2,6
867,2,9
867,2,11
867,2,15
867,2,17
867,3,5
867,3,19
867,4,8
867,5,19
867,6,7
867,9,10
867,9,17
867,11,12
867,11,15
867,11,17
867,12,13
867,12,15
867,12,17
867,13,15
867,13,17
867,14,16
867,14,18
867,15,17
867,16,18
868,0,4
868,0,8
868,1,2
868,1,6
868,1,7
868,1,9
868,1,10
868,1,17
868,2,6
868,2,9
868,2,11
868,2,15
868,2,17
868,3,5
868,3,19
868,4,8
868,5,19
868,6,7
868,9,10
868,9,17
868,11,12
868,11,13
868,11,15
868,11,17
868,12,13
868,12,15
868,12,17
868,13,15
868,13,17
868,14,16
868,14,18
868,15,17
868,16,18
869,0,4
869,0,8
869,1,2
869,1,6
869,1,7
869,1,9
869,1,10
869,2,6
869,2,9
869,2,11
869,2,15
869,2,17
869,3,5
869,3,19
869,4,8
869,5,19
869,6,7
869,9,10
869,9,17
869,11,12
869,11,13
869,11,15
869,11,17
869,12,13
869,12,15
869,12,17
869,13,15
869,13,17
869,14,16
869,14,18
869,15,17
869,16,18
870,0,4
870,0,8
870,1,2
870,1,6
870,1,7
870,1,9
870,1,10
870,2,6
870,2,9
870,2,11
870,2,15
870,2,17
870,3,5
870,3,19
870,4,8
870,5,19
870,6,7
870,9,10
870,9,17
870,11,12
870,11,13
870,11,15
870,11,17
870,12,13
870,12,15
870,12,17
870,13,15
870,13,17
870,14,16
870,14,18
870,15,17
870,16,18
871,0,4
871,0,8
871,1,2
871,1,6
871,1,7
871,1,9
871,1,10
871,2,6
871,2,9
871,2,11
871,2,15
871,2,17
871,3,5
871,3,19
871,4,8
871,5,19
871,6,7
871,9,10
871,9,17
871,11,12
871,11,13
871,11,15
871,11,17
871,12,13
871,12,15
871,12,17
871,13,15
871,13,17
871,14,16
871,14,18
871,15,17
871,16,18
872,0,4
872,0,8
872,1,2
872,1,6
872,1,7
872,1,9
872,1,10
872,2,6
872,2,9
872,2,11
872,2,15
872,2,17
872,3,5
872,3,19
872,4,8
872,5,19
872,6,7
872,9,10
872,9,17
872,11,12
872,11,13
872,11,15
872,11,17
872,12,13
872,12,15
872,12,17
872,13,15
872,13,17
872,14,16
872,14,18
872,15,17
872,16,18
873,0,4
873,0,8
873,1,2
873,1,6
873,1,7
873,1,9
873,1,10
873,2,6
873,2,9
873,2,11
873,2,15
873,2,17
873,3,5
873,3,19
873,4,8
873,5,19
873,6,7
873,9,10
873,9,17
873,11,12
873,11,13
873,11,15
873,11,17
873,12,13
873,12,15
873,12,17
873,13,15
873,13,17
873,14,16
873,14,18
873,15,17
873,16,18
874,0,4
874,0,8
874,1,2
874,1,6
874,1,7
874,1,9
874,1,10
874,2,6
874,2,9
874,2,11
874,2,15
874,2,17
874,3,5
874,3,19
874,4,8
874,5,19
874,6,7
874,9,10
874,9,12
874,9,17
874,11,12
874,11,13
874,11,15
874,11,17
874,12,13
874,12,15
874,12,17
874,13,15
874,13,17
874,14,16
874,14,18
874,15,17
874,16,18
875,0,4
875,0,8
875,1,2
875,1,6
875,1,7
875,1,9
875,1,10
875,2,6
875,2,9
875,2,11
875,2,15
875,2,17
875,3,5
875,3,19
875,4,8
875,5,19
875,6,7
875,9,10
875,9,12
875,9,17
875,11,12
875,11,13
875,11,15
875,11,17
875,12,13
875,12,15
875,12,17
875,13,15
875,13,17
875,14,16
875,14,18
875,15,17
875,16,18
876,0,4
876,0,8
876,1,2
876,1,6
876,1,7
876,1,9
876,1,10
876,2,6
876,2,9
876,2,11
876,2,15
876,2,17
876,3,5
876,3,19
876,4,8
876,5,19
876,6,7
876,9,10
876,9,12
876,11,12
876,11,13
876,11,15
876,11,17
876,12,13
876,12,15
876,12,17
876,13,15
876,13,17
876,14,16
876,14,18
876,15,17
876,16,18
877,0,4
877,0,8
877,1,2
877,1,6
877,1,7
877,1,9
877,1,10
877,2,6
877,2,11
877,2,15
877,2,17
877,3,5
877,3,19
877,4,8
877,5,19
877,6,7
877,9,10
877,9,12
877,11,12
877,11,13
877,11,15
877,11,17
877,12,13
877,12,15
877,12,17
877,13,15
877,13,17
877,14,16
877,14,18
877,15,17
877,16,18
878,0,4
878,0,8
878,1,2
878,1,6
878,1,7
878,1,9
878,1,10
878,2,6
878,2,11
878,2,15
878,2,17
878,3,5
878,3,19
878,4,8
878,5,19
878,6,7
878,9,10
878,9,12
878,11,12
878,11,13
878,11,15
878,11,17
878,12,13
878,12,15
878,12,17
878,13,15
878,13,17
878,14,16
878,14,18
878,15,17
878,16,18
879,0,4
879,0,8
879,1,2
879,1,6
879,1,7
879,1,9
879,1,10
879,2,6
879,2,11
879,2,15
879,2,17
879,3,5
879,3,19
879,4,8
879,5,19
879,6,7
879,9,10
879,9,12
879,11,12
879,11,13
879,11,15
879,11,17
879,12,13
879,12,15
879,12,17
879,13,15
879,13,17
879,14,16
879,14,18
879,15,17
879,16,18
880,0,4
880,0,8
880,1,2
880,1,6
880,1,7
880,1,9
880,1,10
880,2,6
880,2,11
880,2,15
880,2,17
880,3,5
880,3,19
880,4,8
880,5,19
880,6,7
880,9,10
880,9,12
880,11,12
880,11,13
880,11,15
880,11,17
880,12,13
880,12,15
880,12,17
880,13,15
880,13,17
880,14,16
880,14,18
880,15,17
880,16,18
881,0,4
881,0,8
881,1,2
881,1,7
881,1,9
881,1,10
881,2,6
881,2,11
881,2,15
881,2,17
881,3,5
881,3,19
881,4,8
881,5,19
881,6,7
881,9,10
881,9,12
881,11,12
881,11,13
881,11,15
881,11,17
881,12,13
881,12,15
881,12,17
881,13,15
881,13,17
881,14,16
881,14,18
881,15,17
881,16,18
882,0,4
882,0,8
882,1,2
882,1,7
882,1,9
882,1,10
882,2,6
882,2,11
882,2,15
882,2,17
882,3,5
882,3,19
882,4,8
882,5,19
882,6,7
882,9,10
882,9,12
882,11,12
882,11,13
882,11,15
882,11,17
882,12,13
882,12,15
882,12,17
882,13,15
882,13,17
882,14,16
882,14,18
882,15,17
882,16,18
883,0,4
883,0,8
883,1,2
883,1,7
883,1,9
883,1,10
883,1,15
883,2,6
883,2,11
883,2,15
883,2,17
883,3,5
883,3,19
883,4,8
883,5,19
883,6,7
883,9,10
883,9,12
883,10,12
883,11,12
883,11,13
883,11,15
883,11,17
883,12,13
883,12,15
883,13,15
883,13,17
883,14,16
883,14,18
883,15,17
883,16,18
884,0,4
884,0,8
884,1,2
884,1,7
884,1,9
884,1,10
884,1,15
884,2,6
884,2,11
884,2,15
884,2,17
884,3,5
884,3,19
884,4,8
884,5,19
884,6,7
884,9,10
884,9,12
884,10,12
884,11,12
884,11,13
884,11,15
884,11,17
884,12,13
884,12,15
884,13,15
884,13,17
884,14,16
884,14,18
884,15,17
884,16,18
885,0,4
885,0,8
885,1,2
885,1,7
885,1,9
885,1,10
885,1,15
885,2,6
885,2,7
885,2,11
885,2,15
885,2,17
885,3,5
885,3,19
885,4,8
885,5,19
885,6,7
885,9,10
885,9,12
885,10,12
885,11,12
885,11,13
885,11,15
885,11,17
885,12,13
885,12,15
885,13,15
885,13,17
885,14,16
885,14,18
885,15,17
885,16,18
886,0,4
886,0,8
886,1,2
886,1,7
886,1,9
886,1,10
886,1,15
886,2,6
886,2,7
886,2,11
886,2,15
886,2,17
886,3,5
886,3,19
886,4,8
886,5,19
886,6,7
886,9,10
886,9,12
886,10,12
886,11,12
886,11,13
886,11,15
886,11,17
886,12,15
886,13,15
886,13,17
886,14,16
886,14,18
886,15,17
886,16,18
887,0,4
887,0,8
887,1,2
887,1,7
887,1,9
887,1,10
887,1,15
887,2,6
887,2,7
887,2,11
887,2,15
887,2,17
887,3,5
887,3,19
887,4,8
887,5,19
887,6,7
887,9,10
887,9,12
887,10,12
887,11,12
887,11,13
887,11,15
887,11,17
887,12,15
887,13,15
887,13,17
887,14,16
887,14,18
887,15,17
887,16,18
888,0,4
888,0,8
888,1,2
888,1,7
888,1,9
888,1,10
888,1,15
888,2,6
888,2,7
888,2,11
888,2,15
888,2,17
888,3,5
888,3,19
888,4,8
888,5,19
888,6,7
888,9,10
888,9,12
888,10,12
888,11,12
888,11,13
888,11,15
888,11,17
888,12,15
888,13,15
888,13,17
888,14,16
888,14,18
888,15,17
888,16,18
889,0,4
889,0,8
889,1,2
889,1,7
889,1,9
889,1,10
889,1,15
889,2,6
889,2,7
889,2,11
889,2,15
889,2,17
889,3,5
889,3,19
889,4,8
889,5,19
889,6,7
889,9,10
889,9,12
889,10,12
889,11,12
889,11,13
889,11,15
889,11,17
889,12,15
889,13,15
889,13,17
889,14,16
889,14,18
889,15,17
889,16,18
890,0,4
890,0,8
890,1,2
890,1,7
890,1,9
890,1,10
890,1,15
890,2,6
890,2,7
890,2,11
890,2,15
890,2,17
890,3,5
890,3,19
890,4,8
890,5,19
890,6,7
890,9,10
890,9,12
890,10,12
890,11,13
890,11,15
890,11,17
890,13,15
890,13,17
890,14,16
890,14,18
890,15,17
890,16,18
891,0,4
891,0,8
891,1,2
891,1,7
891,1,9
891,1,10
891,1,15
891,2,6
891,2,7
891,2,11
891,2,15
891,2,17
891,3,5
891,3,19
891,4,8
891,5,19
891,6,7
891,9,10
891,9,12
891,10,12
891,11,13
891,11,15
891,11,17
891,13,15
891,13,17
891,14,16
891,14,18
891,15,17
891,16,18
892,0,4
892,0,8
892,1,2
892,1,7
892,1,9
892,1,10
892,1,15
892,2,6
892,2,7
892,2,11
892,2,15
892,2,17
892,3,5
892,3,19
892,4,8
892,5,19
892,6,7
892,9,10
892,9,12
892,10,12
892,11,13
892,11,15
892,11,17
892,13,15
892,13,17
892,14,16
892,14,18
892,15,17
892,16,18
893,0,4
893,0,8
893,1,2
893,1,7
893,1,9
893,1,10
893,1,15
893,2,6
893,2,7
893,2,11
893,2,15
893,2,17
893,3,5
893,3,19
893,4,8
893,5,19
893,6,7
893,7,15
893,9,10
893,9,12
893,10,12
893,11,13
893,11,15
893,11,17
893,13,17
893,14,16
893,14,18
893,15,17
893,16,18
894,0,4
894,0,8
894,1,2
894,1,7
894,1,9
894,1,10
894,1,15
894,2,6
894,2,7
894,2,11
894,2,15
894,2,17
894,3,5
894,3,19
894,4,8
894,5,19
894,6,7
894,7,15
894,9,10
894,9,12
894,10,12
894,11,13
894,11,15
894,11,17
894,13,17
894,14,16
894,14,18
894,15,17
894,16,18
895,0,8
895,1,2
895,1,7
895,1,9
895,1,10
895,1,15
895,2,6
895,2,7
895,2,11
895,2,15
895,2,17
895,3,5
895,3,19
895,4,8
895,5,19
895,6,7
895,7,15
895,9,10
895,9,12
895,10,12
895,11,13
895,11,15
895,11,17
895,13,17
895,14,16
895,14,18
895,15,17
895,16,18
896,0,8
896,1,2
896,1,7
896,1,9
896,1,10
896,1,15
896,2,6
896,2,7
896,2,11
896,2,15
896,3,5
896,3,19
896,4,8
896,5,19
896,6,7
896,7,15
896,9,10
896,9,12
896,10,12
896,11,13
896,11,15
896,11,17
896,13,17
896,14,16
896,14,18
896,15,17
896,16,18
897,0,8
897,1,2
897,1,7
897,1,10
897,1,12
897,1,15
897,2,6
897,2,7
897,2,15
897,3,5
897,3,19
897,4,8
897,5,19
897,6,7
897,7,15
897,9,10
897,9,12
897,10,12
897,11,13
897,11,15
897,11,17
897,13,17
897,14,16
897,14,18
897,15,17
897,16,18
898,0,8
898,1,2
898,1,7
898,1,10
898,1,12
898,1,15
898,2,6
898,2,7
898,2,15
898,3,5
898,3,19
898,4,8
898,5,19
898,7,15
898,9,10
898,9,12
898,10,12
898,11,13
898,11,15
898,11,17
898,13,17
898,14,16
898,14,18
898,15,17
898,16,18
899,0,8
899,1,2
899,1,7
899,1,10
899,1,12
899,1,15
899,2,6
899,2,7
899,2,15
899,3,5
899,3,19
899,4,8
899,5,19
899,7,15
899,9,10
899,9,12
899,10,12
899,11,13
899,11,15
899,11,17
899,13,17
899,14,16
899,14,18
899,16,18
900,0,8
900,1,2
900,1,7
900,1,10
900,1,12
900,1,15
900,2,6
900,2,7
900,2,15
900,3,5
900,3,19
900,4,8
900,5,19
900,7,15
900,9,10
900,9,12
900,10,12
900,11,13
900,11,15
900,11,17
900,13,17
900,14,16
900,14,18
900,16,18
901,0,8
901,1,2
901,1,7
901,1,10
901,1,12
901,1,15
901,2,6
901,2,7
901,2,15
901,3,5
901,3,19
901,4,8
901,5,19
901,7,15
901,9,10
901,9,12
901,10,12
901,11,13
901,11,15
901,11,17
901,13,17
901,14,16
901,14,18
901,16,18
902,0,8
902,1,2
902,1,7
902,1,10
902,1,12
902,1,15
902,2,6
902,2,7
902,2,15
902,3,5
902,3,19
902,4,6
902,4,8
902,5,19
902,7,15
902,9,10
902,9,12
902,10,12
902,11,13
902,11,15
902,11,17
902,13,17
902,14,16
902,14,18
902,16,18
903,0,8
903,1,2
903,1,7
903,1,10
903,1,12
903,1,15
903,2,6
903,2,7
903,2,15
903,3,5
903,3,19
903,4,6
903,4,8
903,5,19
903,7,15
903,9,10
903,9,12
903,10,12
903,11,13
903,11,17
903,13,17
903,14,16
903,14,18
903,16,18
904,0,8
904,1,2
904,1,7
904,1,10
904,1,12
904,1,15
904,2,6
904,2,7
904,2,15
904,3,5
904,3,19
904,4,6
904,4,8
904,5,19
904,6,8
904,7,15
904,9,10
904,9,12
904,10,12
904,11,13
904,11,17
904,13,17
904,14,16
904,14,18
904,16,18
905,0,8
905,1,2
905,1,7
905,1,10
905,1,12
905,1,15
905,2,6
905,2,7
905,2,15
905,3,5
905,3,19
905,4,6
905,4,8
905,5,19
905,6,8
905,7,15
905,9,10
905,9,12
905,10,12
905,11,13
905,11,17
905,13,17
905,14,16
905,14,18
905,16,18
906,0,8
906,1,2
906,1,7
906,1,10
906,1,12
906,1,15
906,2,7
906,2,15
906,3,5
906,3,19
906,4,6
906,4,8
906,5,19
906,6,8
906,7,15
906,9,10
906,9,12
906,10,12
906,11,13
906,11,17
906,13,17
906,14,16
906,14,18
906,16,18
907,0,8
907,1,2
907,1,7
907,1,10
907,1,12
907,1,15
907,2,7
907,2,15
907,3,5
907,3,19
907,4,6
907,4,8
907,5,19
907,6,8
907,7,15
907,9,10
907,9,12
907,10,12
907,11,13
907,11,17
907,13,17
907,14,16
907,14,18
907,16,18
908,0,8
908,1,2
908,1,7
908,1,10
908,1,12
908,1,15
908,2,7
908,2,15
908,3,5
908,3,19
908,4,6
908,4,8
908,5,19
908,6,8
908,7,15
908,9,10
908,9,12
908,10,12
908,11,13
908,11,17
908,13,17
908,14,16
908,14,18
908,16,18
909,0,8
909,1,2
909,1,7
909,1,10
909,1,15
909,2,7
909,2,15
909,3,5
909,3,10
909,3,19
909,4,6
909,4,8
909,5,19
909,6,8
909,7,15
909,9,10
909,9,12
909,10,12
909,11,13
909,11,17
909,13,17
909,14,16
909,14,18
909,16,18
910,0,8
910,1,2
910,1,7
910,1,10
910,1,15
910,2,7
910,2,15
910,3,5
910,3,10
910,3,19
910,4,6
910,4,8
910,5,19
910,6,8
910,7,15
910,9,10
910,9,12
910,10,12
910,11,13
910,11,17
910,13,17
910,14,16
910,14,18
910,16,18
911,0,8
911,1,2
911,1,7
911,1,10
911,1,15
911,2,7
911,2,15
911,3,5
911,3,10
911,3,19
911,4,6
911,4,8
911,5,19
911,6,8
911,7,15
911,9,10
911,9,12
911,10,12
911,11,13
911,11,17
911,13,17
911,14,16
911,14,18
911,16,18
912,0,8
912,1,2
912,1,7
912,1,10
912,1,15
912,2,7
912,2,15
912,2,17
912,3,5
912,3,10
912,3,19
912,4,6
912,4,8
912,5,19
912,6,8
912,7,15
912,9,10
912,9,12
912,10,12
912,11,13
912,11,17
912,13,17
912,14,16
912,14,18
912,16,18
913,0,8
913,1,2
913,1,7
913,1,10
913,1,15
913,2,7
913,2,15
913,2,17
913,3,5
913,3,10
913,3,19
913,4,6
913,4,8
913,5,19
913,6,8
913,7,15
913,9,10
913,9,12
913,10,12
913,11,13
913,11,17
913,13,17
913,14,16
913,14,18
913,16,18
914,0,8
914,1,2
914,1,7
914,1,10
914,1,15
914,2,7
914,2,15
914,2,17
914,3,5
914,3,10
914,3,19
914,4,6
914,4,8
914,5,10
914,5,19
914,6,8
914,7,15
914,9,10
914,9,12
914,10,12
914,11,13
914,11,17
914,13,17
914,14,16
914,14,18
914,16,18
915,0,8
915,1,2
915,1,7
915,1,10
915,1,15
915,2,7
915,2,15
915,2,17
915,3,5
915,3,9
915,3,10
915,3,12
915,3,19
915,4,6
915,4,8
915,5,9
915,5,10
915,5,12
915,5,19
915,6,8
915,7,15
915,9,10
915,9,12
915,10,12
915,11,13
915,11,17
915,13,17
915,14,16
915,14,18
915,16,18
916,0,8
916,1,2
916,1,7
916,1,10
916,1,15
916,2,7
916,2,15
916,2,16
916,2,17
916,3,5
916,3,9
916,3,10
916,3,12
916,3,19
916,4,6
916,4,8
916,5,9
916,5,10
916,5,12
916,5,19
916,6,8
916,7,15
916,9,10
916,9,12
916,10,12
916,11,13
916,11,17
916,13,17
916,14,16
916,14,18
916,16,18
917,0,8
917,1,2
917,1,7
917,1,10
917,1,15
917,2,7
917,2,15
917,2,16
917,2,17
917,3,5
917,3,9
917,3,10
917,3,12
917,3,19
917,4,6
917,4,8
917,5,9
917,5,10
917,5,12
917,5,19
917,6,8
917,7,15
917,8,15
917,9,10
917,9,12
917,10,12
917,11,13
917,11,17
917,13,17
917,14,16
917,14,18
917,16,18
918,0,8
918,0,15
918,1,2
918,1,7
918,1,9
918,1,10
918,1,15
918,2,7
918,2,15
918,2,16
918,2,17
918,3,5
918,3,9
918,3,10
918,3,12
918,3,19
918,4,6
918,4,8
918,5,9
918,5,10
918,5,12
918,5,19
918,6,8
918,7,15
918,8,15
918,9,10
918,9,12
918,10,12
918,11,13
918,11,17
918,13,17
918,14,16
918,14,18
918,16,18
919,0,8
919,0,15
919,1,2
919,1,7
919,1,9
919,1,10
919,1,15
919,2,7
919,2,15
919,2,16
919,2,17
919,3,5
919,3,9
919,3,10
919,3,12
919,3,19
919,4,6
919,4,8
919,5,9
919,5,10
919,5,12
919,5,19
919,6,8
919,7,15
919,8,15
919,9,10
919,9,12
919,10,12
919,11,13
919,11,17
919,12,19
919,13,17
919,14,16
919,14,18
919,16,18
920,0,8
920,0,15
920,1,2
920,1,7
920,1,9
920,1,10
920,1,15
920,2,7
920,2,15
920,2,16
920,2,17
920,3,5
920,3,9
920,3,10
920,3,12
920,3,19
920,4,6
920,4,8
920,5,9
920,5,10
920,5,12
920,5,19
920,6,8
920,6,15
920,7,15
920,8,15
920,9,10
920,9,12
920,10,12
920,11,13
920,11,17
920,12,19
920,13,17
920,14,16
920,14,18
920,16,18
921,0,8
921,0,15
921,1,2
921,1,7
921,1,9
921,1,10
921,1,15
921,2,7
921,2,15
921,2,16
921,2,17
921,3,5
921,3,9
921,3,10
921,3,12
921,3,19
921,4,6
921,4,8
921,5,9
921,5,10
921,5,12
921,5,19
921,6,8
921,6,15
921,7,15
921,8,15
921,9,10
921,9,12
921,10,12
921,11,13
921,11,17
921,12,19
921,13,17
921,14,16
921,14,18
921,16,18
922,0,8
922,0,15
922,1,2
922,1,7
922,1,9
922,1,10
922,1,15
922,2,7
922,2,15
922,2,16
922,2,17
922,3,5
922,3,9
922,3,10
922,3,12
922,3,19
922,4,6
922,4,8
922,5,9
922,5,10
922,5,12
922,5,19
922,6,8
922,6,15
922,7,15
922,7,17
922,8,15
922,9,10
922,9,12
922,10,12
922,11,13
922,12,19
922,13,17
922,14,16
922,14,18
922,16,18
923,0,8
923,0,15
923,1,2
923,1,7
923,1,9
923,1,10
923,1,15
923,2,7
923,2,15
923,2,16
923,2,17
923,3,5
923,3,9
923,3,10
923,3,12
923,3,19
923,4,6
923,4,8
923,5,9
923,5,10
923,5,12
923,5,19
923,6,8
923,6,15
923,7,15
923,7,17
923,8,15
923,9,10
923,9,12
923,10,12
923,10,19
923,11,13
923,12,19
923,13,17
923,14,16
923,14,18
923,16,18
924,0,8
924,0,15
924,1,2
924,1,7
924,1,9
924,1,10
924,1,15
924,2,7
924,2,13
924,2,15
924,2,16
924,2,17
924,3,5
924,3,9
924,3,10
924,3,12
924,3,19
924,4,6
924,4,8
924,5,9
924,5,10
924,5,12
924,5,19
924,6,8
924,6,15
924,7,15
924,7,17
924,8,15
924,9,10
924,9,12
924,9,19
924,10,12
924,10,19
924,12,19
924,13,17
924,14,16
924,14,18
924,16,18
925,0,8
925,0,15
925,1,2
925,1,7
925,1,9
925,1,10
925,1,15
925,2,7
925,2,13
925,2,15
925,2,16
925,2,17
925,3,5
925,3,9
925,3,10
925,3,12
925,3,19
925,4,6
925,4,8
925,5,9
925,5,10
925,5,12
925,5,19
925,6,8
925,6,15
925,6,16
925,6,18
925,7,15
925,7,17
925,8,15
925,9,10
925,9,12
925,9,19
925,10,12
925,10,19
925,12,19
925,13,17
925,14,16
925,14,18
925,16,18
926,0,8
926,0,15
926,1,2
926,1,7
926,1,9
926,1,10
926,1,15
926,2,7
926,2,8
926,2,13
926,2,15
926,2,16
926,2,17
926,3,5
926,3,9
926,3,10
926,3,12
926,3,19
926,4,6
926,4,8
926,5,9
926,5,10
926,5,12
926,5,19
926,6,8
926,6,15
926,6,16
926,6,18
926,7,15
926,7,17
926,8,15
926,9,10
926,9,12
926,9,19
926,10,12
926,10,19
926,12,19
926,13,17
926,14,16
926,14,18
926,16,18
927,0,8
927,0,15
927,1,2
927,1,7
927,1,9
927,1,10
927,1,15
927,2,7
927,2,8
927,2,13
927,2,15
927,2,16
927,2,17
927,3,5
927,3,9
927,3,10
927,3,12
927,3,19
927,4,6
927,4,8
927,5,9
927,5,10
927,5,12
927,5,19
927,6,8
927,6,15
927,6,16
927,6,18
927,7,15
927,7,17
927,8,15
927,9,10
927,9,12
927,9,19
927,10,12
927,10,19
927,12,19
927,13,17
927,14,16
927,14,18
927,16,18
928,0,8
928,0,15
928,1,2
928,1,7
928,1,9
928,1,10
928,1,15
928,2,7
928,2,8
928,2,13
928,2,15
928,2,16
928,2,17
928,3,5
928,3,9
928,3,10
928,3,12
928,3,19
928,4,6
928,4,8
928,5,9
928,5,10
928,5,12
928,5,19
928,6,8
928,6,15
928,6,16
928,6,18
928,7,15
928,7,17
928,8,15
928,9,10
928,9,12
928,9,19
928,10,12
928,10,19
928,12,19
928,13,17
928,14,16
928,14,18
928,16,18
929,0,8
929,0,15
929,1,2
929,1,7
929,1,9
929,1,10
929,1,15
929,2,7
929,2,8
929,2,13
929,2,15
929,2,16
929,2,17
929,3,5
929,3,9
929,3,10
929,3,12
929,3,19
929,4,6
929,5,9
929,5,10
929,5,12
929,5,19
929,6,8
929,6,15
929,6,16
929,6,18
929,7,15
929,7,17
929,8,15
929,9,10
929,9,12
929,9,19
929,10,12
929,10,19
929,12,19
929,13,17
929,14,16
929,14,18
929,16,18
930,0,1
930,0,8
930,0,9
930,0,15
930,1,2
930,1,7
930,1,9
930,1,10
930,1,15
930,1,17
930,2,7
930,2,8
930,2,13
930,2,15
930,2,16
930,2,17
930,3,5
930,3,9
930,3,10
930,3,12
930,3,19
930,4,6
930,5,9
930,5,10
930,5,12
930,5,19
930,6,8
930,6,15
930,6,16
930,6,18
930,7,15
930,7,17
930,8,15
930,9,10
930,9,12
930,9,19
930,10,12
930,10,19
930,12,19
930,13,17
930,14,16
930,14,18
930,16,17
930,16,18
931,0,1
931,0,8
931,0,9
931,0,15
931,1,2
931,1,7
931,1,9
931,1,10
931,1,17
931,2,7
931,2,8
931,2,13
931,2,15
931,2,16
931,2,17
931,3,5
931,3,9
931,3,10
931,3,12
931,3,19
931,4,6
931,5,9
931,5,10
931,5,12
931,5,19
931,6,8
931,6,15
931,6,16
931,6,18
931,7,17
931,8,15
931,9,10
931,9,12
931,9,19
931,10,12
931,10,19
931,12,19
931,13,17
931,14,16
931,14,18
931,16,17
931,16,18
932,0,1
932,0,9
932,0,15
932,1,2
932,1,7
932,1,9
932,1,17
932,2,7
932,2,8
932,2,13
932,2,15
932,2,16
932,2,17
932,3,5
932,3,9
932,3,10
932,3,12
932,3,19
932,4,6
932,5,9
932,5,10
932,5,12
932,5,19
932,6,8
932,6,15
932,6,16
932,6,18
932,7,17
932,8,15
932,9,10
932,9,12
932,9,19
932,10,12
932,10,19
932,12,19
932,13,17
932,14,16
932,14,18
932,16,17
932,16,18
933,0,1
933,0,9
933,0,15
933,1,2
933,1,7
933,1,9
933,1,17
933,2,7
933,2,8
933,2,13
933,2,15
933,2,16
933,2,17
933,3,5
933,3,9
933,3,10
933,3,12
933,3,19
933,4,6
933,5,9
933,5,10
933,5,12
933,5,19
933,6,8
933,6,15
933,6,16
933,6,18
933,7,17
933,8,15
933,9,10
933,9,12
933,9,19
933,10,12
933,10,19
933,12,19
933,13,17
933,14,16
933,14,18
933,16,17
933,16,18
934,0,1
934,0,9
934,0,15
934,1,7
934,1,9
934,1,17
934,2,7
934,2,8
934,2,13
934,2,15
934,2,16
934,2,17
934,3,5
934,3,9
934,3,10
934,3,12
934,3,19
934,4,6
934,4,18
934,5,9
934,5,10
934,5,12
934,5,19
934,6,8
934,6,15
934,6,16
934,6,18
934,7,17
934,8,15
934,9,10
934,9,12
934,9,19
934,10,12
934,10,19
934,12,19
934,13,17
934,14,16
934,14,18
934,16,17
934,16,18
935,0,1
935,0,9
935,0,15
935,1,7
935,1,9
935,1,17
935,2,7
935,2,8
935,2,13
935,2,15
935,2,16
935,2,17
935,3,5
935,3,9
935,3,10
935,3,12
935,3,19
935,4,6
935,4,18
935,5,9
935,5,10
935,5,12
935,5,19
935,6,8
935,6,15
935,6,16
935,6,18
935,7,13
935,7,17
935,8,15
935,9,10
935,9,12
935,9,19
935,10,12
935,10,19
935,12,19
935,13,16
935,13,17
935,14,16
935,14,18
935,16,17
935,16,18
936,0,1
936,0,3
936,0,9
936,0,15
936,1,7
936,1,9
936,1,17
936,2,7
936,2,8
936,2,13
936,2,15
936,2,16
936,2,17
936,3,5
936,3,9
936,3,10
936,3,12
936,3,19
936,4,6
936,4,18
936,5,9
936,5,10
936,5,12
936,5,19
936,6,8
936,6,15
936,6,16
936,6,18
936,7,13
936,7,17
936,8,15
936,8,16
936,9,10
936,9,12
936,9,19
936,10,12
936,10,19
936,12,19
936,13,16
936,13,17
936,14,16
936,14,18
936,16,17
936,16,18
937,0,1
937,0,3
937,0,9
937,0,15
937,1,7
937,1,9
937,1,17
937,2,7
937,2,8
937,2,13
937,2,15
937,2,16
937,2,17
937,3,5
937,3,9
937,3,10
937,3,12
937,3,19
937,4,6
937,4,18
937,5,9
937,5,10
937,5,12
937,5,19
937,6,8
937,6,15
937,6,16
937,6,18
937,7,13
937,7,17
937,8,15
937,8,16
937,8,17
937,9,10
937,9,12
937,9,19
937,10,12
937,10,19
937,12,19
937,13,16
937,13,17
937,14,16
937,14,18
937,16,17
937,16,18
938,0,1
938,0,3
938,0,9
938,0,15
938,1,7
938,1,9
938,1,17
938,2,7
938,2,8
938,2,13
938,2,15
938,2,16
938,2,17
938,3,5
938,3,9
938,3,10
938,3,12
938,3,19
938,4,6
938,4,18
938,5,9
938,5,10
938,5,12
938,5,19
938,6,8
938,6,15
938,6,16
938,6,18
938,7,13
938,7,17
938,8,15
938,8,16
938,8,17
938,9,10
938,9,12
938,9,19
938,10,12
938,10,19
938,12,19
938,13,16
938,13,17
938,14,16
938,14,18
938,16,17
938,16,18
939,0,1
939,0,3
939,0,9
939,0,15
939,0,19
939,1,7
939,1,9
939,1,17
939,2,7
939,2,8
939,2,13
939,2,15
939,2,16
939,2,17
939,3,5
939,3,9
939,3,10
939,3,12
939,3,19
939,4,6
939,4,18
939,5,9
939,5,10
939,5,12
939,5,19
939,6,8
939,6,15
939,6,16
939,6,18
939,7,13
939,7,17
939,8,15
939,8,16
939,8,17
939,9,10
939,9,12
939,9,19
939,10,12
939,10,19
939,12,19
939,13,16
939,13,17
939,14,16
939,14,18
939,16,17
939,16,18
940,0,1
940,0,3
940,0,9
940,0,15
940,0,19
940,1,7
940,1,9
940,1,17
940,2,7
940,2,8
940,2,13
940,2,16
940,2,17
940,3,5
940,3,9
940,3,10
940,3,12
940,3,19
940,4,6
940,4,18
940,5,9
940,5,10
940,5,12
940,5,19
940,6,8
940,6,16
940,6,18
940,7,13
940,7,17
940,8,15
940,8,16
940,8,17
940,9,10
940,9,12
940,9,19
940,10,12
940,10,19
940,12,19
940,13,16
940,13,17
940,14,16
940,14,18
940,16,17
940,16,18
941,0,1
941,0,3
941,0,9
941,0,10
941,0,15
941,0,19
941,1,7
941,1,9
941,1,17
941,2,7
941,2,8
941,2,13
941,2,16
941,2,17
941,3,5
941,3,9
941,3,10
941,3,12
941,3,19
941,4,6
941,4,18
941,5,9
941,5,10
941,5,12
941,5,19
941,6,8
941,6,16
941,6,18
941,7,13
941,7,17
941,8,15
941,8,16
941,8,17
941,9,10
941,9,12
941,9,19
941,10,12
941,10,19
941,12,19
941,13,16
941,13,17
941,14,16
941,14,18
941,16,17
941,16,18
942,0,1
942,0,3
942,0,5
942,0,9
942,0,10
942,0,15
942,0,19
942,1,7
942,1,9
942,1,17
942,2,7
942,2,8
942,2,13
942,2,16
942,2,17
942,3,5
942,3,9
942,3,10
942,3,12
942,3,19
942,4,6
942,4,18
942,5,9
942,5,10
942,5,12
942,5,19
942,6,8
942,6,16
942,6,18
942,7,13
942,7,17
942,8,15
942,8,16
942,8,17
942,9,10
942,9,19
942,10,12
942,10,19
942,12,19
942,13,16
942,13,17
942,14,16
942,14,18
942,16,17
942,16,18
943,0,1
943,0,3
943,0,5
943,0,9
943,0,10
943,0,15
943,0,19
943,1,7
943,1,9
943,1,17
943,2,7
943,2,8
943,2,13
943,2,16
943,2,17
943,3,5
943,3,9
943,3,10
943,3,12
943,3,19
943,4,6
943,4,18
943,5,9
943,5,10
943,5,12
943,5,19
943,6,8
943,6,16
943,6,18
943,7,11
943,7,13
943,7,17
943,8,15
943,8,16
943,8,17
943,9,10
943,9,19
943,10,12
943,10,19
943,12,19
943,13,16
943,13,17
943,14,16
943,14,18
943,16,17
943,16,18
944,0,1
944,0,3
944,0,5
944,0,9
944,0,10
944,0,19
944,1,7
944,1,9
944,1,17
944,2,7
944,2,8
944,2,13
944,2,16
944,2,17
944,3,5
944,3,9
944,3,10
944,3,12
944,3,19
944,4,6
944,4,18
944,5,9
944,5,10
944,5,12
944,5,19
944,6,8
944,6,16
944,6,18
944,7,11
944,7,17
944,8,15
944,8,16
944,8,17
944,9,10
944,9,19
944,10,12
944,10,19
944,12,19
944,13,16
944,13,17
944,14,16
944,14,18
944,16,17
944,16,18
945,0,1
945,0,3
945,0,5
945,0,9
945,0,10
945,0,19
945,1,7
945,1,9
945,1,17
945,2,8
945,2,13
945,2,16
945,2,17
945,3,5
945,3,9
945,3,10
945,3,12
945,3,19
945,4,6
945,4,18
945,5,9
945,5,10
945,5,12
945,5,19
945,6,8
945,6,14
945,6,16
945,6,18
945,7,11
945,7,17
945,8,13
945,8,15
945,8,16
945,8,17
945,9,10
945,9,19
945,10,12
945,10,19
945,12,19
945,13,16
945,13,17
945,14,16
945,14,18
945,16,17
945,16,18
946,0,1
946,0,3
946,0,5
946,0,9
946,0,10
946,0,19
946,1,7
946,1,9
946,1,17
946,2,8
946,2,13
946,2,16
946,2,17
946,3,5
946,3,9
946,3,10
946,3,12
946,3,19
946,4,6
946,4,18
946,5,9
946,5,10
946,5,12
946,5,19
946,6,14
946,6,16
946,6,18
946,7,11
946,7,17
946,8,13
946,8,15
946,8,16
946,8,17
946,9,10
946,9,19
946,10,12
946,10,19
946,12,19
946,13,16
946,13,17
946,14,16
946,14,18
946,16,17
946,16,18
947,0,1
947,0,3
947,0,5
947,0,9
947,0,10
947,0,19
947,1,7
947,1,9
947,1,17
947,2,8
947,2,13
947,2,16
947,2,17
947,3,5
947,3,9
947,3,10
947,3,12
947,3,19
947,4,6
947,4,18
947,5,9
947,5,10
947,5,12
947,5,19
947,6,14
947,6,16
947,6,18
947,7,11
947,7,17
947,8,13
947,8,15
947,8,16
947,8,17
947,9,10
947,9,19
947,10,12
947,10,19
947,12,19
947,13,16
947,13,17
947,14,16
947,14,18
947,16,17
947,16,18
948,0,1
948,0,3
948,0,5
948,0,9
948,0,10
948,0,19
948,1,7
948,1,9
948,1,17
948,2,8
948,2,13
948,2,16
948,2,17
948,3,5
948,3,9
948,3,10
948,3,12
948,3,19
948,4,6
948,4,14
948,4,18
948,5,9
948,5,10
948,5,12
948,5,19
948,6,14
948,6,16
948,6,18
948,7,11
948,7,17
948,8,13
948,8,15
948,8,16
948,8,17
948,9,10
948,9,19
948,10,12
948,10,19
948,12,19
948,13,16
948,13,17
948,14,16
948,14,18
948,16,17
948,16,18
949,0,1
949,0,3
949,0,5
949,0,9
949,0,10
949,0,19
949,1,7
949,1,9
949,1,17
949,2,8
949,2,13
949,2,16
949,2,17
949,3,5
949,3,9
949,3,10
949,3,12
949,3,19
949,4,6
949,4,14
949,4,18
949,5,9
949,5,10
949,5,12
949,5,19
949,6,14
949,6,16
949,6,18
949,7,11
949,7,17
949,8,13
949,8,16
949,8,17
949,9,10
949,9,19
949,10,12
949,10,19
949,12,19
949,13,16
949,13,17
949,14,16
949,14,18
949,16,17
949,16,18
950,0,1
950,0,3
950,0,5
950,0,9
950,0,10
950,0,19
950,1,7
950,1,9
950,1,17
950,2,8
950,2,13
950,2,16
950,2,17
950,3,5
950,3,9
950,3,10
950,3,12
950,3,19
950,4,6
950,4,14
950,4,16
950,4,18
950,5,9
950,5,10
950,5,12
950,5,19
950,6,14
950,6,16
950,6,18
950,7,11
950,7,17
950,8,13
950,8,16
950,8,17
950,9,10
950,9,19
950,10,12
950,10,19
950,12,19
950,13,16
950,13,17
950,14,16
950,14,18
950,16,17
950,16,18
951,0,1
951,0,3
951,0,5
951,0,9
951,0,10
951,0,19
951,1,7
951,1,17
951,2,8
951,2,13
951,2,16
951,2,17
951,3,5
951,3,9
951,3,10
951,3,12
951,3,19
951,4,6
951,4,14
951,4,16
951,4,18
951,5,9
951,5,10
951,5,12
951,5,19
951,6,14
951,6,16
951,6,18
951,7,11
951,7,17
951,8,13
951,8,16
951,8,17
951,9,10
951,9,19
951,10,12
951,10,19
951,12,19
951,13,16
951,13,17
951,14,16
951,14,18
951,16,17
951,16,18
952,0,1
952,0,3
952,0,5
952,0,9
952,0,10
952,0,19
952,1,7
952,1,17
952,2,8
952,2,13
952,2,16
952,2,17
952,3,5
952,3,9
952,3,10
952,3,12
952,3,19
952,4,6
952,4,14
952,4,16
952,4,18
952,5,9
952,5,10
952,5,12
952,5,19
952,6,14
952,6,16
952,6,18
952,7,11
952,7,17
952,8,13
952,8,16
952,8,17
952,9,10
952,9,19
952,10,19
952,12,19
952,13,16
952,13,17
952,14,16
952,14,18
952,16,17
952,16,18
953,0,1
953,0,3
953,0,5
953,0,9
953,0,10
953,0,19
953,1,7
953,1,17
953,2,8
953,2,13
953,2,16
953,2,17
953,3,5
953,3,9
953,3,10
953,3,12
953,3,19
953,4,6
953,4,14
953,4,16
953,4,18
953,5,9
953,5,10
953,5,12
953,5,19
953,6,14
953,6,16
953,6,18
953,7,11
953,7,17
953,8,13
953,8,16
953,8,17
953,9,10
953,9,19
953,10,19
953,12,19
953,13,16
953,13,17
953,14,16
953,14,18
953,16,17
953,16,18
954,0,1
954,0,3
954,0,5
954,0,9
954,0,10
954,0,19
954,1,7
954,1,17
954,2,8
954,2,13
954,2,16
954,2,17
954,3,5
954,3,9
954,3,10
954,3,12
954,3,19
954,4,6
954,4,14
954,4,16
954,4,18
954,5,9
954,5,10
954,5,12
954,5,19
954,6,14
954,6,16
954,6,18
954,7,11
954,8,13
954,8,16
954,8,17
954,9,10
954,9,19
954,10,19
954,12,19
954,13,16
954,13,17
954,14,16
954,14,18
954,16,17
954,16,18
955,0,1
955,0,3
955,0,5
955,0,9
955,0,10
955,0,19
955,1,7
955,1,17
955,2,8
955,2,13
955,2,16
955,2,17
955,3,5
955,3,9
955,3,10
955,3,12
955,3,19
955,4,6
955,4,14
955,4,16
955,4,18
955,5,9
955,5,10
955,5,12
955,5,19
955,6,14
955,6,16
955,6,18
955,7,11
955,8,13
955,8,16
955,8,17
955,9,10
955,9,19
955,10,19
955,12,19
955,13,16
955,13,17
955,14,16
955,14,18
955,16,17
955,16,18
956,0,1
956,0,3
956,0,5
956,0,9
956,0,10
956,0,19
956,1,7
956,1,17
956,2,8
956,2,13
956,2,16
956,2,17
956,3,5
956,3,9
956,3,10
956,3,12
956,3,19
956,4,6
956,4,14
956,4,16
956,4,18
956,5,9
956,5,10
956,5,12
956,5,19
956,6,14
956,6,16
956,6,18
956,7,11
956,8,13
956,8,16
956,8,17
956,9,10
956,9,19
956,10,19
956,12,19
956,13,16
956,13,17
956,14,16
956,14,18
956,16,17
956,16,18
957,0,1
957,0,3
957,0,5
957,0,9
957,0,10
957,0,19
957,1,7
957,1,17
957,2,8
957,2,13
957,2,16
957,2,17
957,3,5
957,3,9
957,3,10
957,3,12
957,3,19
957,4,6
957,4,14
957,4,16
957,4,18
957,5,9
957,5,10
957,5,12
957,5,19
957,6,14
957,6,16
957,6,18
957,7,11
957,8,13
957,8,16
957,8,17
957,9,19
957,10,19
957,12,19
957,13,16
957,13,17
957,14,16
957,14,18
957,16,17
957,16,18
958,0,1
958,0,3
958,0,5
958,0,9
958,0,10
958,0,19
958,1,7
958,1,17
958,2,8
958,2,13
958,2,16
958,2,17
958,3,5
958,3,9
958,3,10
958,3,12
958,3,19
958,4,6
958,4,14
958,4,16
958,4,18
958,5,9
958,5,10
958,5,12
958,5,19
958,6,14
958,6,16
958,6,18
958,7,11
958,8,13
958,8,16
958,8,17
958,9,19
958,10,12
958,10,19
958,12,19
958,13,14
958,13,16
958,13,17
958,14,16
958,14,18
958,16,17
958,16,18
959,0,1
959,0,3
959,0,5
959,0,9
959,0,10
959,0,19
959,1,7
959,1,17
959,2,8
959,2,13
959,2,16
959,2,17
959,3,5
959,3,9
959,3,10
959,3,12
959,3,19
959,4,6
959,4,14
959,4,16
959,4,18
959,5,9
959,5,10
959,5,12
959,5,19
959,6,14
959,6,16
959,6,18
959,7,11
959,8,13
959,8,16
959,8,17
959,9,19
959,10,12
959,10,19
959,12,19
959,13,14
959,13,16
959,13,17
959,14,16
959,14,18
959,16,17
959,16,18
960,0,1
960,0,3
960,0,5
960,0,9
960,0,10
960,0,19
960,1,7
960,1,17
960,2,8
960,2,13
960,2,16
960,2,17
960,3,5
960,3,9
960,3,10
960,3,12
960,3,19
960,4,6
960,4,14
960,4,16
960,4,18
960,5,9
960,5,10
960,5,12
960,5,19
960,6,14
960,6,16
960,6,18
960,7,11
960,8,13
960,8,16
960,8,17
960,9,19
960,10,12
960,10,19
960,12,19
960,13,14
960,13,16
960,13,17
960,14,16
960,14,18
960,16,17
960,16,18
961,0,1
961,0,3
961,0,5
961,0,9
961,0,10
961,0,19
961,1,7
961,2,8
961,2,13
961,2,16
961,2,17
961,3,5
961,3,9
961,3,10
961,3,12
961,3,19
961,4,6
961,4,14
961,4,16
961,4,18
961,5,9
961,5,10
961,5,12
961,5,19
961,6,14
961,6,16
961,6,18
961,7,11
961,8,13
961,8,16
961,8,17
961,9,19
961,10,12
961,10,19
961,12,19
961,13,14
961,13,16
961,13,17
961,14,16
961,14,18
961,16,17
961,16,18
962,0,1
962,0,3
962,0,5
962,0,9
962,0,10
962,0,19
962,1,7
962,2,8
962,2,13
962,2,16
962,2,17
962,3,5
962,3,9
962,3,10
962,3,12
962,3,19
962,4,6
962,4,14
962,4,16
962,4,18
962,5,9
962,5,10
962,5,12
962,5,19
962,6,14
962,6,16
962,6,18
962,7,11
962,8,13
962,8,16
962,8,17
962,9,19
962,10,12
962,10,19
962,12,19
962,13,14
962,13,16
962,13,17
962,14,16
962,14,18
962,16,17
962,16,18
963,0,1
963,0,3
963,0,5
963,0,9
963,0,10
963,0,19
963,1,7
963,2,8
963,2,13
963,2,16
963,2,17
963,3,5
963,3,9
963,3,10
963,3,12
963,3,19
963,4,6
963,4,14
963,4,16
963,4,18
963,5,9
963,5,10
963,5,12
963,5,19
963,6,14
963,6,16
963,6,18
963,7,11
963,8,13
963,8,16
963,8,17
963,9,19
963,10,12
963,10,19
963,12,19
963,13,14
963,13,16
963,13,17
963,14,16
963,14,18
963,16,17
963,16,18
964,0,1
964,0,3
964,0,5
964,0,9
964,0,10
964,0,19
964,1,7
964,2,8
964,2,13
964,2,16
964,2,17
964,3,5
964,3,9
964,3,10
964,3,12
964,3,19
964,4,6
964,4,14
964,4,16
964,4,18
964,5,9
964,5,10
964,5,12
964,5,19
964,6,14
964,6,16
964,6,18
964,7,11
964,8,13
964,8,16
964,8,17
964,9,19
964,10,12
964,10,19
964,12,19
964,13,14
964,13,16
964,13,17
964,14,16
964,14,18
964,16,17
964,16,18
965,0,1
965,0,3
965,0,5
965,0,9
965,0,10
965,0,19
965,1,7
965,2,8
965,2,13
965,2,16
965,2,17
965,3,5
965,3,9
965,3,10
965,3,12
965,3,19
965,4,6
965,4,14
965,4,16
965,4,18
965,5,9
965,5,10
965,5,12
965,5,19
965,6,14
965,6,16
965,6,18
965,7,11
965,8,13
965,8,16
965,8,17
965,9,19
965,10,12
965,10,19
965,12,19
965,13,14
965,13,16
965,14,16
965,14,18
965,16,17
965,16,18
966,0,1
966,0,3
966,0,5
966,0,9
966,0,10
966,0,19
966,1,7
966,2,8
966,2,13
966,2,16
966,2,17
966,3,5
966,3,9
966,3,10
966,3,12
966,3,19
966,4,6
966,4,14
966,4,16
966,4,18
966,5,9
966,5,10
966,5,12
966,5,19
966,6,14
966,6,16
966,6,18
966,7,11
966,8,13
966,8,16
966,8,17
966,9,19
966,10,12
966,10,19
966,12,19
966,13,14
966,13,16
966,14,16
966,14,18
966,16,17
966,16,18
967,0,1
967,0,3
967,0,5
967,0,9
967,0,10
967,0,19
967,1,7
967,2,8
967,2,13
967,2,16
967,2,17
967,3,5
967,3,9
967,3,10
967,3,12
967,3,19
967,4,6
967,4,14
967,4,16
967,4,18
967,5,9
967,5,10
967,5,12
967,5,19
967,6,14
967,6,16
967,6,18
967,7,11
967,8,13
967,8,16
967,8,17
967,9,19
967,10,12
967,10,19
967,12,19
967,13,14
967,13,16
967,14,16
967,14,18
967,16,17
967,16,18
968,0,1
968,0,3
968,0,5
968,0,10
968,0,19
968,1,7
968,2,4
968,2,8
968,2,13
968,2,16
968,2,17
968,3,5
968,3,9
968,3,10
968,3,12
968,3,19
968,4,6
968,4,14
968,4,16
968,4,18
968,5,9
968,5,10
968,5,12
968,5,19
968,6,14
968,6,16
968,6,18
968,7,11
968,8,13
968,8,16
968,8,17
968,9,19
968,10,12
968,10,19
968,12,19
968,13,14
968,13,16
968,14,16
968,14,18
968,16,17
969,0,1
969,0,3
969,0,5
969,0,10
969,0,19
969,1,7
969,2,4
969,2,8
969,2,13
969,2,16
969,2,17
969,3,5
969,3,9
969,3,10
969,3,12
969,3,19
969,4,6
969,4,13
969,4,14
969,4,16
969,4,18
969,5,9
969,5,10
969,5,12
969,5,19
969,6,14
969,6,16
969,6,18
969,7,11
969,8,13
969,8,16
969,9,17
969,9,19
969,10,12
969,10,19
969,12,19
969,13,14
969,13,16
969,14,16
969,14,18
969,16,17
970,0,1
970,0,3
970,0,5
970,0,10
970,0,19
970,1,7
970,2,4
970,2,8
970,2,13
970,2,16
970,2,17
970,3,5
970,3,9
970,3,10
970,3,12
970,3,19
970,4,6
970,4,13
970,4,14
970,4,16
970,4,18
970,5,9
970,5,10
970,5,12
970,5,19
970,6,14
970,6,16
970,6,18
970,7,11
970,8,13
970,8,16
970,9,17
970,9,19
970,10,12
970,10,19
970,12,19
970,13,14
970,13,16
970,14,16
970,16,17
971,0,1
971,0,3
971,0,5
971,0,10
971,0,19
971,1,7
971,2,4
971,2,8
971,2,13
971,2,16
971,2,17
971,3,5
971,3,9
971,3,10
971,3,12
971,3,19
971,4,6
971,4,13
971,4,14
971,4,16
971,4,18
971,5,9
971,5,10
971,5,12
971,5,19
971,6,14
971,6,16
971,6,18
971,7,11
971,8,13
971,8,16
971,9,17
971,9,19
971,10,12
971,10,19
971,12,19
971,13,14
971,13,16
971,14,16
971,16,17
972,0,1
972,0,3
972,0,5
972,0,10
972,0,19
972,1,7
972,2,4
972,2,8
972,2,13
972,2,14
972,2,16
972,2,17
972,3,5
972,3,9
972,3,10
972,3,12
972,3,19
972,4,6
972,4,13
972,4,14
972,4,16
972,4,18
972,5,9
972,5,10
972,5,12
972,5,19
972,6,14
972,6,16
972,6,18
972,7,11
972,8,13
972,8,16
972,9,17
972,9,19
972,10,12
972,10,19
972,12,19
972,13,14
972,13,16
972,14,16
972,16,17
973,0,1
973,0,3
973,0,5
973,0,10
973,0,19
973,1,7
973,2,4
973,2,8
973,2,13
973,2,14
973,2,16
973,2,17
973,3,5
973,3,9
973,3,10
973,3,12
973,3,19
973,4,6
973,4,13
973,4,14
973,4,16
973,4,18
973,5,9
973,5,10
973,5,12
973,5,19
973,6,14
973,6,16
973,6,18
973,7,11
973,8,13
973,8,16
973,9,17
973,9,19
973,10,12
973,10,19
973,12,19
973,13,14
973,13,16
973,14,16
973,16,17
974,0,1
974,0,3
974,0,5
974,0,10
974,0,19
974,1,7
974,2,4
974,2,8
974,2,13
974,2,14
974,2,16
974,2,17
974,3,5
974,3,9
974,3,10
974,3,12
974,3,19
974,4,6
974,4,13
974,4,14
974,4,16
974,4,18
974,5,9
974,5,10
974,5,12
974,5,19
974,6,14
974,6,16
974,6,18
974,7,11
974,8,13
974,8,16
974,9,17
974,9,19
974,10,12
974,12,19
974,13,14
974,13,16
974,14,16
974,16,17
975,0,1
975,0,3
975,0,5
975,0,10
975,0,19
975,1,7
975,2,4
975,2,8
975,2,13
975,2,14
975,2,16
975,2,17
975,3,5
975,3,9
975,3,10
975,3,12
975,3,19
975,4,6
975,4,13
975,4,14
975,4,16
975,4,18
975,5,9
975,5,10
975,5,12
975,5,19
975,6,14
975,6,16
975,6,18
975,7,11
975,8,13
975,8,16
975,9,17
975,9,19
975,10,12
975,12,19
975,13,14
975,13,16
975,14,16
975,16,17
976,0,1
976,0,3
976,0,5
976,0,10
976,1,7
976,1,11
976,2,4
976,2,8
976,2,13
976,2,14
976,2,16
976,2,17
976,3,5
976,3,9
976,3,10
976,3,12
976,3,19
976,4,6
976,4,13
976,4,14
976,4,16
976,4,18
976,5,9
976,5,10
976,5,12
976,5,19
976,6,14
976,6,16
976,6,18
976,7,11
976,8,13
976,8,16
976,9,17
976,9,19
976,10,12
976,12,19
976,13,14
976,13,16
976,14,16
976,16,17
977,0,1
977,0,3
977,0,5
977,0,10
977,1,7
977,1,11
977,2,4
977,2,8
977,2,13
977,2,14
977,2,16
977,2,17
977,3,5
977,3,9
977,3,10
977,3,12
977,3,19
977,4,6
977,4,13
977,4,14
977,4,16
977,4,18
977,5,9
977,5,10
977,5,12
977,5,19
977,6,14
977,6,16
977,6,18
977,7,11
977,8,13
977,9,17
977,9,19
977,10,12
977,12,19
977,13,14
977,13,16
977,14,16
977,16,17
978,0,1
978,0,3
978,0,5
978,0,10
978,0,12
978,1,7
978,1,11
978,2,4
978,2,8
978,2,13
978,2,14
978,2,16
978,2,17
978,3,5
978,3,10
978,3,12
978,3,19
978,4,6
978,4,13
978,4,14
978,4,16
978,4,18
978,5,9
978,5,10
978,5,12
978,5,19
978,6,14
978,6,16
978,6,18
978,7,11
978,8,13
978,9,17
978,9,19
978,10,12
978,12,19
978,13,14
978,13,16
978,14,16
978,16,17
979,0,1
979,0,3
979,0,5
979,0,10
979,0,12
979,1,7
979,1,11
979,2,4
979,2,8
979,2,13
979,2,14
979,2,16
979,2,17
979,3,5
979,3,10
979,3,12
979,3,19
979,4,6
979,4,13
979,4,14
979,4,16
979,4,18
979,5,9
979,5,10
979,5,12
979,5,19
979,6,13
979,6,14
979,6,16
979,6,18
979,7,11
979,8,13
979,9,17
979,9,19
979,10,12
979,12,19
979,13,14
979,13,16
979,14,16
979,16,17
980,0,1
980,0,3
980,0,5
980,0,10
980,0,12
980,1,7
980,1,11
980,2,4
980,2,8
980,2,13
980,2,14
980,2,16
980,2,17
980,3,5
980,3,10
980,3,12
980,3,19
980,4,6
980,4,13
980,4,14
980,4,16
980,5,9
980,5,10
980,5,12
980,5,19
980,6,13
980,6,14
980,6,16
980,6,18
980,7,11
980,8,13
980,9,17
980,9,19
980,10,12
980,12,19
980,13,14
980,13,16
980,14,16
980,16,17
981,0,1
981,0,3
981,0,5
981,0,10
981,0,12
981,1,7
981,1,11
981,2,4
981,2,8
981,2,13
981,2,14
981,2,16
981,2,17
981,3,5
981,3,10
981,3,12
981,3,19
981,4,6
981,4,13
981,4,14
981,4,16
981,5,10
981,5,12
981,5,19
981,6,13
981,6,14
981,6,16
981,6,18
981,7,11
981,9,17
981,9,19
981,10,12
981,12,19
981,13,14
981,13,16
981,14,16
981,16,17
982,0,1
982,0,3
982,0,5
982,0,10
982,0,12
982,1,7
982,1,11
982,2,4
982,2,8
982,2,13
982,2,14
982,2,16
982,3,5
982,3,10
982,3,12
982,3,19
982,4,6
982,4,13
982,4,14
982,4,16
982,5,10
982,5,12
982,5,19
982,6,13
982,6,14
982,6,16
982,6,18
982,7,11
982,9,17
982,9,19
982,10,12
982,12,19
982,13,14
982,13,16
982,14,16
982,16,17
983,0,1
983,0,3
983,0,5
983,0,10
983,0,12
983,1,7
983,1,11
983,2,4
983,2,6
983,2,8
983,2,13
983,2,14
983,2,16
983,3,5
983,3,10
983,3,12
983,3,19
983,4,6
983,4,13
983,4,14
983,4,16
983,5,10
983,5,12
983,5,19
983,6,13
983,6,14
983,6,16
983,6,18
983,7,11
983,9,17
983,9,19
983,10,12
983,12,19
983,13,14
983,13,16
983,14,16
983,16,17
984,0,1
984,0,3
984,0,5
984,0,10
984,0,12
984,1,11
984,2,4
984,2,6
984,2,13
984,2,14
984,2,16
984,3,5
984,3,10
984,3,12
984,3,19
984,4,6
984,4,13
984,4,14
984,4,16
984,5,10
984,5,12
984,5,19
984,6,13
984,6,14
984,6,16
984,6,18
984,7,11
984,9,17
984,9,19
984,10,12
984,12,19
984,13,14
984,13,16
984,14,16
984,16,17
985,0,1
985,0,3
985,0,5
985,0,10
985,0,12
985,1,11
985,2,4
985,2,6
985,2,13
985,2,14
985,2,16
985,3,5
985,3,10
985,3,12
985,3,19
985,4,6
985,4,13
985,4,14
985,4,16
985,5,10
985,5,12
985,5,19
985,6,13
985,6,14
985,6,16
985,6,18
985,7,11
985,9,17
985,9,19
985,10,12
985,12,19
985,13,14
985,13,16
985,14,16
985,15,18
985,16,17
985,17,19
986,0,1
986,0,3
986,0,5
986,0,10
986,0,12
986,1,11
986,2,4
986,2,6
986,2,13
986,2,14
986,2,16
986,3,5
986,3,10
986,3,12
986,3,19
986,4,6
986,4,13
986,4,14
986,4,16
986,5,10
986,5,12
986,5,19
986,6,13
986,6,14
986,6,16
986,6,18
986,7,11
986,9,17
986,9,19
986,10,12
986,12,19
986,13,14
986,13,16
986,14,16
986,15,18
986,16,17
986,17,19
987,0,1
987,0,3
987,0,5
987,0,10
987,0,12
987,1,11
987,2,4
987,2,6
987,2,13
987,2,14
987,2,16
987,3,5
987,3,10
987,3,12
987,3,19
987,4,6
987,4,13
987,4,14
987,4,16
987,5,10
987,5,12
987,5,19
987,6,13
987,6,14
987,6,16
987,6,18
987,7,11
987,9,17
987,9,19
987,10,12
987,12,19
987,13,14
987,13,16
987,14,16
987,15,18
987,16,17
987,17,19
988,0,1
988,0,3
988,0,5
988,0,10
988,0,12
988,1,11
988,2,4
988,2,6
988,2,13
988,2,14
988,2,16
988,3,5
988,3,10
988,3,12
988,3,19
988,4,6
988,4,13
988,4,14
988,4,16
988,5,10
988,5,12
988,5,19
988,6,13
988,6,14
988,6,16
988,6,18
988,7,11
988,9,17
988,9,19
988,10,12
988,12,19
988,13,14
988,13,16
988,14,16
988,15,18
988,16,17
988,17,19
989,0,1
989,0,3
989,0,5
989,0,10
989,0,12
989,1,11
989,2,4
989,2,6
989,2,13
989,2,14
989,2,16
989,3,5
989,3,10
989,3,12
989,3,19
989,4,6
989,4,13
989,4,14
989,4,16
989,5,10
989,5,12
989,5,19
989,6,13
989,6,14
989,6,16
989,6,18
989,7,11
989,9,17
989,9,19
989,10,12
989,12,19
989,13,14
989,13,16
989,14,16
989,15,18
989,16,17
989,17,19
990,0,1
990,0,3
990,0,5
990,0,10
990,0,12
990,1,11
990,2,4
990,2,6
990,2,13
990,2,14
990,2,16
990,3,5
990,3,10
990,3,12
990,3,19
990,4,6
990,4,13
990,4,14
990,4,16
990,5,10
990,5,12
990,5,19
990,6,13
990,6,14
990,6,16
990,6,18
990,7,11
990,9,17
990,9,19
990,10,12
990,13,14
990,13,16
990,14,16
990,15,18
990,16,17
990,17,19
991,0,1
991,0,3
991,0,5
991,0,10
991,0,12
991,1,11
991,2,4
991,2,6
991,2,13
991,2,14
991,2,16
991,3,5
991,3,10
991,3,12
991,3,19
991,4,6
991,4,13
991,4,14
991,4,16
991,5,10
991,5,12
991,5,19
991,6,13
991,6,14
991,6,16
991,6,18
991,7,11
991,9,17
991,9,19
991,10,12
991,13,14
991,13,16
991,14,16
991,15,18
991,16,17
991,17,19
992,0,1
992,0,3
992,0,10
992,0,12
992,1,11
992,2,4
992,2,6
992,2,13
992,2,14
992,2,16
992,3,5
992,3,10
992,3,12
992,3,19
992,4,6
992,4,13
992,4,14
992,4,16
992,5,10
992,5,12
992,5,19
992,6,13
992,6,14
992,6,16
992,6,18
992,7,11
992,9,17
992,9,19
992,10,12
992,13,14
992,13,16
992,14,16
992,15,18
992,16,17
992,17,19
993,0,1
993,0,3
993,0,10
993,0,12
993,1,11
993,2,4
993,2,6
993,2,13
993,2,14
993,2,16
993,3,5
993,3,10
993,3,12
993,3,19
993,4,6
993,4,13
993,4,14
993,4,16
993,5,10
993,5,12
993,5,19
993,6,13
993,6,14
993,6,16
993,6,18
993,7,11
993,9,17
993,9,19
993,10,12
993,13,14
993,13,16
993,14,16
993,15,18
993,17,19
994,0,1
994,0,3
994,0,12
994,1,11
994,2,4
994,2,6
994,2,13
994,2,14
994,2,16
994,3,5
994,3,10
994,3,12
994,3,19
994,4,6
994,4,13
994,4,14
994,4,16
994,5,10
994,5,12
994,5,19
994,6,13
994,6,14
994,6,16
994,6,18
994,7,11
994,9,17
994,9,19
994,10,12
994,13,14
994,13,16
994,14,16
994,15,18
994,17,19
995,0,1
995,0,12
995,1,11
995,2,4
995,2,6
995,2,13
995,2,14
995,2,16
995,3,5
995,3,10
995,3,12
995,3,19
995,4,6
995,4,13
995,4,14
995,4,16
995,5,10
995,5,12
995,5,19
995,6,13
995,6,14
995,6,16
995,6,18
995,7,11
995,9,17
995,9,19
995,10,12
995,13,14
995,13,16
995,14,16
995,15,18
995,17,19
996,0,1
996,0,12
996,1,11
996,2,4
996,2,6
996,2,13
996,2,14
996,2,16
996,3,5
996,3,10
996,3,12
996,3,19
996,4,6
996,4,13
996,4,14
996,4,16
996,5,10
996,5,12
996,5,19
996,6,13
996,6,14
996,6,16
996,6,18
996,7,11
996,8,11
996,9,17
996,9,19
996,10,12
996,13,14
996,13,16
996,14,16
996,15,18
996,17,19
997,0,1
997,0,12
997,1,11
997,1,12
997,2,4
997,2,6
997,2,13
997,2,14
997,2,16
997,3,5
997,3,10
997,3,12
997,3,19
997,4,6
997,4,13
997,4,14
997,4,16
997,5,10
997,5,12
997,5,19
997,6,13
997,6,14
997,6,16
997,6,18
997,7,11
997,8,11
997,9,17
997,9,19
997,10,12
997,13,14
997,13,16
997,14,16
997,15,18
997,17,19
998,0,1
998,0,12
998,1,11
998,1,12
998,2,4
998,2,6
998,2,13
998,2,14
998,2,16
998,3,5
998,3,10
998,3,12
998,3,19
998,4,6
998,4,13
998,4,14
998,4,16
998,5,10
998,5,12
998,5,19
998,6,13
998,6,14
998,6,16
998,7,11
998,8,11
998,9,17
998,9,19
998,10,12
998,13,14
998,13,16
998,14,16
998,15,18
998,17,19
999,0,1
999,0,12
999,1,7
999,1,11
999,1,12
999,2,4
999,2,6
999,2,13
999,2,14
999,2,16
999,3,5
999,3,10
999,3,12
999,3,19
999,4,6
999,4,13
999,4,14
999,4,16
999,5,10
999,5,12
999,5,19
999,6,13
999,6,14
999,6,16
999,7,11
999,8,11
999,9,17
999,9,19
999,10,12
999,13,14
999,13,16
999,14,16
999,15,18
999,17,19
