snapshot,node_id,actual,prediction,normal_probability,malicious_probability
0,0,0,0,0.7515244483947754,0.2484755665063858
0,1,0,0,0.9285809397697449,0.07141910493373871
0,2,0,0,0.7026592493057251,0.2973407804965973
0,3,1,1,0.08667778968811035,0.9133222103118896
0,4,0,0,0.9569301009178162,0.04306989163160324
0,5,0,1,0.474773108959198,0.525226891040802
0,6,0,0,0.9456180334091187,0.05438199266791344
0,7,1,1,0.08667777478694916,0.9133222103118896
0,8,0,0,0.6957222819328308,0.3042777180671692
0,9,0,0,0.9312949776649475,0.06870494782924652
0,10,0,0,0.9669413566589355,0.033058661967515945
0,11,0,0,0.904963493347168,0.09503646194934845
0,12,1,1,0.15390412509441376,0.846095860004425
0,13,0,0,0.7551975846290588,0.24480240046977997
0,14,0,0,0.9363648295402527,0.06363513320684433
0,15,0,0,0.9482685923576355,0.05173132196068764
0,16,0,0,0.9569301009178162,0.043069884181022644
0,17,0,0,0.7496184706687927,0.2503814697265625
0,18,0,0,0.6790687441825867,0.32093122601509094
0,19,0,1,0.1515851467847824,0.8484147787094116
1,0,0,0,0.933709979057312,0.06629002839326859
1,1,0,0,0.9326460957527161,0.06735388934612274
1,2,0,0,0.9754455089569092,0.024554457515478134
1,3,1,1,0.05084739997982979,0.9491526484489441
1,4,0,0,0.9614292979240417,0.03857066482305527
1,5,0,1,0.1501477062702179,0.8498522639274597
1,6,0,0,0.9475611448287964,0.0524388886988163
1,7,1,1,0.1547233760356903,0.8452765941619873
1,8,0,0,0.7046757340431213,0.29532429575920105
1,9,0,0,0.9347988367080688,0.06520121544599533
1,10,0,0,0.9464508891105652,0.053549084812402725
1,11,0,0,0.9553634524345398,0.04463650658726692
1,12,1,1,0.03138194978237152,0.9686180353164673
1,13,0,0,0.6499290466308594,0.3500710129737854
1,14,0,0,0.9476401209831238,0.052359916269779205
1,15,0,0,0.9233750104904175,0.07662495225667953
1,16,0,0,0.9615474343299866,0.038452524691820145
1,17,0,0,0.7046757340431213,0.29532429575920105
1,18,0,0,0.779651939868927,0.220348060131073
1,19,0,1,0.08460240811109543,0.915397584438324
2,0,0,0,0.968880295753479,0.03111973963677883
2,1,0,0,0.985572099685669,0.014427931979298592
2,2,0,0,0.9899118542671204,0.010088148526847363
2,3,1,1,0.061602942645549774,0.9383970499038696
2,4,0,0,0.9926589131355286,0.00734115531668067
2,5,0,1,0.1581370085477829,0.8418629765510559
2,6,0,0,0.9868234395980835,0.013176619075238705
2,7,1,1,0.061602942645549774,0.9383970499038696
2,8,0,0,0.7594682574272156,0.24053168296813965
2,9,0,0,0.9862463474273682,0.013753701001405716
2,10,0,0,0.9919191598892212,0.008080828003585339
2,11,0,0,0.9905283451080322,0.009471655823290348
2,12,1,1,0.039158184081315994,0.9608417749404907
2,13,0,0,0.6402460932731628,0.35975387692451477
2,14,0,0,0.991638720035553,0.0083613321185112
2,15,0,0,0.988095760345459,0.011904225684702396
2,16,0,0,0.9926674962043762,0.00733247259631753
2,17,0,0,0.7594682574272156,0.24053172767162323
2,18,0,0,0.9060819149017334,0.09391811490058899
2,19,0,1,0.1651623249053955,0.8348377346992493
3,0,0,0,0.8452320098876953,0.15476801991462708
3,1,0,0,0.8712007999420166,0.12879912555217743
3,2,0,0,0.8592252731323242,0.140774667263031
3,3,1,1,0.3330157697200775,0.6669842600822449
3,4,0,0,0.9894675612449646,0.010532415471971035
3,5,0,1,0.4950728118419647,0.5049272179603577
3,6,0,0,0.9867312908172607,0.013268711045384407
3,7,1,1,0.3330157697200775,0.6669842600822449
3,8,0,0,0.7768012285232544,0.2231987565755844
3,9,0,0,0.8422737121582031,0.15772628784179688
3,10,0,0,0.9898894429206848,0.010110577568411827
3,11,0,0,0.9783599376678467,0.021639985963702202
3,12,1,1,0.42672139406204224,0.5732786059379578
3,13,0,0,0.6396114826202393,0.3603885769844055
3,14,0,0,0.9293263554573059,0.07067366689443588
3,15,0,0,0.9799327850341797,0.02006721682846546
3,16,0,0,0.9894675612449646,0.010532420128583908
3,17,0,0,0.8150405883789062,0.18495944142341614
3,18,0,0,0.6852161288261414,0.31478387117385864
3,19,0,1,0.4051506221294403,0.5948494076728821
4,0,0,0,0.8922950029373169,0.1077049970626831
4,1,0,0,0.5948523879051208,0.40514758229255676
4,2,0,0,0.9725779294967651,0.027422139421105385
4,3,1,1,0.09866759181022644,0.901332437992096
4,4,0,0,0.9901532530784607,0.009846698492765427
4,5,0,1,0.29630258679389954,0.7036974430084229
4,6,0,0,0.9875124096870422,0.012487516738474369
4,7,1,1,0.09866760671138763,0.901332437992096
4,8,0,0,0.8160049319267273,0.1839951127767563
4,9,0,0,0.6485034227371216,0.3514966666698456
4,10,0,0,0.9880951642990112,0.011904871091246605
4,11,0,0,0.980933427810669,0.01906662993133068
4,12,1,1,0.14496904611587524,0.8550309538841248
4,13,0,0,0.6976729035377502,0.30232712626457214
4,14,0,0,0.5024531483650208,0.49754682183265686
4,15,0,0,0.9886478781700134,0.011352071538567543
4,16,0,0,0.9903192520141602,0.00968077965080738
4,17,0,0,0.7610792517662048,0.23892076313495636
4,18,0,0,0.8002821803092957,0.19971781969070435
4,19,0,1,0.18557493388652802,0.8144251108169556
5,0,0,0,0.8856748938560486,0.11432511359453201
5,1,0,0,0.6691346168518066,0.33086538314819336
5,2,0,0,0.6880245208740234,0.31197553873062134
5,3,1,1,0.048937201499938965,0.951062798500061
5,4,0,0,0.9928632378578186,0.007136826869100332
5,5,0,1,0.13984832167625427,0.8601515889167786
5,6,0,0,0.9793791770935059,0.020620865747332573
5,7,1,1,0.07674449682235718,0.9232555031776428
5,8,0,0,0.9004907608032227,0.09950930625200272
5,9,0,1,0.4454825222492218,0.5545174479484558
5,10,0,0,0.992985188961029,0.0070148310624063015
5,11,0,0,0.9879158735275269,0.012084081768989563
5,12,1,1,0.1449068784713745,0.8550931215286255
5,13,0,0,0.6722612380981445,0.32773876190185547
5,14,0,0,0.993190348148346,0.0068096076138317585
5,15,0,0,0.9937217831611633,0.00627814931795001
5,16,0,0,0.9928863644599915,0.0071135833859443665
5,17,0,0,0.8513866662979126,0.14861337840557098
5,18,0,0,0.895424485206604,0.10457548499107361
5,19,0,1,0.14847639203071594,0.8515236377716064
6,0,0,1,0.3159952163696289,0.6840047240257263
6,1,0,0,0.9499232769012451,0.05007670074701309
6,2,0,0,0.5817455649375916,0.4182544946670532
6,3,1,1,0.03946061059832573,0.9605394601821899
6,4,0,0,0.9917833805084229,0.008216599002480507
6,5,0,0,0.8342135548591614,0.16578644514083862
6,6,0,0,0.9907079935073853,0.0092920558527112
6,7,1,1,0.4352209270000458,0.5647791624069214
6,8,0,1,0.37680280208587646,0.6231971979141235
6,9,0,0,0.954450786113739,0.04554913938045502
6,10,0,0,0.9907225370407104,0.009277541190385818
6,11,0,0,0.9930630326271057,0.006936989258974791
6,12,1,1,0.3060134947299957,0.6939864754676819
6,13,0,0,0.6439839601516724,0.35601601004600525
6,14,0,0,0.9768492579460144,0.02315078116953373
6,15,0,0,0.9847763776779175,0.015223572961986065
6,16,0,0,0.9918089509010315,0.00819108635187149
6,17,0,1,0.39752864837646484,0.6024713516235352
6,18,0,1,0.1097053736448288,0.89029461145401
6,19,0,0,0.6003418564796448,0.3996581435203552
7,0,0,0,0.5125977396965027,0.48740220069885254
7,1,0,0,0.8413719534873962,0.15862803161144257
7,2,0,0,0.5592677593231201,0.4407322108745575
7,3,1,1,0.302869588136673,0.6971304416656494
7,4,0,0,0.9849001169204712,0.015099935233592987
7,5,0,0,0.527129590511322,0.472870409488678
7,6,0,0,0.9875445365905762,0.012455523945391178
7,7,1,1,0.32960572838783264,0.6703943014144897
7,8,0,1,0.43520036339759827,0.5647996068000793
7,9,0,0,0.8413719534873962,0.15862803161144257
7,10,0,0,0.9855016469955444,0.014498332515358925
7,11,0,0,0.9892850518226624,0.010714955627918243
7,12,1,1,0.294045627117157,0.705954372882843
7,13,0,0,0.6752512454986572,0.324748694896698
7,14,0,0,0.9222750663757324,0.07772497087717056
7,15,0,0,0.9714683890342712,0.028531592339277267
7,16,0,0,0.9865216612815857,0.013478314504027367
7,17,0,1,0.08782599866390228,0.9121739268302917
7,18,0,0,0.5454736351966858,0.4545263350009918
7,19,0,1,0.41547930240631104,0.584520697593689
8,0,0,0,0.8191583752632141,0.1808415949344635
8,1,0,0,0.8673170208930969,0.13268299400806427
8,2,0,1,0.4604201912879944,0.5395798087120056
8,3,1,1,0.12650178372859955,0.873498260974884
8,4,0,0,0.9526814818382263,0.04731850326061249
8,5,0,0,0.9223867058753967,0.07761334627866745
8,6,0,0,0.9221279621124268,0.07787202298641205
8,7,1,1,0.1353098303079605,0.8646901249885559
8,8,0,0,0.8576156497001648,0.142384335398674
8,9,0,0,0.8291293978691101,0.1708706021308899
8,10,0,0,0.9424877166748047,0.05751224607229233
8,11,0,0,0.9232581257820129,0.07674188166856766
8,12,1,1,0.13578055799007416,0.8642194271087646
8,13,0,0,0.6472488641738892,0.35275113582611084
8,14,0,0,0.8977048993110657,0.10229507088661194
8,15,0,0,0.8888359665870667,0.11116400361061096
8,16,0,0,0.9320736527442932,0.0679263025522232
8,17,0,0,0.8454938530921936,0.1545061469078064
8,18,0,0,0.8879966735839844,0.11200336366891861
8,19,0,1,0.1353098303079605,0.8646901249885559
9,0,0,1,0.15302062034606934,0.8469793796539307
9,1,0,0,0.954838752746582,0.04516121745109558
9,2,0,1,0.48408910632133484,0.5159109830856323
9,3,1,1,0.017068181186914444,0.9829317331314087
9,4,0,0,0.9849933385848999,0.015006639994680882
9,5,0,0,0.9452052712440491,0.054794687777757645
9,6,0,0,0.977058470249176,0.02294154278934002
9,7,1,1,0.45727336406707764,0.5427266359329224
9,8,0,1,0.10360594093799591,0.8963940739631653
9,9,0,0,0.954838752746582,0.04516121745109558
9,10,0,0,0.9812745451927185,0.01872539333999157
9,11,0,0,0.9838887453079224,0.016111262142658234
9,12,1,1,0.11061938107013702,0.8893806338310242
9,13,0,0,0.6163559556007385,0.3836440145969391
9,14,0,0,0.9631350636482239,0.036864884197711945
9,15,0,0,0.9729533195495605,0.02704668790102005
9,16,0,0,0.9850606322288513,0.014939378947019577
9,17,0,1,0.26333916187286377,0.736660897731781
9,18,0,0,0.9841398000717163,0.01586015708744526
9,19,0,1,0.45727336406707764,0.5427266359329224
10,0,0,0,0.778619647026062,0.2213803380727768
10,1,0,0,0.9308457970619202,0.06915419548749924
10,2,0,0,0.9519391655921936,0.04806079342961311
10,3,1,0,0.6624405384063721,0.33755946159362793
10,4,0,0,0.9722273349761963,0.0277726911008358
10,5,0,0,0.6314171552658081,0.3685828447341919
10,6,0,0,0.9679255485534668,0.0320744551718235
10,7,1,0,0.621967077255249,0.378032922744751
10,8,0,0,0.6961654424667358,0.3038344979286194
10,9,0,0,0.9308457970619202,0.06915419548749924
10,10,0,0,0.9677246809005737,0.03227536380290985
10,11,0,0,0.9512655735015869,0.0487343892455101
10,12,1,0,0.5856769680976868,0.4143230617046356
10,13,0,0,0.7466624975204468,0.2533375322818756
10,14,0,0,0.9359267950057983,0.06407321989536285
10,15,0,0,0.9624322652816772,0.037567753344774246
10,16,0,0,0.9722273349761963,0.027772696688771248
10,17,0,0,0.6961654424667358,0.3038344979286194
10,18,0,0,0.7695701122283936,0.23042991757392883
10,19,0,0,0.621967077255249,0.37803295254707336
11,0,0,0,0.7172110676765442,0.2827889621257782
11,1,0,0,0.9410114288330078,0.0589885413646698
11,2,0,0,0.96746426820755,0.03253567963838577
11,3,1,0,0.5272192358970642,0.4727807939052582
11,4,0,0,0.9565230011940002,0.043477028608322144
11,5,0,1,0.4951489269733429,0.5048511028289795
11,6,0,0,0.9548986554145813,0.045101311057806015
11,7,1,1,0.4951489269733429,0.5048511028289795
11,8,0,0,0.6131327748298645,0.3868671953678131
11,9,0,0,0.9410114288330078,0.058988526463508606
11,10,0,0,0.9487572312355042,0.05124279484152794
11,11,0,0,0.8952788710594177,0.10472118854522705
11,12,1,1,0.46006259322166443,0.539937436580658
11,13,0,0,0.6134470701217651,0.3865529000759125
11,14,0,0,0.9359695911407471,0.06403041630983353
11,15,0,0,0.9544525146484375,0.04554741084575653
11,16,0,0,0.9565230011940002,0.043477028608322144
11,17,0,0,0.6131327748298645,0.3868671953678131
11,18,0,0,0.6107302904129028,0.3892696797847748
11,19,0,1,0.4951489567756653,0.5048511028289795
12,0,0,0,0.6130619049072266,0.3869381248950958
12,1,0,0,0.9765586853027344,0.023441314697265625
12,2,0,0,0.9148802161216736,0.0851198211312294
12,3,1,1,0.4914804697036743,0.5085195899009705
12,4,0,0,0.9777607321739197,0.022239243611693382
12,5,0,1,0.4982210695743561,0.5017789602279663
12,6,0,0,0.9651201367378235,0.034879859536886215
12,7,1,1,0.4833490550518036,0.516650915145874
12,8,0,0,0.7658022046089172,0.23419782519340515
12,9,0,0,0.9765586853027344,0.023441309109330177
12,10,0,0,0.9793797731399536,0.02062021940946579
12,11,0,0,0.9263809323310852,0.07361909747123718
12,12,1,1,0.4393761157989502,0.560623824596405
12,13,0,0,0.6107476353645325,0.3892524242401123
12,14,0,0,0.9751180410385132,0.024881981313228607
12,15,0,0,0.9784829616546631,0.021517019718885422
12,16,0,0,0.9834946990013123,0.016505302861332893
12,17,0,0,0.6840999126434326,0.31590014696121216
12,18,0,0,0.633348286151886,0.3666517734527588
12,19,0,1,0.4982210695743561,0.5017789602279663
13,0,0,0,0.6348000764846802,0.3651999533176422
13,1,0,0,0.9029760956764221,0.09702393412590027
13,2,0,0,0.7744776010513306,0.22552236914634705
13,3,1,1,0.4891462028026581,0.5108538269996643
13,4,0,0,0.9483269453048706,0.05167311802506447
13,5,0,1,0.465038001537323,0.534961998462677
13,6,0,0,0.6603337526321411,0.3396662771701813
13,7,1,1,0.4650379717350006,0.5349619388580322
13,8,0,0,0.6219751834869385,0.3780248165130615
13,9,0,0,0.9029760956764221,0.09702391177415848
13,10,0,0,0.950416624546051,0.04958338290452957
13,11,0,0,0.8967255353927612,0.10327444970607758
13,12,1,1,0.4325878620147705,0.5674121975898743
13,13,0,0,0.7208867073059082,0.2791132926940918
13,14,0,0,0.9013127684593201,0.09868721663951874
13,15,0,0,0.9273170232772827,0.0726829543709755
13,16,0,0,0.968213677406311,0.03178635239601135
13,17,0,0,0.6581400036811829,0.34185996651649475
13,18,0,0,0.6641685962677002,0.3358314037322998
13,19,0,1,0.4650379717350006,0.5349619388580322
14,0,0,0,0.7838955521583557,0.21610447764396667
14,1,0,0,0.8026750087738037,0.19732500612735748
14,2,0,0,0.9877378940582275,0.012262159027159214
14,3,1,1,0.4588930606842041,0.5411069393157959
14,4,0,0,0.9260895252227783,0.07391048222780228
14,5,0,1,0.4415184557437897,0.5584815740585327
14,6,0,0,0.9298863410949707,0.0701136589050293
14,7,1,1,0.4415184557437897,0.5584815740585327
14,8,0,0,0.7746171355247498,0.22538284957408905
14,9,0,0,0.7629131078720093,0.23708684742450714
14,10,0,0,0.9461650848388672,0.05383492261171341
14,11,0,0,0.9169269800186157,0.08307300508022308
14,12,1,1,0.40191811323165894,0.5980818867683411
14,13,0,0,0.6683905124664307,0.33160945773124695
14,14,0,0,0.9036322832107544,0.0963677167892456
14,15,0,0,0.9452588558197021,0.05474115163087845
14,16,0,0,0.96064692735672,0.03935308754444122
14,17,0,0,0.7904624938964844,0.20953743159770966
14,18,0,0,0.8692187666893005,0.13078118860721588
14,19,0,1,0.4415184259414673,0.5584815740585327
15,0,0,0,0.7015324831008911,0.2984675467014313
15,1,0,0,0.8709409236907959,0.12905901670455933
15,2,0,0,0.6468722224235535,0.35312771797180176
15,3,1,1,0.4624302089214325,0.5375698208808899
15,4,0,0,0.9345221519470215,0.06547783315181732
15,5,0,1,0.43817564845085144,0.5618243217468262
15,6,0,0,0.8387517333030701,0.16124825179576874
15,7,1,1,0.43817558884620667,0.561824381351471
15,8,0,0,0.8018887042999268,0.19811129570007324
15,9,0,0,0.8696761131286621,0.1303238719701767
15,10,0,0,0.9486128687858582,0.051387108862400055
15,11,0,0,0.9293192625045776,0.07068074494600296
15,12,1,1,0.40505266189575195,0.5949472784996033
15,13,0,0,0.6356973052024841,0.36430269479751587
15,14,0,0,0.884326696395874,0.11567336320877075
15,15,0,0,0.941648006439209,0.0583520233631134
15,16,0,0,0.9609191417694092,0.0390808992087841
15,17,0,0,0.896194577217102,0.10380539298057556
15,18,0,0,0.760965883731842,0.23903405666351318
15,19,0,1,0.43817564845085144,0.561824381351471
16,0,0,0,0.8682466149330139,0.13175341486930847
16,1,0,0,0.867333710193634,0.13266627490520477
16,2,0,1,0.47277018427848816,0.5272297859191895
16,3,1,1,0.2423737794160843,0.7576262354850769
16,4,0,0,0.8493878841400146,0.15061217546463013
16,5,0,1,0.24045439064502716,0.7595455646514893
16,6,0,0,0.8198931217193604,0.18010683357715607
16,7,1,1,0.20965927839279175,0.790340781211853
16,8,0,1,0.37793979048728943,0.6220601797103882
16,9,0,0,0.8356402516365051,0.16435980796813965
16,10,0,0,0.8821610808372498,0.11783894151449203
16,11,0,1,0.2956656515598297,0.7043343186378479
16,12,1,1,0.23001158237457275,0.7699884176254272
16,13,0,0,0.599818766117096,0.40018126368522644
16,14,0,0,0.8652272820472717,0.13477271795272827
16,15,0,0,0.8750156760215759,0.12498435378074646
16,16,0,0,0.901229202747345,0.09877083450555801
16,17,0,0,0.870962381362915,0.12903764843940735
16,18,0,0,0.875660240650177,0.12433969974517822
16,19,0,1,0.20965926349163055,0.7903406620025635
17,0,0,0,0.6278803944587708,0.37211963534355164
17,1,0,0,0.9720112681388855,0.027988744899630547
17,2,0,0,0.6573672294616699,0.34263280034065247
17,3,1,1,0.1394379436969757,0.8605620265007019
17,4,0,0,0.941100537776947,0.0588994063436985
17,5,0,1,0.18139901757240295,0.8186010122299194
17,6,0,0,0.6300525665283203,0.3699474334716797
17,7,1,1,0.19213879108428955,0.8078612089157104
17,8,0,0,0.6063521504402161,0.3936478793621063
17,9,0,0,0.9720112681388855,0.027988750487565994
17,10,0,0,0.9661499857902527,0.033850040286779404
17,11,0,0,0.9306642413139343,0.06933573633432388
17,12,1,1,0.18139898777008057,0.8186010122299194
17,13,0,0,0.5970544815063477,0.40294554829597473
17,14,0,0,0.9722028970718384,0.027797143906354904
17,15,0,0,0.9556654691696167,0.04433456063270569
17,16,0,0,0.972296416759491,0.027703534811735153
17,17,0,0,0.6241930723190308,0.37580689787864685
17,18,0,0,0.8057753443717957,0.19422464072704315
17,19,0,1,0.22641389071941376,0.773586094379425
18,0,0,0,0.637996256351471,0.36200371384620667
18,1,0,0,0.8887768983840942,0.11122304946184158
18,2,0,0,0.8797245025634766,0.12027550488710403
18,3,1,0,0.5014497637748718,0.4985502362251282
18,4,0,0,0.8618959784507751,0.13810399174690247
18,5,0,1,0.39915212988853455,0.6008478999137878
18,6,0,0,0.7368167042732239,0.2631832957267761
18,7,1,1,0.4372691512107849,0.5627307891845703
18,8,0,0,0.803766131401062,0.1962338387966156
18,9,0,0,0.8887768983840942,0.11122304946184158
18,10,0,0,0.9076559543609619,0.09234409779310226
18,11,0,0,0.7855194807052612,0.21448048949241638
18,12,1,1,0.39915212988853455,0.6008478999137878
18,13,0,0,0.68616783618927,0.31383222341537476
18,14,0,0,0.8636645674705505,0.13633549213409424
18,15,0,0,0.8325520753860474,0.16744793951511383
18,16,0,0,0.8165735006332397,0.18342654407024384
18,17,0,0,0.8143255710601807,0.18567439913749695
18,18,0,0,0.8096270561218262,0.1903730034828186
18,19,0,1,0.4372691512107849,0.5627307891845703
19,0,0,0,0.8274638056755066,0.17253614962100983
19,1,0,0,0.7378806471824646,0.2621193528175354
19,2,0,0,0.9478229880332947,0.05217704176902771
19,3,1,1,0.21259459853172302,0.7874054312705994
19,4,0,0,0.8396885395050049,0.16031140089035034
19,5,0,1,0.3117921054363251,0.6882078647613525
19,6,0,0,0.8815017938613892,0.11849821358919144
19,7,1,1,0.3027724027633667,0.6972275972366333
19,8,0,0,0.7988544702529907,0.2011454552412033
19,9,0,0,0.8256857395172119,0.1743142455816269
19,10,0,0,0.8808560371398926,0.11914398521184921
19,11,0,0,0.8159536123275757,0.18404632806777954
19,12,1,1,0.34067502617836,0.6593249440193176
19,13,0,0,0.6250261068344116,0.37497392296791077
19,14,0,0,0.8157182931900024,0.18428170680999756
19,15,0,0,0.8817756772041321,0.11822435259819031
19,16,0,0,0.879673957824707,0.12032601982355118
19,17,0,0,0.8304579854011536,0.16954201459884644
19,18,0,0,0.8130702376365662,0.18692974746227264
19,19,0,1,0.274166077375412,0.7258339524269104
20,0,0,0,0.8999992609024048,0.10000070184469223
20,1,0,0,0.7350515127182007,0.2649485170841217
20,2,0,0,0.9749505519866943,0.02504945918917656
20,3,1,1,0.2530778646469116,0.7469221353530884
20,4,0,0,0.9425041079521179,0.0574958473443985
20,5,0,1,0.2716630697250366,0.7283369302749634
20,6,0,0,0.9424499869346619,0.057550035417079926
20,7,1,1,0.1981133371591568,0.8018866777420044
20,8,0,0,0.9086213111877441,0.09137874096632004
20,9,0,0,0.9161868095397949,0.08381325006484985
20,10,0,0,0.949124276638031,0.050875745713710785
20,11,0,0,0.9425041079521179,0.05749586224555969
20,12,1,1,0.2192915827035904,0.7807084321975708
20,13,0,0,0.653407871723175,0.3465922176837921
20,14,0,0,0.9259788393974304,0.07402120530605316
20,15,0,0,0.9518908858299255,0.04810907319188118
20,16,0,0,0.9610488414764404,0.038951124995946884
20,17,0,0,0.8996682167053223,0.10033179074525833
20,18,0,0,0.9040184020996094,0.09598159790039062
20,19,0,1,0.21482393145561218,0.7851760983467102
21,0,0,0,0.8052391409873962,0.19476085901260376
21,1,0,0,0.5495447516441345,0.4504552483558655
21,2,0,0,0.979750394821167,0.020249610766768456
21,3,1,1,0.4949760437011719,0.5050239562988281
21,4,0,0,0.8510324358940125,0.14896760880947113
21,5,0,1,0.4125116765499115,0.5874883532524109
21,6,0,0,0.9242424964904785,0.07575754821300507
21,7,1,1,0.4429951310157776,0.5570049285888672
21,8,0,0,0.8331522941589355,0.16684773564338684
21,9,0,1,0.3898261785507202,0.6101738810539246
21,10,0,0,0.8600202202796936,0.1399797946214676
21,11,0,0,0.8051549792289734,0.19484496116638184
21,12,1,1,0.41675764322280884,0.5832423567771912
21,13,0,0,0.7042363882064819,0.29576364159584045
21,14,0,0,0.7401517629623413,0.25984814763069153
21,15,0,0,0.8760701417922974,0.12392991781234741
21,16,0,0,0.8930543065071106,0.10694567859172821
21,17,0,0,0.8232275247573853,0.17677247524261475
21,18,0,0,0.8211240172386169,0.17887598276138306
21,19,0,1,0.4676041901111603,0.5323957800865173
22,0,0,0,0.8645383715629578,0.13546165823936462
22,1,0,0,0.9191927313804626,0.08080723136663437
22,2,0,0,0.9725881814956665,0.027411796152591705
22,3,1,1,0.2947261333465576,0.7052738666534424
22,4,0,0,0.9688679575920105,0.03113209456205368
22,5,0,1,0.25016266107559204,0.749837338924408
22,6,0,0,0.9632381796836853,0.03676183521747589
22,7,1,1,0.34373903274536133,0.6562609076499939
22,8,0,1,0.04248330369591713,0.9575166702270508
22,9,0,0,0.9242217540740967,0.07577831298112869
22,10,0,0,0.9644303917884827,0.03556959703564644
22,11,0,0,0.968867838382721,0.031132105737924576
22,12,1,1,0.20512036979198456,0.7948796153068542
22,13,0,0,0.5830461382865906,0.4169539213180542
22,14,0,0,0.9218951463699341,0.07810487598180771
22,15,0,0,0.9610830545425415,0.0389169380068779
22,16,0,0,0.6061259508132935,0.39387404918670654
22,17,0,0,0.8559442758560181,0.1440558135509491
22,18,0,0,0.8692545294761658,0.13074547052383423
22,19,0,1,0.4864307641983032,0.5135692358016968
23,0,0,0,0.8746916055679321,0.12530839443206787
23,1,0,0,0.8325316309928894,0.16746830940246582
23,2,0,0,0.9342111349105835,0.06578881293535233
23,3,1,1,0.21789145469665527,0.7821086049079895
23,4,0,0,0.8758205771446228,0.12417934089899063
23,5,0,1,0.24310806393623352,0.7568919658660889
23,6,0,0,0.8726127743721008,0.12738728523254395
23,7,1,1,0.19652444124221802,0.803475558757782
23,8,0,0,0.879572868347168,0.12042716145515442
23,9,0,0,0.8530836701393127,0.14691631495952606
23,10,0,0,0.8646803498268127,0.13531963527202606
23,11,0,0,0.8758205771446228,0.12417936325073242
23,12,1,1,0.21707142889499664,0.7829285264015198
23,13,0,0,0.532825767993927,0.467174232006073
23,14,0,0,0.8629969358444214,0.1370030790567398
23,15,0,0,0.8701120018959045,0.12988802790641785
23,16,0,0,0.8393438458442688,0.1606561690568924
23,17,0,0,0.8746916651725769,0.12530836462974548
23,18,0,0,0.8397820591926575,0.16021797060966492
23,19,0,1,0.2192584127187729,0.7807416319847107
24,0,0,0,0.7948904633522034,0.20510946214199066
24,1,0,0,0.5204768180847168,0.479523241519928
24,2,0,0,0.9141998291015625,0.08580020070075989
24,3,1,1,0.4944908320903778,0.5055091381072998
24,4,0,0,0.8047579526901245,0.1952420473098755
24,5,0,1,0.4269183278083801,0.5730816125869751
24,6,0,0,0.7730541229248047,0.2269459068775177
24,7,1,1,0.4476449191570282,0.5523550510406494
24,8,0,0,0.7685316205024719,0.2314683496952057
24,9,0,0,0.5194513201713562,0.4805487394332886
24,10,0,0,0.7700928449630737,0.22990716993808746
24,11,0,0,0.7701234817504883,0.22987651824951172
24,12,1,1,0.42267003655433655,0.5773299932479858
24,13,0,0,0.9083682298660278,0.09163182228803635
24,14,0,0,0.716714084148407,0.283285915851593
24,15,0,0,0.7700929045677185,0.22990715503692627
24,16,0,0,0.7689401507377625,0.23105983436107635
24,17,0,0,0.7487511038780212,0.25124895572662354
24,18,0,0,0.7498987317085266,0.2501012682914734
24,19,0,1,0.47141215205192566,0.5285878777503967
25,0,0,0,0.6396971344947815,0.3603029251098633
25,1,0,0,0.9511226415634155,0.04887734726071358
25,2,0,0,0.826320230960846,0.17367970943450928
25,3,1,1,0.2787730097770691,0.7212269306182861
25,4,0,0,0.8655406832695007,0.13445931673049927
25,5,0,1,0.3499189615249634,0.6500810384750366
25,6,0,1,0.17023956775665283,0.8297604322433472
25,7,1,1,0.22669903934001923,0.7733009457588196
25,8,0,0,0.6326385140419006,0.36736151576042175
25,9,0,0,0.948815643787384,0.05118434876203537
25,10,0,0,0.9526132941246033,0.04738665744662285
25,11,0,0,0.8655406832695007,0.13445933163166046
25,12,1,1,0.2512210011482239,0.7487789392471313
25,13,0,0,0.8225565552711487,0.17744341492652893
25,14,0,0,0.9504535794258118,0.0495465025305748
25,15,0,0,0.6949065923690796,0.305093377828598
25,16,0,0,0.8926576972007751,0.10734226554632187
25,17,0,0,0.6396971344947815,0.3603029251098633
25,18,0,0,0.7947479486465454,0.20525206625461578
25,19,0,1,0.26589512825012207,0.7341049313545227
26,0,0,0,0.7832248210906982,0.21677520871162415
26,1,0,0,0.7325682044029236,0.26743170619010925
26,2,0,0,0.7693650722503662,0.2306349277496338
26,3,1,1,0.39984843134880066,0.6001515984535217
26,4,0,0,0.8077481389045715,0.19225189089775085
26,5,0,1,0.3569346070289612,0.6430653929710388
26,6,0,0,0.801275372505188,0.1987246423959732
26,7,1,1,0.36053502559661865,0.6394649744033813
26,8,0,0,0.7081717848777771,0.2918281853199005
26,9,0,0,0.6583879590034485,0.3416120707988739
26,10,0,0,0.8237158060073853,0.17628417909145355
26,11,0,0,0.807748019695282,0.19225195050239563
26,12,1,1,0.3363882601261139,0.6636117696762085
26,13,0,0,0.7693650722503662,0.2306349277496338
26,14,0,0,0.7309181094169617,0.2690819799900055
26,15,0,0,0.6847177147865295,0.31528231501579285
26,16,0,0,0.7342639565467834,0.26573607325553894
26,17,0,0,0.7252712845802307,0.2747286856174469
26,18,0,0,0.7329356074333191,0.26706433296203613
26,19,0,1,0.402265340089798,0.5977346301078796
27,0,0,0,0.5521945953369141,0.44780537486076355
27,1,0,0,0.9485560059547424,0.05144398286938667
27,2,0,0,0.7423622012138367,0.25763776898384094
27,3,1,1,0.1183491200208664,0.8816508650779724
27,4,0,0,0.8624705076217651,0.13752950727939606
27,5,0,1,0.41362759470939636,0.586372435092926
27,6,0,0,0.7678067088127136,0.2321932166814804
27,7,1,1,0.46026596426963806,0.5397339463233948
27,8,0,0,0.8624705076217651,0.13752952218055725
27,9,0,0,0.9440379738807678,0.05596202239394188
27,10,0,0,0.9274550080299377,0.07254502922296524
27,11,0,0,0.8624705076217651,0.13752950727939606
27,12,1,1,0.3223857879638672,0.6776142120361328
27,13,0,0,0.7423622012138367,0.25763776898384094
27,14,0,0,0.9440707564353943,0.05592924728989601
27,15,0,0,0.7480570673942566,0.2519429326057434
27,16,0,0,0.7389841675758362,0.2610158920288086
27,17,0,0,0.7459436655044556,0.25405633449554443
27,18,0,0,0.8737815022468567,0.1262184977531433
27,19,0,1,0.4805201292037964,0.5194798111915588
28,0,0,0,0.8409791588783264,0.15902085602283478
28,1,0,0,0.7001437544822693,0.2998562157154083
28,2,0,0,0.7393760681152344,0.260623961687088
28,3,1,0,0.5039977431297302,0.49600228667259216
28,4,0,0,0.8319135904312134,0.1680864542722702
28,5,0,1,0.4334843158721924,0.5665157437324524
28,6,0,0,0.8441438674926758,0.15585610270500183
28,7,1,1,0.4581618905067444,0.5418381094932556
28,8,0,0,0.7704712748527527,0.22952866554260254
28,9,0,0,0.6823872327804565,0.31761273741722107
28,10,0,0,0.872295618057251,0.12770438194274902
28,11,0,0,0.7704712748527527,0.22952866554260254
28,12,1,1,0.4296010136604309,0.5703989863395691
28,13,0,0,0.7393760681152344,0.260623961687088
28,14,0,0,0.7874573469161987,0.21254274249076843
28,15,0,0,0.8377649188041687,0.1622351109981537
28,16,0,0,0.8657598495483398,0.13424012064933777
28,17,0,0,0.7852999567985535,0.21470005810260773
28,18,0,0,0.781702995300293,0.21829695999622345
28,19,0,1,0.4830021560192108,0.5169978141784668
29,0,0,0,0.7373612523078918,0.26263874769210815
29,1,0,0,0.631600022315979,0.368399977684021
29,2,0,0,0.7235451936721802,0.27645477652549744
29,3,1,1,0.13444967567920685,0.8655502796173096
29,4,0,0,0.8463475704193115,0.1536523997783661
29,5,0,1,0.3458375632762909,0.6541624665260315
29,6,0,0,0.6456421613693237,0.35435783863067627
29,7,1,1,0.3936865031719208,0.6063135266304016
29,8,0,0,0.7411028146743774,0.2588971257209778
29,9,0,0,0.5903775691986084,0.409622460603714
29,10,0,0,0.849638044834137,0.15036194026470184
29,11,0,0,0.8463475704193115,0.15365241467952728
29,12,1,1,0.29898780584335327,0.701012134552002
29,13,0,0,0.7235451936721802,0.27645477652549744
29,14,0,0,0.8060667514801025,0.19393318891525269
29,15,0,0,0.7249737977981567,0.2750261723995209
29,16,0,0,0.7495132088661194,0.2504867613315582
29,17,0,0,0.67183518409729,0.32816481590270996
29,18,0,0,0.7082197666168213,0.2917802631855011
29,19,0,1,0.33695322275161743,0.6630467772483826
30,0,0,0,0.8628973960876465,0.13710258901119232
30,1,0,0,0.9733438491821289,0.026656130328774452
30,2,0,0,0.7213051915168762,0.2786948084831238
30,3,1,1,0.1801963895559311,0.8198036551475525
30,4,0,0,0.9359768033027649,0.06402315199375153
30,5,0,0,0.9630656242370605,0.03693432733416557
30,6,0,0,0.8614001274108887,0.13859988749027252
30,7,1,1,0.21639499068260193,0.7836050391197205
30,8,0,0,0.9359768033027649,0.06402318924665451
30,9,0,0,0.9714362025260925,0.0285638477653265
30,10,0,0,0.9733865261077881,0.026613468304276466
30,11,0,0,0.9359768033027649,0.06402315199375153
30,12,1,1,0.21973249316215515,0.7802675366401672
30,13,0,0,0.7213051915168762,0.2786948084831238
30,14,0,0,0.9755698442459106,0.024430187419056892
30,15,0,0,0.9609817862510681,0.03901824727654457
30,16,0,0,0.958246648311615,0.04175332561135292
30,17,0,0,0.8628973960876465,0.13710257411003113
30,18,0,0,0.8907393217086792,0.10926064848899841
30,19,0,1,0.23130492866039276,0.768695056438446
31,0,0,0,0.8342427611351013,0.16575723886489868
31,1,0,0,0.7245453596115112,0.275454580783844
31,2,0,0,0.7099820375442505,0.2900179922580719
31,3,1,1,0.21223141252994537,0.787768542766571
31,4,0,0,0.9287273287773132,0.07127270847558975
31,5,0,1,0.27512386441230774,0.7248761057853699
31,6,0,0,0.8465802669525146,0.15341971814632416
31,7,1,1,0.17726626992225647,0.8227337598800659
31,8,0,0,0.928502082824707,0.07149788737297058
31,9,0,0,0.6734775900840759,0.3265223801136017
31,10,0,0,0.8976057767868042,0.1023942306637764
31,11,0,1,0.4507136940956116,0.5492863059043884
31,12,1,1,0.16915154457092285,0.8308484554290771
31,13,0,0,0.7099820375442505,0.2900179922580719
31,14,0,0,0.840047299861908,0.159952774643898
31,15,0,0,0.5584917664527893,0.4415082335472107
31,16,0,0,0.9514778256416321,0.048522159457206726
31,17,0,0,0.5557230114936829,0.44427692890167236
31,18,0,0,0.9326555132865906,0.06734440475702286
31,19,0,1,0.22108319401741028,0.7789167761802673
32,0,0,0,0.8631355166435242,0.13686445355415344
32,1,0,0,0.5744144320487976,0.4255855977535248
32,2,0,0,0.6873217225074768,0.3126782178878784
32,3,1,1,0.052584826946258545,0.9474151730537415
32,4,0,0,0.9297837018966675,0.07021632790565491
32,5,0,0,0.9603701829910278,0.03962982818484306
32,6,0,0,0.8108351826667786,0.18916484713554382
32,7,1,1,0.05821682885289192,0.9417831897735596
32,8,0,0,0.9297837018966675,0.07021629065275192
32,9,0,0,0.5851008296012878,0.41489920020103455
32,10,0,0,0.9340742826461792,0.0659257173538208
32,11,0,0,0.9297837018966675,0.07021632790565491
32,12,1,1,0.04561024159193039,0.954389750957489
32,13,0,0,0.6873217225074768,0.3126782178878784
32,14,0,0,0.9009560346603394,0.09904393553733826
32,15,0,0,0.9321508407592773,0.06784920394420624
32,16,0,0,0.9517177939414978,0.04828227683901787
32,17,0,0,0.9271826148033142,0.07281740009784698
32,18,0,0,0.923373281955719,0.07662677019834518
32,19,0,1,0.07853183895349503,0.921468198299408
33,0,0,0,0.7088135480880737,0.2911863923072815
33,1,0,0,0.8793887495994568,0.1206112802028656
33,2,0,0,0.7704693078994751,0.22953064739704132
33,3,1,1,0.09384295344352722,0.9061570763587952
33,4,0,0,0.8797190189361572,0.12028103321790695
33,5,0,0,0.9588330388069153,0.04116688668727875
33,6,0,0,0.6166419982910156,0.3833579421043396
33,7,1,1,0.38578304648399353,0.6142169833183289
33,8,0,0,0.8797190189361572,0.12028101831674576
33,9,0,0,0.7490471005439758,0.2509528398513794
33,10,0,0,0.931347131729126,0.06865294277667999
33,11,0,0,0.8797190189361572,0.12028103321790695
33,12,1,1,0.2602769732475281,0.7397229671478271
33,13,0,0,0.7704693078994751,0.22953064739704132
33,14,0,0,0.9016591906547546,0.09834081679582596
33,15,0,0,0.8855199217796326,0.11448004096746445
33,16,0,0,0.9191181063652039,0.08088189363479614
33,17,0,0,0.7775689363479614,0.22243109345436096
33,18,0,0,0.7712875008583069,0.22871246933937073
33,19,0,1,0.20004737377166748,0.7999526262283325
34,0,0,0,0.7815027236938477,0.21849732100963593
34,1,0,0,0.9733232855796814,0.0266767255961895
34,2,0,0,0.7266817688941956,0.27331817150115967
34,3,1,1,0.052451614290475845,0.9475483894348145
34,4,0,0,0.7749471068382263,0.2250528633594513
34,5,0,0,0.7233391404151917,0.27666088938713074
34,6,0,0,0.7766504883766174,0.22334957122802734
34,7,1,1,0.03954903036355972,0.9604510068893433
34,8,0,0,0.7749471068382263,0.22505290806293488
34,9,0,0,0.9721498489379883,0.027850167825818062
34,10,0,0,0.9711531400680542,0.028846878558397293
34,11,0,0,0.7749471068382263,0.22505290806293488
34,12,1,1,0.03889793902635574,0.9611020088195801
34,13,0,0,0.7266817688941956,0.27331817150115967
34,14,0,0,0.9711201786994934,0.028879784047603607
34,15,0,0,0.8931728601455688,0.10682714730501175
34,16,0,0,0.8205429911613464,0.17945703864097595
34,17,0,0,0.7759290933609009,0.2240709811449051
34,18,0,0,0.9056962728500366,0.09430364519357681
34,19,0,1,0.07124556601047516,0.9287545084953308
35,0,0,0,0.9207926392555237,0.07920733094215393
35,1,0,0,0.8525404334068298,0.14745956659317017
35,2,0,0,0.6832917332649231,0.3167082667350769
35,3,1,1,0.2566268742084503,0.7433731555938721
35,4,0,0,0.9264475107192993,0.07355248928070068
35,5,0,0,0.9578045010566711,0.04219553992152214
35,6,0,0,0.9128432869911194,0.08715666830539703
35,7,1,1,0.4750708341598511,0.5249292254447937
35,8,0,0,0.9200480580329895,0.07995191216468811
35,9,0,0,0.8775172829627991,0.12248274683952332
35,10,0,0,0.9474419355392456,0.0525580495595932
35,11,0,0,0.9211288690567017,0.07887115329504013
35,12,1,1,0.027643291279673576,0.9723567366600037
35,13,0,0,0.6832917332649231,0.3167082667350769
35,14,0,0,0.9081258177757263,0.09187418222427368
35,15,0,0,0.9183793067932129,0.08162067085504532
35,16,0,0,0.9430596232414246,0.05694032087922096
35,17,0,0,0.9211288690567017,0.07887113094329834
35,18,0,0,0.9172702431678772,0.08272971957921982
35,19,0,1,0.40837860107421875,0.5916213989257812
36,0,0,0,0.8448901176452637,0.15510989725589752
36,1,0,0,0.8776977062225342,0.12230236083269119
36,2,0,0,0.7241964936256409,0.27580347657203674
36,3,1,1,0.3421885669231415,0.6578114628791809
36,4,0,0,0.8730480670928955,0.12695196270942688
36,5,0,0,0.9006898999214172,0.09931009262800217
36,6,0,0,0.8151395320892334,0.1848604679107666
36,7,1,1,0.30522167682647705,0.694778323173523
36,8,0,0,0.8730480670928955,0.12695199251174927
36,9,0,0,0.8718893527984619,0.12811067700386047
36,10,0,0,0.9153845906257629,0.08461544662714005
36,11,0,0,0.792570948600769,0.20742906630039215
36,12,1,1,0.34205737709999084,0.6579426527023315
36,13,0,0,0.7241964936256409,0.27580347657203674
36,14,0,0,0.901587188243866,0.09841275215148926
36,15,0,0,0.8751017451286316,0.12489824742078781
36,16,0,0,0.905951976776123,0.09404802322387695
36,17,0,0,0.792570948600769,0.20742909610271454
36,18,0,0,0.8519521355628967,0.14804786443710327
36,19,0,1,0.370943158864975,0.6290568113327026
37,0,0,0,0.7864102125167847,0.21358974277973175
37,1,0,0,0.8877559304237366,0.1122441291809082
37,2,0,0,0.6806183457374573,0.3193816542625427
37,3,1,1,0.15346035361289978,0.8465396761894226
37,4,0,0,0.8450031280517578,0.1549968719482422
37,5,0,0,0.9836227297782898,0.016377264633774757
37,6,0,0,0.6892034411430359,0.3107965290546417
37,7,1,1,0.13495728373527527,0.8650426864624023
37,8,0,0,0.910403311252594,0.08959665894508362
37,9,0,0,0.8531747460365295,0.14682520925998688
37,10,0,0,0.9554294943809509,0.044570524245500565
37,11,0,0,0.8450031280517578,0.154996857047081
37,12,1,1,0.15175627171993256,0.8482437133789062
37,13,0,0,0.6806183457374573,0.3193816542625427
37,14,0,0,0.9349433183670044,0.06505662202835083
37,15,0,0,0.9057769775390625,0.09422305226325989
37,16,0,0,0.9509349465370178,0.04906502366065979
37,17,0,0,0.8450031280517578,0.1549968719482422
37,18,0,0,0.7440023422241211,0.25599759817123413
37,19,0,1,0.15717975795269012,0.8428202271461487
38,0,0,0,0.6793611645698547,0.32063886523246765
38,1,0,0,0.9902383089065552,0.009761633351445198
38,2,0,0,0.7270519137382507,0.27294808626174927
38,3,1,1,0.1950533390045166,0.8049466013908386
38,4,0,0,0.7823524475097656,0.21764762699604034
38,5,0,0,0.9731815457344055,0.026818444952368736
38,6,0,0,0.7183623313903809,0.28163763880729675
38,7,1,1,0.15150591731071472,0.8484941124916077
38,8,0,0,0.8883063197135925,0.11169365793466568
38,9,0,0,0.9893641471862793,0.010635794140398502
38,10,0,0,0.9872902035713196,0.012709741480648518
38,11,0,0,0.793014407157898,0.20698556303977966
38,12,1,1,0.16895852982997894,0.8310414552688599
38,13,0,0,0.7270519137382507,0.27294808626174927
38,14,0,0,0.9880474805831909,0.011952479369938374
38,15,0,0,0.943946897983551,0.056053124368190765
38,16,0,0,0.9544939398765564,0.045506034046411514
38,17,0,0,0.793014407157898,0.20698556303977966
38,18,0,0,0.9348465204238892,0.06515344977378845
38,19,0,1,0.20139363408088684,0.7986063957214355
39,0,0,0,0.9591495990753174,0.04085046425461769
39,1,0,0,0.9900357723236084,0.00996416062116623
39,2,0,0,0.6891244649887085,0.3108755648136139
39,3,1,1,0.08101791888475418,0.9189820885658264
39,4,0,0,0.964922308921814,0.03507767617702484
39,5,0,1,0.08244526386260986,0.9175546765327454
39,6,0,0,0.9572410583496094,0.04275897517800331
39,7,1,1,0.059456635266542435,0.9405432939529419
39,8,0,0,0.9564181566238403,0.04358185455203056
39,9,0,0,0.9889728426933289,0.011027171276509762
39,10,0,0,0.991255521774292,0.008744470775127411
39,11,0,0,0.9571484327316284,0.042851559817790985
39,12,1,1,0.06370648741722107,0.9362934827804565
39,13,0,0,0.6891244649887085,0.3108755648136139
39,14,0,0,0.9886689782142639,0.011331059969961643
39,15,0,1,0.27532386779785156,0.7246761918067932
39,16,0,0,0.9747875332832336,0.025212451815605164
39,17,0,0,0.9571484327316284,0.04285155236721039
39,18,0,1,0.40436026453971863,0.5956397652626038
39,19,0,1,0.08862379193305969,0.9113761782646179
40,0,0,0,0.92116779088974,0.07883220165967941
40,1,0,0,0.8298361897468567,0.17016379535198212
40,2,0,0,0.7562881112098694,0.24371187388896942
40,3,1,1,0.11682616919279099,0.8831738829612732
40,4,0,0,0.9181555509567261,0.08184441179037094
40,5,0,0,0.7708854079246521,0.2291145771741867
40,6,0,0,0.9248153567314148,0.07518469542264938
40,7,1,1,0.16498878598213196,0.8350112438201904
40,8,0,0,0.9123923182487488,0.08760767430067062
40,9,0,0,0.8546193242073059,0.1453806757926941
40,10,0,0,0.9204267859458923,0.07957319915294647
40,11,0,0,0.9151016473770142,0.08489830046892166
40,12,1,1,0.22148294746875763,0.7785170078277588
40,13,0,0,0.7562881112098694,0.24371187388896942
40,14,0,0,0.9207006096839905,0.07929936796426773
40,15,0,0,0.8442452549934387,0.15575475990772247
40,16,0,0,0.9419174194335938,0.05808262526988983
40,17,0,0,0.8680872917175293,0.13191266357898712
40,18,0,0,0.9195191860198975,0.08048078417778015
40,19,0,1,0.11682616919279099,0.8831738829612732
41,0,0,0,0.6697396039962769,0.33026039600372314
41,1,0,0,0.8037152886390686,0.1962847113609314
41,2,0,0,0.7557812929153442,0.24421867728233337
41,3,1,1,0.3734961450099945,0.6265038251876831
41,4,0,0,0.6970196962356567,0.30298033356666565
41,5,0,0,0.9782631993293762,0.021736744791269302
41,6,0,0,0.697019636631012,0.3029803931713104
41,7,1,1,0.3049621880054474,0.6950377225875854
41,8,0,0,0.8729934692382812,0.12700660526752472
41,9,0,0,0.6115686893463135,0.3884313404560089
41,10,0,0,0.9085020422935486,0.09149801731109619
41,11,0,0,0.6462958455085754,0.35370415449142456
41,12,1,1,0.08743199706077576,0.9125680327415466
41,13,0,0,0.7557812929153442,0.24421867728233337
41,14,0,0,0.6486661434173584,0.351333886384964
41,15,0,0,0.8590768575668335,0.1409231573343277
41,16,0,0,0.9261587858200073,0.07384118437767029
41,17,0,0,0.6462958455085754,0.35370415449142456
41,18,0,0,0.9001392126083374,0.099860779941082
41,19,0,1,0.3734961450099945,0.6265038251876831
42,0,0,0,0.8414978981018066,0.15850208699703217
42,1,0,0,0.845870852470398,0.15412911772727966
42,2,0,0,0.7624176144599915,0.23758240044116974
42,3,1,1,0.2879054844379425,0.7120946049690247
42,4,0,0,0.8458027243614197,0.15419724583625793
42,5,0,0,0.8894844651222229,0.11051548272371292
42,6,0,0,0.8458027243614197,0.15419724583625793
42,7,1,1,0.17472459375858307,0.8252754211425781
42,8,0,0,0.8789026141166687,0.12109733372926712
42,9,0,0,0.8539314866065979,0.1460684835910797
42,10,0,0,0.905855119228363,0.09414489567279816
42,11,0,0,0.8696920871734619,0.13030797243118286
42,12,1,1,0.1320618987083435,0.8679381012916565
42,13,0,0,0.7624176144599915,0.23758240044116974
42,14,0,0,0.8923760652542114,0.10762393474578857
42,15,0,0,0.8872882723808289,0.11271169036626816
42,16,0,0,0.915861964225769,0.08413800597190857
42,17,0,0,0.8696920871734619,0.13030797243118286
42,18,0,0,0.9166833758354187,0.0833166092634201
42,19,0,1,0.2879054844379425,0.7120945453643799
43,0,0,0,0.8433502912521362,0.15664975345134735
43,1,0,0,0.9675837755203247,0.032416243106126785
43,2,0,0,0.7073022723197937,0.2926977574825287
43,3,1,1,0.0857115238904953,0.9142885208129883
43,4,0,0,0.769112229347229,0.2308877557516098
43,5,0,0,0.8672410845756531,0.13275888562202454
43,6,0,0,0.780413806438446,0.21958616375923157
43,7,1,1,0.13303646445274353,0.8669636249542236
43,8,0,0,0.8072546124458313,0.1927453726530075
43,9,0,0,0.9661938548088074,0.03380616009235382
43,10,0,0,0.9640570282936096,0.035942982882261276
43,11,0,0,0.8434640169143677,0.1565360277891159
43,12,1,1,0.035639286041259766,0.9643606543540955
43,13,0,0,0.7073022723197937,0.2926977574825287
43,14,0,0,0.9550848603248596,0.0449150875210762
43,15,0,0,0.8463128209114075,0.15368714928627014
43,16,0,0,0.8949750065803528,0.10502499341964722
43,17,0,0,0.8463128209114075,0.15368714928627014
43,18,0,0,0.9647133350372314,0.03528662025928497
43,19,0,1,0.24619825184345245,0.7538017630577087
44,0,0,0,0.5345417857170105,0.4654582440853119
44,1,0,0,0.955099880695343,0.04490014165639877
44,2,0,0,0.688257098197937,0.31174296140670776
44,3,1,1,0.08713814616203308,0.9128618836402893
44,4,0,1,0.33660048246383667,0.6633995175361633
44,5,0,1,0.09777680039405823,0.9022232294082642
44,6,0,0,0.5304318070411682,0.4695681631565094
44,7,1,1,0.06403974443674088,0.9359602332115173
44,8,0,0,0.5041645765304565,0.49583539366722107
44,9,0,0,0.9536875486373901,0.046312496066093445
44,10,0,0,0.9661102890968323,0.033889684826135635
44,11,0,0,0.5306586623191833,0.46934133768081665
44,12,1,1,0.062004752457141876,0.9379952549934387
44,13,0,0,0.688257098197937,0.31174296140670776
44,14,0,0,0.9544895887374878,0.0455104261636734
44,15,0,0,0.518794059753418,0.4812059998512268
44,16,0,0,0.6188561916351318,0.38114380836486816
44,17,0,0,0.5187940001487732,0.4812059998512268
44,18,0,0,0.9654955863952637,0.034504376351833344
44,19,0,1,0.10521332174539566,0.8947866559028625
45,0,0,0,0.7773895263671875,0.22261053323745728
45,1,0,0,0.9390850067138672,0.0609150230884552
45,2,0,0,0.727584958076477,0.27241501212120056
45,3,1,1,0.12039002031087875,0.8796099424362183
45,4,0,0,0.7550343871116638,0.24496562778949738
45,5,0,0,0.7842063307762146,0.2157936543226242
45,6,0,0,0.6905379295349121,0.3094621002674103
45,7,1,1,0.12781476974487305,0.872185230255127
45,8,0,0,0.8730757832527161,0.12692418694496155
45,9,0,0,0.9431299567222595,0.05687008053064346
45,10,0,0,0.934429407119751,0.0655706524848938
45,11,0,0,0.8740181922912598,0.12598185241222382
45,12,1,1,0.15702283382415771,0.8429771661758423
45,13,0,0,0.727584958076477,0.27241501212120056
45,14,0,0,0.9431299567222595,0.05687009170651436
45,15,0,0,0.8113967180252075,0.18860329687595367
45,16,0,0,0.916475772857666,0.08352429419755936
45,17,0,0,0.8730757832527161,0.12692418694496155
45,18,0,0,0.8804092407226562,0.11959077417850494
45,19,0,1,0.2045127898454666,0.7954871654510498
46,0,0,1,0.4897988736629486,0.5102011561393738
46,1,0,0,0.8910442590713501,0.1089557409286499
46,2,0,0,0.706835150718689,0.2931648790836334
46,3,1,1,0.34253203868865967,0.6574679613113403
46,4,0,0,0.5776621699333191,0.4223378896713257
46,5,0,0,0.6426298022270203,0.35737019777297974
46,6,0,1,0.4257167875766754,0.574283242225647
46,7,1,1,0.3113282024860382,0.6886718273162842
46,8,0,0,0.848867654800415,0.15113231539726257
46,9,0,0,0.9209256768226624,0.07907427102327347
46,10,0,0,0.9134979844093323,0.08650202304124832
46,11,0,0,0.8448400497436523,0.15515996515750885
46,12,1,1,0.3329114019870758,0.6670886278152466
46,13,0,0,0.706835150718689,0.2931648790836334
46,14,0,0,0.9239036440849304,0.07609636336565018
46,15,0,0,0.846847653388977,0.15315230190753937
46,16,0,0,0.8857816457748413,0.11421836167573929
46,17,0,0,0.846847653388977,0.15315231680870056
46,18,0,0,0.7582977414131165,0.24170231819152832
46,19,0,1,0.376886248588562,0.623113751411438
47,0,0,0,0.7589887976646423,0.24101129174232483
47,1,0,0,0.9943224191665649,0.005677599459886551
47,2,0,0,0.6674181818962097,0.3325818181037903
47,3,1,1,0.08947653323411942,0.9105234742164612
47,4,0,0,0.7866793870925903,0.21332061290740967
47,5,0,0,0.9450300335884094,0.054970044642686844
47,6,0,0,0.7866793870925903,0.21332058310508728
47,7,1,1,0.07449891418218613,0.9255011081695557
47,8,0,0,0.9416744112968445,0.05832556635141373
47,9,0,0,0.9931766986846924,0.006823308765888214
47,10,0,0,0.9871342778205872,0.012865721248090267
47,11,0,0,0.8196320533752441,0.18036788702011108
47,12,1,1,0.12734676897525787,0.8726532459259033
47,13,0,0,0.6674181818962097,0.3325818181037903
47,14,0,0,0.9926388263702393,0.007361151743680239
47,15,0,0,0.8858762979507446,0.11412374675273895
47,16,0,0,0.9137841463088989,0.0862158015370369
47,17,0,0,0.8858761787414551,0.11412378400564194
47,18,0,0,0.985088050365448,0.014911987818777561
47,19,0,1,0.15740777552127838,0.8425922393798828
48,0,0,0,0.8599291443824768,0.1400708556175232
48,1,0,0,0.9449723362922668,0.05502770096063614
48,2,0,0,0.7242201566696167,0.2757798731327057
48,3,1,1,0.03708833083510399,0.9629116654396057
48,4,0,0,0.8510024547576904,0.1489974856376648
48,5,0,0,0.9293869137763977,0.07061314582824707
48,6,0,0,0.85100257396698,0.1489974856376648
48,7,1,1,0.03373035043478012,0.9662696123123169
48,8,0,0,0.9305675625801086,0.06943237781524658
48,9,0,0,0.9599275588989258,0.040072500705718994
48,10,0,0,0.9666385054588318,0.03336150571703911
48,11,0,0,0.8854180574417114,0.11458193510770798
48,12,1,1,0.04177829623222351,0.9582216739654541
48,13,0,0,0.7242201566696167,0.2757798731327057
48,14,0,0,0.9730854034423828,0.026914633810520172
48,15,0,0,0.8857619762420654,0.11423803865909576
48,16,0,0,0.910855233669281,0.08914471417665482
48,17,0,0,0.8857619166374207,0.11423806101083755
48,18,0,0,0.9654003381729126,0.034599658101797104
48,19,0,1,0.04576242342591286,0.9542375802993774
49,0,0,0,0.8823748230934143,0.1176251694560051
49,1,0,0,0.9708930253982544,0.029107004404067993
49,2,0,0,0.7467923760414124,0.25320765376091003
49,3,1,1,0.1572769731283188,0.84272301197052
49,4,0,0,0.7748971581459045,0.22510285675525665
49,5,0,0,0.9513782262802124,0.0486217737197876
49,6,0,0,0.7675334811210632,0.23246653378009796
49,7,1,1,0.11993815004825592,0.8800618648529053
49,8,0,0,0.9366031885147095,0.06339677423238754
49,9,0,0,0.974040150642395,0.025959882885217667
49,10,0,0,0.9725827574729919,0.02741723693907261
49,11,0,0,0.9065815210342407,0.09341844916343689
49,12,1,1,0.10666198283433914,0.8933379650115967
49,13,0,0,0.7467923760414124,0.25320765376091003
49,14,0,0,0.9786580801010132,0.021341921761631966
49,15,0,0,0.9065815210342407,0.09341844916343689
49,16,0,0,0.9558526873588562,0.04414733126759529
49,17,0,0,0.9246507287025452,0.07534927129745483
49,18,0,0,0.9704741835594177,0.029525835067033768
49,19,0,1,0.1703055053949356,0.8296945095062256
50,0,0,0,0.8705670237541199,0.12943294644355774
50,1,0,0,0.6663007736206055,0.3336992561817169
50,2,0,0,0.680182933807373,0.31981703639030457
50,3,1,1,0.04893958568572998,0.95106041431427
50,4,0,0,0.7335254549980164,0.26647454500198364
50,5,0,0,0.9426619410514832,0.05733802914619446
50,6,0,0,0.8778830766677856,0.12211700528860092
50,7,1,1,0.03615264222025871,0.9638473391532898
50,8,0,0,0.933650016784668,0.06634996831417084
50,9,0,0,0.8908354640007019,0.1091645359992981
50,10,0,0,0.9333000183105469,0.06670000404119492
50,11,0,0,0.9022566080093384,0.0977434515953064
50,12,1,1,0.041342075914144516,0.95865797996521
50,13,0,0,0.680182933807373,0.31981703639030457
50,14,0,0,0.937191367149353,0.0628085657954216
50,15,0,0,0.8276956677436829,0.17230427265167236
50,16,0,0,0.9401797652244568,0.05982021987438202
50,17,0,0,0.9130256175994873,0.08697440475225449
50,18,0,0,0.9316065311431885,0.06839346140623093
50,19,0,1,0.04824327677488327,0.9517567753791809
51,0,0,0,0.691869854927063,0.308130145072937
51,1,0,0,0.951603889465332,0.048396140336990356
51,2,0,0,0.6738941669464111,0.3261058032512665
51,3,1,1,0.050253357738256454,0.9497466683387756
51,4,0,0,0.624042272567749,0.3759576976299286
51,5,0,0,0.9499834775924683,0.050016503781080246
51,6,0,0,0.8496465682983398,0.15035347640514374
51,7,1,1,0.050253357738256454,0.9497466683387756
51,8,0,0,0.9163184762001038,0.08368145674467087
51,9,0,0,0.9585573673248291,0.0414426364004612
51,10,0,0,0.95017009973526,0.04982993006706238
51,11,0,0,0.8966130018234253,0.1033870279788971
51,12,1,1,0.042572662234306335,0.9574273824691772
51,13,0,0,0.6738941669464111,0.3261058032512665
51,14,0,0,0.9690248966217041,0.03097517229616642
51,15,0,0,0.8966130018234253,0.1033870279788971
51,16,0,0,0.9358594417572021,0.06414055824279785
51,17,0,0,0.8955422639846802,0.10445769131183624
51,18,0,0,0.9039092659950256,0.09609069675207138
51,19,0,1,0.05116377770900726,0.9488362073898315
52,0,0,0,0.8774295449256897,0.12257050722837448
52,1,0,0,0.8984054923057556,0.10159449279308319
52,2,0,0,0.7148820757865906,0.2851179540157318
52,3,1,1,0.044514503329992294,0.955485463142395
52,4,0,0,0.7220264077186584,0.27797356247901917
52,5,0,0,0.9446375370025635,0.05536242201924324
52,6,0,0,0.7344785332679749,0.26552143692970276
52,7,1,1,0.044514503329992294,0.955485463142395
52,8,0,0,0.89199298620224,0.1080070436000824
52,9,0,0,0.9364118576049805,0.06358810514211655
52,10,0,0,0.9160318970680237,0.08396805077791214
52,11,0,0,0.9102033376693726,0.08979666978120804
52,12,1,1,0.042001888155937195,0.9579980969429016
52,13,0,0,0.7148820757865906,0.2851179540157318
52,14,0,0,0.946516752243042,0.05348322167992592
52,15,0,0,0.9102033376693726,0.08979666978120804
52,16,0,0,0.9394683837890625,0.06053163856267929
52,17,0,0,0.9050398468971252,0.09496013075113297
52,18,0,0,0.86290442943573,0.1370956152677536
52,19,0,1,0.052513595670461655,0.947486400604248
53,0,0,0,0.9099602699279785,0.09003973007202148
53,1,0,0,0.9539068341255188,0.04609319940209389
53,2,0,0,0.7033102512359619,0.2966897189617157
53,3,1,1,0.07235655188560486,0.9276434183120728
53,4,0,0,0.8865655660629272,0.11343439668416977
53,5,0,0,0.9579430818557739,0.04205687344074249
53,6,0,0,0.8865655660629272,0.11343439668416977
53,7,1,1,0.07593296468257904,0.9240670800209045
53,8,0,0,0.9472858905792236,0.052714090794324875
53,9,0,0,0.9615631699562073,0.038436755537986755
53,10,0,0,0.9529370665550232,0.04706292226910591
53,11,0,0,0.9279178977012634,0.0720820352435112
53,12,1,1,0.033699244260787964,0.9663007855415344
53,13,0,0,0.7033102512359619,0.2966897189617157
53,14,0,0,0.9588242769241333,0.04117568954825401
53,15,0,0,0.9279178977012634,0.0720820352435112
53,16,0,0,0.9539773464202881,0.046022702008485794
53,17,0,0,0.9269164800643921,0.07308350503444672
53,18,0,0,0.9488095045089722,0.05119044706225395
53,19,0,1,0.05593196302652359,0.9440680146217346
54,0,0,0,0.6952701807022095,0.30472978949546814
54,1,0,0,0.9625312685966492,0.03746875375509262
54,2,0,0,0.6972244381904602,0.302775502204895
54,3,1,1,0.047165993601083755,0.9528340697288513
54,4,0,0,0.8027165532112122,0.19728340208530426
54,5,0,0,0.9750971794128418,0.024902798235416412
54,6,0,0,0.728682279586792,0.2713176906108856
54,7,1,1,0.04716598615050316,0.9528340697288513
54,8,0,0,0.9741409420967102,0.025859063491225243
54,9,0,0,0.9750121831893921,0.024987781420350075
54,10,0,0,0.9743237495422363,0.025676216930150986
54,11,0,0,0.924024760723114,0.07597528398036957
54,12,1,1,0.02503509819507599,0.9749649167060852
54,13,0,0,0.6972244381904602,0.3027755320072174
54,14,0,0,0.9810252785682678,0.018974753096699715
54,15,0,0,0.9465866088867188,0.05341338366270065
54,16,0,0,0.9785877466201782,0.02141217701137066
54,17,0,0,0.9464153051376343,0.053584642708301544
54,18,0,0,0.9739002585411072,0.02609974518418312
54,19,0,1,0.042607229202985764,0.957392692565918
55,0,0,0,0.7333377003669739,0.2666623294353485
55,1,0,0,0.8166975975036621,0.1833023726940155
55,2,0,0,0.6570877432823181,0.34291231632232666
55,3,1,1,0.0685441792011261,0.9314557909965515
55,4,0,0,0.7189100384712219,0.28108999133110046
55,5,0,0,0.9099787473678589,0.09002125263214111
55,6,0,0,0.7333376407623291,0.2666623294353485
55,7,1,1,0.0685441792011261,0.9314557909965515
55,8,0,0,0.9156363606452942,0.08436360210180283
55,9,0,0,0.8602340221405029,0.13976599276065826
55,10,0,0,0.9230799078941345,0.07692009210586548
55,11,0,0,0.9264166951179504,0.07358329743146896
55,12,1,1,0.03602183982729912,0.963978111743927
55,13,0,0,0.6570877432823181,0.34291231632232666
55,14,0,0,0.9310625195503235,0.06893745064735413
55,15,0,0,0.9211559295654297,0.07884406298398972
55,16,0,0,0.932996928691864,0.0670030266046524
55,17,0,0,0.9189971685409546,0.0810028687119484
55,18,0,0,0.895384669303894,0.10461533069610596
55,19,0,1,0.05214226245880127,0.947857677936554
56,0,0,0,0.7300282120704651,0.2699718177318573
56,1,0,0,0.5658359527587891,0.43416404724121094
56,2,0,0,0.6902637481689453,0.3097362518310547
56,3,1,1,0.06984565407037735,0.9301543235778809
56,4,0,0,0.7880032062530518,0.21199673414230347
56,5,0,0,0.9791269898414612,0.020872991532087326
56,6,0,0,0.740342378616333,0.259657621383667
56,7,1,1,0.06984563171863556,0.9301543235778809
56,8,0,0,0.9709256291389465,0.029074393212795258
56,9,0,0,0.976626455783844,0.02337358519434929
56,10,0,0,0.9735151529312134,0.026484854519367218
56,11,0,0,0.9291380047798157,0.07086202502250671
56,12,1,1,0.03792840987443924,0.9620715975761414
56,13,0,0,0.6902637481689453,0.3097362518310547
56,14,0,0,0.981777548789978,0.018222415819764137
56,15,0,0,0.9566248655319214,0.043375127017498016
56,16,0,0,0.9778141379356384,0.022185830399394035
56,17,0,0,0.9561930298805237,0.043806906789541245
56,18,0,0,0.9692513942718506,0.030748644843697548
56,19,0,1,0.06738009303808212,0.9326198697090149
57,0,0,0,0.7904493808746338,0.20955052971839905
57,1,0,0,0.5944021344184875,0.40559783577919006
57,2,0,0,0.8872702717781067,0.11272970587015152
57,3,1,1,0.10283653438091278,0.8971635103225708
57,4,0,0,0.8098079562187195,0.19019202888011932
57,5,0,0,0.9731396436691284,0.02686028555035591
57,6,0,0,0.7662205100059509,0.23377956449985504
57,7,1,0,0.7343173027038574,0.2656826972961426
57,8,0,0,0.962346076965332,0.037653930485248566
57,9,0,0,0.9654381275177002,0.0345618799328804
57,10,0,0,0.96466463804245,0.035335373133420944
57,11,0,0,0.9185705184936523,0.08142951130867004
57,12,1,1,0.06087252125144005,0.939127504825592
57,13,0,0,0.9021447896957397,0.09785521775484085
57,14,0,0,0.9743896126747131,0.025610318407416344
57,15,0,0,0.9262791275978088,0.07372091710567474
57,16,0,0,0.9670235514640808,0.03297646343708038
57,17,0,0,0.9454997181892395,0.05450025200843811
57,18,0,0,0.9596921801567078,0.04030776396393776
57,19,0,1,0.09672320634126663,0.903276801109314
58,0,0,0,0.8137762546539307,0.1862238198518753
58,1,0,0,0.963459849357605,0.03654016926884651
58,2,0,0,0.5964178442955017,0.4035821557044983
58,3,1,1,0.08480211347341537,0.9151979088783264
58,4,0,0,0.8578269481658936,0.14217311143875122
58,5,0,0,0.980945348739624,0.019054660573601723
58,6,0,0,0.8494717478752136,0.15052823722362518
58,7,1,1,0.11220654845237732,0.8877934813499451
58,8,0,0,0.9697313904762268,0.030268607661128044
58,9,0,0,0.9766070246696472,0.023392995819449425
58,10,0,0,0.9707497954368591,0.02925020456314087
58,11,0,0,0.9221058487892151,0.07789414376020432
58,12,1,1,0.040837161242961884,0.9591628313064575
58,13,0,0,0.5996145606040955,0.40038546919822693
58,14,0,0,0.9783564209938049,0.021643629297614098
58,15,0,0,0.8685213327407837,0.13147865235805511
58,16,0,0,0.9763057231903076,0.023694342002272606
58,17,0,0,0.9530026912689209,0.04699736088514328
58,18,0,0,0.9713560938835144,0.02864389680325985
58,19,0,1,0.08422838151454926,0.9157716035842896
59,0,0,0,0.7118691802024841,0.28813087940216064
59,1,0,0,0.9593449234962463,0.04065511375665665
59,2,0,0,0.9217605590820312,0.07823942601680756
59,3,1,1,0.07080655544996262,0.9291934370994568
59,4,0,0,0.7849494218826294,0.21505053341388702
59,5,0,0,0.8081696033477783,0.19183042645454407
59,6,0,0,0.7151968479156494,0.28480321168899536
59,7,1,1,0.1220163106918335,0.8779836893081665
59,8,0,0,0.877662181854248,0.12233788520097733
59,9,0,0,0.9584603309631348,0.04153965413570404
59,10,0,0,0.9170399308204651,0.0829600840806961
59,11,0,0,0.8059569597244263,0.19404299557209015
59,12,1,1,0.058708399534225464,0.9412915706634521
59,13,0,0,0.942920982837677,0.05707899481058121
59,14,0,0,0.9360028505325317,0.06399716436862946
59,15,0,0,0.7190210819244385,0.2809789776802063
59,16,0,0,0.9140134453773499,0.08598653227090836
59,17,0,0,0.8335655927658081,0.16643443703651428
59,18,0,0,0.5269160866737366,0.4730839729309082
59,19,0,1,0.08157900720834732,0.9184210300445557
60,0,0,0,0.8401771187782288,0.15982288122177124
60,1,0,0,0.6458724141120911,0.3541276156902313
60,2,0,0,0.923057496547699,0.07694251090288162
60,3,1,1,0.09712863713502884,0.9028714299201965
60,4,0,0,0.85710209608078,0.14289793372154236
60,5,0,0,0.9823583960533142,0.017641646787524223
60,6,0,0,0.7437267899513245,0.2562732696533203
60,7,1,1,0.14621472358703613,0.8537853360176086
60,8,0,0,0.9757376909255981,0.024262351915240288
60,9,0,0,0.9716379642486572,0.028362058103084564
60,10,0,0,0.9773598313331604,0.022640150040388107
60,11,0,0,0.9697796106338501,0.030220363289117813
60,12,1,1,0.047056544572114944,0.9529435038566589
60,13,0,0,0.9525507688522339,0.04744916036725044
60,14,0,0,0.9795376062393188,0.02046247199177742
60,15,0,0,0.7437267899513245,0.2562732696533203
60,16,0,0,0.9804374575614929,0.01956258900463581
60,17,0,0,0.9731999635696411,0.026800014078617096
60,18,0,0,0.9766097664833069,0.0233902670443058
60,19,0,1,0.09552404284477234,0.9044759273529053
61,0,0,0,0.6433694362640381,0.3566305339336395
61,1,0,1,0.050675805658102036,0.9493241310119629
61,2,0,1,0.10671618580818176,0.8932838439941406
61,3,1,1,0.047833748161792755,0.9521663188934326
61,4,0,0,0.7471790313720703,0.2528209984302521
61,5,0,0,0.9175140261650085,0.08248590677976608
61,6,0,0,0.6433694362640381,0.3566305339336395
61,7,1,1,0.0324520543217659,0.9675479531288147
61,8,0,0,0.9284279942512512,0.0715719610452652
61,9,0,0,0.9272885918617249,0.07271133363246918
61,10,0,0,0.930687665939331,0.06931238621473312
61,11,0,0,0.5948473811149597,0.40515264868736267
61,12,1,1,0.021401239559054375,0.9785987138748169
61,13,0,1,0.10671618580818176,0.8932838439941406
61,14,0,1,0.3328312039375305,0.6671688556671143
61,15,0,0,0.6433694362640381,0.3566305339336395
61,16,0,0,0.8855166435241699,0.11448337882757187
61,17,0,0,0.8549056649208069,0.14509430527687073
61,18,0,0,0.9109891653060913,0.0890108123421669
61,19,0,1,0.028943920508027077,0.9710561037063599
62,0,0,0,0.8700010776519775,0.12999895215034485
62,1,0,0,0.9324531555175781,0.0675467774271965
62,2,0,1,0.10215079039335251,0.8978492021560669
62,3,1,1,0.09006199240684509,0.9099379777908325
62,4,0,0,0.7222587466239929,0.2777412235736847
62,5,0,0,0.9292215704917908,0.070778489112854
62,6,0,0,0.8700010180473328,0.12999896705150604
62,7,1,1,0.07134363055229187,0.9286563992500305
62,8,0,0,0.9425870180130005,0.05741295963525772
62,9,0,0,0.9498663544654846,0.05013366788625717
62,10,0,0,0.9394404888153076,0.060559555888175964
62,11,0,0,0.9285132884979248,0.07148664444684982
62,12,1,1,0.07032646238803864,0.9296735525131226
62,13,0,1,0.0897863581776619,0.9102136492729187
62,14,0,0,0.9489809274673462,0.05101906135678291
62,15,0,0,0.8700010776519775,0.12999895215034485
62,16,0,0,0.9457147717475891,0.054285213351249695
62,17,0,0,0.9327265620231628,0.06727342307567596
62,18,0,0,0.9443928003311157,0.0556071400642395
62,19,0,1,0.11727848649024963,0.882721483707428
63,0,0,0,0.9598225355148315,0.04017750546336174
63,1,0,0,0.5883896946907043,0.41161033511161804
63,2,0,1,0.04772549122571945,0.9522745013237
63,3,1,1,0.058231040835380554,0.9417689442634583
63,4,0,0,0.9543294310569763,0.04567056894302368
63,5,0,0,0.9471287131309509,0.05287127569317818
63,6,0,0,0.9598225355148315,0.04017751291394234
63,7,1,1,0.07725971937179565,0.9227402806282043
63,8,0,0,0.9487661719322205,0.05123388394713402
63,9,0,0,0.9397532939910889,0.060246773064136505
63,10,0,0,0.9500244855880737,0.049975473433732986
63,11,0,0,0.9612904787063599,0.03870952129364014
63,12,1,1,0.03280290588736534,0.9671971201896667
63,13,0,1,0.05460509657859802,0.9453948736190796
63,14,0,0,0.958453357219696,0.04154665768146515
63,15,0,0,0.9598225355148315,0.040177494287490845
63,16,0,0,0.9541096091270447,0.045890383422374725
63,17,0,0,0.9546657800674438,0.045334283262491226
63,18,0,0,0.9540900588035583,0.04590989649295807
63,19,0,1,0.0373983271420002,0.9626017212867737
64,0,0,0,0.9462328553199768,0.05376717820763588
64,1,0,0,0.7690714597702026,0.23092852532863617
64,2,0,1,0.2676495909690857,0.7323504090309143
64,3,1,0,0.5034499168395996,0.4965501129627228
64,4,0,0,0.9333008527755737,0.06669917702674866
64,5,0,0,0.9593823552131653,0.04061761498451233
64,6,0,0,0.9462328553199768,0.05376715213060379
64,7,1,1,0.3436979055404663,0.6563020944595337
64,8,0,0,0.9575949311256409,0.04240508750081062
64,9,0,0,0.9512966275215149,0.04870331659913063
64,10,0,0,0.9588980674743652,0.04110189154744148
64,11,0,0,0.9462416172027588,0.053758420050144196
64,12,1,1,0.035975996404886246,0.964024007320404
64,13,0,1,0.15142391622066498,0.8485760688781738
64,14,0,0,0.9629915952682495,0.03700840473175049
64,15,0,0,0.9462328553199768,0.053767163306474686
64,16,0,0,0.9625411629676819,0.037458840757608414
64,17,0,0,0.9524813294410706,0.047518640756607056
64,18,0,0,0.9613853096961975,0.03861464932560921
64,19,0,1,0.13643664121627808,0.8635633587837219
65,0,0,0,0.9403688311576843,0.05963122472167015
65,1,0,0,0.9877194166183472,0.01228061318397522
65,2,0,1,0.14578594267368317,0.8542140126228333
65,3,1,1,0.09065988659858704,0.9093401432037354
65,4,0,0,0.7914125919342041,0.20858734846115112
65,5,0,0,0.964819073677063,0.03518088907003403
65,6,0,0,0.9403688311576843,0.05963122472167015
65,7,1,1,0.05101677030324936,0.9489833116531372
65,8,0,0,0.961660623550415,0.03833940997719765
65,9,0,0,0.9772434830665588,0.022756557911634445
65,10,0,0,0.962967574596405,0.037032369524240494
65,11,0,0,0.949368417263031,0.050631530582904816
65,12,1,1,0.037774085998535156,0.9622259736061096
65,13,0,1,0.1413218080997467,0.8586782217025757
65,14,0,0,0.959962010383606,0.040037963539361954
65,15,0,1,0.14604613184928894,0.8539538383483887
65,16,0,0,0.963499903678894,0.036500055342912674
65,17,0,0,0.9613506197929382,0.03864934295415878
65,18,0,0,0.9631651639938354,0.03683480992913246
65,19,0,1,0.09261119365692139,0.9073888063430786
66,0,0,0,0.8194682598114014,0.18053175508975983
66,1,0,0,0.9735098481178284,0.026490148156881332
66,2,0,1,0.11672573536634445,0.8832743167877197
66,3,1,1,0.055545639246702194,0.9444543719291687
66,4,0,0,0.7796297073364258,0.220370352268219
66,5,0,0,0.959894597530365,0.040105387568473816
66,6,0,0,0.8194682598114014,0.18053172528743744
66,7,1,1,0.03450446575880051,0.9654955863952637
66,8,0,0,0.9563955068588257,0.04360450804233551
66,9,0,0,0.9669358134269714,0.033064235001802444
66,10,0,0,0.9572630524635315,0.04273700714111328
66,11,0,0,0.7975993156433105,0.20240066945552826
66,12,1,1,0.02515491098165512,0.9748450517654419
66,13,0,1,0.12122917175292969,0.8787708878517151
66,14,0,0,0.954909086227417,0.045090869069099426
66,15,0,0,0.7827587723731995,0.21724122762680054
66,16,0,0,0.9613888263702393,0.038611121475696564
66,17,0,0,0.9406622052192688,0.059337783604860306
66,18,0,0,0.958295464515686,0.04170451685786247
66,19,0,1,0.03413425013422966,0.9658657908439636
67,0,0,0,0.9213106632232666,0.07868936657905579
67,1,0,0,0.6944144368171692,0.3055855333805084
67,2,0,1,0.12401027977466583,0.8759897351264954
67,3,1,1,0.0487675815820694,0.9512324333190918
67,4,0,0,0.9213488101959229,0.07865116000175476
67,5,0,0,0.9566428661346436,0.04335710406303406
67,6,0,0,0.9213106632232666,0.07868936657905579
67,7,1,1,0.04076436534523964,0.959235668182373
67,8,0,0,0.9609967470169067,0.039003197103738785
67,9,0,0,0.9597793817520142,0.04022063687443733
67,10,0,0,0.9638587236404419,0.03614126518368721
67,11,0,1,0.07506008446216583,0.9249398708343506
67,12,1,1,0.02201918140053749,0.9779807925224304
67,13,0,1,0.12377136945724487,0.8762286305427551
67,14,0,0,0.967703104019165,0.03229689970612526
67,15,0,0,0.9226521849632263,0.0773477703332901
67,16,0,0,0.9652643799781799,0.03473560884594917
67,17,0,0,0.9640686511993408,0.03593134880065918
67,18,0,0,0.96241694688797,0.037583015859127045
67,19,0,1,0.026989491656422615,0.9730105400085449
68,0,0,0,0.9365984201431274,0.06340163201093674
68,1,0,0,0.7738416790962219,0.2261582612991333
68,2,0,1,0.13126026093959808,0.8687397241592407
68,3,1,1,0.04552266746759415,0.9544773101806641
68,4,0,0,0.9307711124420166,0.06922891736030579
68,5,0,0,0.9263746738433838,0.0736253559589386
68,6,0,0,0.9441680312156677,0.055832017213106155
68,7,1,1,0.02634258195757866,0.9736574292182922
68,8,0,0,0.909205973148346,0.09079400449991226
68,9,0,0,0.909953236579895,0.09004675596952438
68,10,0,0,0.9277912378311157,0.0722086951136589
68,11,0,0,0.9379960298538208,0.06200401857495308
68,12,1,1,0.02243768610060215,0.9775623083114624
68,13,0,1,0.13113658130168915,0.8688634634017944
68,14,0,0,0.9320014715194702,0.06799845397472382
68,15,0,0,0.9316452145576477,0.0683547630906105
68,16,0,0,0.9280229210853577,0.07197703421115875
68,17,0,0,0.9221993088722229,0.0778006836771965
68,18,0,0,0.9223939180374146,0.07760604470968246
68,19,0,1,0.023554639890789986,0.9764453768730164
69,0,0,0,0.914426863193512,0.08557320386171341
69,1,0,0,0.9149520397186279,0.08504793792963028
69,2,0,1,0.1587514728307724,0.8412485122680664
69,3,1,1,0.08624934405088425,0.9137507081031799
69,4,0,0,0.5699512362480164,0.43004873394966125
69,5,0,0,0.9163573384284973,0.08364266902208328
69,6,0,0,0.936917781829834,0.06308220326900482
69,7,1,1,0.05242469534277916,0.9475752711296082
69,8,0,0,0.8903077840805054,0.1096922755241394
69,9,0,0,0.8840459585189819,0.1159539595246315
69,10,0,0,0.9277017712593079,0.07229819148778915
69,11,0,0,0.9224907755851746,0.07750923931598663
69,12,1,1,0.0367756113409996,0.963224470615387
69,13,0,1,0.15461841225624084,0.8453815579414368
69,14,0,0,0.9366238117218018,0.06337616592645645
69,15,0,0,0.94339519739151,0.05660476163029671
69,16,0,0,0.9177531599998474,0.08224685490131378
69,17,0,0,0.9238448143005371,0.07615519315004349
69,18,0,0,0.8992767333984375,0.1007232666015625
69,19,0,1,0.05446932837367058,0.9455306529998779
70,0,0,0,0.9418569803237915,0.058143045753240585
70,1,0,0,0.9819516539573669,0.018048305064439774
70,2,0,1,0.19221870601177216,0.8077812790870667
70,3,1,1,0.15401092171669006,0.8459891080856323
70,4,0,1,0.4934545159339905,0.5065455436706543
70,5,0,0,0.9726691246032715,0.027330907061696053
70,6,0,0,0.9224293828010559,0.07757055759429932
70,7,1,1,0.13668841123580933,0.8633115887641907
70,8,0,0,0.9618629813194275,0.03813699632883072
70,9,0,0,0.9558771848678589,0.04412283003330231
70,10,0,0,0.9631392955780029,0.03686076030135155
70,11,0,0,0.9418569803237915,0.058143045753240585
70,12,1,1,0.09502830356359482,0.904971718788147
70,13,0,1,0.14625652134418488,0.8537434339523315
70,14,0,0,0.9549333453178406,0.04506663978099823
70,15,0,0,0.9224293828010559,0.0775705948472023
70,16,0,0,0.9686314463615417,0.03136853128671646
70,17,0,0,0.9623851180076599,0.0376148484647274
70,18,0,0,0.9672868847846985,0.032713115215301514
70,19,0,1,0.11965728551149368,0.8803427219390869
71,0,0,0,0.9134734272956848,0.08652658015489578
71,1,0,0,0.9732903838157654,0.026709578931331635
71,2,0,1,0.056048616766929626,0.9439513683319092
71,3,1,1,0.06059642881155014,0.9394035935401917
71,4,0,0,0.8312451839447021,0.16875480115413666
71,5,0,0,0.9641587138175964,0.03584132716059685
71,6,0,0,0.8160500526428223,0.18394996225833893
71,7,1,1,0.04768872633576393,0.9523112773895264
71,8,0,0,0.9543816447257996,0.04561839625239372
71,9,0,0,0.9593322277069092,0.0406678169965744
71,10,0,0,0.956291139125824,0.043708864599466324
71,11,0,0,0.9134734272956848,0.08652655780315399
71,12,1,1,0.0352349579334259,0.9647650718688965
71,13,0,1,0.09258018434047699,0.9074198007583618
71,14,0,0,0.9316608309745789,0.06833919137716293
71,15,0,0,0.7587776184082031,0.24122236669063568
71,16,0,0,0.959014356136322,0.04098568111658096
71,17,0,0,0.9559916853904724,0.04400832951068878
71,18,0,0,0.9625065326690674,0.037493448704481125
71,19,0,1,0.06795003265142441,0.9320499300956726
72,0,0,0,0.8124209642410278,0.18757902085781097
72,1,0,0,0.8990669250488281,0.10093313455581665
72,2,0,1,0.08259307593107224,0.9174068570137024
72,3,1,1,0.05223498493432999,0.9477649927139282
72,4,0,0,0.7933945059776306,0.2066054344177246
72,5,0,0,0.902736246585846,0.09726376086473465
72,6,0,0,0.8190165758132935,0.18098340928554535
72,7,1,1,0.041375044733285904,0.9586249589920044
72,8,0,0,0.8980734944343567,0.10192658007144928
72,9,0,1,0.1611969918012619,0.8388029932975769
72,10,0,0,0.8646557927131653,0.13534420728683472
72,11,0,0,0.5401185154914856,0.4598815143108368
72,12,1,1,0.03216433897614479,0.9678356647491455
72,13,0,1,0.08033536374568939,0.9196646809577942
72,14,0,0,0.8695860505104065,0.1304139941930771
72,15,0,0,0.7920740246772766,0.20792599022388458
72,16,0,0,0.9036746025085449,0.09632541984319687
72,17,0,0,0.8646557927131653,0.13534420728683472
72,18,0,0,0.9027130603790283,0.09728695452213287
72,19,0,1,0.07761677354574203,0.9223832488059998
73,0,0,0,0.9607131481170654,0.03928684443235397
73,1,0,0,0.9261583685874939,0.07384160906076431
73,2,0,1,0.12275965511798859,0.8772403001785278
73,3,1,1,0.05810932815074921,0.9418906569480896
73,4,0,0,0.5789710879325867,0.42102891206741333
73,5,0,0,0.9176976084709167,0.08230230957269669
73,6,0,0,0.9674569964408875,0.03254292160272598
73,7,1,1,0.044724151492118835,0.9552758932113647
73,8,0,0,0.9163559079170227,0.08364412933588028
73,9,0,1,0.2633398771286011,0.7366601228713989
73,10,0,0,0.9745489954948425,0.02545095793902874
73,11,0,0,0.9720647931098938,0.027935190126299858
73,12,1,1,0.037575624883174896,0.9624243378639221
73,13,0,1,0.13036735355854034,0.8696326613426208
73,14,0,0,0.9752748608589172,0.024725215509533882
73,15,0,0,0.9609462022781372,0.039053719490766525
73,16,0,0,0.9172298312187195,0.08277019113302231
73,17,0,0,0.9745363593101501,0.025463609024882317
73,18,0,1,0.4254548251628876,0.5745452046394348
73,19,0,1,0.07400823384523392,0.9259918332099915
74,0,0,0,0.8813247680664062,0.11867526173591614
74,1,0,0,0.9382436871528625,0.06175631284713745
74,2,0,1,0.1854715645313263,0.8145284056663513
74,3,1,1,0.07265432924032211,0.9273456931114197
74,4,0,0,0.8914144039154053,0.10858559608459473
74,5,0,0,0.825160026550293,0.17483998835086823
74,6,0,0,0.8874576091766357,0.11254238337278366
74,7,1,1,0.07200759649276733,0.9279924035072327
74,8,0,0,0.8825200200080872,0.11748000234365463
74,9,0,0,0.884010374546051,0.115989550948143
74,10,0,0,0.838412344455719,0.1615876704454422
74,11,0,0,0.8813247680664062,0.11867526173591614
74,12,1,1,0.06908084452152252,0.9309191107749939
74,13,0,1,0.13865242898464203,0.8613475561141968
74,14,0,0,0.8641257882118225,0.1358741819858551
74,15,0,0,0.8668703436851501,0.13312965631484985
74,16,0,0,0.8285269737243652,0.17147302627563477
74,17,0,0,0.8092779517173767,0.1907220184803009
74,18,0,0,0.8619170188903809,0.1380830556154251
74,19,0,1,0.15339310467243195,0.8466069102287292
75,0,0,0,0.8181266784667969,0.18187329173088074
75,1,0,0,0.9047799706459045,0.09521995484828949
75,2,0,0,0.5413679480552673,0.4586319923400879
75,3,1,0,0.5938307642936707,0.40616926550865173
75,4,0,0,0.8317955136299133,0.16820447146892548
75,5,0,0,0.6990463733673096,0.30095359683036804
75,6,0,0,0.8110485076904297,0.18895156681537628
75,7,1,0,0.6095966100692749,0.3904033899307251
75,8,0,0,0.8493244647979736,0.1506754755973816
75,9,0,0,0.8733760118484497,0.1266239732503891
75,10,0,0,0.7850083112716675,0.2149917334318161
75,11,0,0,0.7725669741630554,0.2274330109357834
75,12,1,0,0.5413679480552673,0.4586319923400879
75,13,0,0,0.5413740873336792,0.458625853061676
75,14,0,0,0.7594403624534607,0.2405596822500229
75,15,0,0,0.749297559261322,0.25070247054100037
75,16,0,0,0.806076169013977,0.19392383098602295
75,17,0,0,0.6862310767173767,0.3137689232826233
75,18,0,0,0.8091428279876709,0.1908571571111679
75,19,0,0,0.6595258116722107,0.34047412872314453
76,0,0,0,0.8688727021217346,0.1311272382736206
76,1,0,0,0.9462196230888367,0.053780388087034225
76,2,0,1,0.4844578206539154,0.5155421495437622
76,3,1,0,0.5512779355049133,0.4487220048904419
76,4,0,0,0.6534601449966431,0.3465399146080017
76,5,0,0,0.8943033814430237,0.10569658130407333
76,6,0,0,0.8384656310081482,0.161534383893013
76,7,1,0,0.5421748757362366,0.45782509446144104
76,8,0,0,0.9173625111579895,0.0826374962925911
76,9,0,0,0.9193094968795776,0.08069051802158356
76,10,0,0,0.8938540816307068,0.10614587366580963
76,11,0,0,0.8688727021217346,0.1311272382736206
76,12,1,1,0.4844578504562378,0.5155421495437622
76,13,0,1,0.49673670530319214,0.5032633543014526
76,14,0,0,0.9009985327720642,0.09900153428316116
76,15,0,0,0.8024782538414001,0.19752173125743866
76,16,0,0,0.8993683457374573,0.1006316989660263
76,17,0,0,0.8670079708099365,0.13299201428890228
76,18,0,0,0.8688716888427734,0.13112832605838776
76,19,0,0,0.5712502002716064,0.42874976992607117
77,0,0,0,0.9173943400382996,0.08260569721460342
77,1,0,0,0.821800947189331,0.17819905281066895
77,2,0,1,0.29407674074172974,0.705923318862915
77,3,1,0,0.5669576525688171,0.43304237723350525
77,4,0,0,0.8846849203109741,0.11531508713960648
77,5,0,0,0.9025524854660034,0.09744752943515778
77,6,0,0,0.9011237621307373,0.09887620806694031
77,7,1,0,0.5318846702575684,0.4681154191493988
77,8,0,0,0.878470242023468,0.12152977287769318
77,9,0,0,0.9079363942146301,0.0920635238289833
77,10,0,0,0.906424880027771,0.093575119972229
77,11,0,0,0.9173943400382996,0.08260565996170044
77,12,1,1,0.05740246921777725,0.942597508430481
77,13,0,1,0.3167599141597748,0.6832401752471924
77,14,0,0,0.9130039215087891,0.08699604868888855
77,15,0,0,0.8872618079185486,0.11273817718029022
77,16,0,0,0.9028245806694031,0.09717541188001633
77,17,0,0,0.906424880027771,0.093575119972229
77,18,0,0,0.8895247578620911,0.11047523468732834
77,19,0,1,0.20252569019794464,0.7974742650985718
78,0,0,0,0.9019339680671692,0.09806600958108902
78,1,0,0,0.918587863445282,0.08141214400529861
78,2,0,1,0.28098973631858826,0.7190102934837341
78,3,1,1,0.2502709627151489,0.7497290372848511
78,4,0,0,0.9032350182533264,0.09676504880189896
78,5,0,0,0.9138754606246948,0.08612456172704697
78,6,0,0,0.9261711239814758,0.07382889837026596
78,7,1,1,0.08515208959579468,0.9148479104042053
78,8,0,0,0.917105495929718,0.08289451152086258
78,9,0,0,0.9292766451835632,0.07072331756353378
78,10,0,0,0.9314960241317749,0.0685039833188057
78,11,0,0,0.9100387692451477,0.08996119350194931
78,12,1,1,0.10509257763624191,0.8949074149131775
78,13,0,1,0.376220166683197,0.6237797737121582
78,14,0,0,0.9231497049331665,0.07685024291276932
78,15,0,0,0.926171064376831,0.07382892817258835
78,16,0,0,0.9138754606246948,0.08612458407878876
78,17,0,0,0.9314960241317749,0.06850400567054749
78,18,0,0,0.8812862634658813,0.11871376633644104
78,19,0,1,0.44009697437286377,0.5599030256271362
79,0,0,0,0.8024464249610901,0.19755354523658752
79,1,0,0,0.9092192053794861,0.0907808244228363
79,2,0,1,0.19656823575496674,0.8034318089485168
79,3,1,1,0.3922160565853119,0.6077839732170105
79,4,0,0,0.7819408178329468,0.21805912256240845
79,5,0,0,0.8970982432365417,0.10290172696113586
79,6,0,0,0.7985708117485046,0.20142917335033417
79,7,1,1,0.29226359724998474,0.7077364325523376
79,8,0,0,0.9097768068313599,0.09022316336631775
79,9,0,0,0.9129635691642761,0.0870363712310791
79,10,0,0,0.9084290266036987,0.09157098084688187
79,11,0,0,0.7709286212921143,0.22907131910324097
79,12,1,1,0.19656823575496674,0.8034318089485168
79,13,0,1,0.2270960807800293,0.7729038596153259
79,14,0,0,0.9021329879760742,0.09786701947450638
79,15,0,0,0.762342631816864,0.2376573383808136
79,16,0,0,0.8734501004219055,0.1265498250722885
79,17,0,0,0.9084290266036987,0.09157098084688187
79,18,0,0,0.9015178084373474,0.0984821617603302
79,19,0,1,0.34845128655433655,0.6515487432479858
80,0,0,0,0.8055539131164551,0.1944461166858673
80,1,0,0,0.8195194602012634,0.1804804652929306
80,2,0,1,0.2627493441104889,0.7372506856918335
80,3,1,1,0.11120184510946274,0.888798177242279
80,4,0,0,0.6678279042243958,0.33217212557792664
80,5,0,0,0.7389094233512878,0.26109054684638977
80,6,0,0,0.8481541275978088,0.15184585750102997
80,7,1,1,0.12530599534511566,0.8746940493583679
80,8,0,0,0.7830067873001099,0.21699318289756775
80,9,0,0,0.8405466675758362,0.15945333242416382
80,10,0,0,0.8557522296905518,0.14424775540828705
80,11,0,0,0.74588543176651,0.25411456823349
80,12,1,1,0.14428478479385376,0.8557152152061462
80,13,0,1,0.24061861634254456,0.7593813538551331
80,14,0,0,0.8609805107116699,0.1390194594860077
80,15,0,0,0.7728371620178223,0.22716280817985535
80,16,0,0,0.7538431286811829,0.24615687131881714
80,17,0,0,0.8557522296905518,0.14424774050712585
80,18,0,0,0.8065704703330994,0.19342951476573944
80,19,0,1,0.1984560787677765,0.8015438914299011
81,0,0,0,0.8906398415565491,0.10936016589403152
81,1,0,0,0.6994443535804749,0.30055561661720276
81,2,0,1,0.4451681077480316,0.5548319220542908
81,3,1,1,0.29927679896354675,0.7007231712341309
81,4,0,1,0.4967327117919922,0.5032672882080078
81,5,0,0,0.8296428322792053,0.17035722732543945
81,6,0,0,0.9194110631942749,0.08058897405862808
81,7,1,1,0.2871842086315155,0.7128158211708069
81,8,0,0,0.74516361951828,0.2548363208770752
81,9,0,0,0.8190354108810425,0.18096458911895752
81,10,0,0,0.8744974732398987,0.1255025565624237
81,11,0,0,0.7228547930717468,0.2771452069282532
81,12,1,1,0.11944197863340378,0.8805580139160156
81,13,0,1,0.2724742889404297,0.7275256514549255
81,14,0,0,0.8644603490829468,0.1355396956205368
81,15,0,0,0.9194109439849854,0.08058900386095047
81,16,0,0,0.8363738656044006,0.16362616419792175
81,17,0,0,0.8190354108810425,0.18096458911895752
81,18,0,0,0.7515549063682556,0.2484450787305832
81,19,0,1,0.4073210656642914,0.5926789045333862
82,0,0,0,0.8226827383041382,0.17731721699237823
82,1,0,0,0.6526593565940857,0.3473406136035919
82,2,0,1,0.35765472054481506,0.6423453092575073
82,3,1,1,0.06486181169748306,0.9351382255554199
82,4,0,0,0.7137556076049805,0.28624439239501953
82,5,0,0,0.8088662624359131,0.19113372266292572
82,6,0,0,0.8142210245132446,0.18577900528907776
82,7,1,1,0.11584345251321793,0.8841565847396851
82,8,0,0,0.7851505279541016,0.21484945714473724
82,9,0,0,0.8081350326538086,0.1918649822473526
82,10,0,0,0.8217724561691284,0.1782275289297104
82,11,0,0,0.7724034190177917,0.22759658098220825
82,12,1,1,0.10655263811349869,0.8934473991394043
82,13,0,0,0.6043524146080017,0.3956475853919983
82,14,0,0,0.8405994772911072,0.15940053761005402
82,15,0,0,0.7736572027206421,0.2263428270816803
82,16,0,0,0.8178075551986694,0.18219244480133057
82,17,0,0,0.8081350326538086,0.1918649822473526
82,18,0,0,0.7804667949676514,0.21953320503234863
82,19,0,1,0.09473928809165955,0.9052608013153076
83,0,0,0,0.9140039086341858,0.08599615097045898
83,1,0,0,0.9613571166992188,0.03864283859729767
83,2,0,1,0.4558183550834656,0.5441816449165344
83,3,1,1,0.02894575148820877,0.9710543155670166
83,4,0,0,0.8958757519721985,0.10412418842315674
83,5,0,0,0.9279307126998901,0.07206923514604568
83,6,0,0,0.9415035247802734,0.058496467769145966
83,7,1,1,0.43846189975738525,0.56153804063797
83,8,0,0,0.946046769618988,0.05395319685339928
83,9,0,0,0.9520899057388306,0.04791013151407242
83,10,0,0,0.9536888599395752,0.04631110280752182
83,11,0,0,0.867391049861908,0.13260892033576965
83,12,1,1,0.0814877599477768,0.918512225151062
83,13,0,0,0.6040694117546082,0.39593061804771423
83,14,0,0,0.9621459245681763,0.03785400837659836
83,15,0,0,0.9415035247802734,0.058496467769145966
83,16,0,0,0.8574756383895874,0.1425243616104126
83,17,0,0,0.9520899057388306,0.04791013151407242
83,18,0,0,0.9466784596443176,0.05332149192690849
83,19,0,1,0.1189880445599556,0.881011962890625
84,0,0,0,0.9285714626312256,0.07142852991819382
84,1,0,0,0.8375815749168396,0.16241848468780518
84,2,0,1,0.2270732969045639,0.7729267477989197
84,3,1,1,0.029630450531840324,0.9703695774078369
84,4,0,1,0.05604953691363335,0.9439504146575928
84,5,0,0,0.927487313747406,0.0725126564502716
84,6,0,0,0.9612502455711365,0.038749683648347855
84,7,1,1,0.05694260448217392,0.9430574178695679
84,8,0,0,0.8198983669281006,0.18010161817073822
84,9,0,0,0.9262127876281738,0.07378720492124557
84,10,0,0,0.9349068403244019,0.06509308516979218
84,11,0,0,0.9473923444747925,0.052607614547014236
84,12,1,1,0.03933478891849518,0.9606651663780212
84,13,0,0,0.7815014719963074,0.21849849820137024
84,14,0,0,0.9272852540016174,0.07271479815244675
84,15,0,0,0.9426502585411072,0.05734970420598984
84,16,0,0,0.8886072635650635,0.11139272153377533
84,17,0,0,0.9262127876281738,0.07378720492124557
84,18,0,0,0.9067614674568176,0.09323851764202118
84,19,0,1,0.07494024932384491,0.9250597357749939
85,0,0,0,0.8974105715751648,0.1025894433259964
85,1,0,1,0.4540391266345978,0.5459608435630798
85,2,0,1,0.061916135251522064,0.9380838871002197
85,3,1,1,0.015471459366381168,0.9845284819602966
85,4,0,0,0.9468681812286377,0.053131792694330215
85,5,0,0,0.8494505882263184,0.15054944157600403
85,6,0,0,0.9424135684967041,0.057586394250392914
85,7,1,1,0.024841520935297012,0.9751585125923157
85,8,0,0,0.6796598434448242,0.32034018635749817
85,9,0,0,0.7477571368217468,0.2522428631782532
85,10,0,0,0.8771127462387085,0.12288722395896912
85,11,0,0,0.9118117690086365,0.08818820118904114
85,12,1,1,0.016929572448134422,0.983070433139801
85,13,0,0,0.6988140940666199,0.3011859059333801
85,14,0,0,0.8489192128181458,0.15108077228069305
85,15,0,0,0.9431977272033691,0.05680227652192116
85,16,0,0,0.825581967830658,0.17441803216934204
85,17,0,0,0.8260815143585205,0.17391850054264069
85,18,0,0,0.7531827688217163,0.2468172162771225
85,19,0,1,0.022832000628113747,0.9771679639816284
86,0,0,0,0.8598610758781433,0.14013886451721191
86,1,0,0,0.8560165762901306,0.14398342370986938
86,2,0,1,0.48460471630096436,0.5153952836990356
86,3,1,1,0.20513170957565308,0.7948683500289917
86,4,0,0,0.8238062262535095,0.1761937290430069
86,5,0,0,0.8994468450546265,0.10055315494537354
86,6,0,0,0.8648390769958496,0.1351608783006668
86,7,1,1,0.26207247376441956,0.7379274964332581
86,8,0,0,0.8570230007171631,0.14297695457935333
86,9,0,0,0.8548880815505981,0.14511187374591827
86,10,0,0,0.8892180919647217,0.11078186333179474
86,11,0,0,0.8152734637260437,0.1847265362739563
86,12,1,1,0.15898746252059937,0.8410125374794006
86,13,0,0,0.837651789188385,0.16234815120697021
86,14,0,0,0.8684265613555908,0.13157343864440918
86,15,0,0,0.8624724745750427,0.13752758502960205
86,16,0,0,0.8812183141708374,0.11878164112567902
86,17,0,0,0.8955010771751404,0.1044989675283432
86,18,0,0,0.801500678062439,0.19849930703639984
86,19,0,1,0.465225487947464,0.5347744822502136
87,0,0,0,0.9345743060112,0.06542567163705826
87,1,0,0,0.9356495141983032,0.06435047835111618
87,2,0,1,0.3211096227169037,0.6788903474807739
87,3,1,1,0.020436864346265793,0.9795630574226379
87,4,0,0,0.8854085803031921,0.11459144949913025
87,5,0,0,0.9453776478767395,0.05462242290377617
87,6,0,0,0.8911017179489136,0.10889830440282822
87,7,1,1,0.1853047013282776,0.8146952986717224
87,8,0,0,0.9291597008705139,0.07084033638238907
87,9,0,0,0.9450056552886963,0.05499434471130371
87,10,0,0,0.9336103200912476,0.06638967990875244
87,11,0,0,0.9270218014717102,0.07297827303409576
87,12,1,1,0.2785949110984802,0.7214050889015198
87,13,0,1,0.1355455219745636,0.864454448223114
87,14,0,0,0.9290804862976074,0.07091951370239258
87,15,0,0,0.7979890704154968,0.20201092958450317
87,16,0,0,0.8942215442657471,0.10577846318483353
87,17,0,0,0.9455776810646057,0.054422397166490555
87,18,0,0,0.927055299282074,0.0729447454214096
87,19,0,1,0.2682751417160034,0.7317248582839966
88,0,0,0,0.9520947337150574,0.047905270010232925
88,1,0,0,0.8461029529571533,0.1538970172405243
88,2,0,1,0.42165353894233704,0.5783464908599854
88,3,1,1,0.0714225098490715,0.9285775423049927
88,4,0,0,0.846163272857666,0.15383675694465637
88,5,0,0,0.9403731226921082,0.05962684378027916
88,6,0,0,0.9253714680671692,0.0746285691857338
88,7,1,1,0.13774926960468292,0.8622507452964783
88,8,0,0,0.8992228507995605,0.10077718645334244
88,9,0,0,0.9424048066139221,0.05759521946310997
88,10,0,0,0.947749137878418,0.052250877022743225
88,11,0,0,0.9458641409873962,0.05413585901260376
88,12,1,1,0.1215963363647461,0.8784036040306091
88,13,0,0,0.860413670539856,0.13958635926246643
88,14,0,0,0.9517326951026917,0.04826733097434044
88,15,0,0,0.8744651079177856,0.12553493678569794
88,16,0,0,0.906643271446228,0.09335668385028839
88,17,0,0,0.935283362865448,0.06471666693687439
88,18,0,0,0.8983620405197144,0.10163793712854385
88,19,0,1,0.28926241397857666,0.7107375860214233
89,0,0,0,0.9560433030128479,0.043956656008958817
89,1,0,0,0.9013445973396301,0.09865541756153107
89,2,0,1,0.42162981629371643,0.5783701539039612
89,3,1,1,0.06978339701890945,0.9302166104316711
89,4,0,1,0.21378858387470245,0.786211371421814
89,5,0,0,0.9577916264533997,0.042208410799503326
89,6,0,0,0.9707202315330505,0.02927977405488491
89,7,1,1,0.21277733147144318,0.7872226238250732
89,8,0,0,0.9262509346008301,0.07374905794858932
89,9,0,0,0.9591563940048218,0.040843646973371506
89,10,0,0,0.9560582637786865,0.04394169896841049
89,11,0,0,0.9615859985351562,0.03841394931077957
89,12,1,1,0.02008679136633873,0.9799132347106934
89,13,0,0,0.9598044157028198,0.04019559919834137
89,14,0,0,0.9387027025222778,0.061297282576560974
89,15,0,0,0.9331149458885193,0.06688502430915833
89,16,0,0,0.9349764585494995,0.06502355635166168
89,17,0,0,0.9510486125946045,0.048951406031847
89,18,0,0,0.8689336180686951,0.13106633722782135
89,19,0,1,0.3334445357322693,0.6665554046630859
90,0,0,0,0.960338294506073,0.039661720395088196
90,1,0,0,0.9100103974342346,0.08998958021402359
90,2,0,0,0.5484641790390015,0.45153579115867615
90,3,1,1,0.04931829497218132,0.9506816864013672
90,4,0,0,0.8175237774848938,0.1824762374162674
90,5,0,0,0.9656839966773987,0.034316062927246094
90,6,0,0,0.9694129228591919,0.030587054789066315
90,7,1,1,0.04361192137002945,0.9563880562782288
90,8,0,0,0.8664790391921997,0.1335209608078003
90,9,0,0,0.9674941897392273,0.0325058288872242
90,10,0,0,0.9589384198188782,0.04106159880757332
90,11,0,0,0.9634709358215332,0.03652903437614441
90,12,1,1,0.32516244053840637,0.6748374700546265
90,13,0,0,0.9754467606544495,0.02455323003232479
90,14,0,0,0.9246204495429993,0.07537952810525894
90,15,0,0,0.9137850403785706,0.08621490001678467
90,16,0,0,0.9423515200614929,0.057648468762636185
90,17,0,0,0.9563464522361755,0.043653614819049835
90,18,0,0,0.9127056002616882,0.08729439228773117
90,19,0,1,0.06856589764356613,0.9314340949058533
91,0,0,0,0.9624221324920654,0.03757783770561218
91,1,0,0,0.8863587379455566,0.11364129930734634
91,2,0,1,0.2752803862094879,0.7247196435928345
91,3,1,1,0.06908871233463287,0.9309112429618835
91,4,0,0,0.9274198412895203,0.07258019596338272
91,5,0,0,0.9664490818977356,0.03355085849761963
91,6,0,0,0.9728379845619202,0.027161983773112297
91,7,1,1,0.10772927850484848,0.8922706842422485
91,8,0,0,0.895095944404602,0.10490406304597855
91,9,0,0,0.9575121402740479,0.042487792670726776
91,10,0,0,0.9611343145370483,0.038865745067596436
91,11,0,0,0.967395007610321,0.032605040818452835
91,12,1,1,0.06543388962745667,0.934566080570221
91,13,0,0,0.8819527626037598,0.11804721504449844
91,14,0,0,0.9754823446273804,0.024517599493265152
91,15,0,0,0.9540322422981262,0.0459677092730999
91,16,0,0,0.8956329226493835,0.10436713695526123
91,17,0,0,0.952584445476532,0.0474156029522419
91,18,0,0,0.9105160236358643,0.08948399126529694
91,19,0,1,0.10758699476718903,0.8924129605293274
92,0,0,0,0.9463711380958557,0.05362891033291817
92,1,0,0,0.9392667412757874,0.06073326617479324
92,2,0,1,0.24508456885814667,0.7549154162406921
92,3,1,1,0.017257343977689743,0.9827426671981812
92,4,0,1,0.48255082964897156,0.517449140548706
92,5,0,0,0.9076611399650574,0.09233880788087845
92,6,0,0,0.89869225025177,0.10130775719881058
92,7,1,1,0.29238203167915344,0.7076180577278137
92,8,0,0,0.8057187795639038,0.19428126513957977
92,9,0,0,0.9388324618339539,0.06116753816604614
92,10,0,0,0.9496538639068604,0.050346169620752335
92,11,0,0,0.9561353921890259,0.04386460408568382
92,12,1,1,0.03285142034292221,0.9671486020088196
92,13,0,0,0.9219741821289062,0.07802580296993256
92,14,0,0,0.9716614484786987,0.028338491916656494
92,15,0,0,0.5470876097679138,0.4529123902320862
92,16,0,0,0.9129675626754761,0.08703245222568512
92,17,0,0,0.9463531970977783,0.053646817803382874
92,18,0,0,0.9602348804473877,0.0397651344537735
92,19,0,1,0.09175779670476913,0.9082422256469727
93,0,0,0,0.9848105311393738,0.015189527533948421
93,1,0,0,0.8907819986343384,0.109218068420887
93,2,0,1,0.2686694860458374,0.7313305139541626
93,3,1,1,0.06005724146962166,0.9399428367614746
93,4,0,0,0.723430335521698,0.276569664478302
93,5,0,0,0.9833678007125854,0.01663222163915634
93,6,0,0,0.9822865128517151,0.01771349459886551
93,7,1,1,0.12804880738258362,0.871951162815094
93,8,0,0,0.9497849345207214,0.050215091556310654
93,9,0,0,0.9746620059013367,0.025338035076856613
93,10,0,0,0.9842394590377808,0.01576048694550991
93,11,0,0,0.9886041879653931,0.011395770125091076
93,12,1,1,0.01685168407857418,0.9831483364105225
93,13,0,0,0.9846604466438293,0.01533956453204155
93,14,0,0,0.9904705286026001,0.009529508650302887
93,15,0,0,0.723430335521698,0.276569664478302
93,16,0,0,0.9701443314552307,0.029855720698833466
93,17,0,0,0.9656945466995239,0.034305475652217865
93,18,0,0,0.8129161596298218,0.18708385527133942
93,19,0,1,0.09630290418863297,0.9036970734596252
94,0,0,0,0.9270564317703247,0.07294364273548126
94,1,0,0,0.8888803124427795,0.11111968010663986
94,2,0,0,0.645068347454071,0.35493168234825134
94,3,1,1,0.2288074642419815,0.7711924910545349
94,4,0,1,0.06071077659726143,0.9392892122268677
94,5,0,0,0.5573047995567322,0.44269517064094543
94,6,0,0,0.9389201998710632,0.061079807579517365
94,7,1,0,0.6432731747627258,0.356726735830307
94,8,0,1,0.07093706727027893,0.9290629625320435
94,9,0,0,0.869910717010498,0.13008925318717957
94,10,0,0,0.930816650390625,0.06918338686227798
94,11,0,0,0.8482246994972229,0.1517753154039383
94,12,1,1,0.03359051048755646,0.96640944480896
94,13,0,0,0.8555662631988525,0.14443375170230865
94,14,0,0,0.8837361931800842,0.11626376211643219
94,15,0,1,0.17556606233119965,0.8244339227676392
94,16,0,0,0.7212036848068237,0.2787962853908539
94,17,0,0,0.9084590077400208,0.09154094755649567
94,18,0,0,0.85513836145401,0.1448615938425064
94,19,0,1,0.2288074642419815,0.7711924910545349
95,0,0,0,0.9460269212722778,0.05397304520010948
95,1,0,0,0.8866962194442749,0.11330384761095047
95,2,0,1,0.3832853138446808,0.6167147159576416
95,3,1,1,0.03451908007264137,0.9654809236526489
95,4,0,0,0.6500032544136047,0.34999674558639526
95,5,0,0,0.9514926075935364,0.04850735887885094
95,6,0,0,0.9374622106552124,0.06253781169652939
95,7,1,1,0.3807404637336731,0.6192595958709717
95,8,0,0,0.8915347456932068,0.1084652841091156
95,9,0,0,0.8850022554397583,0.1149977371096611
95,10,0,0,0.9494428038597107,0.05055718123912811
95,11,0,0,0.8847697973251343,0.11523019522428513
95,12,1,1,0.009031295776367188,0.9909687638282776
95,13,0,0,0.8684114813804626,0.13158850371837616
95,14,0,0,0.9771023988723755,0.022897573187947273
95,15,0,0,0.5988470911979675,0.40115293860435486
95,16,0,0,0.8806958794593811,0.11930414289236069
95,17,0,0,0.8832016587257385,0.11679831147193909
95,18,0,0,0.8745865225791931,0.1254134476184845
95,19,0,0,0.6105667352676392,0.3894332945346832
96,0,0,0,0.6423150897026062,0.3576849102973938
96,1,0,0,0.8240377902984619,0.17596223950386047
96,2,0,0,0.5907403230667114,0.4092596769332886
96,3,1,1,0.055535346269607544,0.9444646835327148
96,4,0,1,0.3615127503871918,0.6384872794151306
96,5,0,0,0.8549133539199829,0.1450866162776947
96,6,0,0,0.8971328735351562,0.10286713391542435
96,7,1,0,0.5791137218475342,0.4208863079547882
96,8,0,0,0.6456096768379211,0.35439029335975647
96,9,0,0,0.844577431678772,0.15542255342006683
96,10,0,0,0.850517988204956,0.14948196709156036
96,11,0,0,0.8810311555862427,0.11896884441375732
96,12,1,1,0.07926803827285767,0.9207319021224976
96,13,0,0,0.8546919822692871,0.1453079879283905
96,14,0,0,0.8695425391197205,0.13045747578144073
96,15,0,1,0.3824019134044647,0.6175980567932129
96,16,0,0,0.8469361066818237,0.15306392312049866
96,17,0,0,0.7432789206504822,0.2567210793495178
96,18,0,0,0.7869940400123596,0.21300595998764038
96,19,0,1,0.055535346269607544,0.9444646835327148
97,0,0,0,0.9465764760971069,0.05342350900173187
97,1,0,0,0.8717775344848633,0.1282224804162979
97,2,0,1,0.2611974775791168,0.7388025522232056
97,3,1,1,0.0245114266872406,0.9754886031150818
97,4,0,0,0.9222628474235535,0.07773710042238235
97,5,0,0,0.9157142043113708,0.08428578078746796
97,6,0,0,0.8965927958488464,0.10340718179941177
97,7,1,1,0.2327253818511963,0.7672746181488037
97,8,0,1,0.12371138483285904,0.876288652420044
97,9,0,0,0.9206362962722778,0.0793636217713356
97,10,0,0,0.9536224007606506,0.04637764021754265
97,11,0,0,0.9393258094787598,0.06067412719130516
97,12,1,1,0.017595436424016953,0.9824045300483704
97,13,0,0,0.9291516542434692,0.07084833085536957
97,14,0,0,0.8392080664634705,0.16079196333885193
97,15,0,0,0.9222628474235535,0.07773710042238235
97,16,0,0,0.9276497960090637,0.07235020399093628
97,17,0,0,0.9287726879119873,0.07122735679149628
97,18,0,0,0.7607369422912598,0.23926304280757904
97,19,0,1,0.30771949887275696,0.6922805309295654
98,0,0,0,0.9763670563697815,0.023632938042283058
98,1,0,0,0.9500088095664978,0.049991168081760406
98,2,0,1,0.3267219364643097,0.6732780933380127
98,3,1,1,0.09125763922929764,0.908742368221283
98,4,0,1,0.49147817492485046,0.5085218548774719
98,5,0,0,0.9784480333328247,0.021551944315433502
98,6,0,0,0.5094234943389893,0.4905765652656555
98,7,1,1,0.08524922281503677,0.9147508144378662
98,8,0,0,0.9536009430885315,0.046399135142564774
98,9,0,0,0.7440236806869507,0.2559763193130493
98,10,0,0,0.7377555966377258,0.26224440336227417
98,11,0,0,0.9817422032356262,0.018257860094308853
98,12,1,1,0.0264753345400095,0.9735246896743774
98,13,0,0,0.9798303842544556,0.02016959898173809
98,14,0,0,0.9841700792312622,0.015829917043447495
98,15,0,1,0.4358898103237152,0.5641102194786072
98,16,0,0,0.9727874398231506,0.027212532237172127
98,17,0,0,0.9644222259521484,0.03557784482836723
98,18,0,0,0.9039461016654968,0.09605393558740616
98,19,0,1,0.3345453143119812,0.6654547452926636
99,0,0,0,0.8637523055076599,0.13624770939350128
99,1,0,0,0.694150447845459,0.305849552154541
99,2,0,0,0.6287307739257812,0.37126919627189636
99,3,1,0,0.6605268716812134,0.3394731283187866
99,4,0,0,0.6639018058776855,0.3360981345176697
99,5,0,0,0.7668970823287964,0.23310290277004242
99,6,0,0,0.7234780192375183,0.2765219807624817
99,7,1,0,0.6287307739257812,0.37126919627189636
99,8,0,0,0.5361113548278809,0.46388861536979675
99,9,0,0,0.74078369140625,0.2592163383960724
99,10,0,0,0.8456878662109375,0.15431207418441772
99,11,0,0,0.8736249804496765,0.1263750195503235
99,12,1,0,0.5562849640846252,0.44371497631073
99,13,0,0,0.7826502323150635,0.2173498123884201
99,14,0,0,0.8715564608573914,0.12844352424144745
99,15,0,0,0.6631542444229126,0.336845725774765
99,16,0,0,0.7672693729400635,0.23273062705993652
99,17,0,0,0.7672693729400635,0.23273062705993652
99,18,0,1,0.34786272048950195,0.6521373391151428
99,19,0,0,0.6605268716812134,0.33947309851646423
100,0,0,0,0.872953474521637,0.12704648077487946
100,1,0,0,0.835686445236206,0.16431358456611633
100,2,0,1,0.1321408897638321,0.8678591251373291
100,3,1,1,0.12773196399211884,0.8722680807113647
100,4,0,0,0.5363746881484985,0.4636252820491791
100,5,0,0,0.845270037651062,0.1547299027442932
100,6,0,0,0.7490847110748291,0.2509152889251709
100,7,1,1,0.13214093446731567,0.8678591251373291
100,8,0,0,0.81830233335495,0.18169765174388885
100,9,0,0,0.8362640142440796,0.16373597085475922
100,10,0,0,0.872953474521637,0.12704648077487946
100,11,0,0,0.8936749696731567,0.10632497817277908
100,12,1,1,0.14612014591693878,0.8538798689842224
100,13,0,0,0.8774133920669556,0.12258658558130264
100,14,0,0,0.8955438733100891,0.10445605963468552
100,15,0,1,0.4805871248245239,0.5194129347801208
100,16,0,0,0.8819010853767395,0.11809885501861572
100,17,0,0,0.8819010853767395,0.1180989071726799
100,18,0,1,0.323258638381958,0.6767413020133972
100,19,0,1,0.12773196399211884,0.8722680807113647
101,0,0,0,0.9016567468643188,0.09834320098161697
101,1,0,0,0.7614772319793701,0.23852276802062988
101,2,0,0,0.5752037167549133,0.4247961938381195
101,3,1,0,0.5836236476898193,0.41637635231018066
101,4,0,0,0.6848097443580627,0.31519022583961487
101,5,0,0,0.8724427819252014,0.12755724787712097
101,6,0,0,0.8065497875213623,0.19345028698444366
101,7,1,0,0.5752037167549133,0.4247962534427643
101,8,0,0,0.7770411968231201,0.22295883297920227
101,9,0,0,0.838913083076477,0.16108694672584534
101,10,0,0,0.9016567468643188,0.09834320098161697
101,11,0,0,0.9105952382087708,0.08940478414297104
101,12,1,0,0.5315551161766052,0.46844497323036194
101,13,0,0,0.8760579824447632,0.12394203245639801
101,14,0,0,0.9008742570877075,0.0991257056593895
101,15,0,0,0.5887299180030823,0.41127005219459534
101,16,0,0,0.7906677722930908,0.2093321979045868
101,17,0,0,0.7741122245788574,0.22588779032230377
101,18,0,0,0.5721580982208252,0.4278418719768524
101,19,0,0,0.5836236476898193,0.41637635231018066
102,0,0,0,0.9764943718910217,0.023505687713623047
102,1,0,0,0.8491888642311096,0.15081113576889038
102,2,0,0,0.5963684320449829,0.40363162755966187
102,3,1,0,0.5790784358978271,0.42092153429985046
102,4,0,0,0.6148856282234192,0.3851143717765808
102,5,0,0,0.9764943718910217,0.02350567653775215
102,6,0,0,0.9438611268997192,0.056138891726732254
102,7,1,0,0.5888734459877014,0.41112661361694336
102,8,0,0,0.9245386123657227,0.07546135783195496
102,9,0,0,0.9191877841949463,0.0808122307062149
102,10,0,0,0.9753729104995728,0.02462702803313732
102,11,0,0,0.9678012728691101,0.0321987047791481
102,12,1,0,0.525204062461853,0.4747958779335022
102,13,0,0,0.9726364612579346,0.02736351639032364
102,14,0,0,0.9802079796791077,0.01979200728237629
102,15,0,0,0.6168206334114075,0.38317933678627014
102,16,0,0,0.910481333732605,0.08951864391565323
102,17,0,1,0.10670965909957886,0.8932903409004211
102,18,0,0,0.7946621775627136,0.20533788204193115
102,19,0,0,0.5790784358978271,0.4209216237068176
103,0,0,0,0.9534613490104675,0.046538710594177246
103,1,0,0,0.9138587117195129,0.08614128082990646
103,2,0,0,0.5883989334106445,0.41160112619400024
103,3,1,0,0.594009518623352,0.4059905707836151
103,4,0,0,0.7626062631607056,0.23739367723464966
103,5,0,0,0.9482905864715576,0.05170945078134537
103,6,0,0,0.9081836342811584,0.09181638807058334
103,7,1,0,0.5883989334106445,0.41160109639167786
103,8,0,0,0.9146757125854492,0.08532429486513138
103,9,0,0,0.9145827889442444,0.08541718870401382
103,10,0,0,0.9253720641136169,0.07462787628173828
103,11,0,0,0.9687817096710205,0.03121831640601158
103,12,1,0,0.5309701561927795,0.46902984380722046
103,13,0,0,0.9348896741867065,0.06511030346155167
103,14,0,0,0.9779947400093079,0.022005315870046616
103,15,0,0,0.7630792260169983,0.23692072927951813
103,16,0,0,0.9203687310218811,0.07963123917579651
103,17,0,0,0.9203687310218811,0.0796312540769577
103,18,0,0,0.8548424243927002,0.14515754580497742
103,19,0,0,0.594009518623352,0.4059905707836151
104,0,0,0,0.8765078783035278,0.12349212169647217
104,1,0,0,0.834531843662262,0.16546820104122162
104,2,0,0,0.5652830004692078,0.43471699953079224
104,3,1,1,0.13387957215309143,0.8661203980445862
104,4,0,0,0.8841233253479004,0.11587672680616379
104,5,0,0,0.8765078783035278,0.12349212169647217
104,6,0,0,0.8765579462051392,0.12344200909137726
104,7,1,1,0.37132805585861206,0.6286720037460327
104,8,0,0,0.869085431098938,0.130914568901062
104,9,0,0,0.7208898067474365,0.27911028265953064
104,10,0,0,0.812534749507904,0.18746522068977356
104,11,0,0,0.8726189136505127,0.12738101184368134
104,12,1,1,0.2970007658004761,0.7029992341995239
104,13,0,0,0.8329281806945801,0.16707183420658112
104,14,0,0,0.8397954702377319,0.16020448505878448
104,15,0,0,0.8841233253479004,0.11587672680616379
104,16,0,0,0.8627049326896667,0.13729512691497803
104,17,0,0,0.8627049326896667,0.13729512691497803
104,18,0,0,0.6540107727050781,0.3459891974925995
104,19,0,1,0.154616117477417,0.845383882522583
105,0,0,0,0.8882034420967102,0.1117965579032898
105,1,0,0,0.5377191305160522,0.46228089928627014
105,2,0,1,0.15278281271457672,0.8472172617912292
105,3,1,1,0.13812637329101562,0.8618736267089844
105,4,0,0,0.663016676902771,0.336983323097229
105,5,0,0,0.8842388987541199,0.11576113849878311
105,6,0,0,0.6790191531181335,0.32098084688186646
105,7,1,1,0.15278278291225433,0.8472172617912292
105,8,0,0,0.6144008040428162,0.38559916615486145
105,9,0,1,0.4287773072719574,0.571222722530365
105,10,0,0,0.7615330815315247,0.2384669929742813
105,11,0,0,0.8608040809631348,0.13919596374034882
105,12,1,1,0.16990672051906586,0.830093264579773
105,13,0,1,0.4614206850528717,0.5385792851448059
105,14,0,0,0.7538699507713318,0.24613000452518463
105,15,0,0,0.6640466451644897,0.3359532952308655
105,16,0,0,0.7263351678848267,0.2736648619174957
105,17,0,1,0.36627283692359924,0.6337272524833679
105,18,0,1,0.35788512229919434,0.6421148777008057
105,19,0,1,0.13812637329101562,0.8618736267089844
106,0,0,0,0.8282468914985657,0.17175312340259552
106,1,0,0,0.8357009887695312,0.16429893672466278
106,2,0,0,0.5141175389289856,0.48588240146636963
106,3,1,0,0.5326206088066101,0.46737948060035706
106,4,0,0,0.5808484554290771,0.4191514551639557
106,5,0,0,0.799385666847229,0.2006143480539322
106,6,0,0,0.7534992098808289,0.24650079011917114
106,7,1,0,0.5141175985336304,0.48588240146636963
106,8,0,0,0.8854554891586304,0.11454449594020844
106,9,0,0,0.7967123985290527,0.20328760147094727
106,10,0,0,0.8301851749420166,0.16981476545333862
106,11,0,0,0.7474095821380615,0.25259047746658325
106,12,1,1,0.46763530373573303,0.5323647260665894
106,13,0,0,0.8263682723045349,0.17363178730010986
106,14,0,0,0.8219900131225586,0.1780099719762802
106,15,0,0,0.5808484554290771,0.4191514849662781
106,16,0,0,0.8526962995529175,0.14730368554592133
106,17,0,0,0.8556295037269592,0.14437051117420197
106,18,0,0,0.5787221193313599,0.4212779104709625
106,19,0,0,0.5326206088066101,0.4673793911933899
107,0,0,0,0.9233574271202087,0.07664253562688828
107,1,0,0,0.9124752879142761,0.08752471953630447
107,2,0,0,0.6539167761802673,0.3460831642150879
107,3,1,1,0.3167033791542053,0.6832965612411499
107,4,0,0,0.7572768926620483,0.24272312223911285
107,5,0,0,0.8849697709083557,0.11503022909164429
107,6,0,0,0.7990620732307434,0.2009378969669342
107,7,1,0,0.6509683132171631,0.3490317463874817
107,8,0,0,0.9410950541496277,0.05890493094921112
107,9,0,0,0.9214577078819275,0.07854226231575012
107,10,0,0,0.9213056564331055,0.07869432121515274
107,11,0,0,0.9235880970954895,0.0764118954539299
107,12,1,1,0.054320815950632095,0.9456791281700134
107,13,0,0,0.9243614673614502,0.07563858479261398
107,14,0,0,0.9505645036697388,0.04943551868200302
107,15,0,0,0.7572768926620483,0.24272312223911285
107,16,0,0,0.9393670558929443,0.06063288822770119
107,17,0,0,0.9258995056152344,0.07410046458244324
107,18,0,1,0.3472358286380768,0.6527641415596008
107,19,0,1,0.3167034089565277,0.6832965612411499
108,0,0,0,0.9000582695007324,0.09994170814752579
108,1,0,0,0.8914340138435364,0.10856597870588303
108,2,0,0,0.5130481123924255,0.4869518578052521
108,3,1,1,0.12293317168951035,0.8770669102668762
108,4,0,0,0.6421277523040771,0.35787224769592285
108,5,0,0,0.9051390886306763,0.09486088156700134
108,6,0,0,0.7521955370903015,0.24780450761318207
108,7,1,1,0.2394936978816986,0.760506272315979
108,8,0,0,0.9353954792022705,0.0646045133471489
108,9,0,0,0.7875032424926758,0.2124967724084854
108,10,0,0,0.8192476034164429,0.18075236678123474
108,11,0,0,0.9010556936264038,0.098944291472435
108,12,1,1,0.2603618800640106,0.7396380305290222
108,13,0,0,0.8744235038757324,0.12557652592658997
108,14,0,0,0.9005778431892395,0.0994221493601799
108,15,0,0,0.6416542530059814,0.3583456873893738
108,16,0,0,0.9084435105323792,0.09155651926994324
108,17,0,0,0.9132183194160461,0.08678163588047028
108,18,0,0,0.6136072874069214,0.3863927125930786
108,19,0,1,0.182991161942482,0.8170088529586792
109,0,0,0,0.9606419801712036,0.03935806080698967
109,1,0,0,0.8796594738960266,0.12034052610397339
109,2,0,0,0.6372187733650208,0.3627811670303345
109,3,1,0,0.6556052565574646,0.3443947434425354
109,4,0,1,0.38999882340431213,0.6100011467933655
109,5,0,0,0.9633142352104187,0.03668571636080742
109,6,0,0,0.84241783618927,0.15758216381072998
109,7,1,0,0.5853142738342285,0.41468575596809387
109,8,0,1,0.41035711765289307,0.5896428227424622
109,9,0,0,0.6347987651824951,0.3652012050151825
109,10,0,0,0.8691571950912476,0.13084279000759125
109,11,0,0,0.9733226895332336,0.026677319779992104
109,12,1,0,0.5533403158187866,0.446659654378891
109,13,0,0,0.8504171371459961,0.1495828777551651
109,14,0,0,0.9879040122032166,0.012096032500267029
109,15,0,1,0.39587095379829407,0.6041290760040283
109,16,0,0,0.8395050168037415,0.16049493849277496
109,17,0,0,0.8725191950798035,0.12748084962368011
109,18,0,0,0.8645610809326172,0.13543888926506042
109,19,0,0,0.6971074938774109,0.3028925061225891
110,0,0,0,0.7491703033447266,0.2508297264575958
110,1,0,0,0.8622048497200012,0.13779522478580475
110,2,0,0,0.6067137718200684,0.39328619837760925
110,3,1,0,0.6225942969322205,0.37740564346313477
110,4,0,0,0.6768936514854431,0.3231063187122345
110,5,0,0,0.9885285496711731,0.011471386067569256
110,6,0,0,0.6843550801277161,0.3156449496746063
110,7,1,0,0.566258430480957,0.43374156951904297
110,8,0,0,0.8439281582832336,0.15607185661792755
110,9,0,0,0.7531904578208923,0.24680957198143005
110,10,0,0,0.7569304704666138,0.24306949973106384
110,11,0,0,0.9876188039779663,0.012381172738969326
110,12,1,0,0.5455042719841003,0.4544956386089325
110,13,0,0,0.6413818001747131,0.3586181700229645
110,14,0,0,0.9951561689376831,0.004843855742365122
110,15,0,0,0.6587114930152893,0.3412884473800659
110,16,0,0,0.8324880003929138,0.1675119698047638
110,17,0,0,0.8581566214561462,0.14184334874153137
110,18,0,0,0.8205666542053223,0.17943328619003296
110,19,0,0,0.6517057418823242,0.3482942581176758
111,0,0,0,0.9256578087806702,0.07434217631816864
111,1,0,0,0.5522187352180481,0.4477812945842743
111,2,0,1,0.2274526208639145,0.7725473642349243
111,3,1,1,0.10212858021259308,0.8978714346885681
111,4,0,0,0.846517026424408,0.15348298847675323
111,5,0,0,0.9515658617019653,0.048434145748615265
111,6,0,0,0.9135239124298096,0.08647608757019043
111,7,1,1,0.21484436094760895,0.7851555943489075
111,8,0,0,0.5540110468864441,0.4459889829158783
111,9,0,0,0.6946882605552673,0.3053117096424103
111,10,0,0,0.9256578087806702,0.07434218376874924
111,11,0,0,0.95814049243927,0.04185958206653595
111,12,1,1,0.07927124947309494,0.9207288026809692
111,13,0,0,0.9386748671531677,0.06132512539625168
111,14,0,0,0.977848470211029,0.022151492536067963
111,15,0,0,0.846517026424408,0.15348298847675323
111,16,0,0,0.7596034407615662,0.24039646983146667
111,17,0,0,0.7356497049331665,0.26435020565986633
111,18,0,0,0.508438766002655,0.4915612041950226
111,19,0,1,0.13335978984832764,0.8666402697563171
112,0,0,0,0.9315469264984131,0.06845305860042572
112,1,0,0,0.5878884792327881,0.4121115505695343
112,2,0,0,0.5052193999290466,0.49478062987327576
112,3,1,1,0.09886395186185837,0.901136040687561
112,4,0,0,0.721886157989502,0.27811387181282043
112,5,0,0,0.9700717329978943,0.029928265139460564
112,6,0,0,0.8820563554763794,0.11794362962245941
112,7,1,1,0.33329078555107117,0.6667091846466064
112,8,0,1,0.2648615539073944,0.7351384162902832
112,9,0,0,0.90674889087677,0.09325113892555237
112,10,0,0,0.9335847496986389,0.06641523540019989
112,11,0,0,0.9710198044776917,0.028980152681469917
112,12,1,1,0.21784067153930664,0.7821593284606934
112,13,0,0,0.9374051690101624,0.06259489804506302
112,14,0,0,0.9809756278991699,0.019024372100830078
112,15,0,0,0.6931187510490417,0.30688127875328064
112,16,0,0,0.8627954125404358,0.1372046023607254
112,17,0,0,0.8368386030197144,0.16316145658493042
112,18,0,1,0.4861416518688202,0.5138582587242126
112,19,0,1,0.42307838797569275,0.5769216418266296
113,0,0,0,0.9189503788948059,0.08104968816041946
113,1,0,0,0.7175041437149048,0.28249579668045044
113,2,0,0,0.7356212735176086,0.26437872648239136
113,3,1,0,0.6616114974021912,0.3383885324001312
113,4,0,0,0.9184419512748718,0.08155807107686996
113,5,0,0,0.9632079601287842,0.03679201751947403
113,6,0,0,0.9184419512748718,0.08155807107686996
113,7,1,0,0.5867565870285034,0.4132434129714966
113,8,0,0,0.6674111485481262,0.3325888514518738
113,9,0,0,0.9192240834236145,0.0807759165763855
113,10,0,0,0.9182980060577393,0.08170199394226074
113,11,0,0,0.9635031223297119,0.03649688512086868
113,12,1,0,0.5416868925094604,0.45831313729286194
113,13,0,0,0.9323323369026184,0.0676676407456398
113,14,0,0,0.9722542762756348,0.027745742350816727
113,15,0,1,0.09039431810379028,0.9096056818962097
113,16,0,0,0.8829821944236755,0.11701785773038864
113,17,0,0,0.8664146661758423,0.13358525931835175
113,18,0,0,0.7104645371437073,0.2895355224609375
113,19,0,0,0.8008387088775635,0.19916121661663055
114,0,0,0,0.9541180729866028,0.04588191583752632
114,1,0,1,0.3565633296966553,0.6434366703033447
114,2,0,0,0.5629388689994812,0.4370611310005188
114,3,1,1,0.12650400400161743,0.8734959363937378
114,4,0,0,0.6637746691703796,0.336225301027298
114,5,0,0,0.9796367287635803,0.020363248884677887
114,6,0,0,0.6637746691703796,0.33622536063194275
114,7,1,1,0.3503473699092865,0.6496526002883911
114,8,0,1,0.42359939217567444,0.5764005780220032
114,9,0,0,0.955935001373291,0.0440649539232254
114,10,0,0,0.9469478130340576,0.053052183240652084
114,11,0,0,0.9767582416534424,0.023241780698299408
114,12,1,1,0.403883159160614,0.5961169004440308
114,13,0,0,0.9554796814918518,0.0445202998816967
114,14,0,0,0.9883291721343994,0.011670862324535847
114,15,0,0,0.6566521525382996,0.34334781765937805
114,16,0,0,0.9220961332321167,0.07790384441614151
114,17,0,1,0.3565633296966553,0.6434366703033447
114,18,0,0,0.5986601710319519,0.4013397991657257
114,19,0,1,0.3246607780456543,0.6753392219543457
115,0,0,0,0.8175482749938965,0.18245165050029755
115,1,0,0,0.675994873046875,0.324005126953125
115,2,0,0,0.6795222759246826,0.32047775387763977
115,3,1,0,0.7071576118469238,0.292842298746109
115,4,0,0,0.8666998147964478,0.13330022990703583
115,5,0,0,0.9712892770767212,0.02871072106063366
115,6,0,0,0.8666998147964478,0.13330021500587463
115,7,1,0,0.665855348110199,0.3341446816921234
115,8,0,0,0.6531739234924316,0.34682610630989075
115,9,0,0,0.6516448259353638,0.3483552038669586
115,10,0,0,0.7960239052772522,0.203976109623909
115,11,0,0,0.95952969789505,0.04047030955553055
115,12,1,0,0.5854464769363403,0.41455352306365967
115,13,0,0,0.7711294293403625,0.22887054085731506
115,14,0,0,0.9887323379516602,0.0112676452845335
115,15,0,0,0.8493375778198242,0.15066243708133698
115,16,0,0,0.7483375668525696,0.2516624629497528
115,17,0,0,0.5868661999702454,0.41313380002975464
115,18,0,0,0.6797884106636047,0.32021158933639526
115,19,0,0,0.675919771194458,0.3240801692008972
116,0,0,0,0.9782826900482178,0.021717244759202003
116,1,0,0,0.7349783778190613,0.2650216817855835
116,2,0,1,0.2231825739145279,0.7768173813819885
116,3,1,1,0.029439358040690422,0.970560610294342
116,4,0,1,0.20658650994300842,0.7934134602546692
116,5,0,0,0.9791675806045532,0.020832426846027374
116,6,0,1,0.20658650994300842,0.7934134602546692
116,7,1,1,0.17559491097927094,0.8244050741195679
116,8,0,0,0.758840024471283,0.24115988612174988
116,9,0,0,0.9789953827857971,0.02100459486246109
116,10,0,0,0.9719160199165344,0.02808401733636856
116,11,0,0,0.9820839166641235,0.017916137352585793
116,12,1,1,0.3936555087566376,0.60634446144104
116,13,0,0,0.9792094230651855,0.020790623500943184
116,14,0,1,0.22668196260929108,0.7733180522918701
116,15,0,1,0.25432127714157104,0.745678722858429
116,16,0,0,0.9618043899536133,0.03819556161761284
116,17,0,1,0.3688996434211731,0.6311003565788269
116,18,0,0,0.7836704850196838,0.2163294553756714
116,19,0,0,0.9477323889732361,0.05226755887269974
117,0,0,0,0.8754372000694275,0.1245628371834755
117,1,0,0,0.885087251663208,0.11491281539201736
117,2,0,1,0.16072985529899597,0.8392701745033264
117,3,1,1,0.16072985529899597,0.8392701148986816
117,4,0,0,0.914082944393158,0.08591704070568085
117,5,0,0,0.8662908673286438,0.133709117770195
117,6,0,0,0.9140828847885132,0.08591707050800323
117,7,1,1,0.1865566074848175,0.8134433627128601
117,8,0,0,0.8969919681549072,0.10300799459218979
117,9,0,0,0.872066855430603,0.12793311476707458
117,10,0,0,0.9021857380867004,0.09781428426504135
117,11,0,0,0.8855775594711304,0.11442244052886963
117,12,1,1,0.42422300577163696,0.5757769346237183
117,13,0,0,0.8880888819694519,0.11191107332706451
117,14,0,0,0.8093181848526001,0.1906818300485611
117,15,0,0,0.9273263216018677,0.07267363369464874
117,16,0,0,0.8999598026275635,0.10004016757011414
117,17,0,0,0.885087251663208,0.11491276323795319
117,18,0,1,0.22892829775810242,0.77107173204422
117,19,0,0,0.8226995468139648,0.17730045318603516
118,0,0,0,0.9095752835273743,0.09042475372552872
118,1,0,0,0.8304766416549683,0.16952335834503174
118,2,0,0,0.834969699382782,0.1650303155183792
118,3,1,0,0.8229408264160156,0.17705917358398438
118,4,0,0,0.9273806810379028,0.07261934876441956
118,5,0,0,0.895319938659668,0.10468009114265442
118,6,0,0,0.9273806810379028,0.07261934876441956
118,7,1,1,0.30252107977867126,0.6974788904190063
118,8,0,0,0.7653844356536865,0.23461554944515228
118,9,0,0,0.8479743003845215,0.1520257294178009
118,10,0,0,0.8907065987586975,0.10929334908723831
118,11,0,0,0.8719815611839294,0.12801848351955414
118,12,1,1,0.4237101376056671,0.5762898921966553
118,13,0,0,0.8978739380836487,0.10212606936693192
118,14,0,0,0.8691547513008118,0.13084527850151062
118,15,0,1,0.04617449641227722,0.9538254737854004
118,16,0,0,0.8777045607566833,0.12229543924331665
118,17,0,0,0.7384917140007019,0.2615082561969757
118,18,0,0,0.7501143217086792,0.2498856484889984
118,19,0,0,0.6713555455207825,0.32864442467689514
119,0,0,0,0.9557743668556213,0.04422560706734657
119,1,0,0,0.6126053929328918,0.38739457726478577
119,2,0,1,0.339437335729599,0.6605626344680786
119,3,1,1,0.28303927183151245,0.7169607281684875
119,4,0,0,0.8855255246162415,0.11447451263666153
119,5,0,0,0.9798983335494995,0.020101677626371384
119,6,0,0,0.9678475856781006,0.03215241804718971
119,7,1,1,0.33342841267585754,0.6665715575218201
119,8,0,0,0.8494898080825806,0.15051016211509705
119,9,0,0,0.9480066299438477,0.05199339613318443
119,10,0,0,0.9394438862800598,0.06055619195103645
119,11,0,0,0.9747889637947083,0.025210987776517868
119,12,1,1,0.3867111802101135,0.6132887601852417
119,13,0,0,0.9629359841346741,0.03706403076648712
119,14,0,0,0.9817036986351013,0.018296360969543457
119,15,0,0,0.7296879291534424,0.27031204104423523
119,16,0,0,0.8494898080825806,0.15051016211509705
119,17,0,0,0.6126053929328918,0.38739460706710815
119,18,0,0,0.7110974788665771,0.28890252113342285
119,19,0,0,0.6775121688842773,0.32248783111572266
120,0,0,0,0.8442301750183105,0.15576976537704468
120,1,0,0,0.8132619261741638,0.18673811852931976
120,2,0,1,0.25600287318229675,0.7439971566200256
120,3,1,1,0.023763496428728104,0.9762365221977234
120,4,0,0,0.8349820375442505,0.16501790285110474
120,5,0,0,0.9875290393829346,0.01247093454003334
120,6,0,0,0.990378737449646,0.009621212258934975
120,7,1,1,0.15975016355514526,0.8402498364448547
120,8,0,0,0.6177191734313965,0.38228076696395874
120,9,0,0,0.8152560591697693,0.18474391102790833
120,10,0,0,0.8215962052345276,0.1784038096666336
120,11,0,0,0.9873352646827698,0.012664680369198322
120,12,1,1,0.42565762996673584,0.5743423700332642
120,13,0,0,0.8458373546600342,0.1541626751422882
120,14,0,0,0.9928471446037292,0.007152876816689968
120,15,0,0,0.5081247687339783,0.4918753206729889
120,16,0,0,0.8179113268852234,0.1820887327194214
120,17,0,0,0.8021507859230042,0.19784919917583466
120,18,0,0,0.6003770232200623,0.39962300658226013
120,19,0,1,0.3595118820667267,0.6404880881309509
121,0,0,0,0.9479579925537109,0.052041999995708466
121,1,0,0,0.7866723537445068,0.21332767605781555
121,2,0,1,0.10578595846891403,0.8942140936851501
121,3,1,1,0.036260198801755905,0.963739812374115
121,4,0,0,0.9134598970413208,0.08654016256332397
121,5,0,0,0.9577876925468445,0.0422123447060585
121,6,0,0,0.8531419634819031,0.14685802161693573
121,7,1,1,0.05938855558633804,0.9406114220619202
121,8,0,0,0.8465016484260559,0.15349836647510529
121,9,0,0,0.889305055141449,0.1106950119137764
121,10,0,0,0.932334303855896,0.06766565889120102
121,11,0,0,0.9478027820587158,0.05219724029302597
121,12,1,1,0.40565750002861023,0.5943424701690674
121,13,0,0,0.9563621282577515,0.04363792762160301
121,14,0,0,0.9545162916183472,0.045483723282814026
121,15,0,0,0.8510409593582153,0.14895901083946228
121,16,0,0,0.838158905506134,0.16184101998806
121,17,0,0,0.7866723537445068,0.21332767605781555
121,18,0,0,0.5078058242797852,0.49219414591789246
121,19,0,0,0.9424821734428406,0.05751783028244972
122,0,0,0,0.899182915687561,0.10081709176301956
122,1,0,0,0.8466613292694092,0.15333867073059082
122,2,0,1,0.031824443489313126,0.9681755304336548
122,3,1,1,0.0180030670017004,0.9819969534873962
122,4,0,0,0.8831555843353271,0.11684447526931763
122,5,0,0,0.9167695045471191,0.08323042839765549
122,6,0,0,0.8810275793075562,0.11897244304418564
122,7,1,1,0.023315133526921272,0.9766849279403687
122,8,0,0,0.807793378829956,0.19220659136772156
122,9,0,0,0.9011337161064148,0.09886626154184341
122,10,0,1,0.3272644579410553,0.6727356314659119
122,11,0,0,0.8321292996406555,0.16787073016166687
122,12,1,1,0.485465407371521,0.514534592628479
122,13,0,1,0.32163000106811523,0.6783699989318848
122,14,0,0,0.9053030014038086,0.0946969985961914
122,15,0,0,0.8844512701034546,0.1155487447977066
122,16,0,0,0.8458936214447021,0.15410637855529785
122,17,0,0,0.8470937609672546,0.15290619432926178
122,18,0,0,0.7935738563537598,0.20642614364624023
122,19,0,1,0.021886635571718216,0.9781133532524109
123,0,0,0,0.9606950879096985,0.0393049456179142
123,1,0,0,0.7390404939651489,0.2609595060348511
123,2,0,1,0.06332062184810638,0.9366793632507324
123,3,1,1,0.03979480639100075,0.9602051973342896
123,4,0,0,0.9213802814483643,0.07861977815628052
123,5,0,0,0.9752888679504395,0.024711132049560547
123,6,0,0,0.9328177571296692,0.06718230247497559
123,7,1,1,0.04206032305955887,0.9579396843910217
123,8,0,0,0.7886670231819153,0.21133296191692352
123,9,0,0,0.9418051838874817,0.05819481983780861
123,10,0,0,0.9580870866775513,0.04191294312477112
123,11,0,0,0.9586851000785828,0.041314829140901566
123,12,1,1,0.40733352303504944,0.5926664471626282
123,13,0,0,0.9688289165496826,0.031171077862381935
123,14,0,0,0.9742868542671204,0.02571316435933113
123,15,0,0,0.9212750196456909,0.07872496545314789
123,16,0,0,0.81032395362854,0.18967606127262115
123,17,0,1,0.08322180807590485,0.9167781472206116
123,18,0,0,0.7636359930038452,0.2363639920949936
123,19,0,0,0.7265926599502563,0.27340736985206604
124,0,0,0,0.9127024412155151,0.08729752153158188
124,1,0,0,0.8551315665245056,0.1448683887720108
124,2,0,1,0.04470863938331604,0.9552913308143616
124,3,1,1,0.04470861703157425,0.9552913308143616
124,4,0,0,0.8107074499130249,0.1892925500869751
124,5,0,0,0.9175902009010315,0.08240971714258194
124,6,0,0,0.7617131471633911,0.23828692734241486
124,7,1,1,0.0737118050456047,0.9262882471084595
124,8,0,0,0.8555275201797485,0.14447249472141266
124,9,0,0,0.9097438454627991,0.09025608748197556
124,10,0,0,0.9018388986587524,0.09816102683544159
124,11,0,0,0.8929064869880676,0.10709353536367416
124,12,1,1,0.4070312976837158,0.592968761920929
124,13,0,0,0.9156890511512756,0.08431099355220795
124,14,0,0,0.9039409160614014,0.09605910629034042
124,15,0,0,0.841730535030365,0.158269464969635
124,16,0,0,0.8544829487800598,0.145517036318779
124,17,0,0,0.8551315665245056,0.1448683887720108
124,18,0,0,0.8458211421966553,0.15417887270450592
124,19,0,0,0.8469843864440918,0.1530156135559082
125,0,0,0,0.9599301815032959,0.04006987810134888
125,1,0,0,0.8656627535820007,0.13433727622032166
125,2,0,0,0.5533931851387024,0.4466068744659424
125,3,1,0,0.5038285851478577,0.49617138504981995
125,4,0,0,0.9646236300468445,0.0353764072060585
125,5,0,0,0.9695304036140442,0.030469529330730438
125,6,0,0,0.9659383893013,0.03406156599521637
125,7,1,1,0.4570460021495819,0.5429539680480957
125,8,0,0,0.8872434496879578,0.11275655031204224
125,9,0,0,0.9536396265029907,0.04636041074991226
125,10,0,0,0.9536402821540833,0.04635968059301376
125,11,0,0,0.9637355804443359,0.03626444190740585
125,12,1,1,0.48526257276535034,0.5147374272346497
125,13,0,0,0.9707786440849304,0.02922132983803749
125,14,0,0,0.9819540977478027,0.01804589480161667
125,15,0,0,0.901785135269165,0.09821489453315735
125,16,0,0,0.8667001724243164,0.1332998126745224
125,17,0,0,0.8537746071815491,0.14622534811496735
125,18,0,0,0.8188285827636719,0.1811714470386505
125,19,0,0,0.8619670271873474,0.13803301751613617
126,0,0,0,0.932456374168396,0.06754358112812042
126,1,0,0,0.9270215630531311,0.07297845184803009
126,2,0,0,0.7316238880157471,0.26837605237960815
126,3,1,0,0.6651936173439026,0.3348063826560974
126,4,0,0,0.9509643912315369,0.04903566837310791
126,5,0,0,0.9462703466415405,0.05372963100671768
126,6,0,0,0.9571415781974792,0.04285847023129463
126,7,1,1,0.452097088098526,0.5479029417037964
126,8,0,0,0.9079108834266663,0.09208911657333374
126,9,0,0,0.918492317199707,0.0815076157450676
126,10,0,0,0.9285277724266052,0.07147214561700821
126,11,0,0,0.938904881477356,0.06109518185257912
126,12,1,1,0.3148869574069977,0.6851130127906799
126,13,0,0,0.9442796111106873,0.055720388889312744
126,14,0,0,0.969090461730957,0.030909491702914238
126,15,0,0,0.916172981262207,0.08382704854011536
126,16,0,0,0.9242948293685913,0.07570518553256989
126,17,0,0,0.9097906947135925,0.09020929783582687
126,18,0,0,0.9295943975448608,0.07040558755397797
126,19,0,0,0.8249818086624146,0.17501825094223022
127,0,0,0,0.9844642281532288,0.01553571131080389
127,1,0,0,0.6474934816360474,0.35250648856163025
127,2,0,1,0.08617442101240158,0.9138255715370178
127,3,1,1,0.03998994827270508,0.9600100517272949
127,4,0,0,0.9741652607917786,0.025834744796156883
127,5,0,0,0.983608067035675,0.016391973942518234
127,6,0,0,0.9685388803482056,0.03146117553114891
127,7,1,1,0.05056581273674965,0.9494341611862183
127,8,0,1,0.16538044810295105,0.8346195816993713
127,9,0,0,0.9826133847236633,0.01738664321601391
127,10,0,0,0.9844642281532288,0.015535703860223293
127,11,0,0,0.980059802532196,0.019940247759222984
127,12,1,1,0.05621134489774704,0.9437886476516724
127,13,0,0,0.984609842300415,0.015390148386359215
127,14,0,0,0.9869215488433838,0.013078482821583748
127,15,0,0,0.9403899312019348,0.059610072523355484
127,16,0,0,0.5350983738899231,0.4649016559123993
127,17,0,1,0.35713061690330505,0.6428693532943726
127,18,0,1,0.333926260471344,0.666073739528656
127,19,0,1,0.0465465784072876,0.9534534215927124
128,0,0,0,0.9866369962692261,0.0133630046620965
128,1,0,0,0.8917890787124634,0.10821092873811722
128,2,0,1,0.4405088722705841,0.5594911575317383
128,3,1,1,0.03122524544596672,0.9687747359275818
128,4,0,0,0.9850784540176392,0.014921536669135094
128,5,0,0,0.9862152934074402,0.01378474198281765
128,6,0,0,0.9783949851989746,0.021604977548122406
128,7,1,1,0.41770505905151367,0.5822949409484863
128,8,0,0,0.9365739226341248,0.06342611461877823
128,9,0,0,0.9832115769386292,0.016788385808467865
128,10,0,0,0.9859824776649475,0.014017539098858833
128,11,0,0,0.9846256971359253,0.015374377369880676
128,12,1,1,0.01960879936814308,0.980391263961792
128,13,0,0,0.9873247146606445,0.012675238773226738
128,14,0,0,0.9902604222297668,0.009739529341459274
128,15,0,0,0.9318267107009888,0.06817327439785004
128,16,0,0,0.8917890191078186,0.10821094363927841
128,17,0,1,0.22248151898384094,0.7775184512138367
128,18,0,1,0.23345373570919037,0.7665463089942932
128,19,0,0,0.9578761458396912,0.042123887687921524
129,0,0,0,0.9152082800865173,0.08479174226522446
129,1,0,0,0.8278578519821167,0.17214219272136688
129,2,0,1,0.06334271281957626,0.9366573095321655
129,3,1,1,0.01956852898001671,0.9804314970970154
129,4,0,0,0.9492236971855164,0.05077623575925827
129,5,0,0,0.9578238725662231,0.04217611253261566
129,6,0,0,0.9580535888671875,0.04194635525345802
129,7,1,1,0.029516197741031647,0.9704838395118713
129,8,0,0,0.8403164744377136,0.15968352556228638
129,9,0,0,0.9001404047012329,0.09985967725515366
129,10,0,0,0.9054181575775146,0.09458177536725998
129,11,0,0,0.9542049169540405,0.045795127749443054
129,12,1,1,0.029864752665162086,0.9701352119445801
129,13,0,0,0.9589974880218506,0.0410025529563427
129,14,0,0,0.9603387713432312,0.039661236107349396
129,15,0,0,0.9505067467689514,0.04949318990111351
129,16,0,0,0.8212842345237732,0.17871573567390442
129,17,0,0,0.7679338455200195,0.23206622898578644
129,18,0,0,0.82443767786026,0.17556233704090118
129,19,0,0,0.8792914748191833,0.12070845067501068
130,0,0,0,0.9244943261146545,0.07550565153360367
130,1,0,0,0.9458492994308472,0.054150719195604324
130,2,0,1,0.15246547758579254,0.8475344777107239
130,3,1,1,0.019103018566966057,0.9808969497680664
130,4,0,1,0.4979498088359833,0.5020501613616943
130,5,0,0,0.8665396571159363,0.13346035778522491
130,6,0,0,0.8191608786582947,0.18083907663822174
130,7,1,1,0.03081444464623928,0.9691855311393738
130,8,0,0,0.9127022624015808,0.08729776740074158
130,9,0,0,0.9516932964324951,0.048306744545698166
130,10,0,0,0.9547243118286133,0.04527568072080612
130,11,0,0,0.9210940599441528,0.07890592515468597
130,12,1,1,0.017430132254958153,0.9825698733329773
130,13,0,0,0.9447522163391113,0.05524782836437225
130,14,0,1,0.21489271521568298,0.7851072549819946
130,15,0,0,0.7918168306350708,0.2081831842660904
130,16,0,0,0.9458492994308472,0.054150693118572235
130,17,0,0,0.838899552822113,0.16110040247440338
130,18,0,0,0.9549432396888733,0.045056816190481186
130,19,0,0,0.9420344829559326,0.057965539395809174
131,0,0,0,0.9453181624412537,0.05468175932765007
131,1,0,0,0.9096965789794922,0.09030335396528244
131,2,0,1,0.06599335372447968,0.9340066313743591
131,3,1,1,0.038250334560871124,0.9617497324943542
131,4,0,0,0.9680511951446533,0.03194880485534668
131,5,0,0,0.968153178691864,0.03184682875871658
131,6,0,0,0.9752477407455444,0.02475229650735855
131,7,1,1,0.05364235118031502,0.9463576674461365
131,8,0,0,0.915138304233551,0.08486166596412659
131,9,0,0,0.9578987956047058,0.04210125654935837
131,10,0,0,0.9341509342193604,0.06584908813238144
131,11,0,0,0.9389067888259888,0.061093296855688095
131,12,1,1,0.04107581079006195,0.9589241147041321
131,13,0,1,0.46995073556900024,0.5300493240356445
131,14,0,0,0.9809277653694153,0.019072191789746284
131,15,0,0,0.928684651851654,0.07131534069776535
131,16,0,0,0.8621959686279297,0.1378040462732315
131,17,0,0,0.9185321927070618,0.08146785199642181
131,18,0,0,0.6949077248573303,0.3050922155380249
131,19,0,0,0.9385892152786255,0.06141083687543869
132,0,0,0,0.9369781613349915,0.06302186846733093
132,1,0,0,0.9627673029899597,0.03723273053765297
132,2,0,1,0.19609464704990387,0.8039053678512573
132,3,1,1,0.01651695743203163,0.983483076095581
132,4,0,0,0.9282097220420837,0.07179033011198044
132,5,0,0,0.9540112018585205,0.04598882049322128
132,6,0,0,0.9322331547737122,0.06776680052280426
132,7,1,1,0.1882300078868866,0.8117700219154358
132,8,0,0,0.5866022706031799,0.41339772939682007
132,9,0,0,0.8031889200210571,0.19681106507778168
132,10,0,0,0.9699332118034363,0.03006676398217678
132,11,0,0,0.9499460458755493,0.05005395784974098
132,12,1,1,0.01156428549438715,0.9884357452392578
132,13,0,0,0.9071221947669983,0.0928778350353241
132,14,0,0,0.9806556701660156,0.019344376400113106
132,15,0,0,0.919592559337616,0.08040741086006165
132,16,0,0,0.9627671837806702,0.037232741713523865
132,17,0,0,0.5682549476623535,0.4317450523376465
132,18,0,0,0.9802844524383545,0.019715480506420135
132,19,0,0,0.5980058908462524,0.40199413895606995
133,0,0,0,0.9188576340675354,0.08114229142665863
133,1,0,0,0.8497916460037231,0.1502082794904709
133,2,0,1,0.4378167986869812,0.5621832013130188
133,3,1,1,0.029640350490808487,0.9703596830368042
133,4,0,0,0.9681524038314819,0.031847577542066574
133,5,0,0,0.9671643376350403,0.032835669815540314
133,6,0,0,0.9664319157600403,0.03356802836060524
133,7,1,1,0.1361541450023651,0.8638458251953125
133,8,0,1,0.4123646020889282,0.5876354575157166
133,9,0,0,0.6661839485168457,0.3338160514831543
133,10,0,0,0.9410505294799805,0.05894947797060013
133,11,0,0,0.9633786678314209,0.036621373146772385
133,12,1,1,0.11563809961080551,0.8843619227409363
133,13,0,0,0.9629058837890625,0.0370941236615181
133,14,0,0,0.9699643850326538,0.03003557398915291
133,15,0,0,0.9664669036865234,0.033533092588186264
133,16,0,0,0.8497916460037231,0.1502082794904709
133,17,0,1,0.4288979470729828,0.5711020231246948
133,18,0,0,0.9561924934387207,0.04380748048424721
133,19,0,1,0.26397016644477844,0.736029863357544
134,0,0,0,0.9317985773086548,0.06820139288902283
134,1,0,0,0.9324085116386414,0.06759151816368103
134,2,0,1,0.042279381304979324,0.9577206373214722
134,3,1,1,0.016141366213560104,0.9838586449623108
134,4,0,0,0.8948000073432922,0.10519996285438538
134,5,0,0,0.9103988409042358,0.08960110694169998
134,6,0,0,0.9072195291519165,0.09278051555156708
134,7,1,1,0.03126073628664017,0.9687392711639404
134,8,0,0,0.9380165338516235,0.06198348104953766
134,9,0,0,0.9566677212715149,0.04333223029971123
134,10,0,0,0.926775336265564,0.07322461158037186
134,11,0,0,0.9162547588348389,0.0837453156709671
134,12,1,1,0.021897243335843086,0.9781027436256409
134,13,0,0,0.9370332360267639,0.0629667416214943
134,14,0,0,0.9051212668418884,0.0948786661028862
134,15,0,0,0.8668650388717651,0.1331349015235901
134,16,0,0,0.9324083924293518,0.06759154051542282
134,17,0,0,0.9123817086219788,0.08761833608150482
134,18,0,0,0.9269503951072693,0.07304967939853668
134,19,0,0,0.9492143988609314,0.050785645842552185
135,0,0,0,0.9448408484458923,0.05515916645526886
135,1,0,0,0.929387092590332,0.0706128478050232
135,2,0,1,0.026892973110079765,0.9731070399284363
135,3,1,1,0.010846653021872044,0.9891533255577087
135,4,0,0,0.9071309566497803,0.09286905080080032
135,5,0,0,0.9246635437011719,0.07533640414476395
135,6,0,0,0.9124320149421692,0.0875680148601532
135,7,1,1,0.02020467072725296,0.9797953367233276
135,8,0,0,0.9383337497711182,0.06166621670126915
135,9,0,0,0.9345280528068542,0.06547198444604874
135,10,0,0,0.9418430328369141,0.05815697833895683
135,11,0,0,0.8706396818161011,0.12936028838157654
135,12,1,1,0.015046868473291397,0.9849531054496765
135,13,0,0,0.9261631369590759,0.0738367810845375
135,14,0,0,0.9165616035461426,0.0834384635090828
135,15,0,0,0.6869701147079468,0.31302985548973083
135,16,0,0,0.929387092590332,0.07061286270618439
135,17,0,0,0.8347052335739136,0.16529478132724762
135,18,0,0,0.9266086220741272,0.07339134812355042
135,19,0,0,0.978278636932373,0.021721353754401207
136,0,0,0,0.9523540735244751,0.04764588922262192
136,1,0,0,0.9674299955368042,0.03256998956203461
136,2,0,0,0.7357635498046875,0.2642364203929901
136,3,1,1,0.2436152994632721,0.7563846707344055
136,4,0,0,0.9313970804214478,0.06860297918319702
136,5,0,0,0.965294361114502,0.034705646336078644
136,6,0,0,0.9406660795211792,0.0593339279294014
136,7,1,0,0.7956206202507019,0.2043793499469757
136,8,0,0,0.9234048128128052,0.07659521698951721
136,9,0,1,0.4402194917201996,0.5597805380821228
136,10,0,0,0.9717074036598206,0.028292620554566383
136,11,0,0,0.963171124458313,0.03682885691523552
136,12,1,1,0.01762344129383564,0.9823765754699707
136,13,0,0,0.9768893122673035,0.02311072126030922
136,14,0,0,0.982696533203125,0.017303476110100746
136,15,0,0,0.8989124894142151,0.1010875403881073
136,16,0,0,0.9674299955368042,0.03256998211145401
136,17,0,0,0.9488245248794556,0.05117547884583473
136,18,0,0,0.9766669273376465,0.023333095014095306
136,19,0,0,0.5369907021522522,0.4630093276500702
137,0,0,0,0.9229263067245483,0.07707376778125763
137,1,0,0,0.90668785572052,0.09331215918064117
137,2,0,1,0.39439305663108826,0.6056069135665894
137,3,1,1,0.023697596043348312,0.9763023853302002
137,4,0,0,0.8835265040397644,0.11647352576255798
137,5,0,0,0.9303029775619507,0.0696970596909523
137,6,0,0,0.8318861126899719,0.1681138575077057
137,7,1,1,0.03718607500195503,0.9628139734268188
137,8,0,0,0.6065948009490967,0.3934051990509033
137,9,0,0,0.5901645421981812,0.4098355174064636
137,10,0,0,0.946941077709198,0.05305900052189827
137,11,0,0,0.9497277140617371,0.050272248685359955
137,12,1,1,0.02967497706413269,0.9703249931335449
137,13,0,0,0.9475173354148865,0.05248260498046875
137,14,0,0,0.9430715441703796,0.056928470730781555
137,15,0,0,0.9146599769592285,0.08534001559019089
137,16,0,0,0.72389817237854,0.2761017978191376
137,17,0,0,0.7094011902809143,0.2905987799167633
137,18,0,0,0.9607371091842651,0.03926283121109009
137,19,0,0,0.741940438747406,0.258059561252594
138,0,0,0,0.9119679927825928,0.08803198486566544
138,1,0,0,0.9234116077423096,0.07658842951059341
138,2,0,0,0.8009976148605347,0.19900238513946533
138,3,1,1,0.3777281939983368,0.6222718358039856
138,4,0,0,0.8850167989730835,0.11498314142227173
138,5,0,0,0.8870406150817871,0.11295939981937408
138,6,0,0,0.8812845349311829,0.11871547251939774
138,7,1,1,0.03773661330342293,0.9622634053230286
138,8,0,0,0.9119679927825928,0.08803198486566544
138,9,0,0,0.8540520071983337,0.14594799280166626
138,10,0,0,0.9207473993301392,0.07925259321928024
138,11,0,0,0.8988412618637085,0.10115870833396912
138,12,1,1,0.03773661330342293,0.9622634053230286
138,13,0,0,0.9034543633460999,0.09654560685157776
138,14,0,0,0.9003791213035583,0.09962090104818344
138,15,0,0,0.8970229625701904,0.10297700017690659
138,16,0,0,0.9181932210922241,0.08180680125951767
138,17,0,0,0.9181932210922241,0.08180680125951767
138,18,0,0,0.9025686979293823,0.09743129462003708
138,19,0,0,0.8416613340377808,0.15833863615989685
139,0,0,0,0.8827162384986877,0.11728374660015106
139,1,0,0,0.9694787859916687,0.030521228909492493
139,2,0,0,0.6769401431083679,0.3230598568916321
139,3,1,1,0.016478991135954857,0.9835209846496582
139,4,0,0,0.7636895179748535,0.2363104522228241
139,5,0,0,0.9497033357620239,0.050296686589717865
139,6,0,0,0.6374607682228088,0.3625391721725464
139,7,1,1,0.01839788444340229,0.981602132320404
139,8,0,0,0.8584121465682983,0.14158786833286285
139,9,0,0,0.877853274345398,0.12214669585227966
139,10,0,0,0.9770455360412598,0.022954493761062622
139,11,0,0,0.9719914793968201,0.028008533641695976
139,12,1,1,0.018397878855466843,0.981602132320404
139,13,0,0,0.98114013671875,0.018859844654798508
139,14,0,0,0.9785559177398682,0.02144407480955124
139,15,0,1,0.2806588411331177,0.7193411588668823
139,16,0,0,0.891452968120575,0.10854703933000565
139,17,0,0,0.891452968120575,0.10854703933000565
139,18,0,0,0.9813473224639893,0.018652617931365967
139,19,0,0,0.8964089751243591,0.10359104722738266
140,0,0,0,0.8579128980636597,0.14208710193634033
140,1,0,0,0.9501911997795105,0.04980884864926338
140,2,0,0,0.8544724583625793,0.14552754163742065
140,3,1,1,0.036974284797906876,0.9630257487297058
140,4,0,0,0.7419923543930054,0.25800764560699463
140,5,0,0,0.9536152482032776,0.04638473317027092
140,6,0,0,0.6444075703620911,0.35559242963790894
140,7,1,1,0.11061742901802063,0.889382541179657
140,8,0,0,0.847244381904602,0.15275566279888153
140,9,0,0,0.8529999852180481,0.1469999998807907
140,10,0,0,0.9763103723526001,0.023689672350883484
140,11,0,0,0.9717673659324646,0.028232615441083908
140,12,1,1,0.05604519695043564,0.9439547657966614
140,13,0,0,0.9828977584838867,0.017102213576436043
140,14,0,0,0.978234589099884,0.021765394136309624
140,15,0,1,0.49891164898872375,0.5010883808135986
140,16,0,0,0.8128101825714111,0.18718984723091125
140,17,0,0,0.8366436958312988,0.16335634887218475
140,18,0,0,0.982743501663208,0.017256487160921097
140,19,0,0,0.837381899356842,0.16261810064315796
141,0,0,0,0.9310972690582275,0.06890270859003067
141,1,0,0,0.9627254605293274,0.037274569272994995
141,2,0,0,0.8539925813674927,0.14600740373134613
141,3,1,1,0.007316524628549814,0.992683470249176
141,4,0,0,0.9189804792404175,0.0810195580124855
141,5,0,0,0.9278753399848938,0.0721246525645256
141,6,0,0,0.9365121126174927,0.06348783522844315
141,7,1,1,0.011881913058459759,0.9881181120872498
141,8,0,0,0.9264766573905945,0.07352332025766373
141,9,0,0,0.9467412233352661,0.05325881764292717
141,10,0,0,0.9616520404815674,0.038347963243722916
141,11,0,0,0.8960216045379639,0.10397844016551971
141,12,1,1,0.007316524628549814,0.992683470249176
141,13,0,0,0.9611815214157104,0.038818515837192535
141,14,0,0,0.9672370553016663,0.03276299312710762
141,15,0,0,0.8010267019271851,0.19897331297397614
141,16,0,0,0.9370532035827637,0.06294684112071991
141,17,0,0,0.9370532035827637,0.06294684112071991
141,18,0,0,0.9687244296073914,0.03127564489841461
141,19,0,0,0.9560510516166687,0.04394889995455742
142,0,0,0,0.9304443597793579,0.06955564022064209
142,1,0,0,0.9468480348587036,0.053151894360780716
142,2,0,0,0.9122494459152222,0.08775054663419724
142,3,1,1,0.24439942836761475,0.7556005716323853
142,4,0,0,0.962107241153717,0.03789283707737923
142,5,0,0,0.9756265878677368,0.024373404681682587
142,6,0,0,0.9683002829551697,0.03169966861605644
142,7,1,1,0.314287394285202,0.6857126355171204
142,8,0,0,0.9282682538032532,0.071731798350811
142,9,0,0,0.9254415035247803,0.07455851137638092
142,10,0,0,0.9708234667778015,0.02917652204632759
142,11,0,0,0.9737836718559265,0.026216354221105576
142,12,1,1,0.24439941346645355,0.7556005716323853
142,13,0,0,0.9815400242805481,0.018459996208548546
142,14,0,0,0.9832563400268555,0.0167437382042408
142,15,0,0,0.930768609046936,0.06923137605190277
142,16,0,0,0.9121244549751282,0.08787555992603302
142,17,0,0,0.9231873154640198,0.076812744140625
142,18,0,0,0.9857960939407349,0.01420387253165245
142,19,0,0,0.9116092920303345,0.08839064836502075
143,0,0,0,0.9693738222122192,0.03062625229358673
143,1,0,0,0.9741595983505249,0.02584036812186241
143,2,0,0,0.9431847929954529,0.05681518837809563
143,3,1,1,0.03244570270180702,0.9675543308258057
143,4,0,0,0.7334874868392944,0.26651254296302795
143,5,0,0,0.9183134436607361,0.08168657124042511
143,6,0,0,0.7342836856842041,0.2657163143157959
143,7,1,1,0.053153567016124725,0.9468464851379395
143,8,0,0,0.9689223766326904,0.031077707186341286
143,9,0,0,0.9645463228225708,0.0354536771774292
143,10,0,0,0.9730490446090698,0.026950934901833534
143,11,0,0,0.9565179347991943,0.043482065200805664
143,12,1,1,0.032445695251226425,0.9675543308258057
143,13,0,0,0.9541246891021729,0.04587533324956894
143,14,0,0,0.935359001159668,0.06464102119207382
143,15,0,0,0.8551120162010193,0.1448879987001419
143,16,0,0,0.9720953106880188,0.02790471352636814
143,17,0,0,0.9720953106880188,0.02790471352636814
143,18,0,0,0.9619378447532654,0.03806215897202492
143,19,0,0,0.9700068831443787,0.029993057250976562
144,0,0,0,0.8265678882598877,0.1734321117401123
144,1,0,0,0.869879961013794,0.13012011349201202
144,2,0,0,0.8454921841621399,0.1545078605413437
144,3,1,1,0.02006758376955986,0.9799324870109558
144,4,0,0,0.8812994956970215,0.11870045959949493
144,5,0,0,0.8949543833732605,0.10504563897848129
144,6,0,0,0.896661102771759,0.10333890467882156
144,7,1,1,0.029395675286650658,0.9706043004989624
144,8,0,0,0.8531377911567688,0.1468622237443924
144,9,0,0,0.8181278109550476,0.18187224864959717
144,10,0,0,0.891224205493927,0.10877576470375061
144,11,0,0,0.8633382320404053,0.13666173815727234
144,12,1,1,0.02006758376955986,0.9799324870109558
144,13,0,0,0.9084324836730957,0.0915675237774849
144,14,0,0,0.8942340016365051,0.10576599091291428
144,15,0,0,0.7134796380996704,0.2865203619003296
144,16,0,0,0.854178786277771,0.14582125842571259
144,17,0,0,0.8608211874961853,0.13917876780033112
144,18,0,0,0.9204890131950378,0.07951092720031738
144,19,0,0,0.8372923135757446,0.16270774602890015
145,0,0,0,0.9307952523231506,0.06920479238033295
145,1,0,0,0.9428108930587769,0.05718908831477165
145,2,0,1,0.012405726127326488,0.9875942468643188
145,3,1,1,0.01710638217628002,0.9828936457633972
145,4,0,0,0.8270003795623779,0.17299960553646088
145,5,0,0,0.8272339701652527,0.17276602983474731
145,6,0,0,0.8362547159194946,0.16374528408050537
145,7,1,1,0.023156901821494102,0.9768431186676025
145,8,0,0,0.9201744794845581,0.07982546836137772
145,9,0,0,0.7370354533195496,0.2629645764827728
145,10,0,0,0.8950155973434448,0.10498439520597458
145,11,0,0,0.7885681390762329,0.2114318162202835
145,12,1,1,0.011584049090743065,0.9884159564971924
145,13,0,0,0.7767255306243896,0.22327439486980438
145,14,0,0,0.7946040630340576,0.20539599657058716
145,15,0,0,0.8301182389259338,0.16988174617290497
145,16,0,0,0.9365330338478088,0.06346694380044937
145,17,0,0,0.8278034925460815,0.17219652235507965
145,18,0,0,0.7034052014350891,0.2965947389602661
145,19,0,0,0.7263990640640259,0.2736009657382965
146,0,0,0,0.7738990783691406,0.22610090672969818
146,1,0,0,0.8802815675735474,0.11971845477819443
146,2,0,1,0.024149779230356216,0.9758502840995789
146,3,1,1,0.01353472750633955,0.986465334892273
146,4,0,0,0.9537976980209351,0.04620230197906494
146,5,0,0,0.9490893483161926,0.050910674035549164
146,6,0,0,0.9638913869857788,0.03610862046480179
146,7,1,1,0.018924850970506668,0.9810751080513
146,8,0,0,0.8721761703491211,0.12782378494739532
146,9,0,0,0.9131169319152832,0.08688312768936157
146,10,0,0,0.9384617209434509,0.061538293957710266
146,11,0,0,0.9169406890869141,0.08305934816598892
146,12,1,1,0.010659005492925644,0.9893409609794617
146,13,0,0,0.9647803902626038,0.03521960228681564
146,14,0,0,0.972995400428772,0.0270045455545187
146,15,0,0,0.937024712562561,0.06297527998685837
146,16,0,0,0.8586717247962952,0.14132831990718842
146,17,0,0,0.8738794326782227,0.12612052261829376
146,18,0,0,0.9708239436149597,0.02917606383562088
146,19,0,0,0.7749271392822266,0.22507290542125702
147,0,0,0,0.8559412956237793,0.1440587043762207
147,1,0,0,0.8103629350662231,0.18963706493377686
147,2,0,1,0.09919290989637375,0.9008071422576904
147,3,1,1,0.016757315024733543,0.9832426905632019
147,4,0,0,0.9302897453308105,0.06971022486686707
147,5,0,0,0.8809956312179565,0.11900429427623749
147,6,0,0,0.810176432132721,0.18982353806495667
147,7,1,1,0.03987729549407959,0.9601226449012756
147,8,0,0,0.8520815968513489,0.14791838824748993
147,9,0,0,0.7290399074554443,0.27096009254455566
147,10,0,0,0.92522132396698,0.07477863878011703
147,11,0,0,0.8719758987426758,0.12802408635616302
147,12,1,1,0.01675732433795929,0.9832426905632019
147,13,0,0,0.9378033876419067,0.06219664588570595
147,14,0,0,0.9445189237594604,0.05548108369112015
147,15,0,1,0.4631904661655426,0.5368095636367798
147,16,0,0,0.8611389994621277,0.1388610452413559
147,17,0,0,0.8126176595687866,0.187382310628891
147,18,0,0,0.9560401439666748,0.043959856033325195
147,19,0,0,0.6216661930084229,0.37833383679389954
148,0,0,0,0.9347217679023743,0.06527829170227051
148,1,0,0,0.9420648813247681,0.05793510377407074
148,2,0,1,0.06562362611293793,0.9343764185905457
148,3,1,1,0.012715318240225315,0.9872846007347107
148,4,0,0,0.9780810475349426,0.021918924525380135
148,5,0,0,0.9754624962806702,0.024537526071071625
148,6,0,0,0.9794767498970032,0.02052329294383526
148,7,1,1,0.03076614812016487,0.9692338109016418
148,8,0,0,0.9139950275421143,0.08600491285324097
148,9,0,0,0.8981027007102966,0.1018972396850586
148,10,0,0,0.9579582810401917,0.04204168915748596
148,11,0,0,0.9251478314399719,0.07485219091176987
148,12,1,1,0.012715318240225315,0.9872846007347107
148,13,0,0,0.9746382236480713,0.025361761450767517
148,14,0,0,0.9812633991241455,0.018736541271209717
148,15,0,0,0.9141429662704468,0.08585707098245621
148,16,0,0,0.9420648813247681,0.05793510377407074
148,17,0,0,0.9367387890815735,0.06326122581958771
148,18,0,0,0.9726430773735046,0.027356937527656555
148,19,0,0,0.8421087265014648,0.15789128839969635
149,0,0,0,0.9300418496131897,0.0699581429362297
149,1,0,0,0.9417712688446045,0.058228783309459686
149,2,0,1,0.13704156875610352,0.8629583716392517
149,3,1,1,0.04511290043592453,0.9548871517181396
149,4,0,0,0.8716614246368408,0.12833859026432037
149,5,0,0,0.8657313585281372,0.13426867127418518
149,6,0,0,0.8153408765792847,0.18465910851955414
149,7,1,1,0.046761322766542435,0.9532386660575867
149,8,0,0,0.9022825956344604,0.09771741926670074
149,9,0,0,0.9397135972976685,0.06028640642762184
149,10,0,0,0.9244980812072754,0.0755019411444664
149,11,0,0,0.8740066289901733,0.12599337100982666
149,12,1,1,0.00903323758393526,0.9909667372703552
149,13,0,0,0.806384265422821,0.19361577928066254
149,14,0,0,0.8562033772468567,0.1437966674566269
149,15,0,0,0.8528801798820496,0.14711983501911163
149,16,0,0,0.9417712688446045,0.058228783309459686
149,17,0,0,0.9364196062088013,0.06358040869235992
149,18,0,0,0.8026487231254578,0.19735121726989746
149,19,0,0,0.8216250538825989,0.17837494611740112
150,0,0,0,0.9666038751602173,0.0333961620926857
150,1,0,0,0.971264660358429,0.028735371306538582
150,2,0,1,0.08989866077899933,0.9101013541221619
150,3,1,1,0.02548273280262947,0.974517285823822
150,4,0,0,0.9628006815910339,0.037199344485998154
150,5,0,0,0.9614832997322083,0.03851672634482384
150,6,0,0,0.9598603248596191,0.04013970494270325
150,7,1,1,0.054387468844652176,0.9456124901771545
150,8,0,0,0.9438945651054382,0.056105393916368484
150,9,0,0,0.925969660282135,0.07403039932250977
150,10,0,0,0.9667258858680725,0.033274173736572266
150,11,0,0,0.9503821730613708,0.04961787536740303
150,12,1,1,0.033817727118730545,0.966182291507721
150,13,0,0,0.9587017893791199,0.04129825532436371
150,14,0,0,0.963711142539978,0.03628890961408615
150,15,0,0,0.9452506303787231,0.05474933981895447
150,16,0,0,0.971264660358429,0.028735358268022537
150,17,0,0,0.9676361680030823,0.0323638841509819
150,18,0,0,0.9606019258499146,0.039398036897182465
150,19,0,0,0.9272834062576294,0.07271656394004822
151,0,0,0,0.9306485056877136,0.06935146450996399
151,1,0,0,0.8818626403808594,0.11813735216856003
151,2,0,1,0.03888348862528801,0.9611165523529053
151,3,1,1,0.015254723839461803,0.9847453236579895
151,4,0,0,0.8011232614517212,0.1988767832517624
151,5,0,0,0.867964506149292,0.1320355385541916
151,6,0,0,0.6811181902885437,0.3188818395137787
151,7,1,1,0.03784489259123802,0.9621551036834717
151,8,0,0,0.9108759164810181,0.08912410587072372
151,9,0,0,0.931885302066803,0.06811468303203583
151,10,0,0,0.9238271117210388,0.07617290318012238
151,11,0,0,0.879966139793396,0.12003381550312042
151,12,1,1,0.011502368375658989,0.9884976148605347
151,13,0,0,0.7048220038414001,0.29517799615859985
151,14,0,0,0.8349035978317261,0.16509641706943512
151,15,0,0,0.8542078137397766,0.14579211175441742
151,16,0,0,0.9239134788513184,0.07608643919229507
151,17,0,0,0.9307740926742554,0.06922593712806702
151,18,0,0,0.67795729637146,0.3220427632331848
151,19,0,0,0.9064145088195801,0.09358549863100052
152,0,0,0,0.8394138216972351,0.1605861932039261
152,1,0,0,0.8277773857116699,0.17222259938716888
152,2,0,1,0.13650140166282654,0.8634985685348511
152,3,1,1,0.06189463287591934,0.9381054043769836
152,4,0,0,0.8256454467773438,0.17435452342033386
152,5,0,0,0.7936186790466309,0.20638129115104675
152,6,0,0,0.8351711630821228,0.1648288071155548
152,7,1,1,0.061166878789663315,0.9388331174850464
152,8,0,0,0.7990405559539795,0.2009594440460205
152,9,0,1,0.13035829365253448,0.8696416616439819
152,10,0,0,0.8402031660079956,0.15979675948619843
152,11,0,0,0.6530357599258423,0.3469642400741577
152,12,1,1,0.07333425432443619,0.926665723323822
152,13,0,0,0.8238024115562439,0.17619752883911133
152,14,0,0,0.8399792909622192,0.1600206345319748
152,15,0,0,0.6133466362953186,0.3866533935070038
152,16,0,0,0.8461273312568665,0.15387268364429474
152,17,0,0,0.8394138216972351,0.16058622300624847
152,18,0,0,0.7848138213157654,0.2151861935853958
152,19,0,1,0.42382317781448364,0.5761767625808716
153,0,0,0,0.8822597861289978,0.11774025112390518
153,1,0,0,0.9084243178367615,0.09157565236091614
153,2,0,1,0.06445397436618805,0.9355460405349731
153,3,1,1,0.040614139288663864,0.959385871887207
153,4,0,0,0.9935629367828369,0.006437120959162712
153,5,0,0,0.9920302629470825,0.007969681173563004
153,6,0,0,0.9936047196388245,0.006395362317562103
153,7,1,1,0.07889625430107117,0.9211037755012512
153,8,0,0,0.8873922824859619,0.11260770261287689
153,9,0,0,0.5697399973869324,0.43025997281074524
153,10,0,0,0.9824035167694092,0.017596466466784477
153,11,0,0,0.9332546591758728,0.0667453184723854
153,12,1,1,0.05707366764545441,0.942926287651062
153,13,0,0,0.9924752116203308,0.0075248125940561295
153,14,0,0,0.9940014481544495,0.005998512730002403
153,15,0,0,0.9427592754364014,0.057240668684244156
153,16,0,0,0.9084243178367615,0.09157565236091614
153,17,0,0,0.773249089717865,0.22675089538097382
153,18,0,0,0.9913437366485596,0.008656298741698265
153,19,0,0,0.8422828912734985,0.1577170491218567
154,0,0,0,0.9075397849082947,0.0924602597951889
154,1,0,0,0.9144861698150635,0.08551384508609772
154,2,0,1,0.045519277453422546,0.9544806480407715
154,3,1,1,0.0130859250202775,0.9869140982627869
154,4,0,0,0.9546467661857605,0.04535326361656189
154,5,0,0,0.9732603430747986,0.026739612221717834
154,6,0,0,0.8220149874687195,0.17798499763011932
154,7,1,1,0.022669121623039246,0.9773309230804443
154,8,0,0,0.934521496295929,0.06547845155000687
154,9,0,0,0.7315458655357361,0.2684541344642639
154,10,0,0,0.9650132060050964,0.03498675301671028
154,11,0,0,0.9228637218475342,0.07713627815246582
154,12,1,1,0.009510627947747707,0.9904893636703491
154,13,0,0,0.9751158952713013,0.024884067475795746
154,14,0,0,0.9750179648399353,0.024982038885354996
154,15,0,0,0.931604266166687,0.0683957114815712
154,16,0,0,0.9144861698150635,0.08551384508609772
154,17,0,0,0.9075397849082947,0.0924602597951889
154,18,0,0,0.9779700040817261,0.022030014544725418
154,19,0,0,0.9437429308891296,0.05625714361667633
155,0,0,0,0.8461209535598755,0.1538790464401245
155,1,0,0,0.849084198474884,0.15091580152511597
155,2,0,1,0.12580542266368866,0.8741945028305054
155,3,1,1,0.02431539259850979,0.9756845831871033
155,4,0,0,0.9627838730812073,0.037216052412986755
155,5,0,0,0.9714284539222717,0.02857152186334133
155,6,0,0,0.9571717381477356,0.042828284204006195
155,7,1,1,0.049364123493433,0.9506359100341797
155,8,0,0,0.9190701842308044,0.08092986792325974
155,9,0,1,0.1026151105761528,0.8973849415779114
155,10,0,0,0.9545192122459412,0.04548073187470436
155,11,0,0,0.9283677935600281,0.07163219898939133
155,12,1,1,0.014741946943104267,0.9852580428123474
155,13,0,0,0.9726003408432007,0.027399690821766853
155,14,0,0,0.9717009663581848,0.028299085795879364
155,15,0,0,0.9405441284179688,0.059455785900354385
155,16,0,0,0.8603535294532776,0.13964642584323883
155,17,0,0,0.7389008402824402,0.2610992193222046
155,18,0,0,0.9719060659408569,0.028093881905078888
155,19,0,0,0.9360417723655701,0.06395822763442993
156,0,0,0,0.9303314685821533,0.06966853886842728
156,1,0,0,0.9377734661102295,0.06222652271389961
156,2,0,0,0.5922133922576904,0.4077865779399872
156,3,1,1,0.009410412050783634,0.9905896186828613
156,4,0,0,0.9281091690063477,0.07189081609249115
156,5,0,0,0.9533886909484863,0.04661129042506218
156,6,0,0,0.6633009314537048,0.33669909834861755
156,7,1,1,0.08037722855806351,0.9196228384971619
156,8,0,0,0.9408607482910156,0.05913922190666199
156,9,0,0,0.6025300621986389,0.3974698781967163
156,10,0,0,0.9513627886772156,0.04863724112510681
156,11,0,0,0.9261523485183716,0.07384766638278961
156,12,1,0,0.5772758722305298,0.422724187374115
156,13,0,0,0.9487904906272888,0.051209524273872375
156,14,0,0,0.9281091690063477,0.07189080119132996
156,15,0,0,0.9273052215576172,0.0726948156952858
156,16,0,0,0.9377734661102295,0.06222652271389961
156,17,0,0,0.9377734661102295,0.06222652271389961
156,18,0,0,0.945530354976654,0.05446965992450714
156,19,0,0,0.9383610486984253,0.06163892149925232
157,0,0,0,0.9342753291130066,0.06572463363409042
157,1,0,0,0.9360617399215698,0.06393831968307495
157,2,0,1,0.13489139080047607,0.8651086091995239
157,3,1,1,0.02665223553776741,0.9733477830886841
157,4,0,0,0.9034380912780762,0.09656191617250443
157,5,0,0,0.8905706405639648,0.10942934453487396
157,6,0,0,0.911472737789154,0.08852732926607132
157,7,1,1,0.03798845037817955,0.9620115756988525
157,8,0,1,0.49887359142303467,0.5011264085769653
157,9,0,1,0.1092212125658989,0.8907787799835205
157,10,0,0,0.9169406890869141,0.08305927366018295
157,11,0,1,0.33821555972099304,0.6617844104766846
157,12,1,1,0.03626139834523201,0.9637385606765747
157,13,0,0,0.8171762228012085,0.18282374739646912
157,14,0,0,0.9022578597068787,0.09774217009544373
157,15,0,1,0.3061317801475525,0.6938682198524475
157,16,0,0,0.9360617399215698,0.06393831968307495
157,17,0,0,0.7575244903564453,0.24247555434703827
157,18,0,0,0.8324870467185974,0.16751296818256378
157,19,0,1,0.4549800157546997,0.5450199842453003
158,0,0,0,0.7892377972602844,0.21076221764087677
158,1,0,0,0.7959173917770386,0.20408262312412262
158,2,0,1,0.09316384047269821,0.9068361520767212
158,3,1,1,0.018876444548368454,0.9811235070228577
158,4,0,0,0.8773040771484375,0.1226959377527237
158,5,0,0,0.8773040771484375,0.1226959377527237
158,6,0,0,0.8875659704208374,0.1124340146780014
158,7,1,1,0.04132508859038353,0.958674967288971
158,8,0,0,0.6774444580078125,0.3225555121898651
158,9,0,1,0.07855138927698135,0.9214485883712769
158,10,0,0,0.8082661628723145,0.19173380732536316
158,11,0,0,0.6801086068153381,0.3198913335800171
158,12,1,1,0.01128446776419878,0.9887155890464783
158,13,0,0,0.8567444682121277,0.14325553178787231
158,14,0,0,0.8773040771484375,0.12269594520330429
158,15,0,0,0.612416684627533,0.38758334517478943
158,16,0,0,0.7959173917770386,0.20408262312412262
158,17,0,0,0.6218968033790588,0.37810322642326355
158,18,0,0,0.8436101675033569,0.15638984739780426
158,19,0,0,0.7522140145301819,0.24778598546981812
159,0,0,0,0.9483829140663147,0.05161707475781441
159,1,0,0,0.9510501027107239,0.0489499568939209
159,2,0,1,0.10449668765068054,0.8955033421516418
159,3,1,1,0.023221667855978012,0.9767782688140869
159,4,0,0,0.8188584446907043,0.18114154040813446
159,5,0,0,0.8198143243789673,0.18018567562103271
159,6,0,0,0.8212069272994995,0.17879313230514526
159,7,1,1,0.0492381751537323,0.9507618546485901
159,8,0,0,0.9201809763908386,0.07981904596090317
159,9,0,1,0.08332554996013641,0.9166744351387024
159,10,0,0,0.9447279572486877,0.055271994322538376
159,11,0,0,0.8809762001037598,0.11902374774217606
159,12,1,1,0.03171788156032562,0.968282163143158
159,13,0,0,0.8078832626342773,0.19211678206920624
159,14,0,0,0.8164980411529541,0.1835019290447235
159,15,0,0,0.824562132358551,0.17543785274028778
159,16,0,0,0.9510976672172546,0.04890231415629387
159,17,0,0,0.9510976672172546,0.04890231415629387
159,18,0,0,0.8374292850494385,0.1625707447528839
159,19,0,0,0.8360558152198792,0.16394411027431488
160,0,0,0,0.9360077381134033,0.06399224698543549
160,1,0,0,0.9342086315155029,0.06579136848449707
160,2,0,1,0.031468018889427185,0.9685320258140564
160,3,1,1,0.00855177454650402,0.9914482831954956
160,4,0,0,0.7606750726699829,0.23932497203350067
160,5,0,0,0.7665643095970154,0.2334357053041458
160,6,0,0,0.7416661381721497,0.25833389163017273
160,7,1,1,0.0283208005130291,0.9716792702674866
160,8,0,0,0.8913124203681946,0.10868765413761139
160,9,0,0,0.7794967889785767,0.22050319612026215
160,10,0,0,0.9300410151481628,0.06995904445648193
160,11,0,0,0.8860085010528564,0.11399146914482117
160,12,1,0,0.7764927744865417,0.22350721061229706
160,13,0,0,0.748944878578186,0.2510550916194916
160,14,0,0,0.7602726221084595,0.23972740769386292
160,15,0,0,0.8829434514045715,0.11705661565065384
160,16,0,0,0.9411091804504395,0.05889078974723816
160,17,0,0,0.9411091804504395,0.05889078974723816
160,18,0,0,0.7731690406799316,0.22683097422122955
160,19,0,0,0.8766189813613892,0.12338104099035263
161,0,0,0,0.8829910159111023,0.11700901389122009
161,1,0,0,0.8643323183059692,0.135667622089386
161,2,0,0,0.5426523089408875,0.4573476314544678
161,3,1,1,0.3741840422153473,0.6258159279823303
161,4,0,0,0.841641902923584,0.1583581119775772
161,5,0,0,0.841641902923584,0.1583581268787384
161,6,0,0,0.7968753576278687,0.20312467217445374
161,7,1,1,0.43051910400390625,0.5694808959960938
161,8,0,1,0.4111621379852295,0.5888378620147705
161,9,0,1,0.47028058767318726,0.5297194123268127
161,10,0,0,0.8858239054679871,0.11417610943317413
161,11,0,0,0.6332951188087463,0.36670491099357605
161,12,1,1,0.33181238174438477,0.6681875586509705
161,13,0,0,0.8617798089981079,0.1382201761007309
161,14,0,0,0.8467621207237244,0.15323784947395325
161,15,0,1,0.24199604988098145,0.7580040097236633
161,16,0,0,0.8829908967018127,0.11700902134180069
161,17,0,0,0.8829910159111023,0.11700901389122009
161,18,0,0,0.8519775867462158,0.14802241325378418
161,19,0,1,0.3455260992050171,0.6544739007949829
162,0,0,0,0.9251031875610352,0.07489679008722305
162,1,0,0,0.9251031875610352,0.07489679008722305
162,2,0,1,0.29281845688819885,0.7071815729141235
162,3,1,1,0.08389458805322647,0.9161054491996765
162,4,0,0,0.7588736414909363,0.24112635850906372
162,5,0,0,0.758873701095581,0.24112635850906372
162,6,0,0,0.6845144629478455,0.31548547744750977
162,7,1,1,0.1402091681957245,0.8597908616065979
162,8,0,0,0.557637095451355,0.4423629641532898
162,9,0,1,0.2524820566177368,0.747518002986908
162,10,0,0,0.9208223819732666,0.07917765527963638
162,11,0,0,0.8405812978744507,0.1594187468290329
162,12,1,1,0.051790472120046616,0.9482095837593079
162,13,0,0,0.7118021249771118,0.2881978750228882
162,14,0,0,0.7580366134643555,0.24196341633796692
162,15,0,1,0.215844988822937,0.784155011177063
162,16,0,0,0.9231936931610107,0.07680627703666687
162,17,0,0,0.9251031875610352,0.07489679008722305
162,18,0,0,0.7118021249771118,0.2881978750228882
162,19,0,0,0.5521201491355896,0.447879821062088
163,0,0,0,0.5495210289955139,0.4504789412021637
163,1,0,1,0.46945637464523315,0.5305436253547668
163,2,0,0,0.6974379420280457,0.30256199836730957
163,3,1,1,0.4446944296360016,0.555305540561676
163,4,0,0,0.8196559548377991,0.18034404516220093
163,5,0,0,0.8024653792381287,0.19753459095954895
163,6,0,0,0.8139239549636841,0.18607604503631592
163,7,1,1,0.26231157779693604,0.737688422203064
163,8,0,0,0.6060600280761719,0.3939400017261505
163,9,0,0,0.684761106967926,0.315238893032074
163,10,0,0,0.558570146560669,0.44142988324165344
163,11,0,1,0.24206013977527618,0.7579398155212402
163,12,1,1,0.049750279635190964,0.9502497315406799
163,13,0,0,0.8165746927261353,0.18342533707618713
163,14,0,0,0.8196559548377991,0.18034404516220093
163,15,0,1,0.2665104568004608,0.7334895133972168
163,16,0,0,0.5488986372947693,0.4511014223098755
163,17,0,1,0.44881537556648254,0.5511845946311951
163,18,0,0,0.8231574892997742,0.17684245109558105
163,19,0,0,0.6060600280761719,0.3939399719238281
164,0,0,0,0.895804226398468,0.10419581830501556
164,1,0,0,0.902720034122467,0.09727998822927475
164,2,0,1,0.2772097885608673,0.7227902412414551
164,3,1,1,0.04395435377955437,0.9560456275939941
164,4,0,0,0.8363733291625977,0.16362668573856354
164,5,0,0,0.8518181443214417,0.14818181097507477
164,6,0,0,0.8711565732955933,0.12884344160556793
164,7,1,1,0.02887335978448391,0.9711266160011292
164,8,0,0,0.7531566023826599,0.2468433976173401
164,9,0,1,0.054413508623838425,0.9455865025520325
164,10,0,0,0.8917303085327148,0.10826967656612396
164,11,0,0,0.8055631518363953,0.19443683326244354
164,12,1,1,0.02402632124722004,0.9759736657142639
164,13,0,0,0.7363563179969788,0.26364368200302124
164,14,0,0,0.8241405487060547,0.17585940659046173
164,15,0,0,0.6523367166519165,0.3476633131504059
164,16,0,0,0.902720034122467,0.09727998822927475
164,17,0,0,0.9011011123657227,0.09889889508485794
164,18,0,0,0.7641624808311462,0.23583751916885376
164,19,0,0,0.7531566023826599,0.2468433678150177
165,0,0,0,0.9396806359291077,0.06031939387321472
165,1,0,0,0.9396806359291077,0.06031939387321472
165,2,0,1,0.06287181377410889,0.9371281266212463
165,3,1,1,0.029292721301317215,0.9707072973251343
165,4,0,0,0.8079455494880676,0.1920543909072876
165,5,0,0,0.8237921595573425,0.17620785534381866
165,6,0,0,0.8237921595573425,0.17620785534381866
165,7,1,1,0.05995747819542885,0.9400425553321838
165,8,0,1,0.22823351621627808,0.7717664837837219
165,9,0,1,0.4183368384838104,0.5816631317138672
165,10,0,0,0.9374645352363586,0.06253545731306076
165,11,0,0,0.908501148223877,0.09149887412786484
165,12,1,1,0.4062308073043823,0.5937691330909729
165,13,0,0,0.7642051577568054,0.2357948124408722
165,14,0,0,0.7926695942878723,0.20733046531677246
165,15,0,1,0.3624033033847809,0.6375967264175415
165,16,0,0,0.935685932636261,0.06431403011083603
165,17,0,0,0.9332325458526611,0.06676741689443588
165,18,0,0,0.792043149471283,0.20795685052871704
165,19,0,1,0.22823351621627808,0.7717664837837219
166,0,0,0,0.7377614378929138,0.2622385621070862
166,1,0,0,0.5704556703567505,0.4295443594455719
166,2,0,1,0.35759493708610535,0.642405092716217
166,3,1,1,0.03499038517475128,0.9650096893310547
166,4,0,0,0.7629820704460144,0.23701795935630798
166,5,0,0,0.7769079804420471,0.22309206426143646
166,6,0,0,0.7631332278251648,0.2368667870759964
166,7,1,1,0.2687479257583618,0.7312520742416382
166,8,0,1,0.17562103271484375,0.8243789076805115
166,9,0,1,0.3038957417011261,0.6961042881011963
166,10,0,0,0.6482295989990234,0.35177040100097656
166,11,0,1,0.4663999080657959,0.5336001515388489
166,12,1,1,0.22988750040531158,0.7701124548912048
166,13,0,0,0.7045091986656189,0.2954908311367035
166,14,0,0,0.7562657594680786,0.24373425543308258
166,15,0,1,0.25360560417175293,0.7463943958282471
166,16,0,0,0.7377614378929138,0.2622385621070862
166,17,0,1,0.4840627908706665,0.5159371495246887
166,18,0,0,0.7482613325119019,0.25173869729042053
166,19,0,1,0.3542230725288391,0.6457769870758057
167,0,0,0,0.9372883439064026,0.06271166354417801
167,1,0,0,0.9372883439064026,0.06271166354417801
167,2,0,1,0.04132641851902008,0.9586735963821411
167,3,1,1,0.02793891169130802,0.972061038017273
167,4,0,0,0.7155275344848633,0.2844724953174591
167,5,0,0,0.7020111083984375,0.2979888617992401
167,6,0,0,0.7020111083984375,0.2979888617992401
167,7,1,1,0.06890537589788437,0.9310946464538574
167,8,0,1,0.4061873257160187,0.5938127040863037
167,9,0,1,0.36814215779304504,0.6318578720092773
167,10,0,0,0.9326826930046082,0.06731723248958588
167,11,0,0,0.916347086429596,0.08365289121866226
167,12,1,1,0.1743425726890564,0.8256573677062988
167,13,0,0,0.6644307971000671,0.33556923270225525
167,14,0,0,0.7120725512504578,0.28792744874954224
167,15,0,1,0.35773831605911255,0.6422616839408875
167,16,0,0,0.9372883439064026,0.06271164864301682
167,17,0,0,0.9326826930046082,0.06731723248958588
167,18,0,0,0.7032918930053711,0.2967081367969513
167,19,0,1,0.2606717050075531,0.7393282651901245
168,0,0,0,0.8248598575592041,0.1751401424407959
168,1,0,0,0.8214799165725708,0.1785200536251068
168,2,0,1,0.2206617295742035,0.7793383002281189
168,3,1,1,0.0539267435669899,0.9460732340812683
168,4,0,0,0.6875148415565491,0.31248509883880615
168,5,0,0,0.7057801485061646,0.2942197918891907
168,6,0,0,0.7037692070007324,0.29623085260391235
168,7,1,1,0.08721506595611572,0.912784993648529
168,8,0,1,0.04377691447734833,0.9562231302261353
168,9,0,1,0.2130357027053833,0.7869642972946167
168,10,0,1,0.35802581906318665,0.641974151134491
168,11,0,0,0.8331840634346008,0.16681595146656036
168,12,1,1,0.023442914709448814,0.9765571355819702
168,13,0,0,0.6560367941856384,0.3439632058143616
168,14,0,0,0.6875149011611938,0.31248509883880615
168,15,0,1,0.14936500787734985,0.8506350517272949
168,16,0,0,0.8248598575592041,0.1751401424407959
168,17,0,0,0.8075385689735413,0.19246140122413635
168,18,0,0,0.6875149011611938,0.31248509883880615
168,19,0,1,0.1380733996629715,0.8619266748428345
169,0,0,0,0.8776863813400269,0.12231362611055374
169,1,0,0,0.8776863813400269,0.12231361120939255
169,2,0,1,0.13554294407367706,0.8644570112228394
169,3,1,1,0.042908258736133575,0.9570918083190918
169,4,0,0,0.7913923263549805,0.20860765874385834
169,5,0,0,0.7882975935935974,0.21170245110988617
169,6,0,0,0.800810694694519,0.19918932020664215
169,7,1,1,0.05510295182466507,0.9448970556259155
169,8,0,0,0.7350758910179138,0.2649240791797638
169,9,0,1,0.18444430828094482,0.8155557513237
169,10,0,0,0.8734832406044006,0.12651680409908295
169,11,0,0,0.8422466516494751,0.1577533781528473
169,12,1,1,0.021309705451130867,0.9786902666091919
169,13,0,0,0.7586098909378052,0.2413901537656784
169,14,0,0,0.7913923859596252,0.20860759913921356
169,15,0,0,0.8641502261161804,0.13584978878498077
169,16,0,0,0.8776863813400269,0.12231361120939255
169,17,0,0,0.8655225038528442,0.13447745144367218
169,18,0,0,0.7806684374809265,0.2193315476179123
169,19,0,0,0.7350758910179138,0.2649241089820862
170,0,0,0,0.7247551083564758,0.2752448320388794
170,1,0,0,0.7247551083564758,0.2752448618412018
170,2,0,1,0.17776449024677277,0.8222355246543884
170,3,1,1,0.10443203151226044,0.8955680131912231
170,4,0,0,0.7478553056716919,0.2521446943283081
170,5,0,0,0.7547332644462585,0.24526675045490265
170,6,0,0,0.7477824091911316,0.2522176504135132
170,7,1,1,0.09515582025051117,0.9048442244529724
170,8,0,0,0.5706480741500854,0.42935189604759216
170,9,0,1,0.07057017832994461,0.929429829120636
170,10,0,0,0.7507461905479431,0.2492537945508957
170,11,0,0,0.5166403651237488,0.4833596348762512
170,12,1,1,0.10666555166244507,0.8933344483375549
170,13,0,0,0.7292128801345825,0.2707871198654175
170,14,0,0,0.7448447346687317,0.2551552355289459
170,15,0,1,0.3109995126724243,0.6890004277229309
170,16,0,0,0.7247551679611206,0.2752448320388794
170,17,0,0,0.746931791305542,0.253068208694458
170,18,0,0,0.740976095199585,0.25902390480041504
170,19,0,0,0.5706480741500854,0.42935195565223694
171,0,0,0,0.734595000743866,0.26540493965148926
171,1,0,0,0.734595000743866,0.26540493965148926
171,2,0,1,0.05627533048391342,0.9437246322631836
171,3,1,1,0.32164788246154785,0.6783521175384521
171,4,0,0,0.7638038992881775,0.2361961156129837
171,5,0,0,0.7950547337532043,0.20494528114795685
171,6,0,0,0.7950547337532043,0.20494531095027924
171,7,1,1,0.3141011893749237,0.6858987808227539
171,8,0,1,0.39557531476020813,0.604424774646759
171,9,0,1,0.033124327659606934,0.9668757319450378
171,10,0,0,0.6147297620773315,0.38527020812034607
171,11,0,1,0.34724098443984985,0.6527590751647949
171,12,1,1,0.028328800573945045,0.9716712832450867
171,13,0,0,0.7312800288200378,0.26872000098228455
171,14,0,0,0.7789413332939148,0.22105860710144043
171,15,0,0,0.6811637878417969,0.3188363015651703
171,16,0,0,0.7374175786972046,0.2625824213027954
171,17,0,0,0.6147297620773315,0.38527020812034607
171,18,0,0,0.7638038992881775,0.2361961156129837
171,19,0,1,0.39140623807907104,0.608593761920929
172,0,0,0,0.777091920375824,0.2229081094264984
172,1,0,0,0.7689734101295471,0.23102661967277527
172,2,0,1,0.21982553601264954,0.7801744341850281
172,3,1,1,0.04732387140393257,0.9526761770248413
172,4,0,0,0.5222602486610413,0.47773972153663635
172,5,0,0,0.6493110656738281,0.3506889045238495
172,6,0,0,0.6493110656738281,0.3506889045238495
172,7,1,1,0.08253256231546402,0.9174674153327942
172,8,0,0,0.908991277217865,0.09100865572690964
172,9,0,1,0.054968420416116714,0.9450315833091736
172,10,0,0,0.851915717124939,0.14808428287506104
172,11,0,0,0.6152498722076416,0.384750097990036
172,12,1,1,0.027362780645489693,0.9726372361183167
172,13,0,0,0.5557682514190674,0.444231778383255
172,14,0,0,0.5972425937652588,0.4027574360370636
172,15,0,0,0.8689534664154053,0.1310465782880783
172,16,0,0,0.7694964408874512,0.23050354421138763
172,17,0,0,0.7948495745658875,0.20515039563179016
172,18,0,0,0.615656852722168,0.3843431770801544
172,19,0,0,0.9209024310112,0.07909761369228363
173,0,0,0,0.8663346767425537,0.1336652934551239
173,1,0,0,0.8623721599578857,0.13762779533863068
173,2,0,1,0.2355300337076187,0.7644699215888977
173,3,1,1,0.02768946811556816,0.9723105430603027
173,4,0,0,0.6145659685134888,0.38543403148651123
173,5,0,1,0.26291635632514954,0.7370836734771729
173,6,0,0,0.5427206158638,0.4572794437408447
173,7,1,1,0.08560121059417725,0.9143988490104675
173,8,0,0,0.9594870209693909,0.04051298275589943
173,9,0,1,0.20047959685325623,0.7995203733444214
173,10,0,0,0.8956521153450012,0.10434790700674057
173,11,0,0,0.911155641078949,0.08884438127279282
173,12,1,1,0.013048192486166954,0.9869518280029297
173,13,0,1,0.348070353269577,0.6519296169281006
173,14,0,0,0.6199743151664734,0.3800256550312042
173,15,0,0,0.9390987753868103,0.06090117245912552
173,16,0,0,0.8429890275001526,0.1570109724998474
173,17,0,0,0.8959416151046753,0.10405843704938889
173,18,0,0,0.5698872208595276,0.43011271953582764
173,19,0,0,0.9634395837783813,0.03656041994690895
174,0,0,0,0.8561016321182251,0.14389833807945251
174,1,0,0,0.9199791550636292,0.08002086728811264
174,2,0,1,0.2964872419834137,0.7035126686096191
174,3,1,1,0.05999748036265373,0.9400025606155396
174,4,0,0,0.6161751747131348,0.3838248550891876
174,5,0,0,0.6048566102981567,0.39514341950416565
174,6,0,0,0.604856550693512,0.39514338970184326
174,7,1,1,0.2342013418674469,0.7657986283302307
174,8,0,0,0.7865234017372131,0.21347656846046448
174,9,0,1,0.3605697453022003,0.6394302248954773
174,10,0,0,0.9210728406906128,0.0789271667599678
174,11,0,0,0.8592635989189148,0.140736386179924
174,12,1,1,0.03452268987894058,0.9654773473739624
174,13,0,0,0.5881494879722595,0.4118505120277405
174,14,0,0,0.6161751747131348,0.3838248550891876
174,15,0,0,0.8768042325973511,0.12319577485322952
174,16,0,0,0.9398366808891296,0.06016336753964424
174,17,0,0,0.8610654473304749,0.13893452286720276
174,18,0,0,0.6248775124549866,0.3751225471496582
174,19,0,0,0.8105790615081787,0.1894209086894989
175,0,0,1,0.4477047324180603,0.5522952079772949
175,1,0,0,0.8266157507896423,0.17338424921035767
175,2,0,0,0.6382833123207092,0.36171668767929077
175,3,1,0,0.6221017241477966,0.37789830565452576
175,4,0,0,0.717490553855896,0.2825094759464264
175,5,0,0,0.6994472146034241,0.3005528151988983
175,6,0,0,0.7019665837287903,0.2980334162712097
175,7,1,1,0.26721447706222534,0.7327854633331299
175,8,0,0,0.5945602059364319,0.4054398536682129
175,9,0,1,0.32506170868873596,0.6749382615089417
175,10,0,0,0.8061698079109192,0.1938302218914032
175,11,0,0,0.6654729247093201,0.3345271050930023
175,12,1,1,0.016459008678793907,0.983540952205658
175,13,0,0,0.714285135269165,0.28571489453315735
175,14,0,0,0.717490553855896,0.2825095057487488
175,15,0,0,0.5730929374694824,0.4269070625305176
175,16,0,0,0.8332290053367615,0.1667710393667221
175,17,0,0,0.6021300554275513,0.39786994457244873
175,18,0,0,0.7109959721565247,0.28900399804115295
175,19,0,1,0.42229676246643066,0.5777032375335693
176,0,0,1,0.47153937816619873,0.528460681438446
176,1,0,0,0.9509569406509399,0.04904300346970558
176,2,0,1,0.10129568725824356,0.8987042307853699
176,3,1,1,0.05769630894064903,0.9423037171363831
176,4,0,0,0.7476325035095215,0.25236746668815613
176,5,0,0,0.7494905591011047,0.25050944089889526
176,6,0,0,0.764553964138031,0.2354460209608078
176,7,1,1,0.04447224363684654,0.9555277824401855
176,8,0,0,0.6472938060760498,0.3527061641216278
176,9,0,1,0.08145704120397568,0.9185429215431213
176,10,0,0,0.9402279257774353,0.0597720630466938
176,11,0,0,0.8951619267463684,0.10483808070421219
176,12,1,1,0.028792085126042366,0.971207857131958
176,13,0,0,0.7169240117073059,0.2830759882926941
176,14,0,0,0.760614812374115,0.2393852025270462
176,15,0,0,0.9085522890090942,0.09144773334264755
176,16,0,0,0.9503092765808105,0.04969072341918945
176,17,0,0,0.907425582408905,0.0925743505358696
176,18,0,0,0.7476325035095215,0.25236746668815613
176,19,0,0,0.9017070531845093,0.09829290211200714
177,0,0,1,0.4325852692127228,0.5674147009849548
177,1,0,0,0.9187674522399902,0.08123248815536499
177,2,0,0,0.559867799282074,0.44013214111328125
177,3,1,1,0.16334058344364166,0.8366594910621643
177,4,0,0,0.7266354560852051,0.2733646035194397
177,5,0,0,0.7545216679573059,0.24547834694385529
177,6,0,0,0.7441024780273438,0.25589749217033386
177,7,1,1,0.22964200377464294,0.7703579664230347
177,8,0,0,0.5439465045928955,0.4560534358024597
177,9,0,1,0.31544893980026245,0.6845510601997375
177,10,0,0,0.9096198678016663,0.09038016945123672
177,11,0,0,0.6791174411773682,0.32088252902030945
177,12,1,1,0.027729472145438194,0.9722704887390137
177,13,0,0,0.6841778755187988,0.31582212448120117
177,14,0,0,0.7357851266860962,0.2642148435115814
177,15,0,0,0.733363926410675,0.26663610339164734
177,16,0,0,0.903914749622345,0.09608525782823563
177,17,0,0,0.8195866346359253,0.18041332066059113
177,18,0,0,0.7362911105155945,0.2637088894844055
177,19,0,0,0.7200698256492615,0.2799302339553833
178,0,0,1,0.4378269910812378,0.562173068523407
178,1,0,0,0.8668121099472046,0.1331879198551178
178,2,0,1,0.34201282262802124,0.6579871773719788
178,3,1,1,0.2810238003730774,0.7189761996269226
178,4,0,0,0.7245347499847412,0.2754652500152588
178,5,0,0,0.7512848973274231,0.24871517717838287
178,6,0,0,0.7481783032417297,0.2518216669559479
178,7,1,1,0.29022204875946045,0.7097779512405396
178,8,0,0,0.5258594751358032,0.47414055466651917
178,9,0,1,0.2470320165157318,0.7529679536819458
178,10,0,0,0.8618122339248657,0.13818776607513428
178,11,0,0,0.6649395823478699,0.33506035804748535
178,12,1,1,0.17177972197532654,0.8282203078269958
178,13,0,0,0.7342454195022583,0.2657545506954193
178,14,0,0,0.7245347499847412,0.2754652500152588
178,15,0,0,0.6418139934539795,0.3581860661506653
178,16,0,0,0.8493768572807312,0.1506231725215912
178,17,0,0,0.7168065309524536,0.2831934988498688
178,18,0,0,0.7245347499847412,0.2754652500152588
178,19,0,0,0.5870339870452881,0.4129660427570343
179,0,0,1,0.4122481644153595,0.5877518057823181
179,1,0,0,0.734609842300415,0.2653901278972626
179,2,0,1,0.3792252242565155,0.6207748055458069
179,3,1,1,0.02407001331448555,0.9759299755096436
179,4,0,0,0.70682293176651,0.2931770086288452
179,5,0,0,0.7066069841384888,0.29339295625686646
179,6,0,0,0.7066069841384888,0.29339295625686646
179,7,1,1,0.3492397964000702,0.6507601737976074
179,8,0,0,0.8101356029510498,0.18986445665359497
179,9,0,1,0.2195141762495041,0.7804857492446899
179,10,0,0,0.8264583945274353,0.1735416203737259
179,11,0,0,0.7993046641349792,0.20069538056850433
179,12,1,1,0.012815060093998909,0.9871849417686462
179,13,0,0,0.6788116693496704,0.3211883306503296
179,14,0,0,0.7146218419075012,0.2853781580924988
179,15,0,0,0.8199947476387024,0.1800052672624588
179,16,0,0,0.7406619191169739,0.2593381404876709
179,17,0,0,0.8120077848434448,0.1879921853542328
179,18,0,0,0.70682293176651,0.2931770086288452
179,19,0,0,0.7965996265411377,0.2034003585577011
180,0,0,1,0.451018363237381,0.5489816069602966
180,1,0,0,0.8441929817199707,0.1558070033788681
180,2,0,0,0.5802475810050964,0.41975241899490356
180,3,1,1,0.1358484923839569,0.8641514778137207
180,4,0,0,0.7494876384735107,0.25051236152648926
180,5,0,0,0.7037405371665955,0.29625949263572693
180,6,0,0,0.7062442898750305,0.2937557101249695
180,7,1,1,0.3217931389808655,0.6782068610191345
180,8,0,0,0.7157945036888123,0.28420549631118774
180,9,0,1,0.38098904490470886,0.6190109848976135
180,10,0,0,0.8987120389938354,0.10128793865442276
180,11,0,1,0.33722248673439026,0.6627775430679321
180,12,1,1,0.013686677441000938,0.9863133430480957
180,13,0,0,0.751573383808136,0.2484266757965088
180,14,0,0,0.7494876980781555,0.25051236152648926
180,15,0,0,0.7713008522987366,0.22869916260242462
180,16,0,0,0.9303381443023682,0.06966189295053482
180,17,0,0,0.8426979184150696,0.15730208158493042
180,18,0,0,0.7494876384735107,0.25051239132881165
180,19,0,0,0.6065080761909485,0.3934920132160187
181,0,0,1,0.4374980032444,0.5625019669532776
181,1,0,0,0.9453490972518921,0.054650966078042984
181,2,0,1,0.232646182179451,0.7673537731170654
181,3,1,1,0.022335462272167206,0.9776645302772522
181,4,0,0,0.8449525833129883,0.1550474613904953
181,5,0,0,0.7499889135360718,0.25001102685928345
181,6,0,0,0.7540122270584106,0.24598778784275055
181,7,1,1,0.030474167317152023,0.9695258140563965
181,8,0,0,0.6410655379295349,0.3589344620704651
181,9,0,1,0.2847272753715515,0.7152726650238037
181,10,0,0,0.936356246471405,0.0636436864733696
181,11,0,0,0.8091853260993958,0.19081467390060425
181,12,1,1,0.01862059161067009,0.9813793897628784
181,13,0,0,0.8601191639900208,0.13988082110881805
181,14,0,0,0.8449524641036987,0.1550474762916565
181,15,0,0,0.8261556029319763,0.1738443821668625
181,16,0,0,0.9482818841934204,0.051718100905418396
181,17,0,0,0.8863295912742615,0.11367040127515793
181,18,0,0,0.8449525833129883,0.1550474762916565
181,19,0,1,0.18501399457454681,0.8149859309196472
182,0,0,1,0.4380689561367035,0.5619310736656189
182,1,0,0,0.8266624808311462,0.17333748936653137
182,2,0,1,0.19849109649658203,0.801508903503418
182,3,1,1,0.01826714351773262,0.9817329049110413
182,4,0,0,0.7914204001426697,0.20857968926429749
182,5,0,0,0.7492592334747314,0.25074079632759094
182,6,0,0,0.766951322555542,0.23304873704910278
182,7,1,1,0.01826714724302292,0.9817329049110413
182,8,0,0,0.5076912045478821,0.4923088252544403
182,9,0,1,0.11546340584754944,0.8845365643501282
182,10,0,0,0.87432461977005,0.12567542493343353
182,11,0,0,0.5479881763458252,0.4520118236541748
182,12,1,1,0.02586284838616848,0.9741371870040894
182,13,0,0,0.7942140698432922,0.20578594505786896
182,14,0,0,0.7806852459907532,0.21931476891040802
182,15,0,0,0.6686131954193115,0.33138683438301086
182,16,0,0,0.9190652370452881,0.08093476295471191
182,17,0,0,0.7738919258117676,0.22610805928707123
182,18,0,0,0.7492592334747314,0.25074079632759094
182,19,0,1,0.28942641615867615,0.7105735540390015
183,0,0,1,0.41342172026634216,0.5865783095359802
183,1,0,0,0.9691318869590759,0.03086812049150467
183,2,0,1,0.09558495879173279,0.9044150710105896
183,3,1,1,0.036650124937295914,0.9633498787879944
183,4,0,0,0.6945919394493103,0.3054080307483673
183,5,0,0,0.7210168838500977,0.27898314595222473
183,6,0,0,0.7150779366493225,0.2849220931529999
183,7,1,1,0.036650098860263824,0.9633498787879944
183,8,0,1,0.2454097718000412,0.7545902132987976
183,9,0,1,0.08010643720626831,0.9198935627937317
183,10,0,0,0.9625969529151917,0.037403009831905365
183,11,0,1,0.24041156470775604,0.7595884799957275
183,12,1,1,0.10204898566007614,0.8979510068893433
183,13,0,0,0.6383956670761108,0.3616043031215668
183,14,0,0,0.700969398021698,0.2990305721759796
183,15,0,1,0.4572518467903137,0.5427480936050415
183,16,0,0,0.9724699854850769,0.027530016377568245
183,17,0,0,0.5749175548553467,0.42508241534233093
183,18,0,0,0.7094987034797668,0.29050135612487793
183,19,0,1,0.24041156470775604,0.7595884799957275
184,0,0,1,0.4712274372577667,0.5287725925445557
184,1,0,0,0.9501100182533264,0.04988992214202881
184,2,0,1,0.30134060978889465,0.6986594200134277
184,3,1,1,0.24850359559059143,0.751496434211731
184,4,0,0,0.6833412051200867,0.31665873527526855
184,5,0,0,0.687410295009613,0.31258970499038696
184,6,0,0,0.687410295009613,0.31258970499038696
184,7,1,1,0.028509370982646942,0.9714906215667725
184,8,0,0,0.5199070572853088,0.4800928831100464
184,9,0,1,0.15930525958538055,0.8406946659088135
184,10,0,0,0.9465436935424805,0.05345636233687401
184,11,0,1,0.2310134917497635,0.7689865231513977
184,12,1,1,0.01699747145175934,0.9830024838447571
184,13,0,0,0.6131236553192139,0.38687634468078613
184,14,0,0,0.6988838315010071,0.3011161983013153
184,15,0,0,0.8931779861450195,0.10682202875614166
184,16,0,0,0.952262282371521,0.04773775860667229
184,17,0,0,0.9186089038848877,0.0813911035656929
184,18,0,0,0.687410295009613,0.31258970499038696
184,19,0,0,0.5345847010612488,0.4654153287410736
185,0,0,1,0.4268551766872406,0.5731448531150818
185,1,0,0,0.9596366286277771,0.04036334156990051
185,2,0,1,0.2553175091743469,0.7446824908256531
185,3,1,1,0.17737796902656555,0.8226220607757568
185,4,0,0,0.7185409665107727,0.2814590334892273
185,5,0,0,0.5357236266136169,0.46427637338638306
185,6,0,0,0.5357236266136169,0.46427634358406067
185,7,1,1,0.1790858656167984,0.8209141492843628
185,8,0,1,0.2688417434692383,0.7311582565307617
185,9,0,1,0.31266114115715027,0.6873388886451721
185,10,0,0,0.8902907371520996,0.10970921814441681
185,11,0,1,0.29919907450675964,0.700800895690918
185,12,1,1,0.2177223265171051,0.7822777032852173
185,13,0,1,0.18449363112449646,0.8155063986778259
185,14,0,0,0.7185409665107727,0.2814590334892273
185,15,0,1,0.3311872184276581,0.6688128113746643
185,16,0,0,0.9624630808830261,0.03753691539168358
185,17,0,1,0.40490958094596863,0.595090389251709
185,18,0,0,0.5357236266136169,0.46427634358406067
185,19,0,1,0.305921733379364,0.694078266620636
186,0,0,1,0.48585546016693115,0.5141444802284241
186,1,0,0,0.9767147302627563,0.023285308852791786
186,2,0,0,0.6518320441246033,0.34816789627075195
186,3,1,1,0.021528443321585655,0.978471577167511
186,4,0,0,0.6491793990135193,0.3508206009864807
186,5,0,0,0.6676215529441833,0.33237847685813904
186,6,0,0,0.6708797216415405,0.32912030816078186
186,7,1,1,0.05961734429001808,0.9403825998306274
186,8,0,1,0.33430925011634827,0.6656906604766846
186,9,0,0,0.647271454334259,0.35272857546806335
186,10,0,0,0.974692702293396,0.025307342410087585
186,11,0,1,0.148376002907753,0.8516240119934082
186,12,1,1,0.10246378183364868,0.8975362181663513
186,13,0,0,0.579875648021698,0.420124351978302
186,14,0,0,0.6519443988800049,0.34805551171302795
186,15,0,0,0.9360827207565308,0.06391722708940506
186,16,0,0,0.9779862761497498,0.022013705223798752
186,17,0,0,0.9586846828460693,0.04131527245044708
186,18,0,0,0.6753645539283752,0.32463544607162476
186,19,0,1,0.30247369408607483,0.6975263357162476
187,0,0,0,0.5215571522712708,0.4784429371356964
187,1,0,0,0.9789469242095947,0.021053075790405273
187,2,0,0,0.5280937552452087,0.47190621495246887
187,3,1,1,0.02738083153963089,0.9726191759109497
187,4,0,0,0.6490288972854614,0.35097113251686096
187,5,0,0,0.7163808941841125,0.28361910581588745
187,6,0,0,0.6797720789909363,0.32022789120674133
187,7,1,1,0.3881118595600128,0.6118881106376648
187,8,0,1,0.43483784794807434,0.5651621222496033
187,9,0,0,0.5179638266563416,0.4820360839366913
187,10,0,0,0.977689266204834,0.022310767322778702
187,11,0,1,0.37025973200798035,0.629740297794342
187,12,1,1,0.04582994803786278,0.9541700482368469
187,13,0,1,0.3883698582649231,0.6116301417350769
187,14,0,0,0.6797720789909363,0.32022789120674133
187,15,0,0,0.8969546556472778,0.10304531455039978
187,16,0,0,0.9803766012191772,0.019623374566435814
187,17,0,0,0.956257164478302,0.04374289512634277
187,18,0,0,0.6797720789909363,0.32022789120674133
187,19,0,1,0.36241355538368225,0.6375863552093506
188,0,0,1,0.25831642746925354,0.7416835427284241
188,1,0,0,0.9414113759994507,0.05858864635229111
188,2,0,1,0.3601950705051422,0.6398049592971802
188,3,1,1,0.09630441665649414,0.9036955237388611
188,4,0,0,0.6535083055496216,0.34649166464805603
188,5,0,0,0.7594828009605408,0.240517258644104
188,6,0,0,0.7613230347633362,0.238676980137825
188,7,1,1,0.07200159877538681,0.9279983639717102
188,8,0,1,0.2832675278186798,0.7167324423789978
188,9,0,1,0.33603397011756897,0.6639660596847534
188,10,0,0,0.8400073051452637,0.15999265015125275
188,11,0,1,0.0682930275797844,0.931706964969635
188,12,1,1,0.06584082543849945,0.9341591596603394
188,13,0,1,0.41471797227859497,0.585282027721405
188,14,0,0,0.7594828009605408,0.240517258644104
188,15,0,0,0.8841482996940613,0.11585168540477753
188,16,0,0,0.9450380802154541,0.05496187508106232
188,17,0,0,0.910424530506134,0.08957550674676895
188,18,0,0,0.7128917574882507,0.28710824251174927
188,19,0,1,0.4235776662826538,0.576422393321991
189,0,0,1,0.22662141919136047,0.7733786106109619
189,1,0,0,0.9479339718818665,0.05206598341464996
189,2,0,1,0.3235504925251007,0.6764494776725769
189,3,1,1,0.09375511854887009,0.9062449336051941
189,4,0,0,0.6140736937522888,0.3859262466430664
189,5,0,0,0.7037023305892944,0.29629769921302795
189,6,0,0,0.7240076065063477,0.27599236369132996
189,7,1,1,0.18158811330795288,0.8184118866920471
189,8,0,1,0.4953669607639313,0.5046330690383911
189,9,0,1,0.3444127142429352,0.6555873155593872
189,10,0,0,0.8212422132492065,0.17875786125659943
189,11,0,1,0.38997697830200195,0.610023021697998
189,12,1,1,0.06650377810001373,0.9334962368011475
189,13,0,1,0.49236616492271423,0.5076338052749634
189,14,0,0,0.7112395763397217,0.28876039385795593
189,15,0,0,0.8949607014656067,0.1050393357872963
189,16,0,0,0.95567387342453,0.04432617500424385
189,17,0,0,0.8949607014656067,0.1050393357872963
189,18,0,0,0.7037023305892944,0.29629769921302795
189,19,0,1,0.4464382231235504,0.553561806678772
190,0,0,1,0.21663153171539307,0.7833684682846069
190,1,0,0,0.9803066849708557,0.0196932852268219
190,2,0,1,0.21493342518806458,0.7850666046142578
190,3,1,1,0.18780669569969177,0.8121933341026306
190,4,0,0,0.5929233431816101,0.4070766866207123
190,5,0,0,0.6982487440109253,0.3017512857913971
190,6,0,0,0.7173790335655212,0.28262096643447876
190,7,1,1,0.15055321156978607,0.8494467735290527
190,8,0,1,0.1476455181837082,0.8523544073104858
190,9,0,1,0.19757072627544403,0.8024293184280396
190,10,0,0,0.9804101586341858,0.019589805975556374
190,11,0,1,0.1069919615983963,0.8930080533027649
190,12,1,1,0.04969707503914833,0.9503028988838196
190,13,0,1,0.4939981997013092,0.5060017704963684
190,14,0,0,0.6984665393829346,0.30153346061706543
190,15,0,0,0.9678570628166199,0.03214292973279953
190,16,0,0,0.9840712547302246,0.015928739681839943
190,17,0,0,0.9678570628166199,0.03214292228221893
190,18,0,0,0.6984665393829346,0.30153346061706543
190,19,0,1,0.17506876587867737,0.824931263923645
191,0,0,1,0.1409648060798645,0.8590352535247803
191,1,0,0,0.9790723919868469,0.02092760056257248
191,2,0,1,0.1946539580821991,0.8053460717201233
191,3,1,1,0.06903751939535141,0.9309625029563904
191,4,0,0,0.6916736960411072,0.3083263039588928
191,5,0,0,0.7026730179786682,0.2973270118236542
191,6,0,0,0.7145156264305115,0.2854844033718109
191,7,1,1,0.04365933686494827,0.9563406705856323
191,8,0,1,0.4714180529117584,0.528581976890564
191,9,0,1,0.06903751939535141,0.9309625029563904
191,10,0,0,0.9790975451469421,0.020902467891573906
191,11,0,0,0.5845898985862732,0.4154101610183716
191,12,1,1,0.1887388527393341,0.8112611174583435
191,13,0,0,0.6726402044296265,0.32735979557037354
191,14,0,0,0.7052723169326782,0.2947276830673218
191,15,0,0,0.8163711428642273,0.1836288571357727
191,16,0,0,0.9837866425514221,0.016213303431868553
191,17,0,1,0.4302056133747101,0.5697944164276123
191,18,0,0,0.7026730179786682,0.2973270118236542
191,19,0,0,0.7193295955657959,0.2806704342365265
192,0,0,1,0.15806636214256287,0.8419336676597595
192,1,0,0,0.9617588520050049,0.038241129368543625
192,2,0,1,0.0659853145480156,0.9340146780014038
192,3,1,1,0.038830649107694626,0.9611693024635315
192,4,0,0,0.681694746017456,0.31830522418022156
192,5,0,0,0.9716207385063171,0.028379283845424652
192,6,0,0,0.9707546234130859,0.0292454045265913
192,7,1,1,0.02617556042969227,0.9738243818283081
192,8,0,1,0.03724580258131027,0.9627541899681091
192,9,0,1,0.038830649107694626,0.9611693024635315
192,10,0,0,0.9192226529121399,0.08077730983495712
192,11,0,0,0.8936384916305542,0.10636145621538162
192,12,1,1,0.08390284329652786,0.916097104549408
192,13,0,1,0.36319610476493835,0.636803925037384
192,14,0,0,0.9547327160835266,0.04526730254292488
192,15,0,0,0.92344069480896,0.07655934989452362
192,16,0,0,0.9680808186531067,0.031919244676828384
192,17,0,1,0.3817538321018219,0.6182460784912109
192,18,0,0,0.9547327160835266,0.04526730254292488
192,19,0,0,0.9520748853683472,0.047925155609846115
193,0,0,1,0.11832688003778458,0.8816730976104736
193,1,0,0,0.800340473651886,0.199659526348114
193,2,0,0,0.5990306735038757,0.40096932649612427
193,3,1,1,0.17855580151081085,0.8214442133903503
193,4,0,0,0.7819532155990601,0.21804678440093994
193,5,0,0,0.8690556883811951,0.13094431161880493
193,6,0,0,0.8516391515731812,0.14836089313030243
193,7,1,1,0.13167285919189453,0.8683271408081055
193,8,0,1,0.4414391815662384,0.5585607886314392
193,9,0,0,0.5749030113220215,0.4250970184803009
193,10,0,0,0.9345776438713074,0.06542233377695084
193,11,0,0,0.9364343285560608,0.06356564164161682
193,12,1,1,0.0944247916340828,0.9055752754211426
193,13,0,1,0.18011046946048737,0.8198895454406738
193,14,0,0,0.8474401235580444,0.15255989134311676
193,15,0,0,0.9261568188667297,0.07384321093559265
193,16,0,0,0.93229079246521,0.06770924478769302
193,17,0,1,0.3652034103870392,0.6347966194152832
193,18,0,0,0.8474401235580444,0.15255986154079437
193,19,0,0,0.9304718971252441,0.06952809542417526
194,0,0,1,0.18369051814079285,0.8163094520568848
194,1,0,0,0.9174147248268127,0.08258533477783203
194,2,0,1,0.3963125944137573,0.6036874055862427
194,3,1,1,0.13709843158721924,0.8629015684127808
194,4,0,0,0.9479318261146545,0.052068136632442474
194,5,0,0,0.9876996278762817,0.012300422415137291
194,6,0,0,0.9875240325927734,0.01247596275061369
194,7,1,1,0.07671671360731125,0.9232833385467529
194,8,0,1,0.36955973505973816,0.6304402947425842
194,9,0,1,0.13206693530082703,0.8679330945014954
194,10,0,0,0.9342601895332336,0.06573981046676636
194,11,0,0,0.9152743220329285,0.08472572267055511
194,12,1,1,0.158065527677536,0.8419344425201416
194,13,0,0,0.6447882652282715,0.35521170496940613
194,14,0,0,0.982328474521637,0.01767151802778244
194,15,0,0,0.9285455942153931,0.07145440578460693
194,16,0,0,0.9229889512062073,0.07701103389263153
194,17,0,0,0.9326584339141846,0.06734152138233185
194,18,0,0,0.982328474521637,0.017671510577201843
194,19,0,0,0.9839794635772705,0.01602054573595524
195,0,0,1,0.2003268450498581,0.7996731400489807
195,1,0,0,0.927376389503479,0.07262361794710159
195,2,0,1,0.3843843936920166,0.6156156659126282
195,3,1,1,0.02314141020178795,0.9768585562705994
195,4,0,0,0.7144538760185242,0.28554612398147583
195,5,0,0,0.6066218018531799,0.39337819814682007
195,6,0,0,0.6642616987228394,0.33573833107948303
195,7,1,1,0.4848109781742096,0.515188992023468
195,8,0,0,0.5170816779136658,0.48291826248168945
195,9,0,1,0.33184945583343506,0.6681505441665649
195,10,0,0,0.9280582666397095,0.07194172590970993
195,11,0,0,0.747348964214325,0.25265100598335266
195,12,1,1,0.21593447029590607,0.7840655446052551
195,13,0,0,0.6804165244102478,0.31958338618278503
195,14,0,0,0.5981242060661316,0.4018758535385132
195,15,0,0,0.9014015793800354,0.09859839081764221
195,16,0,0,0.9186064004898071,0.08139359951019287
195,17,0,0,0.7153839468955994,0.284616082906723
195,18,0,1,0.09372347593307495,0.906276524066925
195,19,0,0,0.6432076096534729,0.3567923605442047
196,0,0,1,0.09020543843507767,0.9097945690155029
196,1,0,0,0.6515443325042725,0.34845563769340515
196,2,0,1,0.22879791259765625,0.7712020874023438
196,3,1,1,0.029828758910298347,0.9701712727546692
196,4,0,0,0.9144918322563171,0.08550820499658585
196,5,0,0,0.9546892642974854,0.04531075060367584
196,6,0,0,0.954559326171875,0.04544065147638321
196,7,1,1,0.013042661361396313,0.986957311630249
196,8,0,1,0.02696637623012066,0.9730335474014282
196,9,0,1,0.20622172951698303,0.7937783002853394
196,10,0,0,0.9258142709732056,0.07418566942214966
196,11,0,0,0.9919134378433228,0.008086612448096275
196,12,1,1,0.049869902431964874,0.950130045413971
196,13,0,0,0.7214915752410889,0.27850842475891113
196,14,0,0,0.9474843740463257,0.05251557379961014
196,15,0,0,0.9665552973747253,0.03344463184475899
196,16,0,0,0.6574504971504211,0.34254953265190125
196,17,0,0,0.9776116609573364,0.022388320416212082
196,18,0,0,0.8624296188354492,0.137570321559906
196,19,0,0,0.9885122776031494,0.011487794108688831
197,0,0,1,0.1468634456396103,0.8531365990638733
197,1,0,0,0.8734161853790283,0.12658381462097168
197,2,0,1,0.37347525358200073,0.6265247464179993
197,3,1,1,0.058167800307273865,0.9418321847915649
197,4,0,0,0.9138524532318115,0.08614759892225266
197,5,0,0,0.959417462348938,0.040582574903964996
197,6,0,0,0.9580705761909485,0.04192943125963211
197,7,1,1,0.02460823953151703,0.9753917455673218
197,8,0,1,0.2746385335922241,0.7253614664077759
197,9,0,1,0.340852826833725,0.6591471433639526
197,10,0,0,0.9697718620300293,0.030228091403841972
197,11,0,0,0.9942250847816467,0.0057748910039663315
197,12,1,1,0.07375290244817734,0.9262471199035645
197,13,0,1,0.30791711807250977,0.6920828819274902
197,14,0,0,0.9522985816001892,0.047701396048069
197,15,0,0,0.9769083857536316,0.023091575130820274
197,16,0,0,0.927075982093811,0.07292402535676956
197,17,0,0,0.979599118232727,0.02040090598165989
197,18,0,0,0.9522985816001892,0.047701396048069
197,19,0,0,0.9876468181610107,0.01235312782227993
198,0,0,1,0.0753663033246994,0.9246336817741394
198,1,0,0,0.7114413380622864,0.28855863213539124
198,2,0,0,0.6006205081939697,0.3993794620037079
198,3,1,1,0.18768015503883362,0.8123198747634888
198,4,0,1,0.45810773968696594,0.5418923497200012
198,5,0,0,0.8809350728988647,0.11906496435403824
198,6,0,0,0.8774586319923401,0.12254142761230469
198,7,1,1,0.20994600653648376,0.7900539636611938
198,8,0,1,0.2015896737575531,0.7984102964401245
198,9,0,0,0.5766416192054749,0.42335838079452515
198,10,0,0,0.7732194662094116,0.226780503988266
198,11,0,0,0.8007476329803467,0.1992523968219757
198,12,1,1,0.0434691347181797,0.9565308094024658
198,13,0,1,0.3069891929626465,0.6930108666419983
198,14,0,0,0.8533030152320862,0.14669695496559143
198,15,0,0,0.7348697781562805,0.26513025164604187
198,16,0,0,0.6197469830513,0.38025301694869995
198,17,0,1,0.24691195785999298,0.7530879974365234
198,18,0,0,0.8505833745002747,0.14941661059856415
198,19,0,0,0.7974912524223328,0.20250871777534485
199,0,0,1,0.14373651146888733,0.8562635183334351
199,1,0,0,0.9007091522216797,0.09929083287715912
199,2,0,1,0.3856913447380066,0.6143086552619934
199,3,1,1,0.06319612264633179,0.9368038177490234
199,4,0,0,0.5102053880691528,0.48979461193084717
199,5,0,0,0.8295198082923889,0.1704801768064499
199,6,0,0,0.8128172159194946,0.18718278408050537
199,7,1,1,0.030585044994950294,0.9694148898124695
199,8,0,1,0.310914546251297,0.6890854835510254
199,9,0,1,0.3696262240409851,0.6303737759590149
199,10,0,0,0.8974456787109375,0.10255429893732071
199,11,0,1,0.2786860466003418,0.7213139533996582
199,12,1,1,0.08951795101165771,0.9104820489883423
199,13,0,1,0.2653370499610901,0.7346629500389099
199,14,0,0,0.7940177917480469,0.2059822380542755
199,15,0,0,0.8306096792221069,0.16939033567905426
199,16,0,0,0.8857616782188416,0.11423830687999725
199,17,0,0,0.7953262329101562,0.20467379689216614
199,18,0,0,0.8295197486877441,0.17048023641109467
199,19,0,0,0.5851413607597351,0.41485854983329773
200,0,0,1,0.1909373700618744,0.8090626001358032
200,1,0,0,0.642121434211731,0.3578784763813019
200,2,0,1,0.4857482314109802,0.5142517685890198
200,3,1,1,0.06350608170032501,0.9364939332008362
200,4,0,0,0.6066502332687378,0.3933497965335846
200,5,0,0,0.921079158782959,0.07892078906297684
200,6,0,0,0.9169077277183533,0.08309224992990494
200,7,1,1,0.035654861479997635,0.9643451571464539
200,8,0,1,0.45380157232284546,0.5461984872817993
200,9,0,1,0.41909775137901306,0.5809022784233093
200,10,0,0,0.6740919351577759,0.32590803503990173
200,11,0,1,0.35390058159828186,0.6460994482040405
200,12,1,1,0.2210623174905777,0.7789376974105835
200,13,0,0,0.5216182470321655,0.4783817231655121
200,14,0,0,0.862586259841919,0.13741376996040344
200,15,0,1,0.35276877880096436,0.6472311615943909
200,16,0,0,0.6937463879585266,0.3062536120414734
200,17,0,1,0.37739184498786926,0.6226080656051636
200,18,0,0,0.9203253388404846,0.07967463880777359
200,19,0,0,0.8066544532775879,0.19334548711776733
201,0,0,1,0.18713821470737457,0.8128617405891418
201,1,0,0,0.9743021726608276,0.02569790929555893
201,2,0,1,0.4025869071483612,0.5974130630493164
201,3,1,1,0.04222113639116287,0.957778811454773
201,4,0,0,0.8886363506317139,0.11136364191770554
201,5,0,0,0.9838828444480896,0.016117144376039505
201,6,0,0,0.9828932881355286,0.01710665412247181
201,7,1,0,0.5914402604103088,0.40855976939201355
201,8,0,1,0.3345447778701782,0.6654552221298218
201,9,0,1,0.3048606812953949,0.6951392889022827
201,10,0,0,0.9715800881385803,0.02841995283961296
201,11,0,0,0.5923675894737244,0.40763241052627563
201,12,1,1,0.17799527943134308,0.8220046758651733
201,13,0,0,0.5511671304702759,0.4488329291343689
201,14,0,0,0.9759508371353149,0.024049187079072
201,15,0,0,0.9583561420440674,0.04164385423064232
201,16,0,0,0.977916419506073,0.022083565592765808
201,17,0,1,0.3214200735092163,0.6785799264907837
201,18,0,0,0.9828934073448181,0.01710664853453636
201,19,0,0,0.9774745106697083,0.022525515407323837
202,0,0,1,0.17395447194576263,0.8260455131530762
202,1,0,0,0.8556910157203674,0.14430896937847137
202,2,0,0,0.6658399701118469,0.33416005969047546
202,3,1,1,0.42340558767318726,0.5765944123268127
202,4,0,0,0.9363649487495422,0.06363505125045776
202,5,0,0,0.9895785450935364,0.01042141579091549
202,6,0,0,0.9886307716369629,0.011369307525455952
202,7,1,1,0.26549792289733887,0.7345020771026611
202,8,0,0,0.6010348796844482,0.39896509051322937
202,9,0,1,0.33053353428840637,0.669466495513916
202,10,0,0,0.7912901639938354,0.20870982110500336
202,11,0,0,0.6800416111946106,0.31995832920074463
202,12,1,1,0.08579275012016296,0.9142072200775146
202,13,0,0,0.9163028597831726,0.08369707316160202
202,14,0,0,0.9858154058456421,0.014184576459228992
202,15,0,0,0.8622615337371826,0.13773851096630096
202,16,0,0,0.8734704852104187,0.1265295296907425
202,17,0,0,0.6573577523231506,0.34264227747917175
202,18,0,0,0.9886307716369629,0.011369307525455952
202,19,0,0,0.980453372001648,0.019546665251255035
203,0,0,1,0.08585742115974426,0.9141425490379333
203,1,0,0,0.9709875583648682,0.029012436047196388
203,2,0,1,0.2787916958332062,0.7212082743644714
203,3,1,1,0.062474366277456284,0.9375256299972534
203,4,0,0,0.6001538634300232,0.3998461365699768
203,5,0,0,0.9290069937705994,0.07099302858114243
203,6,0,0,0.9276846647262573,0.07231529802083969
203,7,1,1,0.02266274206340313,0.9773373007774353
203,8,0,1,0.2507895231246948,0.7492104172706604
203,9,0,1,0.03947443515062332,0.9605255722999573
203,10,0,0,0.9709308743476868,0.029069121927022934
203,11,0,1,0.3585599660873413,0.6414400339126587
203,12,1,1,0.04544050619006157,0.9545595049858093
203,13,0,0,0.545659065246582,0.45434093475341797
203,14,0,0,0.9009734392166138,0.09902653843164444
203,15,0,0,0.9701776504516602,0.02982238493859768
203,16,0,0,0.9733462929725647,0.026653680950403214
203,17,0,1,0.3975820541381836,0.6024178862571716
203,18,0,0,0.7958769798278809,0.20412302017211914
203,19,0,0,0.9427639245986938,0.05723610520362854
204,0,0,1,0.16776356101036072,0.8322364687919617
204,1,0,0,0.9296850562095642,0.07031496614217758
204,2,0,1,0.39211586117744446,0.6078841686248779
204,3,1,1,0.09831705689430237,0.90168297290802
204,4,0,0,0.5149610638618469,0.4850389361381531
204,5,0,0,0.8519086241722107,0.14809134602546692
204,6,0,0,0.8432580828666687,0.1567419022321701
204,7,1,1,0.03648969158530235,0.9635103344917297
204,8,0,1,0.2884846031665802,0.7115153670310974
204,9,0,1,0.04753512889146805,0.9524649381637573
204,10,0,0,0.9375457167625427,0.062454286962747574
204,11,0,0,0.518051028251648,0.48194894194602966
204,12,1,1,0.0823473259806633,0.9176526665687561
204,13,0,1,0.3859974443912506,0.6140025854110718
204,14,0,0,0.8074700236320496,0.19252997636795044
204,15,0,0,0.9294759631156921,0.07052408158779144
204,16,0,0,0.948371410369873,0.051628608256578445
204,17,0,0,0.518051028251648,0.48194894194602966
204,18,0,0,0.8306146264076233,0.1693853884935379
204,19,0,0,0.8269405961036682,0.17305932939052582
205,0,0,1,0.16190141439437866,0.8380985260009766
205,1,0,0,0.7843631505966187,0.21563681960105896
205,2,0,1,0.07909038662910461,0.920909583568573
205,3,1,1,0.05121529474854469,0.9487847089767456
205,4,0,1,0.3829403817653656,0.6170596480369568
205,5,0,0,0.9103259444236755,0.08967411518096924
205,6,0,0,0.9064475297927856,0.09355245530605316
205,7,1,1,0.09922629594802856,0.9007737040519714
205,8,0,1,0.15924334526062012,0.8407565951347351
205,9,0,0,0.5553740859031677,0.44462597370147705
205,10,0,0,0.7531598210334778,0.2468402087688446
205,11,0,1,0.3084525465965271,0.6915475130081177
205,12,1,1,0.07405778765678406,0.9259422421455383
205,13,0,1,0.38996919989585876,0.6100308299064636
205,14,0,0,0.7115724086761475,0.2884276211261749
205,15,0,0,0.8477377891540527,0.15226219594478607
205,16,0,0,0.85886549949646,0.14113453030586243
205,17,0,1,0.25346213579177856,0.7465378642082214
205,18,0,1,0.13387545943260193,0.8661245703697205
205,19,0,0,0.8016868233680725,0.1983131468296051
206,0,0,1,0.12214663624763489,0.8778533935546875
206,1,0,1,0.2809537351131439,0.7190462350845337
206,2,0,1,0.4594862759113312,0.5405137538909912
206,3,1,1,0.09225979447364807,0.9077402353286743
206,4,0,0,0.9123466610908508,0.0876532718539238
206,5,0,0,0.9700866341590881,0.02991333045065403
206,6,0,0,0.9681025743484497,0.03189745545387268
206,7,1,1,0.12680085003376007,0.8731991648674011
206,8,0,1,0.14405813813209534,0.855941891670227
206,9,0,1,0.3257335126399994,0.6742664575576782
206,10,0,0,0.6405688524246216,0.3594311773777008
206,11,0,1,0.2507554888725281,0.7492445707321167
206,12,1,1,0.09684604406356812,0.9031539559364319
206,13,0,0,0.878815233707428,0.12118472903966904
206,14,0,0,0.9623411893844604,0.03765878453850746
206,15,0,1,0.45460832118988037,0.5453916788101196
206,16,0,0,0.6644659042358398,0.33553415536880493
206,17,0,1,0.23631641268730164,0.7636836171150208
206,18,0,0,0.9681025743484497,0.031897444278001785
206,19,0,0,0.9657793641090393,0.03422066941857338
207,0,0,1,0.2597942054271698,0.7402058243751526
207,1,0,0,0.8908399939537048,0.10916007310152054
207,2,0,1,0.07497919350862503,0.9250208735466003
207,3,1,1,0.026278028264641762,0.973721981048584
207,4,0,1,0.4569943845272064,0.5430055856704712
207,5,0,0,0.7701257467269897,0.22987422347068787
207,6,0,0,0.8316617012023926,0.16833828389644623
207,7,1,1,0.009159321896731853,0.9908406734466553
207,8,0,1,0.10657943785190582,0.8934205770492554
207,9,0,1,0.15387840569019318,0.846121609210968
207,10,0,0,0.8908399939537048,0.10916007310152054
207,11,0,0,0.5073899030685425,0.4926101565361023
207,12,1,1,0.32717424631118774,0.6728256940841675
207,13,0,1,0.45999589562416077,0.5400041341781616
207,14,0,0,0.7382697463035583,0.26173022389411926
207,15,0,0,0.8421313166618347,0.15786875784397125
207,16,0,0,0.8973193764686584,0.10268066823482513
207,17,0,0,0.5073898434638977,0.4926101267337799
207,18,0,0,0.5293745398521423,0.47062548995018005
207,19,0,0,0.8667623400688171,0.13323765993118286
208,0,0,1,0.1565544605255127,0.8434455394744873
208,1,0,0,0.6830008029937744,0.3169991075992584
208,2,0,1,0.0799643024802208,0.920035719871521
208,3,1,1,0.014356112107634544,0.9856438636779785
208,4,0,0,0.5747705101966858,0.4252295196056366
208,5,0,0,0.9522464871406555,0.0477534718811512
208,6,0,0,0.9509045481681824,0.04909549281001091
208,7,1,1,0.006914857774972916,0.9930851459503174
208,8,0,1,0.02321714721620083,0.9767827987670898
208,9,0,1,0.06569286435842514,0.9343072175979614
208,10,0,0,0.6830008029937744,0.3169991075992584
208,11,0,1,0.06341709196567535,0.9365829229354858
208,12,1,1,0.13706693053245544,0.8629329800605774
208,13,0,1,0.44393250346183777,0.5560674667358398
208,14,0,0,0.9347619414329529,0.0652380958199501
208,15,0,0,0.7612650394439697,0.23873496055603027
208,16,0,0,0.7943878173828125,0.20561225712299347
208,17,0,1,0.035356760025024414,0.9646432399749756
208,18,0,0,0.9484925866127014,0.05150740593671799
208,19,0,0,0.9644745588302612,0.03552543371915817
209,0,0,1,0.09252414107322693,0.9074758887290955
209,1,0,0,0.6429126858711243,0.3570873439311981
209,2,0,1,0.19315102696418762,0.8068490028381348
209,3,1,1,0.03829384967684746,0.9617061614990234
209,4,0,0,0.6631153225898743,0.33688467741012573
209,5,0,0,0.9496950507164001,0.05030495300889015
209,6,0,0,0.9532833099365234,0.04671671986579895
209,7,1,1,0.09134402126073837,0.9086559414863586
209,8,0,1,0.06367899477481842,0.9363210797309875
209,9,0,1,0.2214840203523636,0.7785159945487976
209,10,0,0,0.5835278034210205,0.41647225618362427
209,11,0,1,0.22137926518917084,0.7786207795143127
209,12,1,1,0.15227407217025757,0.8477258682250977
209,13,0,1,0.28307682275772095,0.7169231176376343
209,14,0,0,0.9350248575210571,0.06497517973184586
209,15,0,1,0.3332829773426056,0.666716992855072
209,16,0,0,0.6407927870750427,0.3592072129249573
209,17,0,1,0.2190161943435669,0.7809838056564331
209,18,0,0,0.9369330406188965,0.06306692957878113
209,19,0,0,0.9521539807319641,0.04784595966339111
210,0,0,1,0.2855478525161743,0.7144520878791809
210,1,0,0,0.8370466828346252,0.16295330226421356
210,2,0,1,0.21126426756381989,0.7887356877326965
210,3,1,1,0.02654794231057167,0.9734520316123962
210,4,0,1,0.42097601294517517,0.5790240168571472
210,5,0,0,0.9335805773735046,0.06641938537359238
210,6,0,0,0.8514922857284546,0.14850777387619019
210,7,1,1,0.02512306161224842,0.974876880645752
210,8,0,1,0.15546168386936188,0.8445382714271545
210,9,0,1,0.17796087265014648,0.8220391869544983
210,10,0,0,0.8371400833129883,0.16285990178585052
210,11,0,0,0.7245467901229858,0.2754531800746918
210,12,1,0,0.6462540626525879,0.3537459373474121
210,13,0,1,0.42097601294517517,0.5790240168571472
210,14,0,0,0.9388134479522705,0.061186499893665314
210,15,0,0,0.7635207176208496,0.23647931218147278
210,16,0,0,0.8323749303817749,0.1676250398159027
210,17,0,1,0.03506731986999512,0.9649327397346497
210,18,0,0,0.9346862435340881,0.06531376391649246
210,19,0,0,0.9049980640411377,0.09500189870595932
211,0,0,1,0.14103193581104279,0.8589680194854736
211,1,0,0,0.6773412227630615,0.32265880703926086
211,2,0,0,0.721009373664856,0.27899059653282166
211,3,1,0,0.7186351418495178,0.2813647985458374
211,4,0,1,0.39468854665756226,0.6053114533424377
211,5,0,0,0.9595217108726501,0.04047826677560806
211,6,0,0,0.9697754383087158,0.03022460825741291
211,7,1,1,0.17252051830291748,0.8274794816970825
211,8,0,1,0.39096125960350037,0.609038770198822
211,9,0,0,0.6626272797584534,0.3373727798461914
211,10,0,0,0.5267648100852966,0.47323524951934814
211,11,0,0,0.6943225860595703,0.30567750334739685
211,12,1,1,0.09014798700809479,0.9098520278930664
211,13,0,1,0.39468854665756226,0.6053114533424377
211,14,0,0,0.9680101871490479,0.03198975697159767
211,15,0,0,0.5257006287574768,0.4742994010448456
211,16,0,0,0.7062886357307434,0.2937113344669342
211,17,0,1,0.25512224435806274,0.7448776960372925
211,18,0,0,0.9667807817459106,0.033219221979379654
211,19,0,0,0.9653820395469666,0.03461797907948494
212,0,0,1,0.2799128592014313,0.7200871109962463
212,1,0,0,0.7513232231140137,0.24867676198482513
212,2,0,1,0.18170052766799927,0.8182994723320007
212,3,1,1,0.027563078328967094,0.9724368453025818
212,4,0,1,0.38750869035720825,0.6124913692474365
212,5,0,0,0.942336916923523,0.057663120329380035
212,6,0,0,0.9484924674034119,0.051507558673620224
212,7,1,1,0.11228109151124954,0.887718915939331
212,8,0,1,0.0626692995429039,0.9373306632041931
212,9,0,1,0.30119454860687256,0.6988055109977722
212,10,0,0,0.7513232231140137,0.24867679178714752
212,11,0,0,0.5805925130844116,0.4194074869155884
212,12,1,1,0.3525644540786743,0.6474354863166809
212,13,0,1,0.38750866055488586,0.6124913692474365
212,14,0,0,0.9539288282394409,0.0460711345076561
212,15,0,1,0.49205636978149414,0.5079436302185059
212,16,0,0,0.7449370622634888,0.2550629675388336
212,17,0,1,0.33206936717033386,0.6679306626319885
212,18,0,0,0.9500600099563599,0.04994004964828491
212,19,0,0,0.9478685259819031,0.05213147774338722
213,0,0,1,0.16467581689357758,0.835324227809906
213,1,0,0,0.9587004780769348,0.04129953309893608
213,2,0,1,0.2477031648159027,0.7522968649864197
213,3,1,1,0.03992583602666855,0.9600741863250732
213,4,0,1,0.4677116870880127,0.5322883129119873
213,5,0,0,0.9110927581787109,0.08890719711780548
213,6,0,0,0.9218037724494934,0.07819623500108719
213,7,1,1,0.09990718960762024,0.9000928401947021
213,8,0,1,0.10091656446456909,0.8990834951400757
213,9,0,1,0.19699779152870178,0.8030022382736206
213,10,0,0,0.9801731705665588,0.01982688345015049
213,11,0,1,0.059576913714408875,0.9404231309890747
213,12,1,1,0.13725076615810394,0.8627492189407349
213,13,0,0,0.7301166653633118,0.26988333463668823
213,14,0,0,0.9188082218170166,0.08119174838066101
213,15,0,0,0.9563987851142883,0.04360119253396988
213,16,0,0,0.9823445081710815,0.017655525356531143
213,17,0,1,0.17939980328083038,0.820600152015686
213,18,0,0,0.911550760269165,0.08844920992851257
213,19,0,0,0.8877519369125366,0.11224804818630219
214,0,0,1,0.0836753398180008,0.9163246750831604
214,1,0,0,0.9444088935852051,0.05559106543660164
214,2,0,1,0.21756680309772491,0.7824332118034363
214,3,1,1,0.04899854585528374,0.9510014653205872
214,4,0,1,0.3271377980709076,0.67286217212677
214,5,0,0,0.9592945575714111,0.04070543497800827
214,6,0,0,0.9665470719337463,0.033452942967414856
214,7,1,1,0.026748700067400932,0.9732513427734375
214,8,0,1,0.09858781099319458,0.9014122486114502
214,9,0,1,0.20006680488586426,0.7999331951141357
214,10,0,0,0.9645115733146667,0.03548846021294594
214,11,0,1,0.14688342809677124,0.8531165719032288
214,12,1,1,0.05706100910902023,0.942939043045044
214,13,0,1,0.4554181396961212,0.5445818305015564
214,14,0,0,0.9641243815422058,0.0358755998313427
214,15,0,0,0.9635505080223083,0.03644947707653046
214,16,0,0,0.9666218161582947,0.033378176391124725
214,17,0,1,0.1765981912612915,0.8234017491340637
214,18,0,0,0.9533228278160095,0.04667714983224869
214,19,0,0,0.9726635217666626,0.027336522936820984
215,0,0,1,0.16020099818706512,0.8397990465164185
215,1,0,0,0.973965048789978,0.02603493072092533
215,2,0,0,0.5196986794471741,0.4803013205528259
215,3,1,1,0.13506917655467987,0.8649308681488037
215,4,0,0,0.6778377890586853,0.3221622109413147
215,5,0,0,0.718087911605835,0.2819121479988098
215,6,0,0,0.7668572664260864,0.23314274847507477
215,7,1,1,0.15086326003074646,0.8491367101669312
215,8,0,1,0.18286758661270142,0.8171324133872986
215,9,0,1,0.4443202018737793,0.5556797981262207
215,10,0,0,0.9828379154205322,0.017162146046757698
215,11,0,1,0.19862055778503418,0.801379382610321
215,12,1,1,0.08455341309309006,0.9154465794563293
215,13,0,0,0.938068151473999,0.061931807547807693
215,14,0,0,0.7548015713691711,0.24519838392734528
215,15,0,0,0.9835319519042969,0.01646808348596096
215,16,0,0,0.9747869372367859,0.02521311119198799
215,17,0,1,0.3540063500404358,0.645993709564209
215,18,0,0,0.6313146948814392,0.3686853349208832
215,19,0,0,0.7371214628219604,0.26287856698036194
216,0,0,1,0.1284540742635727,0.8715459704399109
216,1,0,0,0.8382871747016907,0.1617128849029541
216,2,0,0,0.6094048023223877,0.3905952572822571
216,3,1,1,0.4446890354156494,0.5553109049797058
216,4,0,0,0.607420027256012,0.39257994294166565
216,5,0,0,0.8891095519065857,0.11089050769805908
216,6,0,0,0.9000442624092102,0.09995575994253159
216,7,1,1,0.39382657408714294,0.6061734557151794
216,8,0,1,0.4350625276565552,0.5649374723434448
216,9,0,0,0.530364990234375,0.4696349799633026
216,10,0,0,0.8178838491439819,0.1821160614490509
216,11,0,0,0.5438494682312012,0.45615050196647644
216,12,1,1,0.06437300890684128,0.9356269836425781
216,13,0,0,0.7514311671257019,0.24856886267662048
216,14,0,0,0.8946912288665771,0.10530872642993927
216,15,0,0,0.9016289710998535,0.0983709841966629
216,16,0,0,0.8614916801452637,0.1385083645582199
216,17,0,0,0.5962433815002441,0.40375658869743347
216,18,0,0,0.869992733001709,0.1300073117017746
216,19,0,0,0.8928926587104797,0.10710731893777847
217,0,0,1,0.13337692618370056,0.866623044013977
217,1,0,0,0.8218079805374146,0.17819209396839142
217,2,0,0,0.8493883609771729,0.15061165392398834
217,3,1,1,0.015087416395545006,0.9849125742912292
217,4,0,0,0.5920636653900146,0.40793636441230774
217,5,0,0,0.6414963603019714,0.35850363969802856
217,6,0,0,0.8948915004730225,0.10510849952697754
217,7,1,1,0.18658289313316345,0.8134171366691589
217,8,0,1,0.0822196826338768,0.917780339717865
217,9,0,0,0.7910419702529907,0.2089579999446869
217,10,0,0,0.8740485310554504,0.12595148384571075
217,11,0,0,0.6700328588485718,0.32996711134910583
217,12,1,1,0.1088964119553566,0.8911036252975464
217,13,0,0,0.735444188117981,0.26455581188201904
217,14,0,0,0.8736834526062012,0.12631654739379883
217,15,0,0,0.8618414402008057,0.13815857470035553
217,16,0,0,0.8308212757110596,0.169178768992424
217,17,0,0,0.7010970115661621,0.2989030182361603
217,18,0,0,0.8544290065765381,0.14557097852230072
217,19,0,0,0.9191237688064575,0.08087623864412308
218,0,0,1,0.0819866731762886,0.9180132746696472
218,1,0,0,0.707442581653595,0.29255738854408264
218,2,0,0,0.6857041120529175,0.31429582834243774
218,3,1,1,0.016465680673718452,0.9835342764854431
218,4,0,1,0.4731086492538452,0.5268913507461548
218,5,0,0,0.8081576824188232,0.19184236228466034
218,6,0,0,0.8043923377990723,0.19560769200325012
218,7,1,1,0.17433030903339386,0.8256697058677673
218,8,0,1,0.0820644423365593,0.9179355502128601
218,9,0,0,0.6845880150794983,0.3154119849205017
218,10,0,0,0.7868762612342834,0.21312372386455536
218,11,0,0,0.6240131855010986,0.375986784696579
218,12,1,1,0.044908586889505386,0.9550914168357849
218,13,0,0,0.5882984399795532,0.4117015600204468
218,14,0,0,0.7866472005844116,0.21335281431674957
218,15,0,0,0.7718768119812012,0.22812318801879883
218,16,0,0,0.7120055556297302,0.2879944443702698
218,17,0,1,0.17433035373687744,0.8256696462631226
218,18,0,0,0.786853551864624,0.21314649283885956
218,19,0,0,0.7303040027618408,0.2696959972381592
219,0,0,1,0.37262749671936035,0.6273725032806396
219,1,0,0,0.7846049070358276,0.21539512276649475
219,2,0,0,0.7138926386833191,0.2861073613166809
219,3,1,1,0.03327793627977371,0.9667220711708069
219,4,0,1,0.41608935594558716,0.5839105844497681
219,5,0,0,0.9659414291381836,0.03405861184000969
219,6,0,0,0.9795873165130615,0.020412690937519073
219,7,1,0,0.5889524221420288,0.4110475480556488
219,8,0,1,0.04567668214440346,0.9543233513832092
219,9,0,0,0.7096389532089233,0.29036104679107666
219,10,0,0,0.774112343788147,0.22588764131069183
219,11,0,0,0.7010785341262817,0.2989214062690735
219,12,1,1,0.37262749671936035,0.6273725032806396
219,13,0,0,0.7288135886192322,0.27118638157844543
219,14,0,0,0.974922239780426,0.025077803060412407
219,15,0,1,0.47133123874664307,0.5286687612533569
219,16,0,0,0.7238601446151733,0.27613991498947144
219,17,0,0,0.9589082598686218,0.04109176620841026
219,18,0,0,0.9775323867797852,0.02246759459376335
219,19,0,0,0.9817196726799011,0.01828037016093731
220,0,0,1,0.24707922339439392,0.7529207468032837
220,1,0,0,0.5619150400161743,0.43808501958847046
220,2,0,0,0.7127545475959778,0.28724539279937744
220,3,1,1,0.016813578084111214,0.9831864833831787
220,4,0,0,0.5564220547676086,0.4435778856277466
220,5,0,0,0.9406614303588867,0.0593385249376297
220,6,0,0,0.9555973410606384,0.044402629137039185
220,7,1,1,0.2850187420845032,0.7149812579154968
220,8,0,1,0.0278590377420187,0.972140908241272
220,9,0,0,0.7501642107963562,0.249835804104805
220,10,0,0,0.5129891037940979,0.4870108664035797
220,11,0,1,0.30384889245033264,0.696151077747345
220,12,1,1,0.15209774672985077,0.847902238368988
220,13,0,0,0.5157437920570374,0.48425623774528503
220,14,0,0,0.942983865737915,0.05701610818505287
220,15,0,1,0.2521611452102661,0.7478387951850891
220,16,0,0,0.5682712197303772,0.43172886967658997
220,17,0,0,0.9210212230682373,0.0789787620306015
220,18,0,0,0.9516593813896179,0.048340678215026855
220,19,0,0,0.9572412967681885,0.04275865852832794
221,0,0,1,0.26955297589302063,0.730446994304657
221,1,0,0,0.7810243368148804,0.21897569298744202
221,2,0,1,0.35585689544677734,0.6441430449485779
221,3,1,1,0.012648388743400574,0.9873515367507935
221,4,0,0,0.7251437306404114,0.2748562693595886
221,5,0,0,0.7903709411621094,0.2096291184425354
221,6,0,0,0.9398923516273499,0.060107629746198654
221,7,1,1,0.19742238521575928,0.8025776147842407
221,8,0,1,0.02286520041525364,0.9771347641944885
221,9,0,1,0.11345978826284409,0.8865401744842529
221,10,0,0,0.7255632877349854,0.27443671226501465
221,11,0,1,0.19742240011692047,0.8025776147842407
221,12,1,1,0.26955294609069824,0.7304470539093018
221,13,0,0,0.762722373008728,0.23727765679359436
221,14,0,0,0.9045361876487732,0.09546384960412979
221,15,0,0,0.548966109752655,0.4510338604450226
221,16,0,0,0.8059783577919006,0.19402171671390533
221,17,0,0,0.8966579437255859,0.10334201157093048
221,18,0,0,0.9180946350097656,0.08190535008907318
221,19,0,0,0.9481375217437744,0.051862411201000214
222,0,0,1,0.23027929663658142,0.769720733165741
222,1,0,0,0.9001500606536865,0.09984998404979706
222,2,0,1,0.48012325167655945,0.5198767185211182
222,3,1,1,0.06291170418262482,0.9370882511138916
222,4,0,1,0.39051535725593567,0.6094846725463867
222,5,0,0,0.8417127132415771,0.15828727185726166
222,6,0,0,0.8173439502716064,0.18265601992607117
222,7,1,1,0.2606780529022217,0.7393219470977783
222,8,0,1,0.08821544796228409,0.9117845296859741
222,9,0,1,0.19536180794239044,0.804638147354126
222,10,0,0,0.9001500606536865,0.09984998404979706
222,11,0,1,0.4524384140968323,0.5475616455078125
222,12,1,1,0.23027929663658142,0.769720733165741
222,13,0,0,0.8301024436950684,0.16989754140377045
222,14,0,0,0.833594799041748,0.16640523076057434
222,15,0,1,0.16629046201705933,0.8337095379829407
222,16,0,0,0.6206973791122437,0.37930259108543396
222,17,0,0,0.7594226002693176,0.2405773401260376
222,18,0,0,0.833594799041748,0.16640523076057434
222,19,0,0,0.7843508720397949,0.21564914286136627
223,0,0,1,0.1075272262096405,0.8924728035926819
223,1,0,0,0.8187190294265747,0.1812809854745865
223,2,0,1,0.37451207637786865,0.6254879236221313
223,3,1,1,0.01964077167212963,0.9803591966629028
223,4,0,1,0.47550785541534424,0.524492084980011
223,5,0,0,0.7548261284828186,0.24517381191253662
223,6,0,0,0.7612714171409607,0.23872864246368408
223,7,1,1,0.37451204657554626,0.6254879832267761
223,8,0,1,0.01964077167212963,0.9803591966629028
223,9,0,0,0.7006291747093201,0.2993708550930023
223,10,0,0,0.8186331987380981,0.18136677145957947
223,11,0,0,0.6357240676879883,0.3642759323120117
223,12,1,1,0.08058322966098785,0.9194167852401733
223,13,0,0,0.7718420624732971,0.22815798223018646
223,14,0,0,0.7752737998962402,0.22472627460956573
223,15,0,1,0.4020760953426361,0.5979238748550415
223,16,0,0,0.7272021174430847,0.27279794216156006
223,17,0,0,0.6939107775688171,0.30608931183815
223,18,0,0,0.7707969546318054,0.2292030304670334
223,19,0,0,0.752114474773407,0.24788551032543182
224,0,0,1,0.34665894508361816,0.6533410549163818
224,1,0,0,0.8094221353530884,0.19057786464691162
224,2,0,1,0.3107638955116272,0.689236044883728
224,3,1,1,0.01574331521987915,0.9842566847801208
224,4,0,0,0.6204147338867188,0.3795852065086365
224,5,0,0,0.919946014881134,0.08005399256944656
224,6,0,0,0.83336341381073,0.1666366010904312
224,7,1,1,0.024630878120660782,0.9753691554069519
224,8,0,1,0.047537632286548615,0.9524624347686768
224,9,0,1,0.27092185616493225,0.7290781140327454
224,10,0,0,0.7803680300712585,0.21963202953338623
224,11,0,1,0.30677860975265503,0.693221390247345
224,12,1,1,0.34495168924331665,0.6550483107566833
224,13,0,0,0.7480761408805847,0.2519238591194153
224,14,0,0,0.8953799605369568,0.10462001711130142
224,15,0,0,0.5325663685798645,0.4674336910247803
224,16,0,0,0.8196278214454651,0.1803721785545349
224,17,0,0,0.7430580854415894,0.25694188475608826
224,18,0,0,0.8953799605369568,0.10462001711130142
224,19,0,0,0.8285837173461914,0.1714162826538086
225,0,0,1,0.3775050640106201,0.6224949955940247
225,1,0,0,0.7796566486358643,0.22034341096878052
225,2,0,0,0.6153627038002014,0.3846372961997986
225,3,1,1,0.26982277631759644,0.7301772832870483
225,4,0,0,0.5412632822990417,0.4587366580963135
225,5,0,0,0.7176849842071533,0.28231504559516907
225,6,0,0,0.8956212401390076,0.10437871515750885
225,7,1,1,0.022922268137335777,0.9770777225494385
225,8,0,1,0.26982277631759644,0.7301772832870483
225,9,0,0,0.6082925796508789,0.3917073905467987
225,10,0,0,0.7796566486358643,0.22034341096878052
225,11,0,0,0.6153627038002014,0.3846372961997986
225,12,1,1,0.37750500440597534,0.6224949955940247
225,13,0,0,0.6790143251419067,0.32098570466041565
225,14,0,0,0.8798993825912476,0.12010063976049423
225,15,0,0,0.5010415315628052,0.49895843863487244
225,16,0,0,0.7805429697036743,0.2194570153951645
225,17,0,0,0.8590955138206482,0.1409044861793518
225,18,0,0,0.8322693109512329,0.1677306592464447
225,19,0,0,0.867706835269928,0.13229317963123322
226,0,0,1,0.4780358374118805,0.5219641923904419
226,1,0,0,0.9498463869094849,0.05015359818935394
226,2,0,1,0.47281143069267273,0.5271885395050049
226,3,1,1,0.024743380025029182,0.9752565622329712
226,4,0,0,0.7250006198883057,0.2749994099140167
226,5,0,0,0.7199442386627197,0.28005579113960266
226,6,0,0,0.7740588188171387,0.22594115138053894
226,7,1,1,0.2964257299900055,0.7035742998123169
226,8,0,1,0.05396698787808418,0.9460330009460449
226,9,0,0,0.581261157989502,0.4187387526035309
226,10,0,0,0.9430111050605774,0.056988876312971115
226,11,0,1,0.2647167444229126,0.7352832555770874
226,12,1,1,0.4780358076095581,0.5219641327857971
226,13,0,0,0.934609591960907,0.06539040803909302
226,14,0,0,0.7759684324264526,0.22403158247470856
226,15,0,0,0.8303496241569519,0.1696503609418869
226,16,0,0,0.9498463869094849,0.05015359818935394
226,17,0,0,0.7394261956214905,0.2605738043785095
226,18,0,0,0.7796713709831238,0.220328688621521
226,19,0,0,0.6706315279006958,0.3293684720993042
227,0,0,1,0.1476062536239624,0.8523937463760376
227,1,0,0,0.8371049761772156,0.16289502382278442
227,2,0,1,0.18168140947818756,0.8183185458183289
227,3,1,1,0.04334556683897972,0.95665442943573
227,4,0,0,0.5217556953430176,0.4782443046569824
227,5,0,0,0.7552181482315063,0.24478183686733246
227,6,0,0,0.8334853053092957,0.16651464998722076
227,7,1,1,0.2341800481081009,0.7658199667930603
227,8,0,1,0.386958509683609,0.6130415797233582
227,9,0,1,0.41142940521240234,0.5885705947875977
227,10,0,0,0.8400700092315674,0.15992996096611023
227,11,0,1,0.293056458234787,0.7069435715675354
227,12,1,1,0.1476062536239624,0.8523937463760376
227,13,0,0,0.8520244359970093,0.14797557890415192
227,14,0,0,0.8416888117790222,0.15831121802330017
227,15,0,1,0.4159754812717438,0.5840244889259338
227,16,0,0,0.8357606530189514,0.16423942148685455
227,17,0,0,0.7950852513313293,0.20491476356983185
227,18,0,0,0.8416888117790222,0.15831121802330017
227,19,0,0,0.8086058497428894,0.1913941651582718
228,0,0,1,0.1288757622241974,0.871124267578125
228,1,0,0,0.7293132543563843,0.2706867456436157
228,2,0,1,0.23200629651546478,0.7679937481880188
228,3,1,1,0.05535534396767616,0.9446446299552917
228,4,0,1,0.4471987783908844,0.5528011918067932
228,5,0,0,0.7246295809745789,0.27537038922309875
228,6,0,0,0.7602819800376892,0.23971796035766602
228,7,1,1,0.09996600449085236,0.9000339508056641
228,8,0,1,0.06937330216169357,0.9306267499923706
228,9,0,1,0.1486215889453888,0.8513784408569336
228,10,0,0,0.6469275951385498,0.3530724048614502
228,11,0,1,0.09996600449085236,0.9000339508056641
228,12,1,1,0.11666770279407501,0.883332371711731
228,13,0,0,0.7293132543563843,0.2706867456436157
228,14,0,0,0.7620198130607605,0.2379802167415619
228,15,0,1,0.34549152851104736,0.6545084714889526
228,16,0,0,0.7293132543563843,0.2706867456436157
228,17,0,0,0.5257998704910278,0.47420012950897217
228,18,0,0,0.7495842576026917,0.2504156827926636
228,19,0,0,0.764011561870575,0.23598842322826385
229,0,0,1,0.2628290355205536,0.7371709942817688
229,1,0,0,0.7018541097640991,0.2981458902359009
229,2,0,1,0.23807188868522644,0.761928141117096
229,3,1,1,0.042465969920158386,0.9575340151786804
229,4,0,1,0.440728098154068,0.5592719316482544
229,5,0,0,0.7185350060462952,0.28146499395370483
229,6,0,0,0.9081119894981384,0.09188804775476456
229,7,1,1,0.2912555932998657,0.7087444067001343
229,8,0,1,0.16938653588294983,0.8306134939193726
229,9,0,0,0.5202541351318359,0.4797458052635193
229,10,0,0,0.6217154860496521,0.3782844841480255
229,11,0,1,0.2912555932998657,0.7087444067001343
229,12,1,1,0.2628289759159088,0.7371709942817688
229,13,0,0,0.6926342844963074,0.307365745306015
229,14,0,0,0.890221118927002,0.10977884382009506
229,15,0,1,0.290774405002594,0.709225594997406
229,16,0,0,0.6926342844963074,0.307365745306015
229,17,0,0,0.7641019821166992,0.23589804768562317
229,18,0,0,0.890221118927002,0.10977886617183685
229,19,0,0,0.8909080028533936,0.10909201204776764
230,0,0,1,0.19048304855823517,0.809516966342926
230,1,0,0,0.8188735842704773,0.1811264157295227
230,2,0,1,0.4122861623764038,0.5877138376235962
230,3,1,1,0.02850993350148201,0.9714900851249695
230,4,0,1,0.4505581557750702,0.5494418144226074
230,5,0,0,0.6555478572845459,0.3444521129131317
230,6,0,0,0.9728521108627319,0.02714788168668747
230,7,1,1,0.32021090388298035,0.6797890663146973
230,8,0,1,0.3768673241138458,0.6231326460838318
230,9,0,0,0.5836194753646851,0.4163805842399597
230,10,0,0,0.8354863524436951,0.16451367735862732
230,11,0,1,0.32021093368530273,0.6797890663146973
230,12,1,1,0.14869378507137299,0.8513062000274658
230,13,0,0,0.7503673434257507,0.24963267147541046
230,14,0,0,0.9554783701896667,0.044521674513816833
230,15,0,1,0.1359224170446396,0.864077627658844
230,16,0,0,0.8189966678619385,0.18100325763225555
230,17,0,0,0.9445332884788513,0.055466730147600174
230,18,0,0,0.9554783701896667,0.044521674513816833
230,19,0,0,0.9709755182266235,0.0290245208889246
231,0,0,1,0.16773121058940887,0.8322687149047852
231,1,0,1,0.4734703302383423,0.5265296697616577
231,2,0,0,0.5722916126251221,0.42770838737487793
231,3,1,1,0.014569072984158993,0.9854309558868408
231,4,0,1,0.43406400084495544,0.5659360289573669
231,5,0,0,0.6642080545425415,0.3357919156551361
231,6,0,0,0.7570184469223022,0.24298156797885895
231,7,1,1,0.434946745634079,0.5650532841682434
231,8,0,1,0.3999071717262268,0.6000928282737732
231,9,0,0,0.6402454972267151,0.3597545027732849
231,10,0,1,0.4081099033355713,0.5918900966644287
231,11,0,1,0.35999003052711487,0.6400099396705627
231,12,1,1,0.16773121058940887,0.8322687149047852
231,13,0,1,0.22147060930728912,0.7785294651985168
231,14,0,0,0.7509469985961914,0.2490529716014862
231,15,0,1,0.15847495198249817,0.8415250778198242
231,16,0,1,0.47470375895500183,0.5252962112426758
231,17,0,0,0.6552562713623047,0.3447436988353729
231,18,0,0,0.7355521321296692,0.2644478678703308
231,19,0,0,0.7613828182220459,0.2386171966791153
232,0,0,1,0.11139469593763351,0.8886052966117859
232,1,0,0,0.7354530692100525,0.2645469009876251
232,2,0,0,0.6684582233428955,0.3315417766571045
232,3,1,1,0.2960266172885895,0.7039733529090881
232,4,0,1,0.4336792826652527,0.5663207173347473
232,5,0,0,0.9289038181304932,0.07109621912240982
232,6,0,0,0.938770055770874,0.06122998893260956
232,7,1,1,0.25581151247024536,0.7441884875297546
232,8,0,1,0.24167516827583313,0.7583248615264893
232,9,0,0,0.6242369413375854,0.3757631480693817
232,10,0,0,0.6287716627120972,0.37122833728790283
232,11,0,0,0.7030729651451111,0.2969270944595337
232,12,1,1,0.11139469593763351,0.8886052966117859
232,13,0,0,0.7321245074272156,0.2678754925727844
232,14,0,0,0.9354620575904846,0.06453792750835419
232,15,0,0,0.6431347727775574,0.356865257024765
232,16,0,0,0.7321245074272156,0.2678754925727844
232,17,0,0,0.8688325881958008,0.131167471408844
232,18,0,0,0.9354620575904846,0.06453792750835419
232,19,0,0,0.9362396597862244,0.06376035511493683
233,0,0,1,0.208773672580719,0.7912263870239258
233,1,0,0,0.8441250920295715,0.15587495267391205
233,2,0,1,0.47431713342666626,0.5256828665733337
233,3,1,1,0.03434668853878975,0.9656533002853394
233,4,0,1,0.43053364753723145,0.5694663524627686
233,5,0,0,0.752971887588501,0.2470281422138214
233,6,0,0,0.7359468340873718,0.2640531659126282
233,7,1,1,0.2621103823184967,0.7378895878791809
233,8,0,1,0.20111538469791412,0.7988846302032471
233,9,0,0,0.6813669204711914,0.318633109331131
233,10,0,0,0.8366060853004456,0.16339394450187683
233,11,0,0,0.5575036406517029,0.44249629974365234
233,12,1,1,0.208773672580719,0.7912263870239258
233,13,0,0,0.8291621804237366,0.170837864279747
233,14,0,0,0.7439587712287903,0.2560412585735321
233,15,0,0,0.6337223649024963,0.36627763509750366
233,16,0,0,0.7892338037490845,0.2107662707567215
233,17,0,0,0.6347105503082275,0.36528947949409485
233,18,0,0,0.7439587712287903,0.2560412585735321
233,19,0,0,0.7359468936920166,0.2640531659126282
234,0,0,1,0.3441881239414215,0.6558119058609009
234,1,0,0,0.8430274724960327,0.15697254240512848
234,2,0,1,0.1863318830728531,0.8136680722236633
234,3,1,1,0.02523045241832733,0.9747694730758667
234,4,0,1,0.44191277027130127,0.5580872297286987
234,5,0,0,0.7878172993659973,0.2121826708316803
234,6,0,0,0.7604197859764099,0.23958025872707367
234,7,1,1,0.17496681213378906,0.8250331878662109
234,8,0,1,0.07710050791501999,0.9228994846343994
234,9,0,0,0.707650899887085,0.29234904050827026
234,10,0,0,0.593606173992157,0.406393826007843
234,11,0,0,0.5910637378692627,0.4089362919330597
234,12,1,1,0.3441881239414215,0.6558119058609009
234,13,0,0,0.593606173992157,0.406393826007843
234,14,0,0,0.768296480178833,0.23170354962348938
234,15,0,1,0.3441881239414215,0.6558119058609009
234,16,0,1,0.20170240104198456,0.7982975244522095
234,17,0,0,0.7498362064361572,0.2501637935638428
234,18,0,0,0.7431347966194153,0.2568652331829071
234,19,0,0,0.7328740358352661,0.2671259343624115
235,0,0,1,0.15771552920341492,0.8422845005989075
235,1,0,0,0.6809921860694885,0.31900784373283386
235,2,0,1,0.2932245135307312,0.7067754864692688
235,3,1,1,0.2880789041519165,0.7119211554527283
235,4,0,1,0.4299238920211792,0.5700761675834656
235,5,0,0,0.8931117057800293,0.10688833892345428
235,6,0,0,0.8271560668945312,0.17284396290779114
235,7,1,1,0.14373575150966644,0.8562641739845276
235,8,0,1,0.21090607345104218,0.7890939116477966
235,9,0,1,0.23476888239383698,0.765231192111969
235,10,0,0,0.7647507190704346,0.23524928092956543
235,11,0,1,0.34312936663627625,0.6568706631660461
235,12,1,1,0.15771552920341492,0.8422845005989075
235,13,0,0,0.7214460968971252,0.27855393290519714
235,14,0,0,0.8836060762405396,0.11639393121004105
235,15,0,1,0.15771552920341492,0.8422845005989075
235,16,0,0,0.7638141512870789,0.23618583381175995
235,17,0,1,0.2616111934185028,0.7383888363838196
235,18,0,0,0.8869919776916504,0.1130080446600914
235,19,0,0,0.8756144642829895,0.12438550591468811
236,0,0,0,0.7287701368331909,0.2712298333644867
236,1,0,0,0.9499130249023438,0.05008695647120476
236,2,0,0,0.8372489213943481,0.16275109350681305
236,3,1,1,0.005475207231938839,0.9945248365402222
236,4,0,1,0.4324459135532379,0.5675540566444397
236,5,0,0,0.5781916379928589,0.4218083322048187
236,6,0,0,0.8661510348320007,0.13384898006916046
236,7,1,1,0.3653618097305298,0.6346381902694702
236,8,0,1,0.17233291268348694,0.8276671171188354
236,9,0,0,0.9045644998550415,0.09543552994728088
236,10,0,0,0.9163371920585632,0.08366283774375916
236,11,0,0,0.8620210886001587,0.1379789412021637
236,12,1,1,0.0903380736708641,0.9096619486808777
236,13,0,0,0.9194293022155762,0.08057066798210144
236,14,0,0,0.7821289300918579,0.21787109971046448
236,15,0,1,0.0903380885720253,0.9096618890762329
236,16,0,0,0.8438234925270081,0.15617644786834717
236,17,0,0,0.9268279671669006,0.07317202538251877
236,18,0,1,0.4824652075767517,0.5175347328186035
236,19,0,0,0.8079265356063843,0.1920734941959381
237,0,0,1,0.38538357615470886,0.6146163940429688
237,1,0,0,0.9496590495109558,0.05034099519252777
237,2,0,0,0.67731112241745,0.32268884778022766
237,3,1,0,0.6109632253646851,0.38903680443763733
237,4,0,1,0.42932477593421936,0.5706751942634583
237,5,0,0,0.9476978182792664,0.052302174270153046
237,6,0,0,0.9167275428771973,0.08327240496873856
237,7,1,1,0.010553725995123386,0.9894463419914246
237,8,0,1,0.18212391436100006,0.8178760409355164
237,9,0,0,0.6325302720069885,0.36746975779533386
237,10,0,0,0.9405093789100647,0.05949065089225769
237,11,0,1,0.44665226340293884,0.5533477663993835
237,12,1,1,0.27628830075263977,0.7237117290496826
237,13,0,0,0.9431331157684326,0.05686689168214798
237,14,0,0,0.9438504576683044,0.05614955350756645
237,15,0,1,0.27628830075263977,0.7237117290496826
237,16,0,0,0.953932523727417,0.046067506074905396
237,17,0,1,0.22455747425556183,0.7754424810409546
237,18,0,0,0.9476978182792664,0.05230216681957245
237,19,0,0,0.9440735578536987,0.05592642351984978
238,0,0,1,0.2633911669254303,0.7366088032722473
238,1,0,0,0.9218055009841919,0.07819453626871109
238,2,0,0,0.5518288612365723,0.44817110896110535
238,3,1,1,0.04096778482198715,0.9590322375297546
238,4,0,1,0.4318506419658661,0.5681493282318115
238,5,0,0,0.9550001621246338,0.044999800622463226
238,6,0,0,0.9567021131515503,0.04329787939786911
238,7,1,1,0.16010287404060364,0.8398971557617188
238,8,0,1,0.10037242621183395,0.8996275663375854
238,9,0,0,0.6637535691261292,0.33624646067619324
238,10,0,0,0.9218159317970276,0.0781841054558754
238,11,0,1,0.1677418202161789,0.8322581648826599
238,12,1,1,0.2560037076473236,0.7439963817596436
238,13,0,0,0.9267273545265198,0.073272705078125
238,14,0,0,0.9717088341712952,0.028291158378124237
238,15,0,1,0.2560037076473236,0.7439963817596436
238,16,0,0,0.7989994883537292,0.20100043714046478
238,17,0,1,0.05528268218040466,0.9447173476219177
238,18,0,1,0.43239134550094604,0.567608654499054
238,19,0,0,0.9505609273910522,0.04943903535604477
239,0,0,0,0.8252035975456238,0.1747964322566986
239,1,0,0,0.9149227142333984,0.08507733792066574
239,2,0,0,0.6149747967720032,0.3850252330303192
239,3,1,1,0.015304701402783394,0.9846952557563782
239,4,0,1,0.43155592679977417,0.5684440732002258
239,5,0,0,0.9832188487052917,0.01678117923438549
239,6,0,0,0.9899431467056274,0.010056834667921066
239,7,1,1,0.04818445444107056,0.9518154859542847
239,8,0,1,0.02237856201827526,0.9776214361190796
239,9,0,0,0.90681391954422,0.09318612515926361
239,10,0,0,0.9149133563041687,0.0850866511464119
239,11,0,0,0.6202554106712341,0.37974461913108826
239,12,1,1,0.06866991519927979,0.9313300251960754
239,13,0,0,0.7813910245895386,0.21860891580581665
239,14,0,0,0.9879142642021179,0.012085762806236744
239,15,0,1,0.1061953753232956,0.8938045501708984
239,16,0,0,0.91703861951828,0.08296134322881699
239,17,0,1,0.015304701402783394,0.9846952557563782
239,18,0,0,0.9488222002983093,0.051177822053432465
239,19,0,0,0.9824009537696838,0.01759897917509079
240,0,0,0,0.6436498165130615,0.35635021328926086
240,1,0,0,0.9403766989707947,0.059623245149850845
240,2,0,0,0.7273994088172913,0.27260059118270874
240,3,1,1,0.004371172282844782,0.995628833770752
240,4,0,1,0.4312630295753479,0.5687370300292969
240,5,0,0,0.8551432490348816,0.1448567807674408
240,6,0,0,0.8655304908752441,0.13446952402591705
240,7,1,1,0.1582934707403183,0.8417065143585205
240,8,0,1,0.07559116184711456,0.9244088530540466
240,9,0,0,0.8276426196098328,0.172357439994812
240,10,0,0,0.9334720373153687,0.06652798503637314
240,11,0,0,0.7729681730270386,0.22703175246715546
240,12,1,1,0.28645700216293335,0.7135429978370667
240,13,0,0,0.9377491474151611,0.06225080043077469
240,14,0,0,0.839565634727478,0.16043442487716675
240,15,0,1,0.28645697236061096,0.7135429978370667
240,16,0,0,0.8832014203071594,0.11679859459400177
240,17,0,1,0.004371172282844782,0.995628833770752
240,18,0,0,0.8405622839927673,0.15943779051303864
240,19,0,0,0.7037811279296875,0.2962189018726349
241,0,0,0,0.9740404486656189,0.025959482416510582
241,1,0,0,0.9789350628852844,0.021064938977360725
241,2,0,0,0.6938304305076599,0.3061695694923401
241,3,1,1,0.009268819354474545,0.9907311797142029
241,4,0,1,0.4309721291065216,0.5690279006958008
241,5,0,0,0.908083975315094,0.09191601723432541
241,6,0,0,0.8757374286651611,0.12426261603832245
241,7,1,1,0.18302831053733826,0.8169716596603394
241,8,0,1,0.10714567452669144,0.8928542733192444
241,9,0,0,0.8820494413375854,0.11795055121183395
241,10,0,0,0.9813838601112366,0.01861610822379589
241,11,0,0,0.680754542350769,0.31924545764923096
241,12,1,1,0.0450875498354435,0.9549124836921692
241,13,0,0,0.981855034828186,0.0181450005620718
241,14,0,0,0.8959195613861084,0.10408036410808563
241,15,0,1,0.062314245849847794,0.9376857280731201
241,16,0,0,0.981855034828186,0.0181450005620718
241,17,0,1,0.009268819354474545,0.9907311797142029
241,18,0,0,0.9081501960754395,0.09184975177049637
241,19,0,0,0.8890362977981567,0.11096367239952087
242,0,0,1,0.3851071298122406,0.6148928999900818
242,1,0,0,0.9591980576515198,0.04080196097493172
242,2,0,0,0.678279459476471,0.32172054052352905
242,3,1,1,0.005206630565226078,0.9947933554649353
242,4,0,1,0.42785927653312683,0.5721407532691956
242,5,0,0,0.9451380968093872,0.05486190691590309
242,6,0,0,0.938683271408081,0.06131672114133835
242,7,1,1,0.013596268370747566,0.9864037036895752
242,8,0,1,0.006812307983636856,0.993187665939331
242,9,0,0,0.9012131094932556,0.0987868458032608
242,10,0,0,0.9419941902160645,0.05800583213567734
242,11,0,0,0.678098201751709,0.32190173864364624
242,12,1,1,0.4149739444255829,0.5850260853767395
242,13,0,0,0.9561577439308167,0.04384231194853783
242,14,0,0,0.9404405355453491,0.05955950915813446
242,15,0,1,0.4149739444255829,0.5850260853767395
242,16,0,0,0.9582462906837463,0.04175369068980217
242,17,0,1,0.006463057827204466,0.9935368895530701
242,18,0,0,0.9451380968093872,0.05486190691590309
242,19,0,0,0.9377388954162598,0.06226106360554695
243,0,0,0,0.7783679366111755,0.22163213789463043
243,1,0,0,0.9515936374664307,0.04840642213821411
243,2,0,0,0.7255911231040955,0.2744089663028717
243,3,1,1,0.029306486248970032,0.9706935286521912
243,4,0,1,0.4303959906101227,0.5696040391921997
243,5,0,0,0.876994252204895,0.12300568073987961
243,6,0,0,0.7395862936973572,0.26041367650032043
243,7,1,1,0.02570863626897335,0.9742913842201233
243,8,0,1,0.02467346005141735,0.9753265380859375
243,9,0,0,0.7406328320503235,0.2593671977519989
243,10,0,0,0.9515936374664307,0.04840642213821411
243,11,0,0,0.7189328670501709,0.2810671031475067
243,12,1,1,0.29058921337127686,0.7094107866287231
243,13,0,0,0.9628239870071411,0.03717595711350441
243,14,0,0,0.8649070262908936,0.13509295880794525
243,15,0,1,0.29058924317359924,0.7094107866287231
243,16,0,0,0.9584798812866211,0.04152011498808861
243,17,0,1,0.028355803340673447,0.9716442227363586
243,18,0,0,0.8428985476493835,0.15710149705410004
243,19,0,0,0.8556682467460632,0.14433175325393677
244,0,0,0,0.9103333353996277,0.08966665714979172
244,1,0,0,0.9371470808982849,0.0628528743982315
244,2,0,0,0.8476930856704712,0.1523069143295288
244,3,1,1,0.03525654226541519,0.964743435382843
244,4,0,1,0.43011075258255005,0.5698891878128052
244,5,0,0,0.9314770102500916,0.06852305680513382
244,6,0,0,0.8656737208366394,0.13432623445987701
244,7,1,1,0.43307551741600037,0.5669244527816772
244,8,0,0,0.9096322059631348,0.09036779403686523
244,9,0,1,0.4836864471435547,0.5163135528564453
244,10,0,0,0.9374951124191284,0.06250491738319397
244,11,0,0,0.7511414885520935,0.2488584965467453
244,12,1,1,0.02566656470298767,0.9743334650993347
244,13,0,0,0.9495906829833984,0.05040927603840828
244,14,0,0,0.9258915781974792,0.07410841435194016
244,15,0,1,0.044894393533468246,0.9551055431365967
244,16,0,0,0.9460657835006714,0.053934283554553986
244,17,0,0,0.5857966542243958,0.41420331597328186
244,18,0,0,0.931476891040802,0.06852306425571442
244,19,0,0,0.9194213151931763,0.08057870715856552
245,0,0,0,0.926100492477417,0.07389955222606659
245,1,0,0,0.929086446762085,0.07091362774372101
245,2,0,0,0.9631878137588501,0.036812182515859604
245,3,1,1,0.4173959791660309,0.5826039910316467
245,4,0,1,0.4298273026943207,0.5701726675033569
245,5,0,0,0.8732427358627319,0.12675730884075165
245,6,0,0,0.7884845733642578,0.211515411734581
245,7,1,1,0.10040754824876785,0.8995924592018127
245,8,0,0,0.9494591951370239,0.05054079741239548
245,9,0,0,0.6139423251152039,0.38605767488479614
245,10,0,0,0.9291013479232788,0.07089869678020477
245,11,0,0,0.9534584879875183,0.04654154181480408
245,12,1,1,0.027043325826525688,0.9729567170143127
245,13,0,0,0.9283899068832397,0.07161010801792145
245,14,0,0,0.8622962832450867,0.13770368695259094
245,15,0,1,0.04792654514312744,0.9520734548568726
245,16,0,0,0.5080611109733582,0.4919389486312866
245,17,0,1,0.34873244166374207,0.6512675881385803
245,18,0,0,0.8732426166534424,0.12675732374191284
245,19,0,0,0.8497317433357239,0.15026825666427612
246,0,0,1,0.23432490229606628,0.7656751275062561
246,1,0,0,0.9678046107292175,0.03219543769955635
246,2,0,0,0.6457445025444031,0.3542554974555969
246,3,1,1,0.4054155945777893,0.5945843458175659
246,4,0,1,0.42954570055007935,0.5704542994499207
246,5,0,0,0.6438816785812378,0.3561182916164398
246,6,0,0,0.6878820061683655,0.3121179938316345
246,7,1,1,0.015463357791304588,0.9845367074012756
246,8,0,1,0.3124622106552124,0.6875378489494324
246,9,0,1,0.32827094197273254,0.6717290282249451
246,10,0,0,0.9678046107292175,0.032195426523685455
246,11,0,0,0.5939682126045227,0.4060317575931549
246,12,1,1,0.24826361238956451,0.7517363429069519
246,13,0,0,0.9792211651802063,0.020778851583600044
246,14,0,0,0.682561993598938,0.31743794679641724
246,15,0,1,0.24826361238956451,0.7517363429069519
246,16,0,0,0.9678046107292175,0.032195426523685455
246,17,0,0,0.6486132144927979,0.3513868451118469
246,18,0,0,0.6221999526023865,0.3778000473976135
246,19,0,0,0.7429723143577576,0.25702765583992004
247,0,0,0,0.5028729438781738,0.4971270263195038
247,1,0,0,0.961628794670105,0.038371264934539795
247,2,0,0,0.7677251100540161,0.23227491974830627
247,3,1,1,0.03342534974217415,0.9665747284889221
247,4,0,1,0.4264369308948517,0.5735630393028259
247,5,0,0,0.9709868431091309,0.029013078659772873
247,6,0,0,0.974229633808136,0.025770435109734535
247,7,1,0,0.9185057878494263,0.08149421215057373
247,8,0,0,0.7130312919616699,0.2869687080383301
247,9,0,0,0.9481411576271057,0.05185877904295921
247,10,0,0,0.9617446660995483,0.03825533762574196
247,11,0,0,0.9690600037574768,0.030939936637878418
247,12,1,1,0.05600839853286743,0.9439916610717773
247,13,0,0,0.9423446655273438,0.05765530839562416
247,14,0,0,0.9677965641021729,0.03220343217253685
247,15,0,1,0.05600838363170624,0.9439916610717773
247,16,0,0,0.9615685939788818,0.03843146562576294
247,17,0,1,0.1655532270669937,0.8344467282295227
247,18,0,0,0.9677965641021729,0.03220343217253685
247,19,0,0,0.9671794772148132,0.03282049670815468
248,0,0,1,0.4884805381298065,0.5115194320678711
248,1,0,0,0.9292595386505127,0.07074049860239029
248,2,0,0,0.6067094206809998,0.3932906687259674
248,3,1,1,0.019664257764816284,0.9803357124328613
248,4,0,1,0.4374844431877136,0.5625155568122864
248,5,0,0,0.9851330518722534,0.014866980724036694
248,6,0,0,0.9762045741081238,0.02379537560045719
248,7,1,0,0.6659424901008606,0.334057480096817
248,8,0,0,0.6067094206809998,0.39329060912132263
248,9,0,0,0.9098257422447205,0.09017421305179596
248,10,0,0,0.9292595386505127,0.07074049860239029
248,11,0,0,0.9477874636650085,0.05221250653266907
248,12,1,0,0.6481411457061768,0.351858913898468
248,13,0,0,0.8942298293113708,0.10577023774385452
248,14,0,0,0.9827608466148376,0.017239166423678398
248,15,0,0,0.648141086101532,0.3518589437007904
248,16,0,0,0.8794454336166382,0.12055457383394241
248,17,0,0,0.8735727071762085,0.1264273077249527
248,18,0,0,0.9827608466148376,0.017239166423678398
248,19,0,0,0.9800911545753479,0.019908852875232697
249,0,0,1,0.2640927731990814,0.735907256603241
249,1,0,0,0.9565248489379883,0.04347516968846321
249,2,0,0,0.7713753581047058,0.22862467169761658
249,3,1,1,0.0725800171494484,0.9274199604988098
249,4,0,1,0.4287116527557373,0.5712884068489075
249,5,0,0,0.9600491523742676,0.0399509035050869
249,6,0,0,0.9695202112197876,0.03047974407672882
249,7,1,0,0.8961690068244934,0.10383094102144241
249,8,0,0,0.6792381405830383,0.32076188921928406
249,9,0,0,0.9307708144187927,0.06922926753759384
249,10,0,0,0.9565248489379883,0.04347516968846321
249,11,0,0,0.9728305339813232,0.027169425040483475
249,12,1,1,0.06322120130062103,0.9367788434028625
249,13,0,0,0.6666443347930908,0.33335569500923157
249,14,0,0,0.9549749493598938,0.045024991035461426
249,15,0,1,0.08012140542268753,0.9198785424232483
249,16,0,0,0.9565248489379883,0.04347517341375351
249,17,0,1,0.1253078728914261,0.8746921420097351
249,18,0,0,0.9549749493598938,0.045024991035461426
249,19,0,0,0.9513224363327026,0.048677586019039154
250,0,0,1,0.038632649928331375,0.9613673686981201
250,1,0,0,0.8613453507423401,0.1386546790599823
250,2,0,1,0.443043977022171,0.5569560527801514
250,3,1,1,0.03871554881334305,0.9612843990325928
250,4,0,1,0.428437203168869,0.5715628266334534
250,5,0,0,0.9445508718490601,0.05544910952448845
250,6,0,0,0.8887322545051575,0.11126769334077835
250,7,1,1,0.09404855221509933,0.9059514999389648
250,8,0,1,0.443043977022171,0.5569559931755066
250,9,0,0,0.7525705099105835,0.24742943048477173
250,10,0,0,0.8620727062225342,0.13792730867862701
250,11,0,0,0.5018600821495056,0.4981399476528168
250,12,1,1,0.07480285316705704,0.9251971244812012
250,13,0,0,0.695547878742218,0.304452121257782
250,14,0,0,0.9397600889205933,0.060239873826503754
250,15,0,1,0.07480283826589584,0.9251971244812012
250,16,0,0,0.6909483671188354,0.30905166268348694
250,17,0,0,0.7776363492012024,0.22236368060112
250,18,0,0,0.790269672870636,0.2097303420305252
250,19,0,0,0.9228078126907349,0.07719218730926514
251,0,0,1,0.0408971905708313,0.9591028690338135
251,1,0,0,0.8663876056671143,0.13361237943172455
251,2,0,0,0.964490532875061,0.035509489476680756
251,3,1,1,0.050304315984249115,0.9496957063674927
251,4,0,1,0.43657711148262024,0.5634229183197021
251,5,0,0,0.792902410030365,0.20709751546382904
251,6,0,0,0.7334031462669373,0.26659688353538513
251,7,1,1,0.04943833127617836,0.9505617022514343
251,8,0,0,0.8783474564552307,0.12165259569883347
251,9,0,1,0.41428589820861816,0.5857141017913818
251,10,0,0,0.8579300045967102,0.1420699954032898
251,11,0,0,0.9200333952903748,0.07996653765439987
251,12,1,1,0.025062834843993187,0.9749371409416199
251,13,0,1,0.10602123290300369,0.8939787745475769
251,14,0,0,0.6944478154182434,0.3055521845817566
251,15,0,1,0.14906595647335052,0.8509340286254883
251,16,0,0,0.8663876056671143,0.13361239433288574
251,17,0,1,0.3324190378189087,0.6675809621810913
251,18,0,0,0.6459265351295471,0.3540734350681305
251,19,0,0,0.7534809112548828,0.246519073843956
252,0,0,0,0.8437429666519165,0.15625707805156708
252,1,0,0,0.9053634405136108,0.09463650733232498
252,2,0,0,0.5466805696487427,0.4533194601535797
252,3,1,1,0.03605117276310921,0.9639487862586975
252,4,0,1,0.4278932809829712,0.572106659412384
252,5,0,0,0.7698490619659424,0.2301509827375412
252,6,0,0,0.8134520053863525,0.18654800951480865
252,7,1,1,0.4653639793395996,0.5346360206604004
252,8,0,0,0.5466805100440979,0.4533194601535797
252,9,0,0,0.8112876415252686,0.18871234357357025
252,10,0,0,0.9053634405136108,0.09463652968406677
252,11,0,0,0.8748000264167786,0.12520001828670502
252,12,1,1,0.038226474076509476,0.9617735147476196
252,13,0,0,0.7665241956710815,0.23347581923007965
252,14,0,0,0.7952579855918884,0.20474202930927277
252,15,0,1,0.1745845526456833,0.8254154324531555
252,16,0,0,0.9053634405136108,0.09463650733232498
252,17,0,0,0.8254714608192444,0.17452850937843323
252,18,0,0,0.7952579855918884,0.20474202930927277
252,19,0,0,0.8045108914375305,0.19548910856246948
253,0,0,0,0.6499471068382263,0.3500528931617737
253,1,0,0,0.966950535774231,0.03304952755570412
253,2,0,1,0.49255406856536865,0.5074459314346313
253,3,1,1,0.4118926525115967,0.5881073474884033
253,4,0,1,0.4310538172721863,0.5689461827278137
253,5,0,0,0.6586953401565552,0.3413046598434448
253,6,0,0,0.7683511972427368,0.231648787856102
253,7,1,1,0.07006323337554932,0.9299367666244507
253,8,0,1,0.49255406856536865,0.5074459910392761
253,9,0,1,0.0750473365187645,0.9249527454376221
253,10,0,0,0.966950535774231,0.03304952755570412
253,11,0,0,0.5556719899177551,0.44432803988456726
253,12,1,1,0.08785630017518997,0.9121437072753906
253,13,0,0,0.9620581269264221,0.03794189915060997
253,14,0,0,0.6642945408821106,0.335705429315567
253,15,0,1,0.2526994049549103,0.7473006248474121
253,16,0,0,0.966950535774231,0.03304952755570412
253,17,0,1,0.49711576104164124,0.5028842687606812
253,18,0,0,0.5495526790618896,0.4504473805427551
253,19,0,0,0.7720046043395996,0.22799547016620636
254,0,0,0,0.5104650259017944,0.4895349442958832
254,1,0,0,0.6273418068885803,0.3726581037044525
254,2,0,0,0.5731712579727173,0.42682868242263794
254,3,1,1,0.04263678938150406,0.9573632478713989
254,4,0,1,0.427356094121933,0.5726439356803894
254,5,0,0,0.7438923716545105,0.2561076581478119
254,6,0,0,0.742849588394165,0.2571503818035126
254,7,1,1,0.0800568088889122,0.9199432134628296
254,8,0,0,0.5731713175773621,0.42682868242263794
254,9,0,0,0.6492983102798462,0.3507016897201538
254,10,0,0,0.62962406873703,0.37037593126296997
254,11,0,0,0.5680614113807678,0.43193861842155457
254,12,1,1,0.3598211705684662,0.6401787996292114
254,13,0,1,0.11639003455638885,0.8836100101470947
254,14,0,0,0.7495858073234558,0.2504141926765442
254,15,0,1,0.4089559316635132,0.5910440683364868
254,16,0,0,0.6247913241386414,0.37520867586135864
254,17,0,0,0.6351699233055115,0.3648300766944885
254,18,0,0,0.7393639087677002,0.2606360614299774
254,19,0,0,0.7393639087677002,0.2606360614299774
255,0,0,0,0.5114858150482178,0.4885142147541046
255,1,0,0,0.93035489320755,0.06964514404535294
255,2,0,1,0.17245835065841675,0.827541708946228
255,3,1,1,0.4813743531703949,0.5186256170272827
255,4,0,1,0.4270898997783661,0.5729100704193115
255,5,0,0,0.7876370549201965,0.21236295998096466
255,6,0,0,0.8011746406555176,0.19882529973983765
255,7,1,1,0.0613357312977314,0.9386642575263977
255,8,0,1,0.10904574394226074,0.8909542560577393
255,9,0,0,0.7501528859138489,0.24984712898731232
255,10,0,0,0.93035489320755,0.06964512914419174
255,11,0,1,0.170533686876297,0.8294662833213806
255,12,1,1,0.08971808850765228,0.9102818965911865
255,13,0,0,0.7739941477775574,0.22600586712360382
255,14,0,0,0.8112204074859619,0.18877959251403809
255,15,0,1,0.13501527905464172,0.8649847507476807
255,16,0,0,0.93035489320755,0.06964514404535294
255,17,0,0,0.5184016823768616,0.4815983176231384
255,18,0,0,0.7745745182037354,0.22542548179626465
255,19,0,0,0.7745745182037354,0.22542548179626465
256,0,0,0,0.8498450517654419,0.1501549780368805
256,1,0,0,0.8647603988647461,0.13523967564105988
256,2,0,0,0.874527096748352,0.12547291815280914
256,3,1,1,0.011551330797374249,0.9884486794471741
256,4,0,1,0.42682546377182007,0.5731745362281799
256,5,0,0,0.7550667524337769,0.24493326246738434
256,6,0,0,0.7686131596565247,0.23138681054115295
256,7,1,0,0.8232433199882507,0.17675670981407166
256,8,0,0,0.8457807302474976,0.15421929955482483
256,9,0,0,0.7222269177436829,0.27777305245399475
256,10,0,0,0.8647602796554565,0.13523969054222107
256,11,0,0,0.8915458917617798,0.10845407843589783
256,12,1,1,0.05912761762738228,0.9408723711967468
256,13,0,0,0.8646610975265503,0.1353388875722885
256,14,0,0,0.7467758655548096,0.2532241642475128
256,15,0,1,0.12222395092248917,0.877776026725769
256,16,0,0,0.826945424079895,0.17305459082126617
256,17,0,0,0.7446851134300232,0.2553149461746216
256,18,0,0,0.7469626665115356,0.25303733348846436
256,19,0,0,0.7469626665115356,0.25303736329078674
257,0,0,0,0.7483505010604858,0.25164949893951416
257,1,0,0,0.8557424545288086,0.1442575603723526
257,2,0,0,0.7784093022346497,0.22159069776535034
257,3,1,1,0.06532037258148193,0.9346796870231628
257,4,0,1,0.4265625774860382,0.5734374523162842
257,5,0,0,0.5421465635299683,0.45785340666770935
257,6,0,0,0.6554649472236633,0.3445349931716919
257,7,1,1,0.40572023391723633,0.5942797660827637
257,8,0,0,0.6718036532402039,0.32819637656211853
257,9,0,1,0.14076362550258636,0.8592363595962524
257,10,0,0,0.7866606712341309,0.21333928406238556
257,11,0,0,0.716981053352356,0.2830190062522888
257,12,1,1,0.2090211659669876,0.7909789085388184
257,13,0,0,0.5552335381507874,0.44476649165153503
257,14,0,0,0.6960775256156921,0.3039224445819855
257,15,0,1,0.2666584849357605,0.7333414554595947
257,16,0,0,0.8557424545288086,0.1442575454711914
257,17,0,1,0.20946301519870758,0.7905369997024536
257,18,0,0,0.7304341197013855,0.2695658206939697
257,19,0,0,0.7238326072692871,0.2761673927307129
258,0,0,0,0.8947715759277344,0.10522845387458801
258,1,0,0,0.9012773036956787,0.0987226814031601
258,2,0,0,0.6389126777648926,0.36108729243278503
258,3,1,0,0.626055896282196,0.37394410371780396
258,4,0,1,0.4234536290168762,0.576546311378479
258,5,0,0,0.6697542071342468,0.3302457630634308
258,6,0,0,0.7115949392318726,0.28840506076812744
258,7,1,1,0.03842516615986824,0.9615748524665833
258,8,0,0,0.6389127373695374,0.36108726263046265
258,9,0,0,0.6259979009628296,0.374002069234848
258,10,0,0,0.9012773036956787,0.0987226814031601
258,11,0,0,0.8248960375785828,0.17510394752025604
258,12,1,1,0.05556662380695343,0.944433331489563
258,13,0,1,0.15438085794448853,0.8456191420555115
258,14,0,0,0.6862156987190247,0.3137843608856201
258,15,0,1,0.1115366518497467,0.8884633779525757
258,16,0,0,0.9010052680969238,0.09899470210075378
258,17,0,0,0.626055896282196,0.37394410371780396
258,18,0,0,0.736232578754425,0.26376745104789734
258,19,0,0,0.736232578754425,0.26376745104789734
259,0,0,0,0.7761405110359192,0.2238595336675644
259,1,0,0,0.7978101372718811,0.20218989253044128
259,2,0,0,0.8263954520225525,0.17360450327396393
259,3,1,1,0.07176600396633148,0.9282339215278625
259,4,0,1,0.4231935143470764,0.5768065452575684
259,5,0,0,0.7475936412811279,0.2524062991142273
259,6,0,0,0.7820228934288025,0.21797709167003632
259,7,1,0,0.5654131174087524,0.43458685278892517
259,8,0,0,0.7255592346191406,0.2744407653808594
259,9,0,0,0.7812843322753906,0.21871565282344818
259,10,0,0,0.7978101372718811,0.2021898627281189
259,11,0,0,0.7836512327194214,0.2163487672805786
259,12,1,1,0.4572678208351135,0.5427321195602417
259,13,0,0,0.5736014246940613,0.42639854550361633
259,14,0,0,0.7596834897994995,0.24031652510166168
259,15,0,1,0.32579290866851807,0.6742071509361267
259,16,0,0,0.6493769288063049,0.35062310099601746
259,17,0,1,0.07176600396633148,0.9282339215278625
259,18,0,0,0.7669210433959961,0.23307891190052032
259,19,0,0,0.7772095203399658,0.22279049456119537
260,0,0,0,0.7578340768814087,0.2421659529209137
260,1,0,0,0.7045483589172363,0.29545164108276367
260,2,0,0,0.8408463597297668,0.15915359556674957
260,3,1,0,0.6496919393539429,0.3503080904483795
260,4,0,1,0.4257844388484955,0.5742155909538269
260,5,0,0,0.912348747253418,0.08765125274658203
260,6,0,0,0.8166276216506958,0.1833723783493042
260,7,1,1,0.3122709095478058,0.6877291798591614
260,8,0,0,0.9229696393013,0.07703037559986115
260,9,0,0,0.7900422215461731,0.2099577635526657
260,10,0,0,0.7668522000312805,0.2331477403640747
260,11,0,0,0.9273104667663574,0.07268959283828735
260,12,1,1,0.054218120872974396,0.945781946182251
260,13,0,1,0.45974814891815186,0.5402519106864929
260,14,0,0,0.9017860889434814,0.09821394830942154
260,15,0,1,0.19136010110378265,0.8086398839950562
260,16,0,0,0.5723950266838074,0.42760494351387024
260,17,0,0,0.6496919393539429,0.3503080904483795
260,18,0,0,0.8878927230834961,0.1121072918176651
260,19,0,0,0.8789330124855042,0.12106695771217346
261,0,0,0,0.8873772621154785,0.11262279003858566
261,1,0,0,0.9027253985404968,0.09727467596530914
261,2,0,1,0.2558577358722687,0.7441422939300537
261,3,1,0,0.6687572002410889,0.33124279975891113
261,4,0,1,0.4289010167121887,0.5710989832878113
261,5,0,0,0.7766115069389343,0.22338847815990448
261,6,0,0,0.8051499724388123,0.19485005736351013
261,7,1,1,0.3343636691570282,0.6656363606452942
261,8,0,1,0.20367881655693054,0.7963211536407471
261,9,0,0,0.7919812202453613,0.20801876485347748
261,10,0,0,0.9027253985404968,0.09727467596530914
261,11,0,1,0.3717469274997711,0.6282531023025513
261,12,1,1,0.08335462212562561,0.9166454076766968
261,13,0,1,0.43967047333717346,0.5603296160697937
261,14,0,0,0.7720694541931152,0.22793054580688477
261,15,0,1,0.22437983751296997,0.77562016248703
261,16,0,0,0.9027252793312073,0.09727468341588974
261,17,0,0,0.6687572002410889,0.33124276995658875
261,18,0,0,0.7837095260620117,0.2162904590368271
261,19,0,0,0.7998800873756409,0.2001199573278427
262,0,0,0,0.8748436570167542,0.12515635788440704
262,1,0,0,0.8793012499809265,0.1206987127661705
262,2,0,1,0.286786288022995,0.7132136821746826
262,3,1,0,0.6578923463821411,0.3421075642108917
262,4,0,1,0.4224248230457306,0.577575147151947
262,5,0,0,0.8411674499511719,0.1588325947523117
262,6,0,0,0.7748153209686279,0.2251846045255661
262,7,1,0,0.5918739438056946,0.4081261157989502
262,8,0,1,0.09783797711133957,0.9021620154380798
262,9,0,0,0.800685465335846,0.19931454956531525
262,10,0,0,0.7997173070907593,0.20028270781040192
262,11,0,1,0.0991797223687172,0.9008203148841858
262,12,1,1,0.06435772031545639,0.9356423616409302
262,13,0,0,0.8086797595024109,0.1913202702999115
262,14,0,0,0.819054126739502,0.18094590306282043
262,15,0,1,0.19799795746803284,0.8020020723342896
262,16,0,0,0.8793012499809265,0.12069868296384811
262,17,0,0,0.6578924059867859,0.3421075642108917
262,18,0,0,0.8128297924995422,0.18717023730278015
262,19,0,0,0.8230178952217102,0.17698217928409576
263,0,0,0,0.84440016746521,0.15559986233711243
263,1,0,0,0.8447449803352356,0.1552550047636032
263,2,0,1,0.4121796190738678,0.5878204107284546
263,3,1,1,0.10580727458000183,0.8941927552223206
263,4,0,1,0.42838114500045776,0.5716187953948975
263,5,0,0,0.7519834041595459,0.24801655113697052
263,6,0,0,0.7059287428855896,0.29407116770744324
263,7,1,0,0.5634943842887878,0.43650564551353455
263,8,0,1,0.20173698663711548,0.7982629537582397
263,9,0,0,0.7111681699752808,0.2888318598270416
263,10,0,0,0.6868625283241272,0.3131374716758728
263,11,0,1,0.3972834646701813,0.6027165651321411
263,12,1,1,0.11738083511590958,0.8826191425323486
263,13,0,0,0.5775186419487,0.4224814176559448
263,14,0,0,0.7494211196899414,0.2505788803100586
263,15,0,1,0.26974835991859436,0.730251669883728
263,16,0,0,0.8447449803352356,0.1552550047636032
263,17,0,1,0.10580727458000183,0.8941927552223206
263,18,0,0,0.7613328099250793,0.23866719007492065
263,19,0,0,0.7735031247138977,0.2264968901872635
264,0,0,0,0.7126374244689941,0.28736260533332825
264,1,0,0,0.8509594202041626,0.1490405797958374
264,2,0,0,0.5887640118598938,0.4112359583377838
264,3,1,0,0.6143128871917725,0.3856871426105499
264,4,0,1,0.42192214727401733,0.5780778527259827
264,5,0,0,0.7677487134933472,0.23225131630897522
264,6,0,0,0.642228901386261,0.35777100920677185
264,7,1,1,0.06381415575742722,0.9361858367919922
264,8,0,0,0.5404785871505737,0.45952147245407104
264,9,0,0,0.6886892318725586,0.3113107979297638
264,10,0,0,0.8509864211082458,0.14901354908943176
264,11,0,0,0.5643093585968018,0.43569064140319824
264,12,1,1,0.3976213037967682,0.6023786664009094
264,13,0,1,0.16385029256343842,0.8361496925354004
264,14,0,0,0.7357354164123535,0.26426464319229126
264,15,0,1,0.3675852119922638,0.6324148178100586
264,16,0,0,0.8509864211082458,0.14901354908943176
264,17,0,0,0.6143128871917725,0.3856871426105499
264,18,0,0,0.7206332087516785,0.2793668210506439
264,19,0,0,0.7483975291252136,0.25160250067710876
265,0,0,0,0.8571818470954895,0.14281810820102692
265,1,0,0,0.8579663634300232,0.1420336663722992
265,2,0,1,0.34147754311561584,0.6585224270820618
265,3,1,0,0.6175528764724731,0.38244712352752686
265,4,0,1,0.4326075613498688,0.5673924684524536
265,5,0,0,0.7543846368789673,0.2456153780221939
265,6,0,0,0.6733219027519226,0.326678067445755
265,7,1,1,0.026282932609319687,0.9737170934677124
265,8,0,1,0.049565982073545456,0.9504340887069702
265,9,0,0,0.7021591067314148,0.2978409230709076
265,10,0,0,0.8579663634300232,0.1420336663722992
265,11,0,1,0.2798173129558563,0.7201827764511108
265,12,1,1,0.2642734944820404,0.735726535320282
265,13,0,1,0.22686301171779633,0.7731370329856873
265,14,0,0,0.7458685040473938,0.2541314661502838
265,15,0,1,0.17825207114219666,0.821747899055481
265,16,0,0,0.8579663634300232,0.1420336663722992
265,17,0,0,0.6175528764724731,0.38244712352752686
265,18,0,0,0.7185400128364563,0.28146007657051086
265,19,0,0,0.7458685636520386,0.2541314363479614
266,0,0,0,0.750542402267456,0.24945765733718872
266,1,0,0,0.5305643677711487,0.4694356620311737
266,2,0,0,0.5618939995765686,0.4381060302257538
266,3,1,0,0.6176897883415222,0.382310152053833
266,4,0,1,0.42427968978881836,0.5757203102111816
266,5,0,0,0.8000779747962952,0.19992202520370483
266,6,0,1,0.10722126811742783,0.892778754234314
266,7,1,1,0.07380910217761993,0.9261908531188965
266,8,0,0,0.5618939995765686,0.4381060302257538
266,9,0,0,0.8601583242416382,0.13984167575836182
266,10,0,0,0.7505422830581665,0.24945765733718872
266,11,0,0,0.5618939995765686,0.4381060302257538
266,12,1,0,0.5618939399719238,0.4381060004234314
266,13,0,1,0.20987018942832947,0.7901298403739929
266,14,0,0,0.7094612121582031,0.2905387580394745
266,15,0,1,0.43978917598724365,0.5602108240127563
266,16,0,0,0.7505422830581665,0.2494576871395111
266,17,0,0,0.6176897883415222,0.382310152053833
266,18,0,0,0.802945077419281,0.1970549374818802
266,19,0,0,0.6500487923622131,0.34995123744010925
267,0,0,0,0.5314871668815613,0.46851274371147156
267,1,0,1,0.3861350119113922,0.6138649582862854
267,2,0,0,0.5263726711273193,0.4736272394657135
267,3,1,0,0.6766879558563232,0.32331210374832153
267,4,0,1,0.4320743680000305,0.5679256319999695
267,5,0,0,0.7481428384780884,0.25185713171958923
267,6,0,0,0.7510984539985657,0.24890150129795074
267,7,1,1,0.10932642966508865,0.8906735777854919
267,8,0,0,0.5263726711273193,0.4736272692680359
267,9,0,0,0.7463903427124023,0.25360968708992004
267,10,0,0,0.6562076210975647,0.3437923192977905
267,11,0,0,0.5263726711273193,0.4736272394657135
267,12,1,0,0.5263726711273193,0.4736272394657135
267,13,0,1,0.23259170353412628,0.7674083113670349
267,14,0,0,0.7418226599693298,0.2581772804260254
267,15,0,1,0.43867889046669006,0.5613211393356323
267,16,0,0,0.6554085612297058,0.3445914387702942
267,17,0,0,0.6766879558563232,0.32331210374832153
267,18,0,0,0.7340136766433716,0.26598626375198364
267,19,0,0,0.7418227195739746,0.2581772208213806
268,0,0,1,0.2576938569545746,0.7423061728477478
268,1,0,1,0.2598212957382202,0.7401787042617798
268,2,0,0,0.528357982635498,0.47164204716682434
268,3,1,0,0.6039252281188965,0.39607474207878113
268,4,0,1,0.4237934648990631,0.5762065649032593
268,5,0,0,0.7094008922576904,0.29059913754463196
268,6,0,0,0.6662530899047852,0.33374691009521484
268,7,1,1,0.0925351232290268,0.907464861869812
268,8,0,0,0.528357982635498,0.47164204716682434
268,9,0,0,0.6756682395935059,0.32433179020881653
268,10,0,0,0.5035338997840881,0.49646613001823425
268,11,0,0,0.528357982635498,0.47164204716682434
268,12,1,0,0.528357982635498,0.47164198756217957
268,13,0,1,0.1733064204454422,0.826693594455719
268,14,0,0,0.713539719581604,0.2864602208137512
268,15,0,1,0.4382478892803192,0.5617521405220032
268,16,0,1,0.49864909052848816,0.5013508796691895
268,17,0,0,0.6039252281188965,0.39607474207878113
268,18,0,0,0.6882693767547607,0.31173062324523926
268,19,0,0,0.7159506678581238,0.28404930233955383
269,0,0,0,0.6938509941101074,0.3061489760875702
269,1,0,0,0.7390905022621155,0.26090940833091736
269,2,0,0,0.5193643569946289,0.4806356728076935
269,3,1,1,0.10782622545957565,0.8921738266944885
269,4,0,1,0.4206997752189636,0.5793001651763916
269,5,0,0,0.6933189034461975,0.30668115615844727
269,6,0,0,0.6233034133911133,0.3766965866088867
269,7,1,0,0.7262575030326843,0.27374255657196045
269,8,0,0,0.5193643569946289,0.48063570261001587
269,9,0,0,0.6340126991271973,0.36598730087280273
269,10,0,0,0.7240390777587891,0.2759609520435333
269,11,0,0,0.5193643569946289,0.48063570261001587
269,12,1,0,0.5193643569946289,0.48063570261001587
269,13,0,0,0.613128125667572,0.3868718445301056
269,14,0,0,0.6957525610923767,0.3042474687099457
269,15,0,1,0.42424482107162476,0.5757551193237305
269,16,0,0,0.6938509941101074,0.3061489760875702
269,17,0,1,0.10782622545957565,0.8921738266944885
269,18,0,0,0.6601417064666748,0.3398583233356476
269,19,0,0,0.7029008269309998,0.297099232673645
270,0,0,1,0.1836991012096405,0.8163008689880371
270,1,0,0,0.5737423896789551,0.4262576401233673
270,2,0,0,0.5834639668464661,0.41653603315353394
270,3,1,0,0.6432359218597412,0.3567640483379364
270,4,0,1,0.4233149290084839,0.5766851305961609
270,5,0,1,0.2924182116985321,0.7075818181037903
270,6,0,1,0.41184908151626587,0.5881509184837341
270,7,1,1,0.18369905650615692,0.8163009285926819
270,8,0,0,0.5834639668464661,0.41653603315353394
270,9,0,0,0.6380227208137512,0.36197730898857117
270,10,0,0,0.5277377963066101,0.47226211428642273
270,11,0,0,0.5834639668464661,0.41653603315353394
270,12,1,0,0.5834639668464661,0.41653603315353394
270,13,0,1,0.3265751302242279,0.6734248399734497
270,14,0,1,0.33315351605415344,0.6668464541435242
270,15,0,1,0.41066014766693115,0.5893398523330688
270,16,0,0,0.530052661895752,0.4699473977088928
270,17,0,0,0.6432359218597412,0.3567640483379364
270,18,0,1,0.4176453649997711,0.5823546648025513
270,19,0,1,0.18646493554115295,0.8135351538658142
271,0,0,0,0.7135607004165649,0.28643935918807983
271,1,0,0,0.6917669177055359,0.3082330524921417
271,2,0,0,0.5460342764854431,0.4539656639099121
271,3,1,0,0.6897900104522705,0.3102099895477295
271,4,0,1,0.42307838797569275,0.5769215822219849
271,5,0,0,0.7604326605796814,0.23956738412380219
271,6,0,0,0.7916215658187866,0.20837846398353577
271,7,1,0,0.6738716959953308,0.3261283040046692
271,8,0,0,0.5460343360900879,0.4539656639099121
271,9,0,0,0.760491669178009,0.23950831592082977
271,10,0,0,0.7076886296272278,0.29231131076812744
271,11,0,0,0.5460342764854431,0.4539656937122345
271,12,1,0,0.5460342764854431,0.4539656639099121
271,13,0,0,0.7150743007659912,0.28492575883865356
271,14,0,0,0.7604326605796814,0.23956738412380219
271,15,0,0,0.5960825085639954,0.40391746163368225
271,16,0,0,0.7135606408119202,0.2864393889904022
271,17,0,0,0.6897900104522705,0.3102099895477295
271,18,0,0,0.760491669178009,0.2395082712173462
271,19,0,0,0.7604326605796814,0.23956738412380219
272,0,0,0,0.7176690101623535,0.2823309004306793
272,1,0,0,0.7340467572212219,0.2659532427787781
272,2,0,0,0.5235048532485962,0.4764951169490814
272,3,1,0,0.6338083744049072,0.3661915957927704
272,4,0,1,0.4307820200920105,0.5692179203033447
272,5,0,0,0.7612132430076599,0.2387867122888565
272,6,0,0,0.81187504529953,0.18812492489814758
272,7,1,0,0.5013774037361145,0.4986225962638855
272,8,0,0,0.5235048532485962,0.4764951169490814
272,9,0,0,0.7795754075050354,0.2204245775938034
272,10,0,0,0.6797416806221008,0.3202582597732544
272,11,0,0,0.5235048532485962,0.4764951169490814
272,12,1,0,0.5235048532485962,0.4764951169490814
272,13,0,0,0.5323948860168457,0.4676051139831543
272,14,0,0,0.7612132430076599,0.2387867122888565
272,15,0,1,0.3062678575515747,0.6937321424484253
272,16,0,0,0.7273106575012207,0.2726893424987793
272,17,0,0,0.6338083148002625,0.3661916255950928
272,18,0,0,0.7772238254547119,0.2227761596441269
272,19,0,0,0.7612132430076599,0.2387867122888565
273,0,0,0,0.6425008177757263,0.3574991226196289
273,1,0,0,0.6413294076919556,0.3586706221103668
273,2,0,0,0.544847309589386,0.4551526606082916
273,3,1,0,0.6210408210754395,0.37895920872688293
273,4,0,1,0.4197571575641632,0.5802428722381592
273,5,0,0,0.7452288866043091,0.25477108359336853
273,6,0,0,0.776746392250061,0.22325363755226135
273,7,1,0,0.6425008177757263,0.3574991226196289
273,8,0,1,0.4936867952346802,0.5063132047653198
273,9,0,0,0.7403607368469238,0.2596392035484314
273,10,0,0,0.6555476784706116,0.34445229172706604
273,11,0,1,0.4936867654323578,0.5063132047653198
273,12,1,1,0.49368682503700256,0.5063132047653198
273,13,0,0,0.6061192750930786,0.39388081431388855
273,14,0,0,0.7452288866043091,0.25477108359336853
273,15,0,1,0.3863300085067749,0.6136699318885803
273,16,0,0,0.6425008177757263,0.3574991226196289
273,17,0,0,0.59385085105896,0.4061491787433624
273,18,0,0,0.7403608560562134,0.2596392333507538
273,19,0,0,0.7452288866043091,0.25477108359336853
274,0,0,0,0.6014090776443481,0.39859089255332947
274,1,0,0,0.6242026090621948,0.3757973611354828
274,2,0,1,0.45448046922683716,0.5455195307731628
274,3,1,1,0.11474785208702087,0.8852521777153015
274,4,0,1,0.42238056659698486,0.5776193737983704
274,5,0,0,0.7035077214241028,0.29649224877357483
274,6,0,0,0.6780268549919128,0.3219730854034424
274,7,1,0,0.6014091372489929,0.3985908627510071
274,8,0,0,0.5162765383720398,0.4837234318256378
274,9,0,0,0.6904044151306152,0.30959558486938477
274,10,0,0,0.5711421966552734,0.4288577437400818
274,11,0,0,0.5162765383720398,0.4837234616279602
274,12,1,0,0.5162765383720398,0.4837234616279602
274,13,0,0,0.5753913521766663,0.42460864782333374
274,14,0,0,0.7035077214241028,0.29649221897125244
274,15,0,1,0.3975526988506317,0.6024473309516907
274,16,0,0,0.6014090776443481,0.3985908627510071
274,17,0,1,0.28833821415901184,0.7116618156433105
274,18,0,0,0.6904044151306152,0.3095955550670624
274,19,0,0,0.7035077214241028,0.29649221897125244
275,0,0,0,0.5702549815177917,0.429745078086853
275,1,0,0,0.5807854533195496,0.41921451687812805
275,2,0,0,0.6070130467414856,0.392986923456192
275,3,1,0,0.6720866560935974,0.3279133439064026
275,4,0,1,0.42215192317962646,0.5778480768203735
275,5,0,0,0.6848739385604858,0.31512606143951416
275,6,0,0,0.5415658354759216,0.4584341049194336
275,7,1,0,0.5702549815177917,0.42974504828453064
275,8,0,1,0.18267756700515747,0.8173224925994873
275,9,0,0,0.6816743016242981,0.3183256983757019
275,10,0,0,0.5834378004074097,0.41656216979026794
275,11,0,1,0.19184239208698273,0.8081576228141785
275,12,1,1,0.05547938868403435,0.9445206522941589
275,13,0,0,0.5404444932937622,0.45955541729927063
275,14,0,0,0.7256718873977661,0.2743281424045563
275,15,0,1,0.3575471341609955,0.6424528956413269
275,16,0,0,0.5702549815177917,0.42974504828453064
275,17,0,0,0.5229887366294861,0.47701117396354675
275,18,0,0,0.6816743016242981,0.3183256983757019
275,19,0,0,0.6848739385604858,0.3151260316371918
276,0,0,0,0.6497132778167725,0.35028669238090515
276,1,0,0,0.6497132778167725,0.35028669238090515
276,2,0,0,0.8127183318138123,0.18728162348270416
276,3,1,1,0.04430011659860611,0.9556998610496521
276,4,0,1,0.41907116770744324,0.5809288024902344
276,5,0,0,0.7889015674591064,0.21109844744205475
276,6,0,0,0.658291757106781,0.341708242893219
276,7,1,0,0.6933943033218384,0.306605726480484
276,8,0,1,0.08483622968196869,0.9151637554168701
276,9,0,0,0.8104449510574341,0.18955501914024353
276,10,0,0,0.6936725974082947,0.30632737278938293
276,11,0,1,0.1295260787010193,0.8704738616943359
276,12,1,1,0.08483622968196869,0.9151637554168701
276,13,0,0,0.5647115111351013,0.43528851866722107
276,14,0,0,0.7889015674591064,0.21109841763973236
276,15,0,1,0.447110652923584,0.552889347076416
276,16,0,0,0.6595897674560547,0.3404102325439453
276,17,0,1,0.049977194517850876,0.9500227570533752
276,18,0,0,0.7999299764633179,0.20007005333900452
276,19,0,0,0.7959737181663513,0.2040262073278427
277,0,0,1,0.36155834794044495,0.6384416818618774
277,1,0,1,0.36155834794044495,0.6384416222572327
277,2,0,0,0.5854321718215942,0.4145679175853729
277,3,1,1,0.011088012717664242,0.9889119863510132
277,4,0,1,0.4249834716320038,0.5750165581703186
277,5,0,0,0.8062483072280884,0.19375169277191162
277,6,0,0,0.8769003748893738,0.1230996623635292
277,7,1,1,0.32814374566078186,0.6718562245368958
277,8,0,1,0.06144735589623451,0.9385526180267334
277,9,0,0,0.8384451270103455,0.16155488789081573
277,10,0,1,0.3878267705440521,0.6121732592582703
277,11,0,1,0.2034262865781784,0.7965736985206604
277,12,1,1,0.06111295148730278,0.9388870000839233
277,13,0,1,0.4185764193534851,0.5814235806465149
277,14,0,0,0.8194711804389954,0.18052878975868225
277,15,0,1,0.14076447486877441,0.8592355251312256
277,16,0,1,0.32814374566078186,0.6718562245368958
277,17,0,1,0.012452468276023865,0.9875475168228149
277,18,0,0,0.8128119707107544,0.1871880292892456
277,19,0,0,0.8339818120002747,0.16601809859275818
278,0,0,0,0.6426522135734558,0.3573477864265442
278,1,0,0,0.5362671613693237,0.46373289823532104
278,2,0,0,0.9330665469169617,0.06693340092897415
278,3,1,1,0.014565288089215755,0.9854347705841064
278,4,0,1,0.4214772880077362,0.5785226821899414
278,5,0,0,0.8046226501464844,0.19537734985351562
278,6,0,0,0.9258236885070801,0.07417625188827515
278,7,1,0,0.5011075139045715,0.49889248609542847
278,8,0,0,0.840223491191864,0.1597764790058136
278,9,0,0,0.8956114649772644,0.1043885350227356
278,10,0,0,0.7344664931297302,0.2655334174633026
278,11,0,0,0.5974277853965759,0.40257227420806885
278,12,1,1,0.14910383522510529,0.8508962392807007
278,13,0,0,0.6735856533050537,0.3264143764972687
278,14,0,0,0.8046226501464844,0.195377379655838
278,15,0,0,0.8181898593902588,0.18181009590625763
278,16,0,0,0.6313220858573914,0.36867791414260864
278,17,0,1,0.03992444649338722,0.9600754976272583
278,18,0,0,0.8956114649772644,0.1043885350227356
278,19,0,0,0.8046225905418396,0.195377379655838
279,0,0,0,0.9496310949325562,0.050368938595056534
279,1,0,0,0.9496310949325562,0.050368960946798325
279,2,0,0,0.7815908789634705,0.21840909123420715
279,3,1,1,0.0134333660826087,0.9865666031837463
279,4,0,1,0.4212562143802643,0.5787437558174133
279,5,0,0,0.8143061995506287,0.18569380044937134
279,6,0,0,0.8731123208999634,0.126887708902359
279,7,1,0,0.9364333152770996,0.06356672942638397
279,8,0,0,0.8646762371063232,0.13532374799251556
279,9,0,0,0.8475313782691956,0.15246856212615967
279,10,0,0,0.9399417638778687,0.06005827337503433
279,11,0,0,0.5587525367736816,0.44124749302864075
279,12,1,1,0.2719704210758209,0.7280296087265015
279,13,0,0,0.827437698841095,0.17256228625774384
279,14,0,0,0.8272638916969299,0.17273616790771484
279,15,0,0,0.8850219249725342,0.11497803032398224
279,16,0,0,0.9364333152770996,0.06356672942638397
279,17,0,0,0.8621639609336853,0.1378360241651535
279,18,0,0,0.8475314974784851,0.15246854722499847
279,19,0,0,0.8272638320922852,0.17273619771003723
280,0,0,1,0.4196214973926544,0.5803784728050232
280,1,0,1,0.41549062728881836,0.5845094323158264
280,2,0,0,0.8865069150924683,0.11349306255578995
280,3,1,1,0.012994999065995216,0.9870049953460693
280,4,0,1,0.4211139380931854,0.578886091709137
280,5,0,0,0.9405653476715088,0.059434674680233
280,6,0,0,0.9498628377914429,0.05013714358210564
280,7,1,1,0.2203742116689682,0.7796257734298706
280,8,0,1,0.038408346474170685,0.9615916013717651
280,9,0,0,0.9433569312095642,0.056643128395080566
280,10,0,1,0.39923325181007385,0.6007667183876038
280,11,0,1,0.20154301822185516,0.7984569668769836
280,12,1,1,0.1764814406633377,0.8235185742378235
280,13,0,1,0.24825447797775269,0.7517455220222473
280,14,0,0,0.9405653476715088,0.059434674680233
280,15,0,1,0.11205126345157623,0.887948751449585
280,16,0,1,0.4122810363769531,0.5877189636230469
280,17,0,0,0.9382935762405396,0.06170640140771866
280,18,0,0,0.9429663419723511,0.057033635675907135
280,19,0,0,0.9393611550331116,0.06063888221979141
281,0,0,0,0.6110745668411255,0.3889254033565521
281,1,0,0,0.5047063231468201,0.49529364705085754
281,2,0,0,0.5124781727790833,0.4875217378139496
281,3,1,1,0.010016605257987976,0.989983320236206
281,4,0,1,0.4213082790374756,0.5786917805671692
281,5,0,0,0.8873407244682312,0.1126592829823494
281,6,0,0,0.8555922508239746,0.14440777897834778
281,7,1,1,0.07061965763568878,0.9293802976608276
281,8,0,1,0.4683505892753601,0.5316494107246399
281,9,0,0,0.8818479776382446,0.11815205961465836
281,10,0,0,0.5963270664215088,0.4036729335784912
281,11,0,0,0.5152386426925659,0.4847612977027893
281,12,1,1,0.3900637924671173,0.6099361777305603
281,13,0,1,0.14227768778800964,0.857722282409668
281,14,0,0,0.8873407244682312,0.1126592829823494
281,15,0,1,0.45615318417549133,0.5438467860221863
281,16,0,0,0.5721681714057922,0.4278317987918854
281,17,0,1,0.49712154269218445,0.5028784275054932
281,18,0,0,0.8906941413879395,0.10930591821670532
281,19,0,0,0.8951579332351685,0.10484211891889572
282,0,0,1,0.42391934990882874,0.5760806202888489
282,1,0,1,0.4211834967136383,0.5788164734840393
282,2,0,1,0.3336637318134308,0.6663363575935364
282,3,1,1,0.39722320437431335,0.6027767658233643
282,4,0,1,0.42150524258613586,0.5784947872161865
282,5,0,0,0.9811675548553467,0.018832402303814888
282,6,0,0,0.9674350619316101,0.03256501257419586
282,7,1,1,0.20826119184494019,0.7917388081550598
282,8,0,0,0.7113364934921265,0.28866344690322876
282,9,0,0,0.9764774441719055,0.023522576317191124
282,10,0,0,0.5598046779632568,0.4401952624320984
282,11,0,1,0.21913142502307892,0.7808685898780823
282,12,1,1,0.020044388249516487,0.9799556136131287
282,13,0,1,0.4234218895435333,0.5765781402587891
282,14,0,0,0.9811675548553467,0.018832415342330933
282,15,0,0,0.6450833678245544,0.35491663217544556
282,16,0,1,0.2217259258031845,0.7782741189002991
282,17,0,1,0.37123796343803406,0.6287620663642883
282,18,0,0,0.9735220670700073,0.026477953419089317
282,19,0,1,0.1685047745704651,0.8314952254295349
283,0,0,0,0.5847225189208984,0.4152774214744568
283,1,0,0,0.6822765469551086,0.31772348284721375
283,2,0,1,0.43865177035331726,0.5613481998443604
283,3,1,0,0.5285829305648804,0.471417099237442
283,4,0,1,0.42514196038246155,0.5748580694198608
283,5,0,0,0.9476760029792786,0.05232395976781845
283,6,0,0,0.8694290518760681,0.1305709183216095
283,7,1,0,0.661910891532898,0.33808910846710205
283,8,0,0,0.5071537494659424,0.49284628033638
283,9,0,0,0.9432694911956787,0.05673045292496681
283,10,0,0,0.7079952359199524,0.2920047640800476
283,11,0,1,0.35846272110939026,0.6415372490882874
283,12,1,1,0.35846275091171265,0.6415372490882874
283,13,0,0,0.65012526512146,0.34987467527389526
283,14,0,0,0.9475046396255493,0.05249534174799919
283,15,0,0,0.6700981855392456,0.32990187406539917
283,16,0,0,0.6165266036987305,0.38347333669662476
283,17,0,0,0.5203396677970886,0.4796602725982666
283,18,0,0,0.9410443902015686,0.058955613523721695
283,19,0,0,0.9493362903594971,0.05066368728876114
284,0,0,1,0.28263357281684875,0.7173664569854736
284,1,0,0,0.7713878154754639,0.22861219942569733
284,2,0,1,0.21580857038497925,0.7841914296150208
284,3,1,1,0.027901435270905495,0.9720985889434814
284,4,0,1,0.41887664794921875,0.5811233520507812
284,5,0,0,0.9199274778366089,0.08007253706455231
284,6,0,0,0.7889342308044434,0.21106575429439545
284,7,1,1,0.05786902457475662,0.942130982875824
284,8,0,0,0.8119882345199585,0.1880117803812027
284,9,0,0,0.914880633354187,0.08511943370103836
284,10,0,0,0.7698445320129395,0.23015540838241577
284,11,0,1,0.06618465483188629,0.9338153600692749
284,12,1,1,0.029057100415229797,0.9709429144859314
284,13,0,0,0.7767518162727356,0.22324822843074799
284,14,0,0,0.9300865530967712,0.06991343200206757
284,15,0,0,0.6029302477836609,0.3970697820186615
284,16,0,1,0.05786900967359543,0.942130982875824
284,17,0,1,0.2938530743122101,0.7061469554901123
284,18,0,0,0.9334161281585693,0.06658383458852768
284,19,0,0,0.9345661997795105,0.06543378531932831
285,0,0,0,0.7741893529891968,0.22581064701080322
285,1,0,0,0.7899979948997498,0.21000194549560547
285,2,0,0,0.6811670660972595,0.3188329339027405
285,3,1,1,0.04228915646672249,0.9577108025550842
285,4,0,1,0.42211154103279114,0.5778884291648865
285,5,0,0,0.845374345779419,0.15462565422058105
285,6,0,0,0.6569069027900696,0.34309306740760803
285,7,1,0,0.715756893157959,0.28424304723739624
285,8,0,0,0.8502690196037292,0.14973093569278717
285,9,0,0,0.810760498046875,0.1892395168542862
285,10,0,0,0.7746225595474243,0.22537745535373688
285,11,0,1,0.3552340269088745,0.6447659730911255
285,12,1,1,0.010946260765194893,0.9890537261962891
285,13,0,0,0.7862759232521057,0.2137240469455719
285,14,0,0,0.8145078420639038,0.1854921579360962
285,15,0,0,0.7083346247673035,0.29166534543037415
285,16,0,0,0.715756893157959,0.28424307703971863
285,17,0,0,0.5441407561302185,0.4558591842651367
285,18,0,0,0.8536582589149475,0.14634175598621368
285,19,0,0,0.8533149361610413,0.14668509364128113
286,0,0,1,0.4967691898345947,0.50323086977005
286,1,0,0,0.7086906433105469,0.2913094162940979
286,2,0,1,0.11664289981126785,0.8833571076393127
286,3,1,1,0.02076423168182373,0.979235827922821
286,4,0,1,0.4223189949989319,0.5776810050010681
286,5,0,0,0.9671235084533691,0.03287651389837265
286,6,0,0,0.9685551524162292,0.03144484758377075
286,7,1,1,0.053241316229104996,0.9467587471008301
286,8,0,0,0.7839633822441101,0.2160366326570511
286,9,0,0,0.9671235084533691,0.03287651389837265
286,10,0,0,0.7030415534973145,0.29695847630500793
286,11,0,1,0.03642332926392555,0.9635767340660095
286,12,1,1,0.028376176953315735,0.9716238975524902
286,13,0,0,0.7150875926017761,0.28491246700286865
286,14,0,0,0.9671235084533691,0.03287651389837265
286,15,0,1,0.3605104088783264,0.6394895911216736
286,16,0,1,0.4117293655872345,0.5882706642150879
286,17,0,1,0.05676122009754181,0.9432387351989746
286,18,0,0,0.9651631116867065,0.03483692184090614
286,19,0,0,0.9659572243690491,0.03404281660914421
287,0,0,1,0.08046698570251465,0.9195330142974854
287,1,0,0,0.5821827054023743,0.4178173243999481
287,2,0,0,0.5476300120353699,0.4523699879646301
287,3,1,0,0.5115943551063538,0.48840564489364624
287,4,0,1,0.42618611454963684,0.5738138556480408
287,5,0,0,0.8323649168014526,0.1676350235939026
287,6,0,0,0.6876354813575745,0.3123645782470703
287,7,1,1,0.10310762375593185,0.8968923091888428
287,8,0,1,0.4085385501384735,0.5914614796638489
287,9,0,0,0.8409857153892517,0.1590142846107483
287,10,0,0,0.5693643093109131,0.4306357800960541
287,11,0,1,0.49039921164512634,0.509600818157196
287,12,1,1,0.33774158358573914,0.6622583270072937
287,13,0,1,0.48954835534095764,0.51045161485672
287,14,0,0,0.8409857153892517,0.1590142697095871
287,15,0,1,0.31890976428985596,0.6810901761054993
287,16,0,0,0.5693643093109131,0.4306357800960541
287,17,0,0,0.5626969337463379,0.4373030364513397
287,18,0,0,0.825904905796051,0.17409507930278778
287,19,0,0,0.8323649168014526,0.1676350235939026
288,0,0,1,0.16680702567100525,0.8331930041313171
288,1,0,0,0.8250926733016968,0.17490731179714203
288,2,0,1,0.33542075753211975,0.6645792722702026
288,3,1,1,0.27988192439079285,0.7201181054115295
288,4,0,1,0.42645639181137085,0.5735436081886292
288,5,0,0,0.7646286487579346,0.23537135124206543
288,6,0,0,0.9967185854911804,0.003281343262642622
288,7,1,0,0.7649692893028259,0.23503069579601288
288,8,0,0,0.5897684097290039,0.4102316200733185
288,9,0,0,0.9949513673782349,0.00504864938557148
288,10,0,0,0.8438170552253723,0.15618298947811127
288,11,0,1,0.3474362790584564,0.652563750743866
288,12,1,1,0.25345325469970703,0.7465466856956482
288,13,0,0,0.8293919563293457,0.17060808837413788
288,14,0,0,0.9949513673782349,0.00504864938557148
288,15,0,0,0.814643383026123,0.18535658717155457
288,16,0,0,0.8438170552253723,0.15618295967578888
288,17,0,1,0.3242166340351105,0.6757833361625671
288,18,0,0,0.9964486360549927,0.0035513511393219233
288,19,0,0,0.7646286487579346,0.23537135124206543
289,0,0,0,0.880144476890564,0.11985550075769424
289,1,0,0,0.8666791319847107,0.1333208531141281
289,2,0,1,0.44417059421539307,0.5558294653892517
289,3,1,1,0.052454039454460144,0.9475459456443787
289,4,0,1,0.41970252990722656,0.5802974700927734
289,5,0,0,0.770704984664917,0.229295015335083
289,6,0,1,0.22808270156383514,0.7719172835350037
289,7,1,0,0.8576167821884155,0.1423831731081009
289,8,0,0,0.6927688121795654,0.30723121762275696
289,9,0,0,0.7478113174438477,0.25218862295150757
289,10,0,0,0.8637527823448181,0.13624726235866547
289,11,0,1,0.26472216844558716,0.7352778315544128
289,12,1,1,0.19473381340503693,0.8052661418914795
289,13,0,0,0.8179993033409119,0.18200074136257172
289,14,0,0,0.7478113174438477,0.25218862295150757
289,15,0,0,0.5287023782730103,0.47129765152931213
289,16,0,0,0.8637527823448181,0.13624726235866547
289,17,0,0,0.5279564261436462,0.47204354405403137
289,18,0,0,0.701117992401123,0.29888206720352173
289,19,0,0,0.7621688842773438,0.23783116042613983
290,0,0,0,0.7428444623947144,0.25715553760528564
290,1,0,0,0.7429157495498657,0.2570841908454895
290,2,0,1,0.3191516399383545,0.6808483600616455
290,3,1,1,0.07216138392686844,0.9278385639190674
290,4,0,1,0.42317649722099304,0.5768234729766846
290,5,0,0,0.8112695217132568,0.18873049318790436
290,6,0,1,0.2983575463294983,0.7016424536705017
290,7,1,0,0.6985630989074707,0.3014369010925293
290,8,0,1,0.365553081035614,0.634446918964386
290,9,0,0,0.8329105973243713,0.16708941757678986
290,10,0,0,0.7472959756851196,0.25270402431488037
290,11,0,1,0.24878667294979095,0.7512133717536926
290,12,1,1,0.18726882338523865,0.812731146812439
290,13,0,0,0.6783257126808167,0.32167425751686096
290,14,0,0,0.8334101438522339,0.16658984124660492
290,15,0,0,0.5006468892097473,0.4993530809879303
290,16,0,0,0.6878534555435181,0.3121465742588043
290,17,0,1,0.23612438142299652,0.7638755440711975
290,18,0,0,0.792285144329071,0.20771490037441254
290,19,0,0,0.8279415965080261,0.17205847799777985
291,0,0,0,0.5254119634628296,0.4745880365371704
291,1,0,0,0.6115296483039856,0.38847029209136963
291,2,0,0,0.5534034371376038,0.44659653306007385
291,3,1,0,0.5157883763313293,0.48421162366867065
291,4,0,1,0.4200480878353119,0.5799518823623657
291,5,0,0,0.7828031778335571,0.21719683706760406
291,6,0,0,0.5924976468086243,0.40750232338905334
291,7,1,1,0.4043126106262207,0.5956873893737793
291,8,0,0,0.5730264186859131,0.4269736111164093
291,9,0,0,0.7806743383407593,0.21932561695575714
291,10,0,0,0.6060951352119446,0.3939048945903778
291,11,0,0,0.6341809034347534,0.3658190369606018
291,12,1,1,0.38209643959999084,0.6179035305976868
291,13,0,0,0.5867725014686584,0.4132274091243744
291,14,0,0,0.775412917137146,0.22458705306053162
291,15,0,0,0.5196691751480103,0.4803308844566345
291,16,0,0,0.5175727605819702,0.4824272394180298
291,17,0,1,0.4728793203830719,0.5271205902099609
291,18,0,0,0.7307772636413574,0.2692227363586426
291,19,0,0,0.7703243494033813,0.22967562079429626
292,0,0,0,0.5130950808525085,0.48690497875213623
292,1,0,0,0.7169358730316162,0.2830641269683838
292,2,0,1,0.13506613671779633,0.8649339079856873
292,3,1,1,0.020969457924365997,0.9790305495262146
292,4,0,1,0.4236224889755249,0.5763775110244751
292,5,0,0,0.6972106695175171,0.3027893006801605
292,6,0,1,0.2652626037597656,0.7347373366355896
292,7,1,1,0.06876794993877411,0.9312320351600647
292,8,0,1,0.23316322267055511,0.7668368220329285
292,9,0,0,0.6972106695175171,0.3027893006801605
292,10,0,0,0.7166777849197388,0.28332221508026123
292,11,0,0,0.7463507652282715,0.2536492347717285
292,12,1,1,0.010728110559284687,0.989271879196167
292,13,0,0,0.747448742389679,0.25255125761032104
292,14,0,0,0.7911088466644287,0.20889118313789368
292,15,0,1,0.13559399545192719,0.8644059896469116
292,16,0,0,0.7352874875068665,0.26471248269081116
292,17,0,1,0.0607200488448143,0.9392799735069275
292,18,0,0,0.830765426158905,0.16923460364341736
292,19,0,0,0.6972106695175171,0.3027893006801605
293,0,0,0,0.8446289300918579,0.1553710550069809
293,1,0,1,0.45830899477005005,0.54169100522995
293,2,0,1,0.2788446843624115,0.7211552858352661
293,3,1,1,0.031008686870336533,0.9689912796020508
293,4,0,1,0.4278656840324402,0.5721343159675598
293,5,0,0,0.6411792039871216,0.35882076621055603
293,6,0,1,0.11201977729797363,0.8879802227020264
293,7,1,1,0.23673003911972046,0.7632699012756348
293,8,0,1,0.21295849978923798,0.7870414853096008
293,9,0,0,0.6304476857185364,0.369552344083786
293,10,0,0,0.5344964861869812,0.4655034840106964
293,11,0,1,0.32259923219680786,0.6774008274078369
293,12,1,1,0.06724505126476288,0.9327549934387207
293,13,0,1,0.31883031129837036,0.6811697483062744
293,14,0,0,0.842979371547699,0.1570206880569458
293,15,0,1,0.37884315848350525,0.6211567521095276
293,16,0,1,0.46025219559669495,0.5397477746009827
293,17,0,1,0.29066863656044006,0.7093313336372375
293,18,0,0,0.8852455615997314,0.11475440859794617
293,19,0,0,0.6304476857185364,0.369552344083786
294,0,0,0,0.9919854402542114,0.008014479652047157
294,1,0,0,0.5845080018043518,0.4154919981956482
294,2,0,1,0.4155910909175873,0.5844089388847351
294,3,1,1,0.08489934355020523,0.9151006937026978
294,4,0,1,0.449419230222702,0.5505807995796204
294,5,0,0,0.6696590781211853,0.3303408920764923
294,6,0,1,0.22953133285045624,0.7704685926437378
294,7,1,1,0.460416316986084,0.5395836234092712
294,8,0,1,0.3163093328475952,0.6836906671524048
294,9,0,0,0.6714293956756592,0.32857054471969604
294,10,0,1,0.4181932508945465,0.5818067789077759
294,11,0,1,0.20272479951381683,0.7972752451896667
294,12,1,1,0.20231328904628754,0.797686755657196
294,13,0,1,0.4931557774543762,0.5068442225456238
294,14,0,0,0.9691489338874817,0.030851073563098907
294,15,0,1,0.3434740900993347,0.6565259695053101
294,16,0,0,0.6044681072235107,0.39553186297416687
294,17,0,1,0.43278342485427856,0.5672165751457214
294,18,0,0,0.9918943047523499,0.008105624467134476
294,19,0,0,0.6653026938438416,0.33469730615615845
295,0,0,0,0.7853714227676392,0.21462859213352203
295,1,0,0,0.7481192946434021,0.2518806457519531
295,2,0,1,0.35615989565849304,0.6438400745391846
295,3,1,1,0.027803117409348488,0.9721969366073608
295,4,0,1,0.42845726013183594,0.5715427398681641
295,5,0,0,0.5741280317306519,0.42587199807167053
295,6,0,1,0.18871666491031647,0.8112833499908447
295,7,1,1,0.040711574256420135,0.9592884182929993
295,8,0,1,0.48433244228363037,0.5156674981117249
295,9,0,0,0.5741279721260071,0.42587199807167053
295,10,0,0,0.7492789626121521,0.2507210373878479
295,11,0,0,0.5813669562339783,0.41863304376602173
295,12,1,1,0.08751503378152847,0.9124850034713745
295,13,0,0,0.7277608513832092,0.27223920822143555
295,14,0,0,0.6027180552482605,0.3972818851470947
295,15,0,0,0.6316883563995361,0.3683115839958191
295,16,0,0,0.7210299968719482,0.27896997332572937
295,17,0,1,0.17397844791412354,0.8260215520858765
295,18,0,0,0.6334776878356934,0.36652228236198425
295,19,0,0,0.5741279721260071,0.42587199807167053
296,0,0,0,0.9776551723480225,0.02234477736055851
296,1,0,0,0.7376337051391602,0.2623663544654846
296,2,0,0,0.7724925875663757,0.22750741243362427
296,3,1,1,0.00627356069162488,0.993726372718811
296,4,0,1,0.4209522306919098,0.5790477991104126
296,5,0,0,0.687832772731781,0.3121672570705414
296,6,0,1,0.11348585784435272,0.8865141272544861
296,7,1,1,0.44536709785461426,0.5546329021453857
296,8,0,0,0.7679895162582397,0.23201052844524384
296,9,0,0,0.6891186237335205,0.3108813762664795
296,10,0,0,0.8239578008651733,0.17604221403598785
296,11,0,0,0.7421068549156189,0.2578931748867035
296,12,1,1,0.2286711484193802,0.7713288068771362
296,13,0,0,0.799680769443512,0.20031921565532684
296,14,0,0,0.9817292094230652,0.018270839005708694
296,15,0,0,0.5430548787117004,0.4569450914859772
296,16,0,0,0.8387402892112732,0.1612597107887268
296,17,0,0,0.5327085852622986,0.46729138493537903
296,18,0,0,0.9915550351142883,0.008444947190582752
296,19,0,0,0.6878845691680908,0.3121153712272644
297,0,0,0,0.9566588997840881,0.04334113746881485
297,1,0,0,0.7952449321746826,0.20475508272647858
297,2,0,0,0.703991174697876,0.2960088551044464
297,3,1,1,0.2692880630493164,0.7307119369506836
297,4,0,1,0.42906537652015686,0.5709345936775208
297,5,0,1,0.49395081400871277,0.5060492157936096
297,6,0,1,0.2852132022380829,0.7147868275642395
297,7,1,1,0.26235678791999817,0.7376432418823242
297,8,0,0,0.7239271998405457,0.27607282996177673
297,9,0,1,0.4939507842063904,0.5060492157936096
297,10,0,0,0.7216659784317017,0.27833399176597595
297,11,0,0,0.8718527555465698,0.1281471997499466
297,12,1,1,0.016154704615473747,0.9838452339172363
297,13,0,0,0.8387033939361572,0.16129666566848755
297,14,0,0,0.9592663645744324,0.040733568370342255
297,15,0,1,0.37149471044540405,0.628505289554596
297,16,0,0,0.8401835560798645,0.1598164290189743
297,17,0,0,0.6310495138168335,0.3689504563808441
297,18,0,0,0.9637787938117981,0.03622118756175041
297,19,0,1,0.49395081400871277,0.5060492157936096
298,0,0,0,0.9134008884429932,0.08659905940294266
298,1,0,0,0.6096055507659912,0.3903944194316864
298,2,0,1,0.27648022770881653,0.7235198020935059
298,3,1,1,0.1877770870923996,0.8122228980064392
298,4,0,1,0.42133045196533203,0.578669548034668
298,5,0,0,0.8729257583618164,0.1270741969347
298,6,0,1,0.18832114338874817,0.8116788864135742
298,7,1,1,0.04983333498239517,0.950166642665863
298,8,0,1,0.18088673055171967,0.8191133141517639
298,9,0,0,0.872925877571106,0.12707416713237762
298,10,0,0,0.5944022536277771,0.4055976867675781
298,11,0,0,0.6238592863082886,0.37614068388938904
298,12,1,1,0.08958203345537186,0.910417914390564
298,13,0,1,0.29639244079589844,0.7036075592041016
298,14,0,0,0.8932623267173767,0.1067376360297203
298,15,0,0,0.5494635105133057,0.4505365192890167
298,16,0,1,0.3392604887485504,0.6607394814491272
298,17,0,1,0.29884907603263855,0.7011509537696838
298,18,0,0,0.8318501114845276,0.1681499183177948
298,19,0,0,0.8729257583618164,0.1270741969347
299,0,0,0,0.9179466962814331,0.0820532962679863
299,1,0,0,0.8186807036399841,0.1813192516565323
299,2,0,0,0.8927575349807739,0.1072423979640007
299,3,1,1,0.2610335052013397,0.7389664053916931
299,4,0,1,0.4296901524066925,0.5703098177909851
299,5,0,0,0.6456968188285828,0.35430318117141724
299,6,0,0,0.8993209600448608,0.10067899525165558
299,7,1,0,0.5733748078346252,0.42662522196769714
299,8,0,0,0.8220328092575073,0.17796725034713745
299,9,0,0,0.6474621295928955,0.3525378704071045
299,10,0,0,0.854532778263092,0.14546728134155273
299,11,0,0,0.8859565854072571,0.11404339224100113
299,12,1,1,0.13300973176956177,0.866990327835083
299,13,0,0,0.7947372794151306,0.20526272058486938
299,14,0,0,0.8725006580352783,0.12749934196472168
299,15,0,0,0.5360460877418518,0.4639538824558258
299,16,0,0,0.8802859783172607,0.11971393972635269
299,17,0,1,0.42409175634384155,0.5759082436561584
299,18,0,0,0.9417321085929871,0.05826788395643234
299,19,0,0,0.6456968188285828,0.35430318117141724
300,0,0,0,0.9993613362312317,0.0006386509630829096
300,1,0,1,0.40593579411506653,0.5940642356872559
300,2,0,1,0.4187457263469696,0.581254243850708
300,3,1,1,0.02492130734026432,0.9750787019729614
300,4,0,1,0.42171844840049744,0.578281581401825
300,5,0,0,0.9384306073188782,0.06156940385699272
300,6,0,1,0.36469408869743347,0.6353059411048889
300,7,1,1,0.19648391008377075,0.803516149520874
300,8,0,1,0.3602677285671234,0.6397322416305542
300,9,0,0,0.9384306073188782,0.06156940385699272
300,10,0,1,0.41297727823257446,0.5870227813720703
300,11,0,1,0.47528329491615295,0.5247167348861694
300,12,1,1,0.02704857662320137,0.9729514122009277
300,13,0,1,0.4591134786605835,0.5408865213394165
300,14,0,0,0.9888468384742737,0.011153144761919975
300,15,0,1,0.21038556098937988,0.7896144390106201
300,16,0,1,0.4568674564361572,0.5431326031684875
300,17,0,1,0.12434521317481995,0.8756547570228577
300,18,0,0,0.9980727434158325,0.001927195000462234
300,19,0,0,0.9384306073188782,0.06156940385699272
301,0,0,0,0.6808601021766663,0.31913989782333374
301,1,0,0,0.6177499890327454,0.38225001096725464
301,2,0,0,0.7175401449203491,0.28245988488197327
301,3,1,1,0.022651879116892815,0.9773480892181396
301,4,0,1,0.43033066391944885,0.5696693658828735
301,5,0,0,0.7473416328430176,0.2526583671569824
301,6,0,0,0.7750992178916931,0.22490078210830688
301,7,1,1,0.07301277667284012,0.9269872307777405
301,8,0,1,0.4898940920829773,0.5101059079170227
301,9,0,0,0.7473416328430176,0.2526583671569824
301,10,0,0,0.7160604596138,0.28393954038619995
301,11,0,0,0.7576510906219482,0.24234899878501892
301,12,1,1,0.040861617773771286,0.9591383934020996
301,13,0,0,0.5231856107711792,0.4768143892288208
301,14,0,0,0.7473416328430176,0.2526583671569824
301,15,0,0,0.5755084753036499,0.4244915544986725
301,16,0,0,0.7385265827178955,0.2614734470844269
301,17,0,1,0.13823211193084717,0.8617678880691528
301,18,0,0,0.5388311147689819,0.46116888523101807
301,19,0,0,0.7473416328430176,0.2526583671569824
302,0,0,0,0.6973084211349487,0.3026915192604065
302,1,0,0,0.7034984230995178,0.2965015769004822
302,2,0,0,0.7765688896179199,0.22343111038208008
302,3,1,1,0.057949792593717575,0.9420502781867981
302,4,0,1,0.47993218898773193,0.5200677514076233
302,5,0,0,0.6976805329322815,0.3023194372653961
302,6,0,1,0.4286612272262573,0.5713388323783875
302,7,1,0,0.6664243936538696,0.33357560634613037
302,8,0,1,0.42640969157218933,0.5735903382301331
302,9,0,0,0.6976805329322815,0.3023194372653961
302,10,0,0,0.7073855400085449,0.2926144599914551
302,11,0,1,0.4934944212436676,0.50650554895401
302,12,1,1,0.05349215492606163,0.9465078711509705
302,13,0,0,0.5419126152992249,0.45808732509613037
302,14,0,0,0.6976805329322815,0.3023194372653961
302,15,0,0,0.6799489855766296,0.32005107402801514
302,16,0,0,0.7329727411270142,0.2670271694660187
302,17,0,1,0.09651387482881546,0.9034860730171204
302,18,0,0,0.5496417284011841,0.45035824179649353
302,19,0,0,0.6976805329322815,0.3023194670677185
303,0,0,1,0.06997097283601761,0.930029034614563
303,1,0,0,0.6687525510787964,0.3312474489212036
303,2,0,1,0.45504510402679443,0.5449548959732056
303,3,1,1,0.018226290121674538,0.9817736744880676
303,4,0,1,0.33277571201324463,0.6672242879867554
303,5,0,0,0.7234814167022705,0.2765185534954071
303,6,0,1,0.04383613169193268,0.9561638236045837
303,7,1,1,0.3403474688529968,0.6596525311470032
303,8,0,1,0.2593771517276764,0.740622878074646
303,9,0,0,0.7234814167022705,0.2765185534954071
303,10,0,0,0.5953760743141174,0.40462392568588257
303,11,0,0,0.7330916523933411,0.2669083774089813
303,12,1,1,0.013959595933556557,0.986040472984314
303,13,0,0,0.5238969326019287,0.47610312700271606
303,14,0,0,0.7234814167022705,0.2765185534954071
303,15,0,0,0.5555449724197388,0.44445502758026123
303,16,0,1,0.40676233172416687,0.5932376384735107
303,17,0,1,0.07121341675519943,0.92878657579422
303,18,0,1,0.22841203212738037,0.7715879678726196
303,19,0,0,0.7234814167022705,0.2765185534954071
304,0,0,0,0.7185609340667725,0.28143906593322754
304,1,0,0,0.7350780963897705,0.2649219036102295
304,2,0,0,0.7498701214790344,0.2501298785209656
304,3,1,1,0.04121295362710953,0.9587870240211487
304,4,0,0,0.5896932482719421,0.4103066921234131
304,5,0,0,0.6972170472145081,0.30278295278549194
304,6,0,0,0.8609619736671448,0.13903801143169403
304,7,1,1,0.24265839159488678,0.7573416233062744
304,8,0,0,0.6117953658103943,0.3882046043872833
304,9,0,0,0.6972170472145081,0.30278292298316956
304,10,0,0,0.7069509625434875,0.29304900765419006
304,11,0,0,0.8066214323043823,0.19337859749794006
304,12,1,1,0.06095442548394203,0.9390456080436707
304,13,0,0,0.6302900314331055,0.36970993876457214
304,14,0,0,0.6972170472145081,0.30278292298316956
304,15,0,0,0.6608586311340332,0.339141309261322
304,16,0,0,0.7769884467124939,0.22301152348518372
304,17,0,1,0.13115614652633667,0.8688437938690186
304,18,0,0,0.6020946502685547,0.3979053199291229
304,19,0,0,0.6972170472145081,0.30278292298316956
305,0,0,0,0.8025668263435364,0.197433203458786
305,1,0,0,0.7668485641479492,0.2331513911485672
305,2,0,0,0.878049910068512,0.12195012718439102
305,3,1,1,0.012203577905893326,0.9877963662147522
305,4,0,1,0.39192456007003784,0.6080753803253174
305,5,0,0,0.7427700757980347,0.2572299838066101
305,6,0,0,0.8217447400093079,0.17825523018836975
305,7,1,1,0.39192456007003784,0.6080753803253174
305,8,0,0,0.6456180214881897,0.3543820083141327
305,9,0,0,0.7427700757980347,0.2572299838066101
305,10,0,0,0.8010478019714355,0.19895212352275848
305,11,0,0,0.7384544610977173,0.26154547929763794
305,12,1,1,0.011265638284385204,0.9887343645095825
305,13,0,0,0.6456180214881897,0.3543820083141327
305,14,0,0,0.7446615695953369,0.2553384006023407
305,15,0,0,0.7498747110366821,0.2501252591609955
305,16,0,0,0.5936803817749023,0.4063195288181305
305,17,0,1,0.03994067758321762,0.9600593447685242
305,18,0,1,0.3272208273410797,0.6727792024612427
305,19,0,0,0.7427700757980347,0.2572299838066101
306,0,0,0,0.8650147914886475,0.13498517870903015
306,1,0,0,0.7857455611228943,0.21425439417362213
306,2,0,0,0.8370011448860168,0.16299885511398315
306,3,1,1,0.016869379207491875,0.9831305742263794
306,4,0,1,0.37921538949012756,0.6207846403121948
306,5,0,0,0.8792757391929626,0.12072426080703735
306,6,0,0,0.8705715537071228,0.12942849099636078
306,7,1,1,0.37921538949012756,0.6207846403121948
306,8,0,0,0.6803428530693054,0.31965717673301697
306,9,0,0,0.8792757391929626,0.12072423100471497
306,10,0,0,0.7696655988693237,0.2303343415260315
306,11,0,0,0.8315445184707642,0.16845543682575226
306,12,1,1,0.014055470004677773,0.9859445095062256
306,13,0,0,0.6803428530693054,0.31965717673301697
306,14,0,0,0.8792757391929626,0.12072426080703735
306,15,0,0,0.7710232734680176,0.22897674143314362
306,16,0,0,0.8047267198562622,0.195273295044899
306,17,0,1,0.07184004783630371,0.9281600117683411
306,18,0,1,0.04902627691626549,0.9509737491607666
306,19,0,0,0.8792757391929626,0.12072426080703735
307,0,0,1,0.2404700368642807,0.7595299482345581
307,1,0,0,0.5400572419166565,0.45994269847869873
307,2,0,1,0.3989563286304474,0.601043701171875
307,3,1,1,0.0070283119566738605,0.9929717183113098
307,4,0,1,0.3766087591648102,0.6233912110328674
307,5,0,0,0.745353639125824,0.2546463906764984
307,6,0,1,0.2916423976421356,0.7083575129508972
307,7,1,1,0.3766087591648102,0.6233912110328674
307,8,0,0,0.5043255686759949,0.49567437171936035
307,9,0,0,0.745353639125824,0.2546463906764984
307,10,0,1,0.44934800267219543,0.5506519675254822
307,11,0,1,0.4544276297092438,0.5455724000930786
307,12,1,1,0.013897934928536415,0.9861021041870117
307,13,0,0,0.5043255686759949,0.49567437171936035
307,14,0,0,0.745353639125824,0.2546463906764984
307,15,0,1,0.3623870015144348,0.63761305809021
307,16,0,0,0.5620076060295105,0.4379923641681671
307,17,0,1,0.006199444178491831,0.9938005805015564
307,18,0,1,0.2272002398967743,0.7727997899055481
307,19,0,0,0.745353639125824,0.2546463906764984
308,0,0,0,0.8621692061424255,0.13783085346221924
308,1,0,0,0.842562198638916,0.15743787586688995
308,2,0,0,0.8994844555854797,0.10051555931568146
308,3,1,1,0.006300392560660839,0.9936995506286621
308,4,0,1,0.37599775195121765,0.62400221824646
308,5,0,0,0.7499331831932068,0.2500667870044708
308,6,0,0,0.8068406581878662,0.1931592971086502
308,7,1,1,0.37599775195121765,0.62400221824646
308,8,0,0,0.6655323505401611,0.33446767926216125
308,9,0,0,0.7499331831932068,0.2500667870044708
308,10,0,0,0.841804563999176,0.1581953763961792
308,11,0,0,0.7348753213882446,0.265124648809433
308,12,1,1,0.016410643234848976,0.9835894107818604
308,13,0,0,0.6655323505401611,0.33446764945983887
308,14,0,0,0.7499331831932068,0.2500667870044708
308,15,0,0,0.8292183876037598,0.17078162729740143
308,16,0,0,0.708392858505249,0.29160717129707336
308,17,0,0,0.734114408493042,0.2658855617046356
308,18,0,0,0.5114353895187378,0.488564670085907
308,19,0,0,0.7499331831932068,0.2500667870044708
309,0,0,0,0.6307557225227356,0.36924436688423157
309,1,0,0,0.7341412901878357,0.2658587694168091
309,2,0,0,0.7119250893592834,0.28807494044303894
309,3,1,1,0.033290065824985504,0.9667099118232727
309,4,0,1,0.37859293818473816,0.6214069724082947
309,5,0,1,0.21114994585514069,0.7888500690460205
309,6,0,0,0.6546100378036499,0.3453899323940277
309,7,1,1,0.37859293818473816,0.6214069724082947
309,8,0,0,0.6320596933364868,0.3679402768611908
309,9,0,1,0.19736473262310028,0.8026353120803833
309,10,0,0,0.7731953859329224,0.22680456936359406
309,11,0,1,0.4874950647354126,0.5125049948692322
309,12,1,1,0.03177168220281601,0.968228280544281
309,13,0,0,0.7570940256118774,0.24290591478347778
309,14,0,1,0.1973646730184555,0.8026353120803833
309,15,0,0,0.7655743360519409,0.2344255894422531
309,16,0,0,0.7010500431060791,0.2989498972892761
309,17,0,0,0.7189990878105164,0.28100088238716125
309,18,0,0,0.5360953211784363,0.4639047682285309
309,19,0,1,0.2107040286064148,0.7892959117889404
310,0,0,1,0.4993612766265869,0.5006387829780579
310,1,0,0,0.7806817293167114,0.21931827068328857
310,2,0,0,0.8214731812477112,0.1785268634557724
310,3,1,1,0.01522980909794569,0.9847701787948608
310,4,0,1,0.3785775601863861,0.6214223504066467
310,5,0,0,0.6529169082641602,0.34708309173583984
310,6,0,0,0.8706756234169006,0.1293243169784546
310,7,1,1,0.3785775601863861,0.6214223504066467
310,8,0,0,0.6426811814308167,0.35731878876686096
310,9,0,0,0.6529168486595154,0.34708309173583984
310,10,0,0,0.6166497468948364,0.3833502233028412
310,11,0,0,0.8296313285827637,0.17036864161491394
310,12,1,1,0.04827151447534561,0.9517284631729126
310,13,0,0,0.6426811814308167,0.35731878876686096
310,14,0,0,0.6529169082641602,0.34708309173583984
310,15,0,0,0.751535177230835,0.24846480786800385
310,16,0,0,0.5420007705688477,0.45799916982650757
310,17,0,0,0.8450353145599365,0.15496467053890228
310,18,0,1,0.36469489336013794,0.6353051066398621
310,19,0,0,0.6529168486595154,0.34708312153816223
311,0,0,0,0.8215926289558411,0.17840737104415894
311,1,0,0,0.8668408393859863,0.1331591010093689
311,2,0,0,0.892423689365387,0.10757628083229065
311,3,1,1,0.00541903730481863,0.9945809245109558
311,4,0,1,0.37892040610313416,0.6210796236991882
311,5,0,0,0.6408398151397705,0.3591601848602295
311,6,0,0,0.9254809021949768,0.07451905310153961
311,7,1,1,0.37892040610313416,0.6210796236991882
311,8,0,1,0.35204312205314636,0.647956907749176
311,9,0,0,0.6408397555351257,0.3591601848602295
311,10,0,0,0.7143493294715881,0.28565067052841187
311,11,0,0,0.8780144453048706,0.12198549509048462
311,12,1,1,0.016275804489850998,0.9837242364883423
311,13,0,0,0.6598025560379028,0.34019744396209717
311,14,0,0,0.6408397555351257,0.3591602146625519
311,15,0,0,0.8665507435798645,0.13344928622245789
311,16,0,0,0.8518915176391602,0.1481085568666458
311,17,0,0,0.9114017486572266,0.08859823644161224
311,18,0,0,0.754902720451355,0.2450972944498062
311,19,0,0,0.6408397555351257,0.3591601848602295
312,0,0,0,0.6936688423156738,0.30633115768432617
312,1,0,0,0.8010777831077576,0.19892215728759766
312,2,0,0,0.8111873865127563,0.18881258368492126
312,3,1,1,0.028859706595540047,0.9711403250694275
312,4,0,1,0.3755955994129181,0.6244044303894043
312,5,0,0,0.7314057946205139,0.2685942053794861
312,6,0,0,0.8602504730224609,0.13974951207637787
312,7,1,1,0.3755955994129181,0.6244044303894043
312,8,0,1,0.17166447639465332,0.8283354640007019
312,9,0,0,0.7314057946205139,0.2685942053794861
312,10,0,1,0.3956044614315033,0.6043955683708191
312,11,0,1,0.3106894791126251,0.6893105506896973
312,12,1,1,0.07252591848373413,0.9274740815162659
312,13,0,1,0.3702923655509949,0.6297076940536499
312,14,0,0,0.7314057946205139,0.2685942053794861
312,15,0,0,0.7941572666168213,0.2058427333831787
312,16,0,0,0.7829026579856873,0.21709726750850677
312,17,0,0,0.8478092551231384,0.152190700173378
312,18,0,0,0.6681647300720215,0.3318352699279785
312,19,0,0,0.7314057946205139,0.2685942053794861
313,0,0,1,0.28569111227989197,0.7143089175224304
313,1,0,1,0.40028202533721924,0.5997179746627808
313,2,0,1,0.4686785936355591,0.5313213467597961
313,3,1,1,0.03724019601941109,0.962759792804718
313,4,0,1,0.37808871269226074,0.6219112873077393
313,5,0,0,0.7684687972068787,0.23153118789196014
313,6,0,0,0.5077718496322632,0.49222812056541443
313,7,1,1,0.37808871269226074,0.6219112873077393
313,8,0,0,0.5558077692985535,0.44419217109680176
313,9,0,0,0.7684687972068787,0.23153118789196014
313,10,0,0,0.6777080297470093,0.3222919702529907
313,11,0,1,0.40028202533721924,0.5997179746627808
313,12,1,1,0.35679560899734497,0.643204391002655
313,13,0,0,0.6321342587471008,0.36786574125289917
313,14,0,0,0.7706764340400696,0.2293235808610916
313,15,0,1,0.488950252532959,0.5110496878623962
313,16,0,1,0.3676588535308838,0.632341206073761
313,17,0,1,0.16755136847496033,0.8324486017227173
313,18,0,1,0.28569111227989197,0.7143089175224304
313,19,0,0,0.7684687972068787,0.23153118789196014
314,0,0,1,0.47496524453163147,0.5250347256660461
314,1,0,0,0.6767696142196655,0.3232303857803345
314,2,0,0,0.6494799256324768,0.3505200743675232
314,3,1,1,0.4437033236026764,0.5562965869903564
314,4,0,1,0.3736458420753479,0.6263540983200073
314,5,0,0,0.6699613928794861,0.33003857731819153
314,6,0,0,0.6617061495780945,0.3382938802242279
314,7,1,1,0.3736458420753479,0.6263540983200073
314,8,0,0,0.7353313565254211,0.26466864347457886
314,9,0,0,0.6699613928794861,0.33003857731819153
314,10,0,0,0.7815223932266235,0.21847760677337646
314,11,0,0,0.6434919834136963,0.3565079867839813
314,12,1,1,0.4800221920013428,0.519977867603302
314,13,0,0,0.7353313565254211,0.26466864347457886
314,14,0,0,0.6699613928794861,0.33003857731819153
314,15,0,0,0.6553088426589966,0.34469112753868103
314,16,0,0,0.6634870767593384,0.3365129232406616
314,17,0,0,0.5631405711174011,0.4368594288825989
314,18,0,1,0.4726979434490204,0.527302086353302
314,19,0,0,0.6699613928794861,0.33003857731819153
315,0,0,0,0.7551668882369995,0.24483317136764526
315,1,0,0,0.915520966053009,0.08447903394699097
315,2,0,0,0.9241294860839844,0.07587055116891861
315,3,1,1,0.005880511365830898,0.9941195249557495
315,4,0,0,0.6180489659309387,0.38195106387138367
315,5,0,0,0.7620513439178467,0.23794859647750854
315,6,0,0,0.9336222410202026,0.06637770682573318
315,7,1,1,0.0865967646241188,0.9134032726287842
315,8,0,0,0.7583767175674438,0.24162326753139496
315,9,0,0,0.7617874145507812,0.23821254074573517
315,10,0,0,0.8966636061668396,0.1033363863825798
315,11,0,0,0.915520966053009,0.08447903394699097
315,12,1,1,0.02190985716879368,0.9780901670455933
315,13,0,0,0.7583767175674438,0.24162326753139496
315,14,0,0,0.7617040872573853,0.23829592764377594
315,15,0,0,0.9032895565032959,0.09671048820018768
315,16,0,0,0.8941536545753479,0.10584636777639389
315,17,0,0,0.9334536194801331,0.06654635816812515
315,18,0,0,0.7430711984634399,0.25692877173423767
315,19,0,0,0.7617040872573853,0.23829592764377594
316,0,0,0,0.6792279481887817,0.3207720220088959
316,1,0,0,0.7099252343177795,0.29007476568222046
316,2,0,0,0.6959236264228821,0.30407634377479553
316,3,1,1,0.4012618362903595,0.5987381935119629
316,4,0,0,0.588290810585022,0.411709189414978
316,5,0,0,0.6925974488258362,0.30740252137184143
316,6,0,0,0.6959236264228821,0.3040763735771179
316,7,1,1,0.09080206602811813,0.9091978669166565
316,8,0,0,0.6170798540115356,0.38292020559310913
316,9,0,0,0.6925974488258362,0.30740252137184143
316,10,0,0,0.6170798540115356,0.38292020559310913
316,11,0,0,0.6826705932617188,0.3173293471336365
316,12,1,1,0.2904672622680664,0.7095327973365784
316,13,0,0,0.6170798540115356,0.38292020559310913
316,14,0,0,0.692597508430481,0.3074025511741638
316,15,0,0,0.7099252343177795,0.29007476568222046
316,16,0,0,0.7054743766784668,0.2945256531238556
316,17,0,0,0.6453362107276917,0.35466375946998596
316,18,0,0,0.6543374061584473,0.3456626236438751
316,19,0,0,0.6925974488258362,0.3074025511741638
317,0,0,0,0.5249141454696655,0.4750857949256897
317,1,0,0,0.7243493795394897,0.27565065026283264
317,2,0,0,0.715810239315033,0.28418979048728943
317,3,1,1,0.45746394991874695,0.5425360202789307
317,4,0,1,0.40155571699142456,0.5984442830085754
317,5,0,0,0.8433647751808167,0.15663520991802216
317,6,0,0,0.7158101797103882,0.28418979048728943
317,7,1,1,0.3454371988773346,0.6545628309249878
317,8,0,0,0.5957651734352112,0.40423479676246643
317,9,0,0,0.8432358503341675,0.15676413476467133
317,10,0,0,0.595765233039856,0.40423476696014404
317,11,0,0,0.6402861475944519,0.3597138524055481
317,12,1,1,0.018233148381114006,0.9817668795585632
317,13,0,0,0.595765233039856,0.40423479676246643
317,14,0,0,0.8433647751808167,0.15663520991802216
317,15,0,0,0.6402861475944519,0.3597138226032257
317,16,0,0,0.6977223753929138,0.3022776246070862
317,17,0,0,0.7339820265769958,0.26601797342300415
317,18,0,1,0.4706089496612549,0.5293909907341003
317,19,0,0,0.842991054058075,0.15700897574424744
318,0,0,1,0.35469338297843933,0.6453066468238831
318,1,0,1,0.30517762899398804,0.6948223114013672
318,2,0,0,0.7038993835449219,0.2961006760597229
318,3,1,1,0.010165366344153881,0.9898346066474915
318,4,0,1,0.2587739825248718,0.741226077079773
318,5,0,0,0.7349985837936401,0.26500141620635986
318,6,0,0,0.7038993835449219,0.2961006760597229
318,7,1,1,0.2655549645423889,0.7344450354576111
318,8,0,0,0.6520006656646729,0.34799936413764954
318,9,0,0,0.7307782769203186,0.26922178268432617
318,10,0,0,0.6520006656646729,0.34799936413764954
318,11,0,1,0.30517762899398804,0.694822371006012
318,12,1,1,0.04524029791355133,0.9547596573829651
318,13,0,0,0.6520006656646729,0.34799933433532715
318,14,0,0,0.7318535447120667,0.26814648509025574
318,15,0,1,0.30517762899398804,0.6948223114013672
318,16,0,0,0.6192182898521423,0.38078176975250244
318,17,0,0,0.7335360050201416,0.26646390557289124
318,18,0,1,0.34568068385124207,0.6543193459510803
318,19,0,0,0.7307782769203186,0.2692217528820038
319,0,0,0,0.6052876710891724,0.39471229910850525
319,1,0,0,0.6824064254760742,0.3175935447216034
319,2,0,0,0.6917986273765564,0.30820128321647644
319,3,1,1,0.012823098339140415,0.9871769547462463
319,4,0,1,0.36171552538871765,0.6382845044136047
319,5,0,0,0.7305066585540771,0.26949331164360046
319,6,0,0,0.6917986273765564,0.30820128321647644
319,7,1,1,0.34538576006889343,0.654614269733429
319,8,0,0,0.5608769655227661,0.4391230642795563
319,9,0,0,0.7305066585540771,0.26949331164360046
319,10,0,0,0.5608769655227661,0.4391230344772339
319,11,0,0,0.6820613741874695,0.31793859601020813
319,12,1,1,0.03815661743283272,0.9618433117866516
319,13,0,0,0.5608769655227661,0.4391230344772339
319,14,0,0,0.7373149991035461,0.26268506050109863
319,15,0,0,0.5811814665794373,0.41881850361824036
319,16,0,0,0.6285755634307861,0.37142443656921387
319,17,0,1,0.40034595131874084,0.5996540188789368
319,18,0,0,0.5201931595802307,0.4798068702220917
319,19,0,0,0.7305066585540771,0.26949334144592285
320,0,0,1,0.3764372766017914,0.6235626935958862
320,1,0,0,0.6882071495056152,0.31179285049438477
320,2,0,0,0.7112365365028381,0.28876352310180664
320,3,1,1,0.04035355895757675,0.9596464037895203
320,4,0,1,0.3330446779727936,0.6669553518295288
320,5,0,0,0.6770416498184204,0.32295840978622437
320,6,0,0,0.7112364768981934,0.28876352310180664
320,7,1,1,0.07843322306871414,0.9215667843818665
320,8,0,0,0.5033490657806396,0.49665096402168274
320,9,0,0,0.6770416498184204,0.32295840978622437
320,10,0,0,0.5033490657806396,0.4966509938240051
320,11,0,0,0.6873695254325867,0.3126305043697357
320,12,1,1,0.11402925103902817,0.8859707117080688
320,13,0,0,0.5033490657806396,0.4966509938240051
320,14,0,0,0.6770416498184204,0.32295840978622437
320,15,0,1,0.42992353439331055,0.5700764656066895
320,16,0,0,0.6621580123901367,0.33784207701683044
320,17,0,0,0.5371840596199036,0.46281591057777405
320,18,0,1,0.3884379267692566,0.6115620136260986
320,19,0,0,0.6770416498184204,0.32295840978622437
321,0,0,1,0.23950548470020294,0.760494589805603
321,1,0,0,0.6961160898208618,0.30388393998146057
321,2,0,0,0.7266891598701477,0.27331089973449707
321,3,1,1,0.025751717388629913,0.9742482900619507
321,4,0,1,0.2265767604112625,0.7734232544898987
321,5,0,0,0.6751446723937988,0.3248552978038788
321,6,0,0,0.7266891598701477,0.27331089973449707
321,7,1,1,0.05657234415411949,0.9434276819229126
321,8,0,0,0.5453548431396484,0.45464521646499634
321,9,0,0,0.6751446723937988,0.32485532760620117
321,10,0,0,0.5453548431396484,0.45464521646499634
321,11,0,0,0.5314207077026367,0.4685792624950409
321,12,1,1,0.05306787043809891,0.9469320774078369
321,13,0,0,0.5453548431396484,0.45464515686035156
321,14,0,0,0.6751446723937988,0.32485532760620117
321,15,0,0,0.5314206480979919,0.4685792922973633
321,16,0,0,0.6031566858291626,0.3968433141708374
321,17,0,1,0.48156020045280457,0.5184398293495178
321,18,0,0,0.5981574654579163,0.4018425941467285
321,19,0,0,0.6779980659484863,0.3220018744468689
322,0,0,0,0.7482388019561768,0.25176113843917847
322,1,0,0,0.8031355142593384,0.196864515542984
322,2,0,0,0.7779627442359924,0.22203724086284637
322,3,1,1,0.009682316333055496,0.990317702293396
322,4,0,1,0.3842180669307709,0.6157819032669067
322,5,0,0,0.7904936075210571,0.20950642228126526
322,6,0,0,0.7779628038406372,0.22203724086284637
322,7,1,1,0.27255478501319885,0.7274452447891235
322,8,0,0,0.5404016375541687,0.4595983624458313
322,9,0,0,0.7642338871955872,0.23576608300209045
322,10,0,0,0.5404016375541687,0.4595983922481537
322,11,0,1,0.08339862525463104,0.9166013598442078
322,12,1,1,0.03706454485654831,0.9629353880882263
322,13,0,0,0.5404016375541687,0.4595983624458313
322,14,0,0,0.765585720539093,0.2344142496585846
322,15,0,0,0.8031355142593384,0.196864515542984
322,16,0,0,0.7863638401031494,0.213636115193367
322,17,0,0,0.8033536076545715,0.19664636254310608
322,18,0,1,0.45939719676971436,0.5406028032302856
322,19,0,0,0.7621023058891296,0.23789763450622559
323,0,0,0,0.924858570098877,0.07514145225286484
323,1,0,0,0.8184624910354614,0.18153749406337738
323,2,0,0,0.8220314979553223,0.17796853184700012
323,3,1,1,0.0075715528801083565,0.9924284815788269
323,4,0,0,0.6746620535850525,0.3253379166126251
323,5,0,0,0.9185307621955872,0.08146921545267105
323,6,0,0,0.8220314979553223,0.17796853184700012
323,7,1,1,0.380656361579895,0.619343638420105
323,8,0,0,0.550480842590332,0.44951915740966797
323,9,0,0,0.8990330100059509,0.10096697509288788
323,10,0,0,0.550480842590332,0.44951918721199036
323,11,0,0,0.6578030586242676,0.34219691157341003
323,12,1,1,0.032563433051109314,0.9674366116523743
323,13,0,0,0.550480842590332,0.4495191276073456
323,14,0,0,0.9097846150398254,0.09021544456481934
323,15,0,0,0.8165075778961182,0.18349239230155945
323,16,0,0,0.9153337478637695,0.08466623723506927
323,17,0,0,0.7694602608680725,0.23053979873657227
323,18,0,0,0.8744551539421082,0.12554481625556946
323,19,0,0,0.9097846150398254,0.09021544456481934
324,0,0,0,0.8643966317176819,0.13560333847999573
324,1,0,0,0.9208207726478577,0.07917923480272293
324,2,0,0,0.9221618175506592,0.07783816754817963
324,3,1,1,0.012887880206108093,0.9871121048927307
324,4,0,1,0.13208676874637604,0.8679132461547852
324,5,0,0,0.8390907049179077,0.16090929508209229
324,6,0,0,0.9221618175506592,0.07783816754817963
324,7,1,1,0.4392313063144684,0.560768723487854
324,8,0,0,0.5112196803092957,0.48878031969070435
324,9,0,0,0.7386667132377625,0.26133328676223755
324,10,0,0,0.5112196803092957,0.48878031969070435
324,11,0,0,0.9208207726478577,0.07917923480272293
324,12,1,1,0.046480078250169754,0.9535199403762817
324,13,0,0,0.5112196803092957,0.48878031969070435
324,14,0,0,0.7671208381652832,0.23287919163703918
324,15,0,0,0.9165963530540466,0.08340369910001755
324,16,0,0,0.8922759890556335,0.10772393643856049
324,17,0,1,0.4973828196525574,0.5026171803474426
324,18,0,0,0.9526678323745728,0.047332145273685455
324,19,0,0,0.7588559985160828,0.24114398658275604
325,0,0,0,0.6554282903671265,0.34457165002822876
325,1,0,0,0.6724424958229065,0.3275574743747711
325,2,0,0,0.655617356300354,0.3443826138973236
325,3,1,0,0.5198313593864441,0.4801686704158783
325,4,0,1,0.3185306787490845,0.6814693212509155
325,5,0,0,0.9239321351051331,0.07606783509254456
325,6,0,0,0.6380397081375122,0.3619602918624878
325,7,1,1,0.4320206046104431,0.5679794549942017
325,8,0,0,0.5184831023216248,0.48151689767837524
325,9,0,0,0.9500628113746643,0.049937255680561066
325,10,0,0,0.5184831023216248,0.48151689767837524
325,11,0,0,0.655617356300354,0.3443826138973236
325,12,1,1,0.43897372484207153,0.5610262155532837
325,13,0,0,0.51848304271698,0.48151689767837524
325,14,0,0,0.9409230947494507,0.059076935052871704
325,15,0,0,0.5066855549812317,0.4933144450187683
325,16,0,0,0.5985254049301147,0.40147456526756287
325,17,0,1,0.4593054950237274,0.5406944751739502
325,18,0,0,0.5103769302368164,0.489623099565506
325,19,0,0,0.9409230947494507,0.059076935052871704
326,0,0,0,0.9809178113937378,0.019082235172390938
326,1,0,1,0.4589589834213257,0.5410410165786743
326,2,0,1,0.49489468336105347,0.5051053762435913
326,3,1,1,0.1900518238544464,0.8099481463432312
326,4,0,0,0.7658810019493103,0.23411902785301208
326,5,0,0,0.9810133576393127,0.018986621871590614
326,6,0,1,0.49489468336105347,0.5051053166389465
326,7,1,1,0.2312932312488556,0.7687067985534668
326,8,0,1,0.4879205524921417,0.5120793581008911
326,9,0,0,0.9601439833641052,0.03985600546002388
326,10,0,1,0.48858651518821716,0.5114133954048157
326,11,0,1,0.4946701228618622,0.5053299069404602
326,12,1,1,0.4865313470363617,0.5134686231613159
326,13,0,1,0.4879205524921417,0.5120793581008911
326,14,0,0,0.9746394753456116,0.02536056749522686
326,15,0,1,0.3396795392036438,0.6603204607963562
326,16,0,0,0.9073330760002136,0.09266699850559235
326,17,0,1,0.28829818964004517,0.7117017507553101
326,18,0,0,0.9334841966629028,0.06651578098535538
326,19,0,0,0.9746394753456116,0.025360560044646263
327,0,0,0,0.7504510879516602,0.24954894185066223
327,1,0,0,0.5581727027893066,0.44182726740837097
327,2,0,0,0.7945823073387146,0.2054177224636078
327,3,1,1,0.1737218201160431,0.8262781500816345
327,4,0,1,0.4752446413040161,0.5247553586959839
327,5,0,0,0.7974470853805542,0.2025529146194458
327,6,0,0,0.7945822477340698,0.20541775226593018
327,7,1,1,0.41428980231285095,0.5857101678848267
327,8,0,0,0.5293617248535156,0.47063833475112915
327,9,0,0,0.747509777545929,0.25249019265174866
327,10,0,0,0.5293617248535156,0.4706382751464844
327,11,0,0,0.7945822477340698,0.20541775226593018
327,12,1,1,0.46252933144569397,0.5374706983566284
327,13,0,0,0.5293617248535156,0.47063833475112915
327,14,0,0,0.8412874937057495,0.15871255099773407
327,15,0,0,0.7945822477340698,0.2054177224636078
327,16,0,1,0.4194973111152649,0.5805026888847351
327,17,0,1,0.4953036308288574,0.5046963095664978
327,18,0,0,0.5021422505378723,0.4978577494621277
327,19,0,0,0.747509777545929,0.25249016284942627
328,0,0,0,0.953615665435791,0.04638427495956421
328,1,0,0,0.640454888343811,0.3595450818538666
328,2,0,0,0.6538869738578796,0.34611302614212036
328,3,1,0,0.6456515192985535,0.35434848070144653
328,4,0,0,0.7849980592727661,0.2150019407272339
328,5,0,0,0.9647694826126099,0.035230498760938644
328,6,0,0,0.6538870334625244,0.34611302614212036
328,7,1,1,0.08475641161203384,0.9152435660362244
328,8,0,0,0.5137602090835571,0.4862397611141205
328,9,0,0,0.6659883260726929,0.3340117037296295
328,10,0,0,0.5137602090835571,0.4862397313117981
328,11,0,0,0.6538870334625244,0.34611302614212036
328,12,1,1,0.4640026390552521,0.5359973907470703
328,13,0,0,0.5137602090835571,0.4862397611141205
328,14,0,0,0.9252089858055115,0.0747910588979721
328,15,0,0,0.6538869738578796,0.34611302614212036
328,16,0,0,0.6433282494544983,0.3566717803478241
328,17,0,0,0.6162322163581848,0.3837677836418152
328,18,0,0,0.8776715397834778,0.12232851982116699
328,19,0,0,0.6621914505958557,0.33780860900878906
329,0,0,1,0.4885871112346649,0.5114129185676575
329,1,0,0,0.7412223815917969,0.2587776184082031
329,2,0,0,0.7412223815917969,0.2587776184082031
329,3,1,1,0.03564586862921715,0.9643541574478149
329,4,0,1,0.4196607172489166,0.580339252948761
329,5,0,0,0.8217517733573914,0.17824819684028625
329,6,0,0,0.8027258515357971,0.1972741186618805
329,7,1,1,0.3988468647003174,0.6011530756950378
329,8,0,0,0.679176926612854,0.320823073387146
329,9,0,0,0.9013625383377075,0.09863743185997009
329,10,0,0,0.7006487250328064,0.2993512749671936
329,11,0,0,0.7412223815917969,0.2587776184082031
329,12,1,1,0.46488097310066223,0.5351189970970154
329,13,0,0,0.6929885745048523,0.3070114552974701
329,14,0,0,0.8908100128173828,0.10919004678726196
329,15,0,0,0.7608251571655273,0.23917479813098907
329,16,0,1,0.07170741260051727,0.9282925724983215
329,17,0,0,0.676459014415741,0.32354098558425903
329,18,0,1,0.4507383704185486,0.5492616295814514
329,19,0,0,0.9013625383377075,0.09863743185997009
330,0,0,0,0.9147064089775085,0.08529351651668549
330,1,0,0,0.8350738883018494,0.16492608189582825
330,2,0,0,0.8350738883018494,0.16492608189582825
330,3,1,1,0.1502215564250946,0.849778413772583
330,4,0,1,0.3704605996608734,0.6295393705368042
330,5,0,0,0.9230589866638184,0.07694096863269806
330,6,0,0,0.7978581786155701,0.2021418809890747
330,7,1,1,0.3655868470668793,0.6344131827354431
330,8,0,1,0.4784162640571594,0.5215837359428406
330,9,0,0,0.8000003099441528,0.19999971985816956
330,10,0,1,0.4784162640571594,0.5215837955474854
330,11,0,1,0.4799284040927887,0.5200716257095337
330,12,1,1,0.43726062774658203,0.562739372253418
330,13,0,0,0.720466136932373,0.2795338034629822
330,14,0,0,0.8916805982589722,0.10831943154335022
330,15,0,0,0.7978580594062805,0.2021418660879135
330,16,0,1,0.12854644656181335,0.8714535236358643
330,17,0,0,0.5709563493728638,0.429043710231781
330,18,0,0,0.5703394412994385,0.4296606183052063
330,19,0,0,0.7992976307868958,0.20070236921310425
331,0,0,0,0.8547706604003906,0.14522941410541534
331,1,0,0,0.726230800151825,0.27376917004585266
331,2,0,0,0.726230800151825,0.2737691104412079
331,3,1,0,0.6077152490615845,0.3922847509384155
331,4,0,1,0.4576535224914551,0.5423465371131897
331,5,0,0,0.8918466567993164,0.10815335065126419
331,6,0,0,0.6961785554885864,0.3038214147090912
331,7,1,1,0.4576535224914551,0.5423465371131897
331,8,0,0,0.8015769720077515,0.19842304289340973
331,9,0,0,0.6838665008544922,0.3161335289478302
331,10,0,0,0.8015769720077515,0.19842304289340973
331,11,0,0,0.726230800151825,0.27376917004585266
331,12,1,1,0.4660993218421936,0.5339006185531616
331,13,0,0,0.8329702019691467,0.16702976822853088
331,14,0,0,0.871656060218811,0.12834395468235016
331,15,0,0,0.6000049710273743,0.39999499917030334
331,16,0,0,0.6982390880584717,0.3017609417438507
331,17,0,0,0.7397347092628479,0.2602652907371521
331,18,0,0,0.5725691914558411,0.4274308383464813
331,19,0,0,0.6810125708580017,0.3189874589443207
332,0,0,0,0.7658019065856934,0.23419812321662903
332,1,0,0,0.6255659461021423,0.3744339942932129
332,2,0,0,0.6456009745597839,0.3543989956378937
332,3,1,0,0.5914896726608276,0.40851029753685
332,4,0,1,0.43148547410964966,0.5685145258903503
332,5,0,0,0.8530263304710388,0.14697372913360596
332,6,0,0,0.6178037524223328,0.38219624757766724
332,7,1,1,0.4301469326019287,0.5698530077934265
332,8,0,0,0.6238771080970764,0.3761228919029236
332,9,0,0,0.8285104036331177,0.17148958146572113
332,10,0,0,0.6238771080970764,0.3761228919029236
332,11,0,0,0.6456009745597839,0.3543989956378937
332,12,1,1,0.4360431730747223,0.5639567971229553
332,13,0,0,0.7006612420082092,0.2993387281894684
332,14,0,0,0.8789872527122498,0.12101276218891144
332,15,0,0,0.6178038120269775,0.38219618797302246
332,16,0,0,0.6251222491264343,0.3748777508735657
332,17,0,0,0.6941925883293152,0.30580735206604004
332,18,0,1,0.4855508506298065,0.5144491791725159
332,19,0,0,0.8325605392456055,0.16743940114974976
333,0,0,0,0.7799494862556458,0.22005049884319305
333,1,0,0,0.7905638813972473,0.2094360589981079
333,2,0,0,0.7902030944824219,0.20979686081409454
333,3,1,0,0.8117797374725342,0.18822026252746582
333,4,0,1,0.3957405090332031,0.6042594909667969
333,5,0,0,0.8320102095603943,0.1679897904396057
333,6,0,0,0.8084068894386292,0.19159308075904846
333,7,1,1,0.3957405090332031,0.6042594909667969
333,8,0,0,0.7396288514137268,0.2603711187839508
333,9,0,0,0.7925723791122437,0.20742762088775635
333,10,0,0,0.7563728094100952,0.2436271756887436
333,11,0,0,0.7897630929946899,0.21023689210414886
333,12,1,1,0.4344361424446106,0.5655638575553894
333,13,0,0,0.7249447107315063,0.27505525946617126
333,14,0,0,0.8480135202407837,0.1519865095615387
333,15,0,0,0.8084068894386292,0.19159308075904846
333,16,0,0,0.8125000596046448,0.18749991059303284
333,17,0,0,0.8042577505111694,0.19574221968650818
333,18,0,0,0.5001444816589355,0.49985548853874207
333,19,0,0,0.7925723791122437,0.20742762088775635
334,0,0,0,0.666728138923645,0.33327192068099976
334,1,0,0,0.8319007754325867,0.16809922456741333
334,2,0,0,0.8319007754325867,0.16809922456741333
334,3,1,0,0.8404126167297363,0.1595873385667801
334,4,0,1,0.40237346291542053,0.5976265072822571
334,5,0,0,0.7339926362037659,0.26600736379623413
334,6,0,0,0.8404126167297363,0.1595873385667801
334,7,1,1,0.3978112041950226,0.6021888256072998
334,8,0,0,0.6308059096336365,0.3691941499710083
334,9,0,0,0.7312038540840149,0.2687961459159851
334,10,0,0,0.6903233528137207,0.3096766471862793
334,11,0,0,0.8319007754325867,0.16809922456741333
334,12,1,1,0.46078217029571533,0.5392177700996399
334,13,0,0,0.7132097482681274,0.28679028153419495
334,14,0,0,0.8147692084312439,0.1852308064699173
334,15,0,0,0.8404126167297363,0.1595873385667801
334,16,0,0,0.8404126167297363,0.1595873385667801
334,17,0,0,0.7342590689659119,0.26574093103408813
334,18,0,1,0.3978112041950226,0.6021888256072998
334,19,0,0,0.794272243976593,0.2057277411222458
335,0,0,0,0.8233215808868408,0.1766783744096756
335,1,0,0,0.8580630421638489,0.14193697273731232
335,2,0,0,0.5657500624656677,0.4342498779296875
335,3,1,1,0.18494537472724915,0.8150545954704285
335,4,0,0,0.6435901522636414,0.35640984773635864
335,5,0,0,0.8223386406898499,0.17766135931015015
335,6,0,0,0.565727174282074,0.4342728555202484
335,7,1,1,0.10010480135679245,0.899895191192627
335,8,0,0,0.7506694793701172,0.249330535531044
335,9,0,0,0.6882650852203369,0.3117349147796631
335,10,0,0,0.750669538974762,0.24933049082756042
335,11,0,0,0.8580630421638489,0.14193697273731232
335,12,1,1,0.4589911103248596,0.5410088300704956
335,13,0,0,0.8361449241638184,0.16385510563850403
335,14,0,0,0.8485864400863647,0.15141360461711884
335,15,0,1,0.18494537472724915,0.8150545954704285
335,16,0,0,0.5596617460250854,0.4403381645679474
335,17,0,0,0.7531834840774536,0.24681653082370758
335,18,0,1,0.17610013484954834,0.8238998651504517
335,19,0,0,0.6882650852203369,0.3117349147796631
336,0,0,0,0.8652691841125488,0.13473083078861237
336,1,0,0,0.6847823858261108,0.31521764397621155
336,2,0,0,0.6032248735427856,0.39677509665489197
336,3,1,0,0.654267430305481,0.34573256969451904
336,4,0,0,0.5527961254119873,0.44720393419265747
336,5,0,0,0.9053277969360352,0.09467215836048126
336,6,0,0,0.6542674899101257,0.34573256969451904
336,7,1,1,0.3293842673301697,0.6706157326698303
336,8,0,0,0.7295940518379211,0.27040594816207886
336,9,0,0,0.9152781963348389,0.08472179621458054
336,10,0,0,0.7295940518379211,0.27040594816207886
336,11,0,0,0.6847823858261108,0.31521764397621155
336,12,1,1,0.4571913182735443,0.5428087115287781
336,13,0,0,0.7707642912864685,0.2292356789112091
336,14,0,0,0.9202340841293335,0.0797659158706665
336,15,0,0,0.6032249331474304,0.39677509665489197
336,16,0,0,0.654267430305481,0.34573256969451904
336,17,0,0,0.6986690759658813,0.30133089423179626
336,18,0,1,0.3293842673301697,0.6706157922744751
336,19,0,0,0.9152781963348389,0.08472179621458054
337,0,0,0,0.64583820104599,0.35416170954704285
337,1,0,0,0.7471505999565125,0.25284940004348755
337,2,0,0,0.7265712022781372,0.2734288275241852
337,3,1,0,0.7603342533111572,0.23966576159000397
337,4,0,1,0.2741074860095978,0.7258924841880798
337,5,0,0,0.6313279867172241,0.3686719536781311
337,6,0,0,0.7603342533111572,0.23966571688652039
337,7,1,1,0.244586780667305,0.7554131746292114
337,8,0,0,0.8689259886741638,0.131073996424675
337,9,0,0,0.5182828903198242,0.4817170202732086
337,10,0,0,0.8689259886741638,0.1310739815235138
337,11,0,0,0.7171382904052734,0.28286170959472656
337,12,1,1,0.45538246631622314,0.5446175336837769
337,13,0,0,0.8562116026878357,0.1437884122133255
337,14,0,0,0.6161460876464844,0.3838539123535156
337,15,0,0,0.7245616912841797,0.2754382789134979
337,16,0,0,0.7245617508888245,0.2754382789134979
337,17,0,0,0.640683650970459,0.3593164086341858
337,18,0,1,0.2541190981864929,0.7458809018135071
337,19,0,0,0.5182828903198242,0.481717050075531
338,0,0,0,0.995245635509491,0.0047544147819280624
338,1,0,0,0.7452495694160461,0.25475049018859863
338,2,0,0,0.7741302847862244,0.22586971521377563
338,3,1,1,0.27618125081062317,0.7238187193870544
338,4,0,0,0.8699262142181396,0.13007383048534393
338,5,0,0,0.9961585402488708,0.00384143041446805
338,6,0,0,0.7007092833518982,0.29929065704345703
338,7,1,1,0.31799593567848206,0.6820040345191956
338,8,0,0,0.8165335655212402,0.18346643447875977
338,9,0,0,0.7315914630889893,0.2684084475040436
338,10,0,0,0.8777375221252441,0.12226244062185287
338,11,0,0,0.6265323758125305,0.3734675943851471
338,12,1,1,0.45356523990631104,0.5464347004890442
338,13,0,0,0.8633599281311035,0.13664010167121887
338,14,0,0,0.9954546689987183,0.004545376170426607
338,15,0,0,0.997989296913147,0.0020107105374336243
338,16,0,0,0.7741302847862244,0.22586973011493683
338,17,0,0,0.6020141839981079,0.3979857861995697
338,18,0,1,0.31770217418670654,0.6822978258132935
338,19,0,0,0.7307249307632446,0.26927506923675537
339,0,0,0,0.99757319688797,0.0024267625994980335
339,1,0,0,0.8705282807350159,0.12947168946266174
339,2,0,0,0.882024347782135,0.11797567456960678
339,3,1,0,0.8711291551589966,0.128870889544487
339,4,0,0,0.9678471684455872,0.03215283900499344
339,5,0,0,0.9960188269615173,0.00398114463314414
339,6,0,0,0.882024347782135,0.11797570437192917
339,7,1,1,0.3015819787979126,0.6984180212020874
339,8,0,0,0.9198514223098755,0.0801486000418663
339,9,0,0,0.6601428389549255,0.33985719084739685
339,10,0,0,0.9198514223098755,0.0801486000418663
339,11,0,0,0.8451643586158752,0.15483567118644714
339,12,1,1,0.45177316665649414,0.5482267737388611
339,13,0,0,0.8993285298347473,0.10067154467105865
339,14,0,0,0.9873678088188171,0.012632154859602451
339,15,0,0,0.9880934357643127,0.011906581930816174
339,16,0,0,0.8820242285728455,0.11797571182250977
339,17,0,0,0.9336623549461365,0.0663376897573471
339,18,0,1,0.3015819787979126,0.6984180212020874
339,19,0,0,0.6594633460044861,0.34053662419319153
340,0,0,0,0.9779989719390869,0.022001026198267937
340,1,0,0,0.8498606085777283,0.15013939142227173
340,2,0,0,0.8563658595085144,0.14363418519496918
340,3,1,0,0.5971728563308716,0.40282708406448364
340,4,0,1,0.3345142900943756,0.665485680103302
340,5,0,0,0.9839539527893066,0.01604604907333851
340,6,0,0,0.8396462798118591,0.16035374999046326
340,7,1,1,0.08206608891487122,0.9179339408874512
340,8,0,0,0.8267104625701904,0.17328958213329315
340,9,0,0,0.7733442783355713,0.22665563225746155
340,10,0,0,0.8562542200088501,0.1437457948923111
340,11,0,0,0.5866245031356812,0.41337549686431885
340,12,1,1,0.04286852478981018,0.9571314454078674
340,13,0,0,0.8595657348632812,0.14043420553207397
340,14,0,0,0.964238166809082,0.03576187416911125
340,15,0,0,0.9791937470436096,0.02080622687935829
340,16,0,0,0.8563658595085144,0.1436341404914856
340,17,0,0,0.8926740288734436,0.10732590407133102
340,18,0,1,0.1472768932580948,0.8527231216430664
340,19,0,0,0.6945186853408813,0.30548134446144104
341,0,0,0,0.9591546058654785,0.04084540903568268
341,1,0,0,0.8391593098640442,0.1608406901359558
341,2,0,0,0.7111548781394958,0.28884509205818176
341,3,1,0,0.6666910648345947,0.33330896496772766
341,4,0,0,0.8727085590362549,0.12729142606258392
341,5,0,0,0.9486712217330933,0.05132884904742241
341,6,0,0,0.6876117587089539,0.31238821148872375
341,7,1,1,0.13706013560295105,0.8629398345947266
341,8,0,0,0.8230293393135071,0.17697064578533173
341,9,0,0,0.6349191069602966,0.365080863237381
341,10,0,0,0.8243800401687622,0.17561988532543182
341,11,0,0,0.8391593098640442,0.1608407348394394
341,12,1,1,0.2503305673599243,0.7496694922447205
341,13,0,0,0.8757991194725037,0.12420089542865753
341,14,0,0,0.8222110271453857,0.17778900265693665
341,15,0,0,0.8537505269050598,0.14624947309494019
341,16,0,0,0.6910058259963989,0.30899423360824585
341,17,0,0,0.8974176645278931,0.10258233547210693
341,18,0,1,0.2246546447277069,0.7753453850746155
341,19,0,0,0.8453174829483032,0.1546824723482132
342,0,0,0,0.9686852693557739,0.03131473809480667
342,1,0,0,0.9728021025657654,0.02719791978597641
342,2,0,0,0.9590243697166443,0.04097560793161392
342,3,1,1,0.07951455563306808,0.9204853773117065
342,4,0,0,0.5035973191261292,0.49640271067619324
342,5,0,0,0.987063467502594,0.012936556711792946
342,6,0,0,0.9439067840576172,0.05609322711825371
342,7,1,1,0.35496431589126587,0.6450356841087341
342,8,0,0,0.5086630582809448,0.4913369119167328
342,9,0,0,0.8203111290931702,0.17968885600566864
342,10,0,0,0.6675945520401001,0.3324054479598999
342,11,0,0,0.9728021025657654,0.027197912335395813
342,12,1,1,0.03932703658938408,0.9606729745864868
342,13,0,0,0.9255331754684448,0.07446683198213577
342,14,0,0,0.9728907942771912,0.027109216898679733
342,15,0,0,0.9950010180473328,0.004999005701392889
342,16,0,0,0.9590243697166443,0.04097560793161392
342,17,0,0,0.9646419882774353,0.03535803034901619
342,18,0,1,0.35496431589126587,0.6450356841087341
342,19,0,0,0.8233277201652527,0.17667226493358612
343,0,0,0,0.9890029430389404,0.01099708303809166
343,1,0,0,0.875469446182251,0.12453058362007141
343,2,0,0,0.8424131870269775,0.15758681297302246
343,3,1,0,0.7321426868438721,0.26785731315612793
343,4,0,0,0.9113588333129883,0.08864114433526993
343,5,0,0,0.9897990226745605,0.01020103506743908
343,6,0,0,0.8439992070198059,0.1560007780790329
343,7,1,1,0.07206845283508301,0.927931547164917
343,8,0,0,0.9133257269859314,0.0866742804646492
343,9,0,0,0.9525910019874573,0.04740900918841362
343,10,0,0,0.9232070446014404,0.07679295539855957
343,11,0,0,0.875469446182251,0.12453052401542664
343,12,1,1,0.0018713955068960786,0.9981285929679871
343,13,0,0,0.9400084614753723,0.05999151989817619
343,14,0,0,0.9861635565757751,0.013836384750902653
343,15,0,0,0.9779658913612366,0.022034088149666786
343,16,0,0,0.7782151103019714,0.22178491950035095
343,17,0,0,0.9290478229522705,0.0709521546959877
343,18,0,1,0.13411211967468262,0.8658878207206726
343,19,0,0,0.9476460218429565,0.052353937178850174
344,0,0,0,0.9697343111038208,0.03026573918759823
344,1,0,0,0.7075440883636475,0.29245591163635254
344,2,0,1,0.2212616503238678,0.7787383198738098
344,3,1,1,0.004160890355706215,0.9958391189575195
344,4,0,0,0.6839702129364014,0.31602978706359863
344,5,0,0,0.9818881154060364,0.018111826851963997
344,6,0,1,0.2039051502943039,0.7960948348045349
344,7,1,1,0.2874836325645447,0.7125163078308105
344,8,0,0,0.8507305383682251,0.1492694467306137
344,9,0,0,0.7216771841049194,0.2783227860927582
344,10,0,0,0.8535727858543396,0.14642715454101562
344,11,0,0,0.7075440883636475,0.29245591163635254
344,12,1,1,0.02953765168786049,0.9704623818397522
344,13,0,0,0.8529396057128906,0.14706043899059296
344,14,0,0,0.9645589590072632,0.03544111177325249
344,15,0,0,0.9934244155883789,0.00657552108168602
344,16,0,1,0.2212616503238678,0.7787383198738098
344,17,0,0,0.8564415574073792,0.14355841279029846
344,18,0,1,0.2874836325645447,0.7125163078308105
344,19,0,0,0.866600751876831,0.13339926302433014
345,0,0,0,0.870473325252533,0.12952663004398346
345,1,0,0,0.7324287295341492,0.26757127046585083
345,2,0,1,0.13973701000213623,0.8602630496025085
345,3,1,1,0.0011970801278948784,0.998802900314331
345,4,0,0,0.7027845978736877,0.29721540212631226
345,5,0,0,0.9380409717559814,0.06195896118879318
345,6,0,1,0.13752305507659912,0.8624769449234009
345,7,1,1,0.3658367693424225,0.6341632008552551
345,8,0,0,0.8514164686203003,0.14858348667621613
345,9,0,0,0.937070906162262,0.06292907893657684
345,10,0,0,0.9066736698150635,0.0933263897895813
345,11,0,0,0.7598374485969543,0.24016252160072327
345,12,1,1,0.01684771664440632,0.9831522703170776
345,13,0,0,0.8595975637435913,0.14040245115756989
345,14,0,0,0.9360024929046631,0.06399747729301453
345,15,0,1,0.13931132853031158,0.8606886267662048
345,16,0,1,0.13973701000213623,0.8602630496025085
345,17,0,1,0.4386807084083557,0.5613193511962891
345,18,0,1,0.3658367693424225,0.6341632008552551
345,19,0,0,0.9343889951705933,0.06561096012592316
346,0,0,0,0.9559726119041443,0.044027429074048996
346,1,0,0,0.8163684010505676,0.18363161385059357
346,2,0,1,0.11154743283987045,0.8884526491165161
346,3,1,1,0.005453300662338734,0.9945467710494995
346,4,0,0,0.8976818323135376,0.10231810808181763
346,5,0,0,0.9700649976730347,0.02993503026664257
346,6,0,1,0.0893162190914154,0.910683810710907
346,7,1,1,0.24397413432598114,0.7560258507728577
346,8,0,0,0.834143877029419,0.16585609316825867
346,9,0,0,0.9708858132362366,0.029114188626408577
346,10,0,0,0.927676260471344,0.07232379168272018
346,11,0,0,0.816332221031189,0.18366771936416626
346,12,1,1,0.016984369605779648,0.9830155968666077
346,13,0,0,0.9034363627433777,0.09656368941068649
346,14,0,0,0.9700832962989807,0.029916737228631973
346,15,0,1,0.0053254091180861,0.994674563407898
346,16,0,1,0.11153999716043472,0.8884599804878235
346,17,0,0,0.7163539528846741,0.28364598751068115
346,18,0,1,0.2595842182636261,0.7404158115386963
346,19,0,0,0.9696415066719055,0.030358482152223587
347,0,0,0,0.9052461385726929,0.09475383162498474
347,1,0,0,0.8323726058006287,0.16762737929821014
347,2,0,1,0.18162840604782104,0.8183715343475342
347,3,1,1,0.0018254929454997182,0.9981745481491089
347,4,0,0,0.9350795745849609,0.06492041796445847
347,5,0,0,0.9515447020530701,0.04845523089170456
347,6,0,1,0.17790789902210236,0.8220921158790588
347,7,1,1,0.0611155740916729,0.9388844966888428
347,8,0,0,0.8482522368431091,0.15174782276153564
347,9,0,0,0.9424825310707092,0.05751752108335495
347,10,0,0,0.8731240034103394,0.12687598168849945
347,11,0,0,0.7585625052452087,0.24143753945827484
347,12,1,1,0.02294662967324257,0.9770533442497253
347,13,0,0,0.8891113996505737,0.1108885407447815
347,14,0,0,0.9408076405525208,0.05919234827160835
347,15,0,1,0.18103419244289398,0.8189658522605896
347,16,0,1,0.18090279400348663,0.8190972208976746
347,17,0,0,0.8270136713981628,0.17298634350299835
347,18,0,1,0.1397290974855423,0.8602708578109741
347,19,0,0,0.942357063293457,0.057642966508865356
348,0,0,0,0.947850227355957,0.05214981362223625
348,1,0,0,0.8188710808753967,0.18112893402576447
348,2,0,1,0.09040306508541107,0.9095969796180725
348,3,1,1,0.0016117579070851207,0.9983882904052734
348,4,0,0,0.9536900520324707,0.046310003846883774
348,5,0,0,0.9622176885604858,0.03778227046132088
348,6,0,1,0.08787550032138824,0.9121244549751282
348,7,1,1,0.17773176729679108,0.8222682476043701
348,8,0,1,0.33705562353134155,0.6629443764686584
348,9,0,0,0.9535203576087952,0.046479612588882446
348,10,0,0,0.7538060545921326,0.24619390070438385
348,11,0,0,0.8188710808753967,0.18112893402576447
348,12,1,1,0.015057035721838474,0.9849430322647095
348,13,0,0,0.5735661387443542,0.42643386125564575
348,14,0,0,0.9519327282905579,0.04806729406118393
348,15,0,1,0.006442056968808174,0.9935579895973206
348,16,0,1,0.09040306508541107,0.9095969796180725
348,17,0,0,0.5902504920959473,0.4097495675086975
348,18,0,1,0.17773176729679108,0.8222682476043701
348,19,0,0,0.9563936591148376,0.043606411665678024
349,0,0,0,0.86256343126297,0.13743659853935242
349,1,0,0,0.9244946837425232,0.07550527900457382
349,2,0,1,0.1610254943370819,0.8389744758605957
349,3,1,1,0.0014990323688834906,0.9985009431838989
349,4,0,1,0.466846764087677,0.533153235912323
349,5,0,0,0.8222756385803223,0.17772428691387177
349,6,0,1,0.15814432501792908,0.8418557047843933
349,7,1,1,0.31286537647247314,0.6871346831321716
349,8,0,0,0.8810880184173584,0.11891200393438339
349,9,0,0,0.8538005948066711,0.14619942009449005
349,10,0,0,0.932348906993866,0.06765111535787582
349,11,0,0,0.9244946837425232,0.07550526410341263
349,12,1,1,0.020685704424977303,0.9793142676353455
349,13,0,0,0.902437150478363,0.09756291657686234
349,14,0,0,0.770770251750946,0.22922976315021515
349,15,0,1,0.16017065942287445,0.8398292660713196
349,16,0,0,0.9244946837425232,0.07550526410341263
349,17,0,0,0.8785237073898315,0.12147626280784607
349,18,0,1,0.31286534667015076,0.6871346831321716
349,19,0,0,0.8658338785171509,0.13416612148284912
350,0,0,0,0.9516022801399231,0.04839777946472168
350,1,0,0,0.6935413479804993,0.30645865201950073
350,2,0,1,0.13651253283023834,0.8634874820709229
350,3,1,1,0.018111195415258408,0.9818888306617737
350,4,0,0,0.7098067998886108,0.29019322991371155
350,5,0,0,0.9495375752449036,0.05046241730451584
350,6,0,1,0.14313660562038422,0.8568634390830994
350,7,1,1,0.24842585623264313,0.7515741586685181
350,8,0,0,0.783520519733429,0.21647946536540985
350,9,0,0,0.9642223119735718,0.035777632147073746
350,10,0,0,0.7868448495864868,0.213155135512352
350,11,0,0,0.6935413479804993,0.3064586818218231
350,12,1,1,0.02957247383892536,0.9704274535179138
350,13,0,0,0.8107239603996277,0.18927603960037231
350,14,0,0,0.9690911173820496,0.030908796936273575
350,15,0,1,0.13635483384132385,0.8636451959609985
350,16,0,0,0.6935413479804993,0.3064586818218231
350,17,0,0,0.7868448495864868,0.2131551057100296
350,18,0,1,0.2518254518508911,0.7481745481491089
350,19,0,0,0.9642223119735718,0.03577761352062225
351,0,0,0,0.7683889269828796,0.23161104321479797
351,1,0,0,0.8482869863510132,0.1517130434513092
351,2,0,1,0.13281743228435516,0.8671825528144836
351,3,1,1,0.0024674793239682913,0.9975324869155884
351,4,0,1,0.41980937123298645,0.5801906585693359
351,5,0,0,0.7903600931167603,0.20963990688323975
351,6,0,1,0.14223073422908783,0.8577693104743958
351,7,1,1,0.2663302719593048,0.7336697578430176
351,8,0,0,0.8060623407363892,0.19393761456012726
351,9,0,0,0.8315240144729614,0.1684759557247162
351,10,0,0,0.8350673317909241,0.16493265330791473
351,11,0,0,0.8482869863510132,0.1517130583524704
351,12,1,1,0.037395279854536057,0.9626047015190125
351,13,0,0,0.8360633254051208,0.16393668949604034
351,14,0,0,0.8421645164489746,0.1578354686498642
351,15,0,1,0.13281743228435516,0.8671825528144836
351,16,0,0,0.8482869863510132,0.1517130583524704
351,17,0,0,0.8350673317909241,0.16493268311023712
351,18,0,1,0.2663302719593048,0.7336697578430176
351,19,0,0,0.8285979628562927,0.17140203714370728
352,0,0,0,0.8019349575042725,0.19806499779224396
352,1,0,0,0.688962996006012,0.31103700399398804
352,2,0,0,0.723465621471405,0.2765343189239502
352,3,1,1,0.11114391684532166,0.8888561129570007
352,4,0,1,0.3684828281402588,0.6315171718597412
352,5,0,0,0.7766463160514832,0.22335371375083923
352,6,0,1,0.07931023091077805,0.9206897616386414
352,7,1,1,0.33262282609939575,0.6673771739006042
352,8,0,1,0.16032828390598297,0.8396717309951782
352,9,0,0,0.8409503698348999,0.15904957056045532
352,10,0,1,0.2650876045227051,0.7349124550819397
352,11,0,0,0.6890422105789185,0.31095778942108154
352,12,1,1,0.01621229201555252,0.9837876558303833
352,13,0,1,0.3141305446624756,0.6858695149421692
352,14,0,0,0.8585546016693115,0.14144544303417206
352,15,0,1,0.25021812319755554,0.7497819066047668
352,16,0,0,0.689184844493866,0.31081515550613403
352,17,0,1,0.2650876045227051,0.7349124550819397
352,18,0,1,0.33262282609939575,0.6673771739006042
352,19,0,0,0.8184967637062073,0.18150322139263153
353,0,0,0,0.7232942581176758,0.2767057418823242
353,1,0,0,0.8315661549568176,0.16843390464782715
353,2,0,1,0.13671323657035828,0.8632867336273193
353,3,1,1,0.0367179736495018,0.96328204870224
353,4,0,1,0.37958601117134094,0.6204140186309814
353,5,0,0,0.6720583438873291,0.3279416561126709
353,6,0,1,0.15448735654354095,0.8455126285552979
353,7,1,1,0.3306037187576294,0.6693962812423706
353,8,0,0,0.5140158534049988,0.485984206199646
353,9,0,0,0.7751120328903198,0.22488801181316376
353,10,0,0,0.7599353790283203,0.2400646209716797
353,11,0,0,0.8315545320510864,0.16844551265239716
353,12,1,1,0.028276225551962852,0.9717237949371338
353,13,0,0,0.7102818489074707,0.2897182106971741
353,14,0,0,0.7267745733261108,0.27322545647621155
353,15,0,1,0.1387348175048828,0.8612651228904724
353,16,0,0,0.7709298729896545,0.22907020151615143
353,17,0,0,0.7102818489074707,0.2897181808948517
353,18,0,1,0.3306037187576294,0.6693962812423706
353,19,0,0,0.7951323390007019,0.20486769080162048
354,0,0,0,0.9623246192932129,0.037675388157367706
354,1,0,0,0.5448017120361328,0.4551983177661896
354,2,0,0,0.5090031027793884,0.49099695682525635
354,3,1,1,0.10817766934633255,0.8918223977088928
354,4,0,0,0.9283955693244934,0.07160449773073196
354,5,0,0,0.9625824689865112,0.037417568266391754
354,6,0,0,0.5518185496330261,0.4481814205646515
354,7,1,1,0.07701852917671204,0.9229815006256104
354,8,0,0,0.6089708209037781,0.39102914929389954
354,9,0,0,0.9646870493888855,0.03531293570995331
354,10,0,1,0.23456640541553497,0.7654336094856262
354,11,0,1,0.1271803379058838,0.8728196620941162
354,12,1,1,0.045727234333753586,0.9542727470397949
354,13,0,1,0.3450593948364258,0.6549406051635742
354,14,0,0,0.9701255559921265,0.029874468222260475
354,15,0,0,0.5464017391204834,0.4535982310771942
354,16,0,1,0.4177038073539734,0.5822961330413818
354,17,0,1,0.30693185329437256,0.6930680871009827
354,18,0,1,0.16846582293510437,0.8315341472625732
354,19,0,0,0.9646870493888855,0.03531292453408241
355,0,0,0,0.8768444061279297,0.1231556311249733
355,1,0,0,0.8499096035957336,0.15009042620658875
355,2,0,1,0.27803289890289307,0.7219671010971069
355,3,1,1,0.05193281173706055,0.9480671286582947
355,4,0,0,0.7234032154083252,0.2765968143939972
355,5,0,0,0.8034746646881104,0.19652532041072845
355,6,0,1,0.19739583134651184,0.8026041388511658
355,7,1,0,0.6006194353103638,0.399380624294281
355,8,0,1,0.46283242106437683,0.5371676087379456
355,9,0,0,0.88987797498703,0.11012209206819534
355,10,0,0,0.7880405187606812,0.21195940673351288
355,11,0,0,0.7856499552726746,0.21434995532035828
355,12,1,1,0.1568937450647354,0.8431062698364258
355,13,0,0,0.8261237740516663,0.17387622594833374
355,14,0,0,0.9038190841674805,0.09618090093135834
355,15,0,1,0.0861828550696373,0.9138172268867493
355,16,0,0,0.8319628238677979,0.16803722083568573
355,17,0,0,0.7269030213356018,0.27309688925743103
355,18,0,0,0.5852534770965576,0.41474649310112
355,19,0,0,0.8687602281570435,0.13123974204063416
356,0,0,0,0.9396560192108154,0.060343969613313675
356,1,0,0,0.9452577829360962,0.05474218353629112
356,2,0,0,0.9448316097259521,0.055168356746435165
356,3,1,1,0.002729639643803239,0.9972702860832214
356,4,0,0,0.838305652141571,0.16169427335262299
356,5,0,0,0.9732710123062134,0.026729010045528412
356,6,0,1,0.21102891862392426,0.7889710664749146
356,7,1,1,0.3492581844329834,0.6507417559623718
356,8,0,0,0.7700449824333191,0.22995509207248688
356,9,0,0,0.9570307731628418,0.04296930879354477
356,10,0,0,0.8712531328201294,0.12874692678451538
356,11,0,0,0.9450427889823914,0.05495717003941536
356,12,1,1,0.03143655136227608,0.968563437461853
356,13,0,0,0.8580344319343567,0.1419656127691269
356,14,0,0,0.9631189107894897,0.03688102215528488
356,15,0,1,0.2300616353750229,0.7699384093284607
356,16,0,0,0.9448316097259521,0.055168356746435165
356,17,0,0,0.5508031845092773,0.44919681549072266
356,18,0,1,0.3001529574394226,0.6998470425605774
356,19,0,0,0.9570307731628418,0.04296930879354477
357,0,0,0,0.8415942788124084,0.15840573608875275
357,1,0,0,0.8788557648658752,0.12114427238702774
357,2,0,0,0.8731897473335266,0.12681029736995697
357,3,1,1,0.022159596905112267,0.9778403639793396
357,4,0,0,0.5415676236152649,0.4584324359893799
357,5,0,0,0.754970908164978,0.24502907693386078
357,6,0,1,0.4237895905971527,0.5762104392051697
357,7,1,1,0.20081046223640442,0.7991895079612732
357,8,0,0,0.8275222778320312,0.17247772216796875
357,9,0,0,0.8812353610992432,0.11876466125249863
357,10,0,0,0.8880650401115417,0.11193501949310303
357,11,0,0,0.8929953575134277,0.10700462758541107
357,12,1,1,0.06090075150132179,0.9390991926193237
357,13,0,0,0.8880650401115417,0.11193499714136124
357,14,0,0,0.8880912661552429,0.11190879344940186
357,15,0,1,0.04905061051249504,0.9509493708610535
357,16,0,0,0.8731897473335266,0.12681028246879578
357,17,0,0,0.8414983153343201,0.15850171446800232
357,18,0,1,0.232825368642807,0.7671746015548706
357,19,0,0,0.8799234628677368,0.12007655203342438
358,0,0,0,0.8643907308578491,0.1356091946363449
358,1,0,0,0.9306550025939941,0.06934493780136108
358,2,0,0,0.9312568306922913,0.06874319911003113
358,3,1,1,0.08612100034952164,0.9138790369033813
358,4,0,1,0.28858718276023865,0.7114128470420837
358,5,0,0,0.7690519690513611,0.23094803094863892
358,6,0,1,0.3261570632457733,0.6738429069519043
358,7,1,1,0.0951719880104065,0.9048280119895935
358,8,0,0,0.6614826321601868,0.3385173976421356
358,9,0,0,0.8741915822029114,0.12580841779708862
358,10,0,0,0.9137969017028809,0.08620306849479675
358,11,0,0,0.9368079304695129,0.06319212168455124
358,12,1,1,0.12849345803260803,0.8715065717697144
358,13,0,0,0.9137969017028809,0.08620304614305496
358,14,0,0,0.8923044800758362,0.1076955571770668
358,15,0,1,0.4316936433315277,0.5683063268661499
358,16,0,0,0.93076491355896,0.06923513114452362
358,17,0,0,0.867443323135376,0.13255667686462402
358,18,0,1,0.15558229386806488,0.8444177508354187
358,19,0,0,0.8251986503601074,0.17480133473873138
359,0,0,0,0.8641372323036194,0.1358627825975418
359,1,0,1,0.35765743255615234,0.6423425078392029
359,2,0,1,0.3571264445781708,0.6428735256195068
359,3,1,1,0.07791147381067276,0.9220885038375854
359,4,0,0,0.7316625118255615,0.2683374881744385
359,5,0,0,0.9455321431159973,0.0544678159058094
359,6,0,1,0.28154486417770386,0.7184551358222961
359,7,1,1,0.23794350028038025,0.7620564699172974
359,8,0,0,0.774830162525177,0.2251698523759842
359,9,0,0,0.9170210957527161,0.08297887444496155
359,10,0,0,0.7759076356887817,0.22409239411354065
359,11,0,1,0.09112899750471115,0.908871054649353
359,12,1,1,0.008619344793260098,0.9913806319236755
359,13,0,0,0.7349480986595154,0.26505187153816223
359,14,0,0,0.9249587059020996,0.07504121214151382
359,15,0,0,0.9455321431159973,0.0544678159058094
359,16,0,1,0.3548245429992676,0.6451753973960876
359,17,0,0,0.7599618434906006,0.24003812670707703
359,18,0,1,0.2758530080318451,0.7241469621658325
359,19,0,0,0.9170210957527161,0.08297887444496155
360,0,0,0,0.7819182276725769,0.21808181703090668
360,1,0,0,0.8674774765968323,0.13252246379852295
360,2,0,0,0.6018105745315552,0.3981894254684448
360,3,1,1,0.026372617110610008,0.9736273884773254
360,4,0,1,0.4568440616130829,0.5431559681892395
360,5,0,0,0.8785313963890076,0.12146861106157303
360,6,0,0,0.6762590408325195,0.3237409293651581
360,7,1,1,0.42202574014663696,0.577974259853363
360,8,0,0,0.8460472226142883,0.15395282208919525
360,9,0,0,0.8159880042076111,0.18401199579238892
360,10,0,0,0.821597695350647,0.17840227484703064
360,11,0,1,0.03014194779098034,0.9698580503463745
360,12,1,1,0.014628670178353786,0.9853713512420654
360,13,0,0,0.5300071239471436,0.46999290585517883
360,14,0,0,0.8540019989013672,0.14599797129631042
360,15,0,0,0.8785313963890076,0.12146855890750885
360,16,0,0,0.6018106341362,0.3981894552707672
360,17,0,0,0.7584017515182495,0.24159827828407288
360,18,0,1,0.3319724500179291,0.6680275201797485
360,19,0,0,0.8159879446029663,0.1840120404958725
361,0,0,0,0.6433342695236206,0.3566657602787018
361,1,0,0,0.7258509993553162,0.27414897084236145
361,2,0,0,0.761467456817627,0.23853252828121185
361,3,1,1,0.015205035917460918,0.9847950339317322
361,4,0,1,0.40324172377586365,0.5967583060264587
361,5,0,0,0.9412657022476196,0.058734312653541565
361,6,0,1,0.47287285327911377,0.5271270871162415
361,7,1,1,0.3866543471813202,0.6133456230163574
361,8,0,1,0.08080613613128662,0.9191938638687134
361,9,0,0,0.8269659876823425,0.17303405702114105
361,10,0,1,0.37194275856018066,0.6280572414398193
361,11,0,0,0.7703679800033569,0.2296319454908371
361,12,1,1,0.05582771450281143,0.9441722631454468
361,13,0,1,0.38879328966140747,0.6112067103385925
361,14,0,0,0.847365140914917,0.15263484418392181
361,15,0,0,0.9412657022476196,0.058734338730573654
361,16,0,0,0.761467456817627,0.23853252828121185
361,17,0,1,0.3719426989555359,0.6280572414398193
361,18,0,1,0.3727589249610901,0.6272410750389099
361,19,0,0,0.8319140076637268,0.16808606684207916
362,0,0,0,0.8663574457168579,0.13364258408546448
362,1,0,0,0.7912021279335022,0.2087978571653366
362,2,0,0,0.5275866985321045,0.4724133014678955
362,3,1,1,0.07059139013290405,0.929408609867096
362,4,0,1,0.3811887502670288,0.6188112497329712
362,5,0,0,0.573958694934845,0.4260413944721222
362,6,0,0,0.5550287365913391,0.4449712932109833
362,7,1,1,0.3698287606239319,0.6301712393760681
362,8,0,0,0.5874676704406738,0.41253232955932617
362,9,0,0,0.8638262152671814,0.1361737847328186
362,10,0,0,0.925661027431488,0.07433892041444778
362,11,0,1,0.3153309226036072,0.6846690773963928
362,12,1,1,0.019792109727859497,0.9802078604698181
362,13,0,0,0.9137189388275146,0.08628108352422714
362,14,0,0,0.8966760635375977,0.10332392156124115
362,15,0,0,0.8634370565414429,0.13656292855739594
362,16,0,1,0.12503838539123535,0.8749616146087646
362,17,0,0,0.925661027431488,0.07433892041444778
362,18,0,1,0.36206355690956116,0.6379364728927612
362,19,0,0,0.858910322189331,0.14108964800834656
363,0,0,1,0.4413212835788727,0.5586787462234497
363,1,0,0,0.7660814523696899,0.23391854763031006
363,2,0,0,0.8699814081192017,0.13001860678195953
363,3,1,0,0.7981407642364502,0.20185919106006622
363,4,0,1,0.38180622458457947,0.6181938052177429
363,5,0,0,0.8911726474761963,0.10882741957902908
363,6,0,0,0.7328020930290222,0.26719799637794495
363,7,1,1,0.3711947202682495,0.6288052797317505
363,8,0,0,0.7626273036003113,0.2373727560043335
363,9,0,0,0.6441152691841125,0.35588470101356506
363,10,0,0,0.764684796333313,0.2353152334690094
363,11,0,1,0.4711093604564667,0.5288906097412109
363,12,1,1,0.22977091372013092,0.7702291011810303
363,13,0,0,0.8021314144134521,0.19786852598190308
363,14,0,0,0.8658585548400879,0.13414143025875092
363,15,0,0,0.8764869570732117,0.12351299822330475
363,16,0,0,0.850593090057373,0.14940692484378815
363,17,0,0,0.764684796333313,0.2353152334690094
363,18,0,1,0.3633079528808594,0.6366921067237854
363,19,0,1,0.4656641483306885,0.5343358516693115
364,0,0,0,0.8844873309135437,0.11551262438297272
364,1,0,0,0.5989043116569519,0.4010956585407257
364,2,0,1,0.47919899225234985,0.5208009481430054
364,3,1,1,0.19015735387802124,0.809842586517334
364,4,0,1,0.3836257755756378,0.6163742542266846
364,5,0,0,0.6130871772766113,0.3869127631187439
364,6,0,1,0.36294040083885193,0.6370596289634705
364,7,1,1,0.37332314252853394,0.6266767978668213
364,8,0,1,0.32300135493278503,0.6769986152648926
364,9,0,0,0.9256170392036438,0.07438291609287262
364,10,0,0,0.7640675902366638,0.235932394862175
364,11,0,1,0.23392127454280853,0.7660787105560303
364,12,1,1,0.1939893364906311,0.8060106039047241
364,13,0,0,0.6825819611549377,0.31741803884506226
364,14,0,0,0.9590017795562744,0.040998220443725586
364,15,0,0,0.9506369829177856,0.04936302453279495
364,16,0,1,0.47953739762306213,0.5204625725746155
364,17,0,0,0.7640675902366638,0.2359323799610138
364,18,0,1,0.3660047948360443,0.6339951753616333
364,19,0,0,0.8844873309135437,0.1155126541852951
365,0,0,0,0.5349783897399902,0.465021550655365
365,1,0,0,0.7192274928092957,0.2807724177837372
365,2,0,0,0.628099799156189,0.37190020084381104
365,3,1,1,0.11189258098602295,0.888107419013977
365,4,0,1,0.41405871510505676,0.5859412550926208
365,5,0,0,0.6292598247528076,0.3707401752471924
365,6,0,1,0.3542349636554718,0.6457650661468506
365,7,1,1,0.3796307146549225,0.6203692555427551
365,8,0,0,0.7109726667404175,0.28902730345726013
365,9,0,0,0.5886545181274414,0.411345511674881
365,10,0,0,0.9112222194671631,0.08877779543399811
365,11,0,0,0.5289536118507385,0.4710462987422943
365,12,1,1,0.015905369073152542,0.9840946793556213
365,13,0,0,0.9074717164039612,0.09252826124429703
365,14,0,0,0.6827595829963684,0.317240446805954
365,15,0,1,0.43095967173576355,0.5690402984619141
365,16,0,0,0.628099799156189,0.37190020084381104
365,17,0,0,0.9112222194671631,0.08877779543399811
365,18,0,1,0.35749486088752747,0.6425051689147949
365,19,0,0,0.5251198410987854,0.474880188703537
366,0,0,0,0.8683308959007263,0.1316690891981125
366,1,0,1,0.3971835970878601,0.6028164029121399
366,2,0,1,0.4111236333847046,0.5888763666152954
366,3,1,1,0.028296761214733124,0.9717032313346863
366,4,0,1,0.3962388336658478,0.6037611365318298
366,5,0,1,0.059259023517370224,0.9407410025596619
366,6,0,0,0.579950213432312,0.420049786567688
366,7,1,1,0.3765679597854614,0.6234319806098938
366,8,0,1,0.3438835144042969,0.6561164855957031
366,9,0,0,0.9109860062599182,0.0890139788389206
366,10,0,0,0.6303983926773071,0.3696015775203705
366,11,0,1,0.4543079137802124,0.5456920266151428
366,12,1,1,0.03049847111105919,0.9695014953613281
366,13,0,0,0.6416333317756653,0.35836663842201233
366,14,0,0,0.9676437377929688,0.032356321811676025
366,15,0,0,0.9541925191879272,0.04580748453736305
366,16,0,1,0.4445526599884033,0.5554472804069519
366,17,0,0,0.6303983926773071,0.3696015775203705
366,18,0,1,0.3637450933456421,0.6362549662590027
366,19,0,0,0.8683308959007263,0.1316690891981125
367,0,0,0,0.9246603846549988,0.07533958554267883
367,1,0,1,0.4470876157283783,0.5529124140739441
367,2,0,0,0.5414704084396362,0.45852959156036377
367,3,1,1,0.033192820847034454,0.9668071866035461
367,4,0,0,0.510625958442688,0.489374041557312
367,5,0,0,0.9607992768287659,0.039200738072395325
367,6,0,0,0.6085105538368225,0.3914894461631775
367,7,1,1,0.3382876217365265,0.6617123484611511
367,8,0,1,0.056777194142341614,0.9432228207588196
367,9,0,0,0.9318311810493469,0.06816878914833069
367,10,0,0,0.7940785884857178,0.20592142641544342
367,11,0,0,0.5950799584388733,0.40491998195648193
367,12,1,1,0.055083662271499634,0.944916307926178
367,13,0,0,0.7812551259994507,0.21874487400054932
367,14,0,0,0.9654297828674316,0.03457023575901985
367,15,0,0,0.9696659445762634,0.03033404052257538
367,16,0,1,0.43214645981788635,0.5678535103797913
367,17,0,0,0.640708863735199,0.359291136264801
367,18,0,1,0.32285362482070923,0.6771463751792908
367,19,0,0,0.8948699831962585,0.10513000935316086
368,0,0,0,0.5746332406997681,0.42536675930023193
368,1,0,0,0.708645224571228,0.291354775428772
368,2,0,0,0.9585229158401489,0.04147714748978615
368,3,1,0,0.9585227966308594,0.04147716984152794
368,4,0,1,0.3272768259048462,0.6727231740951538
368,5,0,0,0.9572285413742065,0.04277147352695465
368,6,0,1,0.25866439938545227,0.7413355708122253
368,7,1,1,0.30435264110565186,0.6956472992897034
368,8,0,1,0.4570567011833191,0.5429433584213257
368,9,0,0,0.8830296993255615,0.11697032302618027
368,10,0,0,0.7198366522789001,0.28016331791877747
368,11,0,0,0.6467969417572021,0.35320305824279785
368,12,1,1,0.001900328672491014,0.9980997443199158
368,13,0,0,0.7762208580970764,0.2237791121006012
368,14,0,0,0.9592605829238892,0.040739431977272034
368,15,0,0,0.7141913771629333,0.2858085334300995
368,16,0,0,0.7227533459663391,0.2772466540336609
368,17,0,0,0.6422898769378662,0.3577100336551666
368,18,0,1,0.28004392981529236,0.7199560403823853
368,19,0,0,0.6620948314666748,0.3379051685333252
369,0,0,0,0.5207273960113525,0.47927263379096985
369,1,0,0,0.6399874687194824,0.36001256108283997
369,2,0,0,0.5246518850326538,0.4753481149673462
369,3,1,1,0.05016008019447327,0.9498398900032043
369,4,0,1,0.3269765377044678,0.673023521900177
369,5,0,0,0.550216794013977,0.44978320598602295
369,6,0,1,0.3126758337020874,0.6873241662979126
369,7,1,1,0.04162238910794258,0.9583775997161865
369,8,0,1,0.08686850965023041,0.9131314158439636
369,9,0,0,0.7042118310928345,0.2957881987094879
369,10,0,0,0.679954469203949,0.32004547119140625
369,11,0,0,0.6573864221572876,0.34261354804039
369,12,1,1,0.016888631507754326,0.9831113815307617
369,13,0,1,0.3863493800163269,0.6136506199836731
369,14,0,0,0.7706270813941956,0.22937290370464325
369,15,0,1,0.44789570569992065,0.5521042346954346
369,16,0,1,0.2975950241088867,0.7024049758911133
369,17,0,0,0.679954469203949,0.32004547119140625
369,18,0,1,0.4449872076511383,0.5550128221511841
369,19,0,0,0.5831500887870789,0.41684985160827637
370,0,0,0,0.8186432719230652,0.18135671317577362
370,1,0,0,0.5398773550987244,0.46012261509895325
370,2,0,0,0.6080729961395264,0.39192697405815125
370,3,1,1,0.029924659058451653,0.9700753092765808
370,4,0,0,0.732270359992981,0.26772964000701904
370,5,0,0,0.7374193072319031,0.2625806927680969
370,6,0,1,0.28331080079078674,0.7166892290115356
370,7,1,1,0.17324914038181305,0.8267508745193481
370,8,0,1,0.07774060219526291,0.9222594499588013
370,9,0,0,0.7779924869537354,0.22200752794742584
370,10,0,0,0.9600896835327148,0.03991035744547844
370,11,0,0,0.555914580821991,0.44408535957336426
370,12,1,1,0.015419455245137215,0.9845805764198303
370,13,0,0,0.9328808188438416,0.06711920350790024
370,14,0,0,0.6927317380905151,0.30726829171180725
370,15,0,0,0.805776059627533,0.19422392547130585
370,16,0,0,0.6080729961395264,0.39192697405815125
370,17,0,0,0.9516481161117554,0.04835183173418045
370,18,0,1,0.4051622152328491,0.5948377847671509
370,19,0,0,0.7875112891197205,0.21248874068260193
371,0,0,0,0.802998960018158,0.19700108468532562
371,1,0,0,0.8687726259231567,0.1312273144721985
371,2,0,1,0.1805621236562729,0.8194379210472107
371,3,1,1,0.013020234182476997,0.9869798421859741
371,4,0,1,0.4833601117134094,0.5166398286819458
371,5,0,1,0.45956215262413025,0.5404378175735474
371,6,0,1,0.22249199450016022,0.777508020401001
371,7,1,1,0.38045406341552734,0.6195458769798279
371,8,0,0,0.8613983392715454,0.1386016309261322
371,9,0,0,0.6086771488189697,0.3913228213787079
371,10,0,0,0.9480443000793457,0.05195572227239609
371,11,0,0,0.8797507286071777,0.12024924159049988
371,12,1,1,0.009619027376174927,0.9903809428215027
371,13,0,0,0.9391552805900574,0.060844697058200836
371,14,0,0,0.540774941444397,0.459225058555603
371,15,0,1,0.4050484597682953,0.5949515104293823
371,16,0,1,0.1805620938539505,0.8194379210472107
371,17,0,0,0.9480443000793457,0.05195573344826698
371,18,0,1,0.3991444706916809,0.6008555293083191
371,19,0,0,0.6941852569580078,0.3058147430419922
372,0,0,0,0.6519128680229187,0.3480871617794037
372,1,0,1,0.31130948662757874,0.6886905431747437
372,2,0,1,0.29541119933128357,0.704588770866394
372,3,1,1,0.03711250051856041,0.9628874659538269
372,4,0,0,0.5772044658660889,0.42279553413391113
372,5,0,0,0.7531465888023376,0.24685335159301758
372,6,0,1,0.3963700234889984,0.603630006313324
372,7,1,1,0.18500468134880066,0.814995288848877
372,8,0,1,0.30819281935691833,0.691807210445404
372,9,0,0,0.7609923481941223,0.23900769650936127
372,10,0,0,0.8688130378723145,0.13118693232536316
372,11,0,1,0.2675553560256958,0.7324446439743042
372,12,1,1,0.03266378119587898,0.9673361778259277
372,13,0,0,0.8632149696350098,0.136785089969635
372,14,0,0,0.7846397757530212,0.21536026895046234
372,15,0,0,0.7130112051963806,0.286988765001297
372,16,0,1,0.2954111695289612,0.704588770866394
372,17,0,0,0.7525876760482788,0.24741230905056
372,18,0,1,0.408529669046402,0.5914703607559204
372,19,0,0,0.6773779988288879,0.32262200117111206
373,0,0,1,0.2587764263153076,0.7412235736846924
373,1,0,0,0.692755937576294,0.30724409222602844
373,2,0,0,0.6731002330780029,0.32689976692199707
373,3,1,0,0.5875898003578186,0.412410169839859
373,4,0,0,0.7112987637519836,0.28870120644569397
373,5,0,0,0.8734946846961975,0.12650533020496368
373,6,0,1,0.47218725085258484,0.5278127193450928
373,7,1,0,0.7661057710647583,0.23389418423175812
373,8,0,0,0.7005863785743713,0.29941368103027344
373,9,0,0,0.8865565657615662,0.11344341933727264
373,10,0,0,0.9307355880737305,0.06926438212394714
373,11,0,0,0.7131988406181335,0.28680112957954407
373,12,1,0,0.5895859599113464,0.41041409969329834
373,13,0,0,0.89420485496521,0.10579520463943481
373,14,0,0,0.8962293267250061,0.10377063602209091
373,15,0,1,0.17869050800800323,0.821309506893158
373,16,0,0,0.6731002926826477,0.3268997371196747
373,17,0,0,0.9221913814544678,0.07780856639146805
373,18,0,1,0.39806148409843445,0.6019385457038879
373,19,0,0,0.8010819554328918,0.19891801476478577
374,0,0,1,0.46433308720588684,0.5356668829917908
374,1,0,0,0.5912566184997559,0.40874332189559937
374,2,0,0,0.688287079334259,0.31171292066574097
374,3,1,1,0.0201953686773777,0.9798046350479126
374,4,0,1,0.35857197642326355,0.6414280533790588
374,5,0,0,0.9381099343299866,0.06189010664820671
374,6,0,0,0.6007552146911621,0.3992448151111603
374,7,1,1,0.1936018317937851,0.8063980937004089
374,8,0,0,0.5954877734184265,0.4045121669769287
374,9,0,0,0.9147003293037415,0.08529968559741974
374,10,0,0,0.7130979895591736,0.2869020104408264
374,11,0,0,0.6373561024665833,0.36264392733573914
374,12,1,1,0.06728347390890121,0.9327165484428406
374,13,0,0,0.6759884357452393,0.32401159405708313
374,14,0,0,0.9442121386528015,0.055787838995456696
374,15,0,0,0.9088472127914429,0.09115278720855713
374,16,0,0,0.6770753860473633,0.3229246139526367
374,17,0,0,0.7130979895591736,0.2869020402431488
374,18,0,1,0.40874096751213074,0.5912590026855469
374,19,0,0,0.855561375617981,0.14443863928318024
375,0,0,1,0.38192713260650635,0.6180728673934937
375,1,0,0,0.667834997177124,0.3321649730205536
375,2,0,0,0.7484914064407349,0.2515086233615875
375,3,1,1,0.02665623277425766,0.9733438491821289
375,4,0,1,0.23547647893428802,0.7645235061645508
375,5,0,0,0.9641323685646057,0.0358676053583622
375,6,0,0,0.7677000761032104,0.23229998350143433
375,7,1,1,0.02795121818780899,0.9720487594604492
375,8,0,0,0.6665440201759338,0.3334559500217438
375,9,0,0,0.9531143307685852,0.046885717660188675
375,10,0,0,0.8871745467185974,0.11282549798488617
375,11,0,0,0.7133173942565918,0.2866826057434082
375,12,1,1,0.058434754610061646,0.941565215587616
375,13,0,0,0.8713188171386719,0.12868118286132812
375,14,0,0,0.9649591445922852,0.03504078835248947
375,15,0,0,0.8404426574707031,0.1595573127269745
375,16,0,0,0.742560625076294,0.25743937492370605
375,17,0,0,0.7941158413887024,0.20588409900665283
375,18,0,1,0.39832425117492676,0.6016756892204285
375,19,0,0,0.9592617750167847,0.04073821008205414
376,0,0,1,0.4897439777851105,0.5102560520172119
376,1,0,1,0.30854347348213196,0.6914564967155457
376,2,0,1,0.31534892320632935,0.6846510767936707
376,3,1,1,0.01275539305061102,0.9872446656227112
376,4,0,1,0.33214887976646423,0.6678510904312134
376,5,0,0,0.8507029414176941,0.14929702877998352
376,6,0,1,0.3224610388278961,0.6775389313697815
376,7,1,1,0.34061112999916077,0.6593888401985168
376,8,0,1,0.28654903173446655,0.7134509682655334
376,9,0,0,0.8327808380126953,0.16721920669078827
376,10,0,0,0.7524410486221313,0.24755893647670746
376,11,0,1,0.012057499960064888,0.9879425168037415
376,12,1,1,0.01792708970606327,0.9820729494094849
376,13,0,0,0.6618247032165527,0.33817532658576965
376,14,0,0,0.860275387763977,0.13972459733486176
376,15,0,0,0.6437925696372986,0.3562074601650238
376,16,0,1,0.3105374276638031,0.6894625425338745
376,17,0,0,0.5498008728027344,0.45019909739494324
376,18,0,1,0.39323994517326355,0.6067600250244141
376,19,0,0,0.8006646633148193,0.1993352621793747
377,0,0,0,0.5928258299827576,0.40717417001724243
377,1,0,0,0.8988385796546936,0.1011614203453064
377,2,0,0,0.8940097689628601,0.10599025338888168
377,3,1,1,0.1199023500084877,0.8800975680351257
377,4,0,1,0.18324965238571167,0.8167502880096436
377,5,0,0,0.9017291069030762,0.0982709527015686
377,6,0,0,0.781486988067627,0.21851305663585663
377,7,1,1,0.05443202331662178,0.9455679655075073
377,8,0,0,0.8933891654014587,0.10661084204912186
377,9,0,1,0.18964442610740662,0.810355544090271
377,10,0,0,0.9521970152854919,0.04780302569270134
377,11,0,1,0.05763205140829086,0.9423679709434509
377,12,1,1,0.03254860267043114,0.9674514532089233
377,13,0,0,0.9359620809555054,0.06403786689043045
377,14,0,1,0.07686107605695724,0.9231389760971069
377,15,0,1,0.10907569527626038,0.8909242749214172
377,16,0,0,0.8933508992195129,0.10664908587932587
377,17,0,0,0.9060143232345581,0.09398569166660309
377,18,0,1,0.3986503481864929,0.6013497114181519
377,19,0,0,0.5792754888534546,0.420724481344223
378,0,0,0,0.8070128560066223,0.19298718869686127
378,1,0,0,0.6318181157112122,0.36818188428878784
378,2,0,0,0.7656939625740051,0.23430602252483368
378,3,1,1,0.022566430270671844,0.9774336218833923
378,4,0,1,0.10333192348480225,0.8966680765151978
378,5,0,0,0.7990847826004028,0.20091524720191956
378,6,0,0,0.7848815321922302,0.21511848270893097
378,7,1,1,0.08715697377920151,0.9128429889678955
378,8,0,0,0.6339784264564514,0.3660215735435486
378,9,0,0,0.7370226979255676,0.26297736167907715
378,10,0,0,0.9287406802177429,0.07125928997993469
378,11,0,0,0.6743519902229309,0.3256480395793915
378,12,1,1,0.2154662013053894,0.7845337986946106
378,13,0,0,0.9212045073509216,0.07879552990198135
378,14,0,0,0.7377959489822388,0.26220405101776123
378,15,0,1,0.15659332275390625,0.8434066772460938
378,16,0,0,0.6286954879760742,0.3713044822216034
378,17,0,0,0.9039502143859863,0.09604980796575546
378,18,0,1,0.3934638202190399,0.6065362095832825
378,19,0,0,0.7528273463249207,0.24717269837856293
379,0,0,0,0.6608081459999084,0.33919188380241394
379,1,0,0,0.5112793445587158,0.48872071504592896
379,2,0,0,0.5767855048179626,0.42321449518203735
379,3,1,1,0.006497909780591726,0.9935020804405212
379,4,0,1,0.27491697669029236,0.7250829935073853
379,5,0,0,0.9271988272666931,0.07280120998620987
379,6,0,0,0.5851404666900635,0.41485950350761414
379,7,1,1,0.2645271420478821,0.7354728579521179
379,8,0,0,0.5106289386749268,0.48937103152275085
379,9,0,0,0.9322835206985474,0.06771648675203323
379,10,0,0,0.9263955354690552,0.07360441237688065
379,11,0,0,0.5428084135055542,0.4571915864944458
379,12,1,1,0.019881155341863632,0.9801188707351685
379,13,0,0,0.9246318936347961,0.07536811381578445
379,14,0,0,0.9570630788803101,0.04293697327375412
379,15,0,0,0.9179441928863525,0.08205579221248627
379,16,0,0,0.5079925060272217,0.4920074939727783
379,17,0,0,0.9140591621398926,0.08594084531068802
379,18,0,1,0.3935786485671997,0.6064213514328003
379,19,0,0,0.9007685780525208,0.09923145174980164
380,0,0,0,0.8068325519561768,0.19316744804382324
380,1,0,0,0.8913522958755493,0.10864774137735367
380,2,0,0,0.9234659671783447,0.07653403282165527
380,3,1,0,0.5172807574272156,0.48271918296813965
380,4,0,0,0.7512323260307312,0.2487676739692688
380,5,0,0,0.9386399984359741,0.06136002391576767
380,6,0,0,0.9327908754348755,0.06720910221338272
380,7,1,1,0.0598713681101799,0.9401286244392395
380,8,0,0,0.8903018832206726,0.109698086977005
380,9,0,0,0.9434413909912109,0.05655864626169205
380,10,0,0,0.9917701482772827,0.008229829370975494
380,11,0,0,0.878175675868988,0.12182431668043137
380,12,1,0,0.5017260909080505,0.4982738792896271
380,13,0,0,0.9827824234962463,0.01721765100955963
380,14,0,0,0.975435197353363,0.024564772844314575
380,15,0,0,0.9578800797462463,0.04211994260549545
380,16,0,0,0.8868194818496704,0.11318057775497437
380,17,0,0,0.9897407293319702,0.010259249247610569
380,18,0,1,0.39369529485702515,0.6063047647476196
380,19,0,0,0.7821853756904602,0.21781468391418457
381,0,0,0,0.7808340787887573,0.21916598081588745
381,1,0,0,0.6467666029930115,0.3532333970069885
381,2,0,0,0.6440284252166748,0.3559715449810028
381,3,1,1,0.017736516892910004,0.9822635054588318
381,4,0,1,0.44320377707481384,0.5567961931228638
381,5,0,0,0.6693894267082214,0.33061063289642334
381,6,0,0,0.6827032566070557,0.31729668378829956
381,7,1,1,0.31773069500923157,0.6822693347930908
381,8,0,0,0.632016122341156,0.3679838478565216
381,9,0,0,0.7980321049690247,0.20196788012981415
381,10,0,0,0.7770559191703796,0.22294406592845917
381,11,0,0,0.6673774719238281,0.3326224982738495
381,12,1,1,0.02465415932238102,0.9753457903862
381,13,0,1,0.44899094104766846,0.5510090589523315
381,14,0,0,0.8250018954277039,0.17499805986881256
381,15,0,0,0.7923142313957214,0.20768578350543976
381,16,0,0,0.6264428496360779,0.37355712056159973
381,17,0,0,0.7770559191703796,0.22294406592845917
381,18,0,1,0.3938138782978058,0.6061860918998718
381,19,0,0,0.7524477243423462,0.24755220115184784
382,0,0,1,0.05330459773540497,0.9466953873634338
382,1,0,0,0.545339822769165,0.45466017723083496
382,2,0,0,0.5400212407112122,0.4599788188934326
382,3,1,1,0.05595840513706207,0.9440415501594543
382,4,0,1,0.009989925660192966,0.9900100827217102
382,5,0,0,0.6353312134742737,0.36466875672340393
382,6,0,0,0.6620333194732666,0.337966650724411
382,7,1,1,0.02318553254008293,0.9768144488334656
382,8,0,1,0.07046022266149521,0.9295397996902466
382,9,0,0,0.9426705837249756,0.057329338043928146
382,10,0,0,0.7066879272460938,0.29331210255622864
382,11,0,0,0.5848457217216492,0.4151543378829956
382,12,1,1,0.08681515604257584,0.9131848216056824
382,13,0,1,0.09168826043605804,0.9083117842674255
382,14,0,0,0.9236559271812439,0.07634411007165909
382,15,0,0,0.9426707029342651,0.05732933431863785
382,16,0,0,0.5343968272209167,0.46560320258140564
382,17,0,0,0.7066879272460938,0.29331210255622864
382,18,0,1,0.4110158085823059,0.5889841914176941
382,19,0,1,0.30916523933410645,0.6908348202705383
383,0,0,0,0.9495608806610107,0.05043911561369896
383,1,0,1,0.30909422039985657,0.6909058094024658
383,2,0,1,0.3127664029598236,0.687233567237854
383,3,1,1,0.08782631903886795,0.9121736288070679
383,4,0,0,0.7967814207077026,0.20321860909461975
383,5,0,0,0.9429599046707153,0.05704014003276825
383,6,0,1,0.3601484000682831,0.6398515701293945
383,7,1,1,0.1819910705089569,0.8180089592933655
383,8,0,1,0.08782629668712616,0.9121736288070679
383,9,0,0,0.9575480222702026,0.042452000081539154
383,10,0,0,0.6920669674873352,0.3079330623149872
383,11,0,1,0.13139355182647705,0.8686065077781677
383,12,1,1,0.036528486758470535,0.9634714722633362
383,13,0,1,0.1116463914513588,0.8883536458015442
383,14,0,0,0.9732933640480042,0.026706654578447342
383,15,0,0,0.9575480222702026,0.04245199263095856
383,16,0,1,0.3090941905975342,0.6909058094024658
383,17,0,0,0.6920669674873352,0.3079330325126648
383,18,0,1,0.39968016743659973,0.6003198027610779
383,19,0,0,0.946967363357544,0.05303267389535904
384,0,0,0,0.9591194987297058,0.04088051617145538
384,1,0,1,0.4655120074748993,0.5344879627227783
384,2,0,1,0.3022511899471283,0.6977487802505493
384,3,1,1,0.3020332157611847,0.6979667544364929
384,4,0,0,0.8980728983879089,0.10192711651325226
384,5,0,0,0.9639260768890381,0.03607391566038132
384,6,0,1,0.2386225312948227,0.7613774538040161
384,7,1,1,0.03251802548766136,0.9674820303916931
384,8,0,1,0.035360973328351974,0.9646390080451965
384,9,0,0,0.95688796043396,0.04311203956604004
384,10,0,0,0.6838723421096802,0.3161276578903198
384,11,0,1,0.32320231199264526,0.6767977476119995
384,12,1,1,0.1028662919998169,0.8971336483955383
384,13,0,1,0.042871393263339996,0.9571285843849182
384,14,0,0,0.9690049290657043,0.030994998291134834
384,15,0,0,0.959989607334137,0.040010422468185425
384,16,0,1,0.46551206707954407,0.5344879031181335
384,17,0,0,0.6838723421096802,0.31612762808799744
384,18,0,1,0.4055144488811493,0.5944855809211731
384,19,0,0,0.9593049883842468,0.04069502279162407
385,0,0,0,0.6795780062675476,0.3204220235347748
385,1,0,0,0.7689470648765564,0.231052964925766
385,2,0,0,0.5078684091567993,0.4921315908432007
385,3,1,1,0.032791949808597565,0.9672080278396606
385,4,0,1,0.3251890540122986,0.6748108863830566
385,5,0,0,0.7859731912612915,0.2140267789363861
385,6,0,1,0.14102037250995636,0.8589796423912048
385,7,1,1,0.3159483075141907,0.6840516924858093
385,8,0,1,0.032791923731565475,0.9672080278396606
385,9,0,0,0.668371856212616,0.3316281735897064
385,10,0,0,0.6876514554023743,0.31234851479530334
385,11,0,0,0.539958655834198,0.460041344165802
385,12,1,0,0.7397764921188354,0.26022353768348694
385,13,0,0,0.5232536196708679,0.47674646973609924
385,14,0,0,0.8602825403213501,0.13971742987632751
385,15,0,0,0.7445579171180725,0.2554420232772827
385,16,0,0,0.7689470648765564,0.231052964925766
385,17,0,0,0.6876514554023743,0.31234851479530334
385,18,0,1,0.3943077623844147,0.6056922674179077
385,19,0,0,0.799622654914856,0.20037734508514404
386,0,0,0,0.7663313746452332,0.23366859555244446
386,1,0,1,0.4138127863407135,0.5861872434616089
386,2,0,1,0.4109351336956024,0.5890648365020752
386,3,1,1,0.055014610290527344,0.9449853897094727
386,4,0,0,0.599904477596283,0.40009549260139465
386,5,0,1,0.3753012418746948,0.6246987581253052
386,6,0,1,0.15471503138542175,0.8452849388122559
386,7,1,1,0.17671610414981842,0.8232839107513428
386,8,0,1,0.26582422852516174,0.7341758012771606
386,9,0,0,0.7731203436851501,0.22687958180904388
386,10,0,0,0.6692796349525452,0.33072033524513245
386,11,0,1,0.38734328746795654,0.6126566529273987
386,12,1,1,0.11721939593553543,0.8827806115150452
386,13,0,1,0.4234476685523987,0.5765523910522461
386,14,0,0,0.7789852023124695,0.22101478278636932
386,15,0,0,0.7638245820999146,0.23617543280124664
386,16,0,1,0.4138127267360687,0.5861873030662537
386,17,0,0,0.6692796349525452,0.33072033524513245
386,18,0,1,0.4196641147136688,0.5803359150886536
386,19,0,0,0.7684324383735657,0.2315676212310791
387,0,0,0,0.91070556640625,0.0892944410443306
387,1,0,0,0.5414970517158508,0.45850294828414917
387,2,0,0,0.546370804309845,0.45362919569015503
387,3,1,1,0.048013508319854736,0.9519864916801453
387,4,0,1,0.4394017159938812,0.5605983138084412
387,5,0,0,0.8952271938323975,0.10477279126644135
387,6,0,0,0.5656501054763794,0.4343498945236206
387,7,1,1,0.4273361563682556,0.5726637840270996
387,8,0,0,0.546370804309845,0.45362919569015503
387,9,0,0,0.933115541934967,0.06688447296619415
387,10,0,0,0.6937387585639954,0.30626121163368225
387,11,0,1,0.39648839831352234,0.6035116314888
387,12,1,0,0.5616217851638794,0.438378244638443
387,13,0,0,0.5641781687736511,0.43582192063331604
387,14,0,0,0.9540838003158569,0.04591619595885277
387,15,0,0,0.9443286061286926,0.05567139759659767
387,16,0,0,0.5414970517158508,0.45850294828414917
387,17,0,0,0.6937387585639954,0.30626121163368225
387,18,0,1,0.3945670425891876,0.6054329872131348
387,19,0,0,0.8745715618133545,0.12542840838432312
388,0,0,0,0.7597287893295288,0.24027119576931
388,1,0,1,0.4994920492172241,0.5005079507827759
388,2,0,0,0.5753586888313293,0.42464134097099304
388,3,1,1,0.0635664165019989,0.9364336133003235
388,4,0,1,0.48114117980003357,0.5188588500022888
388,5,0,0,0.5250226259231567,0.4749773442745209
388,6,0,1,0.3321712911128998,0.6678287386894226
388,7,1,1,0.3409455418586731,0.6590543985366821
388,8,0,0,0.5753586292266846,0.42464137077331543
388,9,0,0,0.8030846118927002,0.196915403008461
388,10,0,0,0.6640379428863525,0.3359620273113251
388,11,0,0,0.5753586292266846,0.42464137077331543
388,12,1,1,0.1970193237066269,0.8029806613922119
388,13,0,0,0.5993021726608276,0.40069782733917236
388,14,0,0,0.8459625840187073,0.1540374755859375
388,15,0,0,0.8068623542785645,0.19313769042491913
388,16,0,1,0.48685818910598755,0.5131418108940125
388,17,0,0,0.6640379428863525,0.3359620273113251
388,18,0,1,0.39469990134239197,0.6053001880645752
388,19,0,0,0.5951107144355774,0.4048892855644226
389,0,0,0,0.9723306894302368,0.027669358998537064
389,1,0,0,0.7319376468658447,0.2680623233318329
389,2,0,0,0.6196426153182983,0.3803573548793793
389,3,1,0,0.7326270937919617,0.26737290620803833
389,4,0,0,0.9678681492805481,0.03213190287351608
389,5,0,0,0.9055852293968201,0.09441477805376053
389,6,0,0,0.5545661449432373,0.4454338550567627
389,7,1,1,0.0382380448281765,0.9617619514465332
389,8,0,1,0.20674070715904236,0.79325932264328
389,9,0,0,0.9728834629058838,0.02711646445095539
389,10,0,0,0.8109642267227173,0.1890358328819275
389,11,0,1,0.20674070715904236,0.79325932264328
389,12,1,1,0.013518170453608036,0.986481785774231
389,13,0,0,0.7513248324394226,0.24867510795593262
389,14,0,0,0.9754338264465332,0.024566221982240677
389,15,0,0,0.9735172390937805,0.026482772082090378
389,16,0,0,0.7319376468658447,0.2680623233318329
389,17,0,0,0.8109642267227173,0.1890358328819275
389,18,0,1,0.40078628063201904,0.5992136597633362
389,19,0,0,0.9758452773094177,0.024154679849743843
390,0,0,0,0.904825747013092,0.09517420083284378
390,1,0,0,0.5822709202766418,0.41772907972335815
390,2,0,0,0.5194910764694214,0.480508953332901
390,3,1,1,0.12318380922079086,0.8768162727355957
390,4,0,0,0.902270495891571,0.09772948175668716
390,5,0,0,0.7921957969665527,0.20780418813228607
390,6,0,0,0.5844721794128418,0.4155278503894806
390,7,1,1,0.0631370097398758,0.9368629455566406
390,8,0,0,0.7885024547576904,0.21149756014347076
390,9,0,0,0.9111648201942444,0.08883513510227203
390,10,0,0,0.7346253991127014,0.26537466049194336
390,11,0,1,0.3394346535205841,0.6605653762817383
390,12,1,1,0.22861117124557495,0.771388828754425
390,13,0,0,0.6613465547561646,0.3386535346508026
390,14,0,0,0.9275399446487427,0.0724601224064827
390,15,0,0,0.913787841796875,0.086212158203125
390,16,0,0,0.5686013698577881,0.4313986003398895
390,17,0,0,0.7346253991127014,0.26537466049194336
390,18,0,1,0.3949723541736603,0.6050276756286621
390,19,0,0,0.9195285439491272,0.08047148585319519
391,0,0,0,0.7982240915298462,0.2017759382724762
391,1,0,1,0.2610835134983063,0.7389164566993713
391,2,0,1,0.3746592104434967,0.6253408193588257
391,3,1,1,0.018534142524003983,0.9814658164978027
391,4,0,0,0.6251603364944458,0.3748396337032318
391,5,0,0,0.6123122572898865,0.3876877427101135
391,6,0,1,0.04079021140933037,0.9592097997665405
391,7,1,1,0.4215750992298126,0.5784249305725098
391,8,0,0,0.6956376433372498,0.30436238646507263
391,9,0,0,0.792751133441925,0.20724888145923615
391,10,0,0,0.7002184987068176,0.29978147149086
391,11,0,1,0.39646875858306885,0.6035312414169312
391,12,1,1,0.05680830031633377,0.943191647529602
391,13,0,1,0.3325704038143158,0.6674296259880066
391,14,0,0,0.8385403156280518,0.16145974397659302
391,15,0,0,0.8166436553001404,0.18335634469985962
391,16,0,1,0.2553703188896179,0.7446296811103821
391,17,0,0,0.7002184987068176,0.29978147149086
391,18,0,1,0.401174396276474,0.5988256335258484
391,19,0,0,0.6931988000869751,0.3068012297153473
392,0,0,0,0.9028315544128418,0.09716839343309402
392,1,0,0,0.5462863445281982,0.45371368527412415
392,2,0,0,0.6154096126556396,0.38459038734436035
392,3,1,1,0.1099819764494896,0.8900180459022522
392,4,0,0,0.9589423537254333,0.04105761647224426
392,5,0,0,0.7398474812507629,0.26015254855155945
392,6,0,1,0.25321459770202637,0.7467854619026184
392,7,1,1,0.04337750002741814,0.9566224813461304
392,8,0,0,0.7257671356201172,0.2742328643798828
392,9,0,0,0.9475188255310059,0.05248118191957474
392,10,0,0,0.6963905692100525,0.3036094009876251
392,11,0,0,0.6301987171173096,0.36980128288269043
392,12,1,1,0.2899473011493683,0.7100526690483093
392,13,0,1,0.14435051381587982,0.855649471282959
392,14,0,0,0.956170916557312,0.04382903501391411
392,15,0,0,0.9481481313705444,0.05185186490416527
392,16,0,1,0.12340305000543594,0.8765968680381775
392,17,0,0,0.6963905692100525,0.3036094009876251
392,18,0,1,0.40137234330177307,0.5986276268959045
392,19,0,0,0.9582834243774414,0.041716620326042175
393,0,0,0,0.7506820559501648,0.2493179589509964
393,1,0,1,0.2101290076971054,0.7898709774017334
393,2,0,1,0.26094505190849304,0.7390549778938293
393,3,1,1,0.0183867234736681,0.981613278388977
393,4,0,0,0.7936877608299255,0.20631225407123566
393,5,0,1,0.45621201395988464,0.5437880158424377
393,6,0,1,0.005326654762029648,0.9946734309196472
393,7,1,1,0.418696790933609,0.5813031792640686
393,8,0,0,0.5254098176956177,0.4745901823043823
393,9,0,0,0.8486022353172302,0.1513977348804474
393,10,0,0,0.6793026328086853,0.3206974267959595
393,11,0,1,0.4123837947845459,0.5876162052154541
393,12,1,1,0.029578914865851402,0.9704210758209229
393,13,0,1,0.01838671788573265,0.981613278388977
393,14,0,0,0.8923463225364685,0.10765362530946732
393,15,0,0,0.8038636445999146,0.19613632559776306
393,16,0,1,0.1962757110595703,0.8037242889404297
393,17,0,0,0.6793026328086853,0.3206974267959595
393,18,0,1,0.31958723068237305,0.6804128289222717
393,19,0,0,0.7902906537055969,0.20970940589904785
394,0,0,0,0.874877393245697,0.12512260675430298
394,1,0,0,0.6112099885940552,0.38878998160362244
394,2,0,0,0.6240610480308533,0.37593895196914673
394,3,1,1,0.4830853044986725,0.5169146656990051
394,4,0,0,0.8204770088195801,0.17952291667461395
394,5,0,0,0.731079638004303,0.268920361995697
394,6,0,0,0.5077066421508789,0.49229341745376587
394,7,1,0,0.8203367590904236,0.1796632558107376
394,8,0,0,0.624061107635498,0.37593889236450195
394,9,0,0,0.8529675006866455,0.14703252911567688
394,10,0,0,0.8902973532676697,0.10970265418291092
394,11,0,0,0.5743266344070435,0.42567333579063416
394,12,1,1,0.3845342695713043,0.6154657006263733
394,13,0,0,0.6149849891662598,0.38501501083374023
394,14,0,0,0.8415021300315857,0.1584978699684143
394,15,0,0,0.8687729835510254,0.13122697174549103
394,16,0,1,0.46376946568489075,0.5362305045127869
394,17,0,0,0.8902973532676697,0.10970265418291092
394,18,0,1,0.2096458077430725,0.7903541326522827
394,19,0,0,0.8201040625572205,0.17989593744277954
395,0,0,0,0.5729144215583801,0.42708563804626465
395,1,0,0,0.5291746854782104,0.47082528471946716
395,2,0,0,0.7238500714302063,0.2761499285697937
395,3,1,1,0.06387539207935333,0.9361246228218079
395,4,0,0,0.6759471297264099,0.3240529000759125
395,5,0,0,0.7190644145011902,0.280935674905777
395,6,0,1,0.31636056303977966,0.6836394667625427
395,7,1,1,0.06872765719890594,0.9312723278999329
395,8,0,1,0.07553964108228683,0.9244603514671326
395,9,0,1,0.2770301103591919,0.7229698896408081
395,10,0,0,0.7787762880325317,0.22122374176979065
395,11,0,0,0.8118112683296204,0.18818873167037964
395,12,1,1,0.11433747410774231,0.8856625556945801
395,13,0,0,0.6375496983528137,0.3624503016471863
395,14,0,0,0.7127470374107361,0.2872529625892639
395,15,0,0,0.7127470374107361,0.28725293278694153
395,16,0,0,0.525448739528656,0.4745512902736664
395,17,0,0,0.7787762880325317,0.22122374176979065
395,18,0,0,0.8040971159934998,0.19590285420417786
395,19,0,0,0.679713785648346,0.32028624415397644
396,0,0,0,0.9237986207008362,0.07620139420032501
396,1,0,1,0.38820475339889526,0.6117952466011047
396,2,0,0,0.8743943572044373,0.12560562789440155
396,3,1,1,0.015481514856219292,0.9845184087753296
396,4,0,0,0.6788816452026367,0.32111838459968567
396,5,0,0,0.811716616153717,0.18828342854976654
396,6,0,0,0.6842547655105591,0.3157452940940857
396,7,1,0,0.5428941249847412,0.4571058452129364
396,8,0,0,0.8739041686058044,0.12609586119651794
396,9,0,0,0.9019601345062256,0.09803987294435501
396,10,0,0,0.6778636574745178,0.32213637232780457
396,11,0,1,0.3848576843738556,0.6151424050331116
396,12,1,1,0.026747630909085274,0.9732523560523987
396,13,0,1,0.21705956757068634,0.7829404473304749
396,14,0,0,0.9645978808403015,0.03540213033556938
396,15,0,0,0.9645978808403015,0.035402148962020874
396,16,0,0,0.8290889859199524,0.17091095447540283
396,17,0,0,0.6778636574745178,0.32213637232780457
396,18,0,1,0.358590304851532,0.6414097547531128
396,19,0,0,0.7427287697792053,0.25727128982543945
397,0,0,0,0.75239098072052,0.2476090043783188
397,1,0,0,0.9830118417739868,0.016988186165690422
397,2,0,0,0.9042169451713562,0.09578299522399902
397,3,1,1,0.004996188450604677,0.9950037598609924
397,4,0,0,0.7714161276817322,0.22858385741710663
397,5,0,0,0.8768176436424255,0.12318239361047745
397,6,0,0,0.9892725944519043,0.010727428831160069
397,7,1,1,0.33851945400238037,0.6614805459976196
397,8,0,0,0.8772038221359253,0.1227962076663971
397,9,0,1,0.324371874332428,0.6756281852722168
397,10,0,0,0.9416149258613586,0.058385156095027924
397,11,0,1,0.35507825016975403,0.6449217200279236
397,12,1,1,0.015292503871023655,0.9847074747085571
397,13,0,1,0.26173993945121765,0.73826003074646
397,14,0,0,0.895459771156311,0.10454022139310837
397,15,0,0,0.842578649520874,0.15742127597332
397,16,0,0,0.9699516892433167,0.03004823811352253
397,17,0,0,0.97763991355896,0.022360099479556084
397,18,0,1,0.2865617871284485,0.7134382128715515
397,19,0,0,0.5692925453186035,0.4307074546813965
398,0,0,0,0.6811195015907288,0.31888043880462646
398,1,0,0,0.934211254119873,0.06578879803419113
398,2,0,0,0.8350096344947815,0.1649903506040573
398,3,1,1,0.003832598216831684,0.9961673617362976
398,4,0,0,0.684853196144104,0.315146803855896
398,5,0,0,0.7754473686218262,0.22455264627933502
398,6,0,0,0.8983179330825806,0.10168205201625824
398,7,1,1,0.468762069940567,0.5312379002571106
398,8,0,0,0.77577143907547,0.22422857582569122
398,9,0,0,0.8049237132072449,0.1950763612985611
398,10,0,0,0.5897730588912964,0.41022688150405884
398,11,0,1,0.427104651927948,0.572895348072052
398,12,1,1,0.011794515885412693,0.9882055521011353
398,13,0,1,0.05726822093129158,0.9427317380905151
398,14,0,0,0.819378674030304,0.18062131106853485
398,15,0,0,0.8190995454788208,0.180900439620018
398,16,0,0,0.9180122017860413,0.08198776841163635
398,17,0,0,0.8793094754219055,0.12069052457809448
398,18,0,1,0.4301721453666687,0.5698278546333313
398,19,0,0,0.5310806632041931,0.4689193665981293
399,0,0,0,0.9488472938537598,0.05115273967385292
399,1,0,0,0.8346312046051025,0.16536882519721985
399,2,0,0,0.8408560752868652,0.15914396941661835
399,3,1,1,0.04010957479476929,0.9598904252052307
399,4,0,0,0.7842110991477966,0.21578893065452576
399,5,0,0,0.6484968662261963,0.3515031635761261
399,6,0,0,0.8940288424491882,0.10597121715545654
399,7,1,1,0.4870089292526245,0.5129910707473755
399,8,0,0,0.6492355465888977,0.3507644832134247
399,9,0,0,0.9541254639625549,0.04587453976273537
399,10,0,0,0.5830029845237732,0.4169970750808716
399,11,0,1,0.4747362434864044,0.5252637267112732
399,12,1,1,0.018546834588050842,0.9814531803131104
399,13,0,0,0.845881462097168,0.1541185826063156
399,14,0,0,0.9646180272102356,0.03538191691040993
399,15,0,0,0.9638547301292419,0.03614522144198418
399,16,0,1,0.03784170001745224,0.9621583223342896
399,17,0,0,0.8560527563095093,0.1439473181962967
399,18,0,1,0.19163358211517334,0.8083664178848267
399,19,0,0,0.7932887673377991,0.20671126246452332
400,0,0,0,0.8328111171722412,0.1671888828277588
400,1,0,0,0.6966106295585632,0.30338937044143677
400,2,0,0,0.7495119571685791,0.25048813223838806
400,3,1,1,0.1467781513929367,0.8532218933105469
400,4,0,0,0.6737051010131836,0.3262949585914612
400,5,0,0,0.7003933787345886,0.299606591463089
400,6,0,1,0.3487290143966675,0.6512709856033325
400,7,1,1,0.40328967571258545,0.5967102646827698
400,8,0,1,0.2509508728981018,0.7490490674972534
400,9,0,0,0.7299911975860596,0.27000877261161804
400,10,0,0,0.5684195756912231,0.4315803349018097
400,11,0,1,0.417194664478302,0.582805335521698
400,12,1,1,0.2822405695915222,0.7177594304084778
400,13,0,1,0.0924081802368164,0.9075918197631836
400,14,0,0,0.9029374122619629,0.0970626026391983
400,15,0,0,0.8032172322273254,0.19678281247615814
400,16,0,0,0.7581096887588501,0.24189035594463348
400,17,0,1,0.45263418555259705,0.5473657846450806
400,18,0,1,0.27475062012672424,0.7252493500709534
400,19,0,1,0.31081336736679077,0.689186692237854
401,0,0,0,0.9417144656181335,0.05828557536005974
401,1,0,0,0.8683717250823975,0.13162828981876373
401,2,0,0,0.9872761368751526,0.012723821215331554
401,3,1,1,0.17011354863643646,0.8298864364624023
401,4,0,0,0.9862093329429626,0.01379067450761795
401,5,0,0,0.9872761368751526,0.012723821215331554
401,6,0,0,0.9009059071540833,0.09909407794475555
401,7,1,1,0.04837172478437424,0.9516282677650452
401,8,0,0,0.987412691116333,0.01258726604282856
401,9,0,0,0.9828962683677673,0.01710369624197483
401,10,0,1,0.22992011904716492,0.7700799107551575
401,11,0,0,0.738249659538269,0.26175037026405334
401,12,1,1,0.04996246099472046,0.9500375390052795
401,13,0,0,0.8426545858383179,0.15734536945819855
401,14,0,0,0.9772777557373047,0.022722329944372177
401,15,0,0,0.9480747580528259,0.05192529037594795
401,16,0,0,0.9821995496749878,0.017800461500883102
401,17,0,1,0.18066872656345367,0.8193312287330627
401,18,0,0,0.624972403049469,0.375027596950531
401,19,0,0,0.9398168921470642,0.06018316000699997
402,0,0,0,0.8508588671684265,0.14914116263389587
402,1,0,0,0.9639783501625061,0.03602162376046181
402,2,0,0,0.9820389151573181,0.017961112782359123
402,3,1,1,0.03619804605841637,0.963801920413971
402,4,0,0,0.9227212071418762,0.07727883011102676
402,5,0,0,0.9820389151573181,0.01796109415590763
402,6,0,0,0.9728826880455017,0.027117304503917694
402,7,1,1,0.45469930768013,0.5453006625175476
402,8,0,0,0.9746365547180176,0.025363430380821228
402,9,0,0,0.9567764401435852,0.0432235524058342
402,10,0,0,0.9469888210296631,0.05301110818982124
402,11,0,0,0.7560579180717468,0.2439420521259308
402,12,1,1,0.005139954853802919,0.994860053062439
402,13,0,0,0.9146733283996582,0.08532670140266418
402,14,0,0,0.9593335390090942,0.04066647216677666
402,15,0,0,0.9129641652107239,0.08703584223985672
402,16,0,0,0.9793975949287415,0.020602406933903694
402,17,0,0,0.9658428430557251,0.03415708988904953
402,18,0,0,0.7013106942176819,0.2986893057823181
402,19,0,0,0.5867544412612915,0.4132455587387085
403,0,0,0,0.8991958498954773,0.10080419480800629
403,1,0,0,0.81968092918396,0.18031902611255646
403,2,0,0,0.742089569568634,0.25791043043136597
403,3,1,1,0.4706858992576599,0.5293141007423401
403,4,0,0,0.8147628903388977,0.1852370947599411
403,5,0,1,0.4706859290599823,0.5293140411376953
403,6,0,0,0.9609677791595459,0.03903218358755112
403,7,1,1,0.06404834985733032,0.9359516501426697
403,8,0,0,0.5988720059394836,0.40112799406051636
403,9,0,0,0.7578328847885132,0.2421671748161316
403,10,0,0,0.9261505007743835,0.07384957373142242
403,11,0,0,0.7106532454490662,0.28934669494628906
403,12,1,1,0.011649898253381252,0.9883501529693604
403,13,0,0,0.6746096611022949,0.3253902792930603
403,14,0,0,0.898536741733551,0.10146326571702957
403,15,0,0,0.9148768186569214,0.08512319624423981
403,16,0,0,0.7635858654975891,0.2364141196012497
403,17,0,0,0.946451723575592,0.053548239171504974
403,18,0,1,0.4781058728694916,0.5218941569328308
403,19,0,0,0.876194417476654,0.12380558252334595
404,0,0,0,0.8800034523010254,0.11999654024839401
404,1,0,0,0.8211029171943665,0.17889714241027832
404,2,0,0,0.6773369312286377,0.3226630687713623
404,3,1,1,0.05473233014345169,0.9452676773071289
404,4,0,0,0.8164983987808228,0.18350157141685486
404,5,0,0,0.7309137582778931,0.26908624172210693
404,6,0,0,0.901192307472229,0.09880765527486801
404,7,1,1,0.42920437455177307,0.5707955956459045
404,8,0,0,0.6268795132637024,0.3731204569339752
404,9,0,0,0.8500125408172607,0.14998750388622284
404,10,0,0,0.6195110082626343,0.38048896193504333
404,11,0,0,0.7903568148612976,0.20964312553405762
404,12,1,1,0.016042621806263924,0.9839574098587036
404,13,0,0,0.8118221163749695,0.18817788362503052
404,14,0,0,0.85653156042099,0.14346840977668762
404,15,0,0,0.8879979848861694,0.11200205981731415
404,16,0,0,0.7454952597618103,0.2545047104358673
404,17,0,0,0.8991533517837524,0.10084661841392517
404,18,0,0,0.6941890120506287,0.30581095814704895
404,19,0,0,0.8268030881881714,0.17319689691066742
405,0,0,0,0.9505659937858582,0.049434006214141846
405,1,0,0,0.9183750152587891,0.08162503689527512
405,2,0,0,0.7737947106361389,0.2262052297592163
405,3,1,1,0.04914810508489609,0.9508519768714905
405,4,0,0,0.8565332889556885,0.14346668124198914
405,5,0,0,0.8309409618377686,0.16905911266803741
405,6,0,0,0.9563294053077698,0.04367056488990784
405,7,1,1,0.4746953547000885,0.5253046154975891
405,8,0,1,0.224711075425148,0.7752889394760132
405,9,0,0,0.8762791752815247,0.12372083216905594
405,10,0,0,0.6216879487037659,0.37831202149391174
405,11,0,0,0.6556293368339539,0.34437066316604614
405,12,1,1,0.4743179380893707,0.5256820321083069
405,13,0,0,0.6701476573944092,0.3298523724079132
405,14,0,0,0.9504843354225159,0.049515631049871445
405,15,0,0,0.9624054431915283,0.03759453073143959
405,16,0,0,0.835762619972229,0.16423732042312622
405,17,0,0,0.5563217997550964,0.44367825984954834
405,18,0,1,0.1842736303806305,0.8157263994216919
405,19,0,0,0.6856638789176941,0.3143361508846283
406,0,0,0,0.5419428944587708,0.45805713534355164
406,1,0,0,0.9781712889671326,0.02182868868112564
406,2,0,0,0.6419717669487,0.35802826285362244
406,3,1,1,0.09035181254148483,0.9096481800079346
406,4,0,0,0.6535943746566772,0.34640559554100037
406,5,0,0,0.7949141263961792,0.20508581399917603
406,6,0,0,0.995087206363678,0.00491277826949954
406,7,1,0,0.5188930034637451,0.48110702633857727
406,8,0,0,0.6300398111343384,0.369960218667984
406,9,0,1,0.24202466011047363,0.7579752802848816
406,10,0,1,0.3871771991252899,0.6128228306770325
406,11,0,0,0.6108523011207581,0.38914769887924194
406,12,1,1,0.23217204213142395,0.7678279876708984
406,13,0,0,0.6940454244613647,0.30595454573631287
406,14,0,0,0.7176055312156677,0.2823944687843323
406,15,0,0,0.653342604637146,0.3466574549674988
406,16,0,0,0.7981817722320557,0.20181824266910553
406,17,0,1,0.31628167629241943,0.6837182641029358
406,18,0,1,0.14434082806110382,0.8556591868400574
406,19,0,0,0.6628215312957764,0.3371785581111908
407,0,0,0,0.601431667804718,0.398568332195282
407,1,0,0,0.6952949166297913,0.30470511317253113
407,2,0,0,0.6479665637016296,0.35203346610069275
407,3,1,1,0.026521801948547363,0.9734782576560974
407,4,0,1,0.05400620028376579,0.9459938406944275
407,5,0,0,0.7293956279754639,0.27060434222221375
407,6,0,0,0.5188239216804504,0.4811760485172272
407,7,1,1,0.1963835060596466,0.8036164045333862
407,8,0,0,0.616721510887146,0.3832784593105316
407,9,0,0,0.6238689422607422,0.3761310577392578
407,10,0,0,0.6024376153945923,0.39756229519844055
407,11,0,0,0.6863120198249817,0.31368792057037354
407,12,1,1,0.4520399570465088,0.547960102558136
407,13,0,0,0.7006967663764954,0.29930320382118225
407,14,0,0,0.5807288289070129,0.41927120089530945
407,15,0,1,0.46545320749282837,0.5345467925071716
407,16,0,0,0.7392047643661499,0.2607952952384949
407,17,0,0,0.5238980054855347,0.47610193490982056
407,18,0,0,0.7773225903511047,0.22267739474773407
407,19,0,1,0.3738500475883484,0.6261500120162964
408,0,0,0,0.5213990211486816,0.47860103845596313
408,1,0,0,0.9653661251068115,0.034633819013834
408,2,0,0,0.8332377076148987,0.1667623221874237
408,3,1,1,0.014231500215828419,0.9857684969902039
408,4,0,0,0.6990615725517273,0.3009384572505951
408,5,0,0,0.9238647818565369,0.07613519579172134
408,6,0,0,0.9813064336776733,0.018693504855036736
408,7,1,0,0.7593332529067993,0.24066677689552307
408,8,0,0,0.804218053817749,0.19578196108341217
408,9,0,0,0.8680070638656616,0.131992906332016
408,10,0,1,0.21801693737506866,0.7819830775260925
408,11,0,0,0.86248779296875,0.13751216232776642
408,12,1,1,0.055740658193826675,0.9442592859268188
408,13,0,0,0.9088369011878967,0.09116318076848984
408,14,0,1,0.26047274470329285,0.7395272850990295
408,15,0,0,0.5213990211486816,0.47860100865364075
408,16,0,0,0.9247056841850281,0.07529435306787491
408,17,0,1,0.10680723935365677,0.893192708492279
408,18,0,0,0.9336116313934326,0.06638838350772858
408,19,0,0,0.7521535158157349,0.24784645438194275
409,0,0,0,0.6655126214027405,0.3344874083995819
409,1,0,1,0.11515817046165466,0.884841799736023
409,2,0,0,0.5240717530250549,0.4759282171726227
409,3,1,1,0.005857442039996386,0.9941425919532776
409,4,0,0,0.7051346302032471,0.29486533999443054
409,5,0,0,0.7590624690055847,0.24093754589557648
409,6,0,1,0.1775738000869751,0.8224262595176697
409,7,1,0,0.6539896726608276,0.34601035714149475
409,8,0,0,0.5516719818115234,0.44832804799079895
409,9,0,0,0.6125266551971436,0.38747337460517883
409,10,0,0,0.5156650543212891,0.48433494567871094
409,11,0,0,0.6170680522918701,0.38293200731277466
409,12,1,1,0.4124506711959839,0.5875493288040161
409,13,0,0,0.712785542011261,0.287214457988739
409,14,0,1,0.43374741077423096,0.5662525296211243
409,15,0,0,0.6760538220405579,0.32394614815711975
409,16,0,0,0.7202680706977844,0.2797318994998932
409,17,0,0,0.5156650543212891,0.48433494567871094
409,18,0,0,0.8302466869354248,0.169753298163414
409,19,0,0,0.7032238841056824,0.29677608609199524
410,0,0,0,0.5248636603355408,0.47513633966445923
410,1,0,0,0.9468947649002075,0.053105227649211884
410,2,0,0,0.5458333492279053,0.45416659116744995
410,3,1,1,0.027822785079479218,0.9721772074699402
410,4,0,0,0.6090916991233826,0.39090830087661743
410,5,0,0,0.6422497034072876,0.3577503263950348
410,6,0,0,0.9339630603790283,0.06603696942329407
410,7,1,1,0.4156394302845001,0.5843605399131775
410,8,0,0,0.5444595217704773,0.4555404484272003
410,9,0,0,0.6287513971328735,0.37124860286712646
410,10,0,1,0.40292513370513916,0.5970748662948608
410,11,0,1,0.20994524657726288,0.7900546789169312
410,12,1,1,0.15845438838005066,0.841545581817627
410,13,0,0,0.6885955929756165,0.31140437722206116
410,14,0,0,0.6673052310943604,0.33269479870796204
410,15,0,0,0.5248636603355408,0.47513633966445923
410,16,0,0,0.9407147169113159,0.059285249561071396
410,17,0,1,0.28120946884155273,0.718790590763092
410,18,0,0,0.7422947883605957,0.2577052712440491
410,19,0,0,0.5473679900169373,0.45263198018074036
411,0,0,0,0.7557967901229858,0.24420319497585297
411,1,0,0,0.8463678359985352,0.15363217890262604
411,2,0,0,0.7138020992279053,0.2861979007720947
411,3,1,1,0.02161703258752823,0.9783830046653748
411,4,0,0,0.6874287128448486,0.312571257352829
411,5,0,0,0.7873324155807495,0.21266761422157288
411,6,0,1,0.2505531907081604,0.7494467496871948
411,7,1,1,0.4157436788082123,0.5842562913894653
411,8,0,0,0.6841790676116943,0.3158209025859833
411,9,0,0,0.7718279957771301,0.22817200422286987
411,10,0,1,0.24155175685882568,0.7584482431411743
411,11,0,0,0.7925870418548584,0.2074129730463028
411,12,1,1,0.06870266795158386,0.9312973618507385
411,13,0,0,0.7817279100418091,0.2182721197605133
411,14,0,0,0.7452784180641174,0.25472161173820496
411,15,0,1,0.47490260004997253,0.5250974297523499
411,16,0,0,0.8323641419410706,0.16763587296009064
411,17,0,1,0.2497742772102356,0.7502257823944092
411,18,0,1,0.04842476546764374,0.9515752792358398
411,19,0,0,0.5274929404258728,0.4725070595741272
412,0,0,0,0.6513256430625916,0.34867435693740845
412,1,0,0,0.937857985496521,0.06214204803109169
412,2,0,0,0.7339566946029663,0.26604339480400085
412,3,1,1,0.02564261667430401,0.9743573665618896
412,4,0,0,0.7817025780677795,0.21829745173454285
412,5,0,0,0.7014661431312561,0.2985338568687439
412,6,0,0,0.9668973684310913,0.033102672547101974
412,7,1,0,0.8017353415489197,0.1982647329568863
412,8,0,0,0.7548398971557617,0.24516013264656067
412,9,0,0,0.6349002122879028,0.36509969830513
412,10,0,1,0.30071645975112915,0.6992835402488708
412,11,0,0,0.8032467365264893,0.19675323367118835
412,12,1,1,0.06155100464820862,0.9384490251541138
412,13,0,0,0.7388181090354919,0.26118186116218567
412,14,0,0,0.6209197044372559,0.37908023595809937
412,15,0,0,0.7449705004692078,0.25502949953079224
412,16,0,0,0.9182218909263611,0.08177809417247772
412,17,0,1,0.28400737047195435,0.7159926891326904
412,18,0,1,0.054957594722509384,0.9450423717498779
412,19,0,0,0.7695426940917969,0.23045729100704193
413,0,0,1,0.4922551214694977,0.5077449083328247
413,1,0,0,0.9064248204231262,0.09357516467571259
413,2,0,0,0.628079891204834,0.371920108795166
413,3,1,1,0.07743173837661743,0.9225682616233826
413,4,0,0,0.7636779546737671,0.2363220602273941
413,5,0,0,0.6308048367500305,0.3691951632499695
413,6,0,0,0.953837513923645,0.04616245627403259
413,7,1,1,0.07818827778100967,0.9218116998672485
413,8,0,0,0.7008060812950134,0.29919394850730896
413,9,0,0,0.6353567838668823,0.36464324593544006
413,10,0,0,0.5203046798706055,0.47969532012939453
413,11,0,0,0.5986472368240356,0.4013527035713196
413,12,1,0,0.5203046798706055,0.47969529032707214
413,13,0,1,0.16073261201381683,0.8392674326896667
413,14,0,0,0.782272458076477,0.21772749722003937
413,15,0,0,0.8107187747955322,0.1892811357975006
413,16,0,0,0.8714272379875183,0.1285727322101593
413,17,0,0,0.5203046798706055,0.47969529032707214
413,18,0,0,0.7408017516136169,0.25919824838638306
413,19,0,1,0.34469181299209595,0.655308187007904
414,0,0,0,0.9356210231781006,0.06437890231609344
414,1,0,0,0.9484908580780029,0.051509153097867966
414,2,0,0,0.9196314811706543,0.0803685188293457
414,3,1,1,0.07948211580514908,0.9205179214477539
414,4,0,0,0.9218704104423523,0.07812955975532532
414,5,0,0,0.9194883704185486,0.08051164448261261
414,6,0,0,0.9676817655563354,0.03231820836663246
414,7,1,1,0.10358506441116333,0.8964149355888367
414,8,0,1,0.06804000586271286,0.9319599866867065
414,9,0,0,0.9284881353378296,0.0715118944644928
414,10,0,1,0.48593834042549133,0.5140616297721863
414,11,0,0,0.6872331500053406,0.31276682019233704
414,12,1,1,0.48593834042549133,0.5140616297721863
414,13,0,0,0.8421204090118408,0.15787957608699799
414,14,0,0,0.9331806302070618,0.06681935489177704
414,15,0,1,0.08938273042440414,0.9106172323226929
414,16,0,0,0.9443693161010742,0.0556306354701519
414,17,0,1,0.48593834042549133,0.514061689376831
414,18,0,0,0.8454924821853638,0.15450751781463623
414,19,0,1,0.07280819863080978,0.9271917343139648
415,0,0,0,0.9241776466369629,0.07582233101129532
415,1,0,0,0.8392525911331177,0.1607474982738495
415,2,0,0,0.9422558546066284,0.057744100689888
415,3,1,1,0.0853295773267746,0.9146704077720642
415,4,0,0,0.9222302436828613,0.07776974886655807
415,5,0,0,0.7663868069648743,0.23361316323280334
415,6,0,1,0.3682298958301544,0.6317700743675232
415,7,1,1,0.06941816955804825,0.93058180809021
415,8,0,0,0.7065408825874329,0.29345911741256714
415,9,0,0,0.8912161588668823,0.1087837740778923
415,10,0,1,0.4926842749118805,0.5073156952857971
415,11,0,0,0.8218924403190613,0.17810755968093872
415,12,1,1,0.4926842451095581,0.5073156952857971
415,13,0,0,0.6436126232147217,0.3563874065876007
415,14,0,0,0.9203675389289856,0.07963244616985321
415,15,0,0,0.5717959403991699,0.4282040297985077
415,16,0,0,0.9267661571502686,0.07323388755321503
415,17,0,1,0.4926842451095581,0.5073156952857971
415,18,0,0,0.8218924403190613,0.17810755968093872
415,19,0,1,0.022492676973342896,0.9775072932243347
416,0,0,0,0.8562033772468567,0.1437966376543045
416,1,0,0,0.8916199803352356,0.10838001221418381
416,2,0,0,0.8506539463996887,0.1493460237979889
416,3,1,1,0.07989107817411423,0.9201089143753052
416,4,0,0,0.7598878145217896,0.24011221528053284
416,5,0,0,0.7276967167854309,0.2723033130168915
416,6,0,0,0.9417446255683899,0.05825534835457802
416,7,1,1,0.4591766893863678,0.5408232808113098
416,8,0,0,0.6138516664505005,0.3861483633518219
416,9,0,0,0.8942500352859497,0.10575001686811447
416,10,0,0,0.5053743720054626,0.4946255683898926
416,11,0,0,0.6435721516609192,0.3564278185367584
416,12,1,0,0.5053743720054626,0.49462559819221497
416,13,0,1,0.24751289188861847,0.7524871826171875
416,14,0,0,0.7733957767486572,0.22660420835018158
416,15,0,0,0.5415123701095581,0.45848768949508667
416,16,0,0,0.9194849133491516,0.08051509410142899
416,17,0,0,0.5053743720054626,0.49462568759918213
416,18,0,1,0.269569456577301,0.730430543422699
416,19,0,0,0.5055395364761353,0.49446043372154236
417,0,0,0,0.8027375936508179,0.19726242125034332
417,1,0,0,0.969598650932312,0.03040129318833351
417,2,0,0,0.7290704250335693,0.2709295451641083
417,3,1,1,0.1844717413187027,0.8155282735824585
417,4,0,0,0.8048585057258606,0.1951415240764618
417,5,0,0,0.5776853561401367,0.4223146140575409
417,6,0,0,0.9914986491203308,0.008501321077346802
417,7,1,1,0.04749613627791405,0.9525038599967957
417,8,0,0,0.7139660120010376,0.2860340178012848
417,9,0,0,0.7943292856216431,0.20567068457603455
417,10,0,0,0.5482690334320068,0.45173099637031555
417,11,0,1,0.3480876386165619,0.6519123315811157
417,12,1,0,0.5482690334320068,0.4517309367656708
417,13,0,1,0.23881347477436066,0.7611865401268005
417,14,0,0,0.7845553159713745,0.21544475853443146
417,15,0,0,0.6541596055030823,0.34584033489227295
417,16,0,0,0.9514907598495483,0.04850926250219345
417,17,0,0,0.5482690334320068,0.45173096656799316
417,18,0,1,0.19024772942066193,0.8097522258758545
417,19,0,1,0.28648266196250916,0.7135173678398132
418,0,0,0,0.808498740196228,0.19150123000144958
418,1,0,0,0.5959660410881042,0.4040340185165405
418,2,0,0,0.538803219795227,0.46119675040245056
418,3,1,1,0.3122725784778595,0.6877274513244629
418,4,0,0,0.7314214110374451,0.26857855916023254
418,5,0,0,0.6780164241790771,0.32198360562324524
418,6,0,0,0.8113716244697571,0.1886284351348877
418,7,1,1,0.05427103862166405,0.9457288980484009
418,8,0,0,0.7536242604255676,0.24637572467327118
418,9,0,0,0.766506016254425,0.23349399864673615
418,10,0,0,0.5152002573013306,0.48479968309402466
418,11,0,1,0.22842364013195038,0.7715763449668884
418,12,1,0,0.5152002573013306,0.48479968309402466
418,13,0,1,0.3690968453884125,0.6309031248092651
418,14,0,1,0.08288956433534622,0.9171103835105896
418,15,0,0,0.7876416444778442,0.21235835552215576
418,16,0,1,0.4602225720882416,0.539777398109436
418,17,0,0,0.5152002573013306,0.48479971289634705
418,18,0,1,0.4835154116153717,0.5164845585823059
418,19,0,1,0.15007387101650238,0.8499261736869812
419,0,0,0,0.9439306855201721,0.05606934800744057
419,1,0,0,0.7234761118888855,0.2765238881111145
419,2,0,0,0.9295100569725037,0.07048995047807693
419,3,1,1,0.3781939744949341,0.6218059659004211
419,4,0,0,0.9213478565216064,0.07865208387374878
419,5,0,0,0.5981003046035767,0.40189969539642334
419,6,0,1,0.4884586036205292,0.5115414261817932
419,7,1,1,0.0446142815053463,0.9553857445716858
419,8,0,0,0.9192714095115662,0.08072864264249802
419,9,0,1,0.44849663972854614,0.5515033602714539
419,10,0,1,0.2899917960166931,0.7100081443786621
419,11,0,1,0.2522590160369873,0.7477409243583679
419,12,1,1,0.2899917960166931,0.7100081443786621
419,13,0,0,0.531288206577301,0.46871182322502136
419,14,0,0,0.9439306855201721,0.05606934800744057
419,15,0,0,0.9522007703781128,0.04779920354485512
419,16,0,0,0.7107305526733398,0.2892693877220154
419,17,0,1,0.2899917960166931,0.7100081443786621
419,18,0,1,0.2069622278213501,0.7930378317832947
419,19,0,0,0.958150327205658,0.041849683970212936
420,0,0,0,0.9062969088554382,0.09370306134223938
420,1,0,0,0.9060142040252686,0.09398581832647324
420,2,0,0,0.8717520833015442,0.12824787199497223
420,3,1,0,0.837795615196228,0.1622043401002884
420,4,0,0,0.8857916593551636,0.11420831829309464
420,5,0,0,0.8776703476905823,0.12232967466115952
420,6,0,0,0.922630250453949,0.07736976444721222
420,7,1,1,0.1657656729221344,0.8342342972755432
420,8,0,0,0.9028691649436951,0.09713087230920792
420,9,0,0,0.8937734365463257,0.10622654110193253
420,10,0,0,0.5169349312782288,0.48306500911712646
420,11,0,0,0.8564102053642273,0.1435897797346115
420,12,1,0,0.5169349312782288,0.48306503891944885
420,13,0,0,0.8545969128608704,0.14540305733680725
420,14,0,0,0.9062969088554382,0.09370306134223938
420,15,0,0,0.8980726003646851,0.10192737728357315
420,16,0,0,0.897368311882019,0.10263168066740036
420,17,0,0,0.5169349312782288,0.48306500911712646
420,18,0,0,0.8528095483779907,0.14719052612781525
420,19,0,0,0.8553228378295898,0.1446770876646042
421,0,0,0,0.9452047348022461,0.054795220494270325
421,1,0,0,0.9760221838951111,0.02397780306637287
421,2,0,0,0.7067154049873352,0.2932845652103424
421,3,1,1,0.2677249610424042,0.7322750687599182
421,4,0,0,0.9430356621742249,0.05696425214409828
421,5,0,0,0.9177315831184387,0.08226846158504486
421,6,0,0,0.978295624256134,0.0217044148594141
421,7,1,1,0.07155005633831024,0.9284499287605286
421,8,0,0,0.939520537853241,0.060479406267404556
421,9,0,0,0.9628594517707825,0.03714048117399216
421,10,0,1,0.49728456139564514,0.5027154088020325
421,11,0,0,0.7395640015602112,0.26043596863746643
421,12,1,1,0.49728456139564514,0.5027154088020325
421,13,0,0,0.7206798791885376,0.27932009100914
421,14,0,0,0.9452047348022461,0.054795246571302414
421,15,0,0,0.8040072321891785,0.19599276781082153
421,16,0,0,0.9704819321632385,0.02951808273792267
421,17,0,1,0.49728459119796753,0.5027154684066772
421,18,0,1,0.25777971744537354,0.7422202825546265
421,19,0,1,0.2683635950088501,0.7316364049911499
422,0,0,0,0.9339643120765686,0.066035695374012
422,1,0,0,0.8956446647644043,0.10435537248849869
422,2,0,0,0.7188113927841187,0.2811886668205261
422,3,1,0,0.7188113927841187,0.2811886668205261
422,4,0,0,0.9266788363456726,0.07332118600606918
422,5,0,0,0.8629911541938782,0.13700880110263824
422,6,0,0,0.9366158843040466,0.06338416039943695
422,7,1,0,0.5161216855049133,0.48387837409973145
422,8,0,0,0.9134672284126282,0.08653279393911362
422,9,0,0,0.9275466799736023,0.07245325297117233
422,10,0,1,0.49408701062202454,0.5059128999710083
422,11,0,1,0.1409071832895279,0.8590928912162781
422,12,1,1,0.49408701062202454,0.5059128999710083
422,13,0,0,0.7188113927841187,0.2811886668205261
422,14,0,0,0.9339643120765686,0.06603565812110901
422,15,0,0,0.9126091003417969,0.08739085495471954
422,16,0,0,0.9359793066978455,0.06402071565389633
422,17,0,1,0.49408701062202454,0.5059128999710083
422,18,0,0,0.547881543636322,0.45211848616600037
422,19,0,0,0.6327561736106873,0.36724382638931274
423,0,0,0,0.835781455039978,0.16421860456466675
423,1,0,0,0.9652454257011414,0.034754566848278046
423,2,0,1,0.473084032535553,0.5269159078598022
423,3,1,1,0.17375065386295319,0.826249361038208
423,4,0,0,0.8851841688156128,0.114815853536129
423,5,0,0,0.8588140606880188,0.14118592441082
423,6,0,0,0.9729259014129639,0.027074092999100685
423,7,1,1,0.03969515860080719,0.9603049159049988
423,8,0,0,0.905128002166748,0.09487200528383255
423,9,0,0,0.7865191102027893,0.2134808897972107
423,10,0,1,0.46772706508636475,0.5322728753089905
423,11,0,1,0.14409595727920532,0.8559041023254395
423,12,1,1,0.46772706508636475,0.5322728753089905
423,13,0,1,0.18602000176906586,0.8139800429344177
423,14,0,0,0.8470966815948486,0.15290331840515137
423,15,0,0,0.9203977584838867,0.07960225641727448
423,16,0,0,0.9648535847663879,0.03514644876122475
423,17,0,1,0.46772709488868713,0.5322728753089905
423,18,0,1,0.14409595727920532,0.8559041023254395
423,19,0,0,0.726306676864624,0.27369338274002075
424,0,0,0,0.8616291880607605,0.1383708417415619
424,1,0,0,0.9462978839874268,0.05370212346315384
424,2,0,0,0.6038358807563782,0.39616402983665466
424,3,1,1,0.11918740719556808,0.8808125853538513
424,4,0,0,0.745133638381958,0.2548663318157196
424,5,0,0,0.6317104697227478,0.3682895004749298
424,6,0,0,0.9651615619659424,0.0348384864628315
424,7,1,1,0.07594597339630127,0.9240540266036987
424,8,0,0,0.8367956876754761,0.1632043570280075
424,9,0,1,0.36338362097740173,0.6366163492202759
424,10,0,1,0.3309759199619293,0.6690241098403931
424,11,0,0,0.516259491443634,0.48374050855636597
424,12,1,1,0.20727679133415222,0.7927231788635254
424,13,0,1,0.1434238851070404,0.8565760850906372
424,14,0,0,0.8622451424598694,0.13775481283664703
424,15,0,0,0.8301371932029724,0.16986282169818878
424,16,0,0,0.9313936233520508,0.06860631704330444
424,17,0,1,0.30902355909347534,0.6909765005111694
424,18,0,1,0.08528365194797516,0.9147164225578308
424,19,0,0,0.7314760684967041,0.2685239017009735
425,0,0,1,0.2870231568813324,0.71297687292099
425,1,0,1,0.3925636112689972,0.6074364185333252
425,2,0,0,0.5804005265235901,0.4195994734764099
425,3,1,1,0.007869145832955837,0.9921308159828186
425,4,0,1,0.3754982054233551,0.6245018243789673
425,5,0,0,0.5418168902397156,0.4581831097602844
425,6,0,1,0.1740490347146988,0.8259509205818176
425,7,1,1,0.023256361484527588,0.9767435789108276
425,8,0,1,0.1495247185230255,0.8504752516746521
425,9,0,1,0.33101993799209595,0.668980062007904
425,10,0,1,0.4220932722091675,0.5779067873954773
425,11,0,0,0.649552047252655,0.35044795274734497
425,12,1,1,0.1469831019639969,0.8530168533325195
425,13,0,0,0.6160303354263306,0.38396966457366943
425,14,0,1,0.13170583546161652,0.8682941198348999
425,15,0,1,0.4222325384616852,0.5777674317359924
425,16,0,1,0.360536128282547,0.6394638419151306
425,17,0,0,0.5381577610969543,0.46184220910072327
425,18,0,0,0.649552047252655,0.35044795274734497
425,19,0,0,0.6517575979232788,0.3482423722743988
426,0,0,0,0.9465253949165344,0.053474556654691696
426,1,0,0,0.7560491561889648,0.24395087361335754
426,2,0,0,0.8029947280883789,0.1970052570104599
426,3,1,1,0.004136481788009405,0.9958635568618774
426,4,0,0,0.9416957497596741,0.05830423906445503
426,5,0,0,0.8640074133872986,0.1359926015138626
426,6,0,0,0.8838406801223755,0.1161593645811081
426,7,1,1,0.19447438418865204,0.8055256009101868
426,8,0,0,0.9447866678237915,0.05521333962678909
426,9,0,0,0.8054763674736023,0.1945236325263977
426,10,0,0,0.7336832284927368,0.26631686091423035
426,11,0,1,0.43937063217163086,0.5606293678283691
426,12,1,1,0.41514530777931213,0.5848546624183655
426,13,0,0,0.797369122505188,0.20263083279132843
426,14,0,0,0.9485158920288086,0.05148414149880409
426,15,0,0,0.945614218711853,0.05438575521111488
426,16,0,0,0.8652753233909607,0.1347246766090393
426,17,0,0,0.7188454866409302,0.28115448355674744
426,18,0,1,0.4425300359725952,0.5574699640274048
426,19,0,0,0.9295740127563477,0.07042595744132996
427,0,0,0,0.9851486682891846,0.014851330779492855
427,1,0,0,0.9713551998138428,0.028644787147641182
427,2,0,0,0.9168583154678345,0.08314165472984314
427,3,1,1,0.07547351717948914,0.9245265126228333
427,4,0,0,0.9841294288635254,0.015870604664087296
427,5,0,0,0.9452152848243713,0.054784756153821945
427,6,0,0,0.9719110727310181,0.028088975697755814
427,7,1,1,0.0343640111386776,0.9656359553337097
427,8,0,0,0.9845958352088928,0.015404129400849342
427,9,0,0,0.9746547937393188,0.025345200672745705
427,10,0,1,0.16236042976379395,0.8376396298408508
427,11,0,1,0.3461621403694153,0.6538378596305847
427,12,1,1,0.03212733939290047,0.9678726196289062
427,13,0,1,0.10077666491270065,0.8992233276367188
427,14,0,0,0.9845227003097534,0.015477234497666359
427,15,0,0,0.9803627133369446,0.019637320190668106
427,16,0,0,0.9707068800926208,0.029293078929185867
427,17,0,1,0.45957931876182556,0.540420651435852
427,18,0,0,0.5296607613563538,0.47033923864364624
427,19,0,0,0.958052396774292,0.04194766655564308
428,0,0,0,0.7868077158927917,0.21319229900836945
428,1,0,0,0.7636999487876892,0.2363000214099884
428,2,0,0,0.5214853286743164,0.4785146117210388
428,3,1,1,0.0817624032497406,0.918237566947937
428,4,0,0,0.7564769983291626,0.24352304637432098
428,5,0,0,0.556440532207489,0.4435594081878662
428,6,0,0,0.7524516582489014,0.24754829704761505
428,7,1,1,0.1630815714597702,0.8369184136390686
428,8,0,0,0.786807656288147,0.21319229900836945
428,9,0,0,0.7262789607048035,0.27372103929519653
428,10,0,0,0.8627634644508362,0.13723650574684143
428,11,0,1,0.1079457476735115,0.8920542597770691
428,12,1,0,0.5683069825172424,0.43169304728507996
428,13,0,1,0.15193887054920197,0.8480611443519592
428,14,0,0,0.6896107792854309,0.3103892207145691
428,15,0,0,0.7157943248748779,0.28420567512512207
428,16,0,0,0.7597205638885498,0.2402794063091278
428,17,0,0,0.8788310289382935,0.12116899341344833
428,18,0,1,0.1079457476735115,0.8920542597770691
428,19,0,0,0.5642620325088501,0.4357380270957947
429,0,0,0,0.9300035834312439,0.06999649107456207
429,1,0,0,0.9644274115562439,0.035572588443756104
429,2,0,0,0.9576892256736755,0.042310766875743866
429,3,1,1,0.012866225093603134,0.987133800983429
429,4,0,0,0.9119016528129578,0.08809833228588104
429,5,0,0,0.9584659337997437,0.041534021496772766
429,6,0,0,0.9657889604568481,0.03421105071902275
429,7,1,1,0.07404985278844833,0.9259501099586487
429,8,0,0,0.9300035834312439,0.06999649107456207
429,9,0,0,0.9615076184272766,0.03849241882562637
429,10,0,0,0.7949905395507812,0.20500950515270233
429,11,0,1,0.31631454825401306,0.6836854219436646
429,12,1,0,0.5912377834320068,0.40876224637031555
429,13,0,1,0.31631454825401306,0.6836854219436646
429,14,0,0,0.9204562306404114,0.079543836414814
429,15,0,0,0.8626804351806641,0.13731956481933594
429,16,0,0,0.9641926288604736,0.035807352513074875
429,17,0,0,0.7788649201393127,0.22113510966300964
429,18,0,1,0.014396673068404198,0.9856033325195312
429,19,0,0,0.7884770631790161,0.21152296662330627
430,0,0,0,0.9577891826629639,0.04221076890826225
430,1,0,0,0.8340486884117126,0.16595128178596497
430,2,0,0,0.790067195892334,0.20993280410766602
430,3,1,1,0.012980535626411438,0.987019419670105
430,4,0,0,0.9440693259239197,0.05593068152666092
430,5,0,0,0.7944445013999939,0.20555542409420013
430,6,0,0,0.8367553353309631,0.16324466466903687
430,7,1,0,0.6892439723014832,0.31075599789619446
430,8,0,0,0.9577891826629639,0.04221078008413315
430,9,0,0,0.8243894577026367,0.17561054229736328
430,10,0,1,0.3125891387462616,0.687410831451416
430,11,0,0,0.6344035863876343,0.3655964732170105
430,12,1,1,0.11524148285388947,0.8847585320472717
430,13,0,0,0.6344035863876343,0.3655964732170105
430,14,0,0,0.9577891826629639,0.04221078008413315
430,15,0,0,0.7999979257583618,0.20000207424163818
430,16,0,0,0.8340486884117126,0.16595129668712616
430,17,0,0,0.5582254528999329,0.4417745769023895
430,18,0,0,0.6344035863876343,0.3655964732170105
430,19,0,0,0.8299849629402161,0.17001506686210632
431,0,0,0,0.9684823751449585,0.03151765838265419
431,1,0,0,0.8683537244796753,0.1316463053226471
431,2,0,0,0.8218979835510254,0.17810207605361938
431,3,1,1,0.027631722390651703,0.9723683595657349
431,4,0,0,0.9634352922439575,0.0365646667778492
431,5,0,0,0.8455576300621033,0.15444234013557434
431,6,0,0,0.8126670122146606,0.18733298778533936
431,7,1,0,0.6824416518211365,0.3175583481788635
431,8,0,0,0.9684823751449585,0.03151765093207359
431,9,0,0,0.5604748725891113,0.43952512741088867
431,10,0,0,0.874663233757019,0.12533678114414215
431,11,0,0,0.6731247305870056,0.32687532901763916
431,12,1,0,0.7984321117401123,0.2015678733587265
431,13,0,0,0.6457062363624573,0.3542937636375427
431,14,0,0,0.9684823751449585,0.03151765093207359
431,15,0,0,0.9169130325317383,0.08308693021535873
431,16,0,0,0.6927040219306946,0.3072959780693054
431,17,0,0,0.8809277415275574,0.11907229572534561
431,18,0,0,0.645706295967102,0.3542937636375427
431,19,0,0,0.9263361096382141,0.0736638531088829
432,0,0,0,0.7171462774276733,0.28285372257232666
432,1,0,0,0.8225592970848083,0.17744065821170807
432,2,0,0,0.7508454322814941,0.24915458261966705
432,3,1,1,0.21887031197547913,0.7811297178268433
432,4,0,0,0.6525099873542786,0.34749001264572144
432,5,0,0,0.8255020380020142,0.17449799180030823
432,6,0,0,0.883560299873352,0.11643972247838974
432,7,1,1,0.3631092607975006,0.6368907690048218
432,8,0,0,0.7171462774276733,0.2828536927700043
432,9,0,0,0.8591614365577698,0.1408386081457138
432,10,0,1,0.20520126819610596,0.794798731803894
432,11,0,0,0.6336844563484192,0.3663155734539032
432,12,1,1,0.20520126819610596,0.794798731803894
432,13,0,0,0.5992302298545837,0.4007698595523834
432,14,0,0,0.7171462774276733,0.2828536927700043
432,15,0,1,0.4587720036506653,0.5412279963493347
432,16,0,0,0.8766275644302368,0.1233723908662796
432,17,0,1,0.3863637447357178,0.6136362552642822
432,18,0,0,0.5992302298545837,0.40076982975006104
432,19,0,0,0.5915983319282532,0.4084016978740692
433,0,0,0,0.7550926208496094,0.24490736424922943
433,1,0,0,0.8404957056045532,0.15950427949428558
433,2,0,0,0.7978591322898865,0.20214080810546875
433,3,1,1,0.08239395171403885,0.9176060557365417
433,4,0,0,0.7813048958778381,0.21869516372680664
433,5,0,0,0.8226156830787659,0.17738428711891174
433,6,0,0,0.9092398881912231,0.09076007455587387
433,7,1,1,0.030591607093811035,0.969408392906189
433,8,0,0,0.7550926208496094,0.24490733444690704
433,9,0,0,0.8988367319107056,0.10116323828697205
433,10,0,0,0.5604507327079773,0.4395492970943451
433,11,0,1,0.2105705291032791,0.7894294857978821
433,12,1,0,0.5604507327079773,0.4395492970943451
433,13,0,0,0.5081633925437927,0.4918366074562073
433,14,0,0,0.7898313403129578,0.210168719291687
433,15,0,0,0.659209668636322,0.3407902717590332
433,16,0,0,0.9023032784461975,0.09769676625728607
433,17,0,1,0.35747838020324707,0.6425216197967529
433,18,0,0,0.5081633925437927,0.4918366074562073
433,19,0,1,0.48083582520484924,0.5191641449928284
434,0,0,0,0.9390941858291626,0.06090587005019188
434,1,0,0,0.8736019134521484,0.12639805674552917
434,2,0,0,0.7767549157142639,0.22324511408805847
434,3,1,1,0.16165941953659058,0.8383405804634094
434,4,0,0,0.937221109867096,0.06277882307767868
434,5,0,0,0.824760377407074,0.17523959279060364
434,6,0,0,0.893826961517334,0.10617299377918243
434,7,1,1,0.034654829651117325,0.9653451442718506
434,8,0,0,0.9390941858291626,0.06090587005019188
434,9,0,0,0.8873716592788696,0.11262840777635574
434,10,0,0,0.5214861631393433,0.47851380705833435
434,11,0,0,0.6580514311790466,0.34194856882095337
434,12,1,0,0.5214861631393433,0.47851380705833435
434,13,0,0,0.6373242735862732,0.3626757264137268
434,14,0,0,0.9390941858291626,0.06090584397315979
434,15,0,0,0.9158800840377808,0.08411993086338043
434,16,0,0,0.7893356680870056,0.21066433191299438
434,17,0,1,0.42514172196388245,0.5748583078384399
434,18,0,0,0.6373242139816284,0.3626757264137268
434,19,0,0,0.7990255355834961,0.2009744644165039
435,0,0,0,0.8520305752754211,0.14796942472457886
435,1,0,0,0.5887490510940552,0.41125091910362244
435,2,0,0,0.5517123937606812,0.4482876658439636
435,3,1,1,0.27085161209106445,0.7291483283042908
435,4,0,0,0.7759432196617126,0.22405676543712616
435,5,0,0,0.541634202003479,0.45836588740348816
435,6,0,0,0.5646926164627075,0.4353073537349701
435,7,1,1,0.3820750415325165,0.6179249286651611
435,8,0,0,0.8500332236289978,0.149966761469841
435,9,0,0,0.5699834227561951,0.43001651763916016
435,10,0,0,0.540424644947052,0.459575355052948
435,11,0,0,0.5719634890556335,0.4280364215373993
435,12,1,0,0.540424644947052,0.459575355052948
435,13,0,1,0.2318541407585144,0.7681459188461304
435,14,0,0,0.8631961345672607,0.13680392503738403
435,15,0,1,0.4945162534713745,0.5054837465286255
435,16,0,0,0.5751266479492188,0.42487335205078125
435,17,0,1,0.38083791732788086,0.6191620230674744
435,18,0,1,0.2318541407585144,0.7681459188461304
435,19,0,0,0.5719635486602783,0.4280364215373993
436,0,0,0,0.6890064477920532,0.3109935224056244
436,1,0,0,0.7536171078681946,0.24638287723064423
436,2,0,1,0.4471651017665863,0.5528349280357361
436,3,1,1,0.08921508491039276,0.9107849597930908
436,4,0,0,0.6409090757369995,0.3590908348560333
436,5,0,0,0.5980571508407593,0.4019428491592407
436,6,0,0,0.7618415951728821,0.23815838992595673
436,7,1,1,0.3924058675765991,0.6075941324234009
436,8,0,0,0.6890064477920532,0.3109935224056244
436,9,0,0,0.7647868990898132,0.23521311581134796
436,10,0,0,0.548360288143158,0.4516397714614868
436,11,0,0,0.5069088935852051,0.49309107661247253
436,12,1,0,0.548360288143158,0.4516397714614868
436,13,0,1,0.48466014862060547,0.5153399109840393
436,14,0,0,0.689006507396698,0.310993492603302
436,15,0,1,0.4141240417957306,0.5858759880065918
436,16,0,0,0.6812450885772705,0.3187549114227295
436,17,0,1,0.3501386344432831,0.6498613357543945
436,18,0,1,0.48466014862060547,0.5153399109840393
436,19,0,1,0.343964159488678,0.6560359001159668
437,0,0,1,0.16433946788311005,0.8356605768203735
437,1,0,1,0.48676177859306335,0.513238251209259
437,2,0,0,0.5304996371269226,0.4695003628730774
437,3,1,1,0.295744389295578,0.7042555809020996
437,4,0,1,0.38617321848869324,0.6138268113136292
437,5,0,1,0.49911102652549744,0.5008888840675354
437,6,0,0,0.5005495548248291,0.4994505047798157
437,7,1,1,0.3909890353679657,0.6090110540390015
437,8,0,1,0.16433946788311005,0.8356605768203735
437,9,0,1,0.49454566836357117,0.5054542422294617
437,10,0,0,0.5400516390800476,0.4599483907222748
437,11,0,1,0.40454763174057007,0.5954523682594299
437,12,1,0,0.5400516390800476,0.4599483907222748
437,13,0,1,0.31209415197372437,0.6879058480262756
437,14,0,1,0.34995412826538086,0.6500458717346191
437,15,0,1,0.32731208205223083,0.6726878881454468
437,16,0,0,0.5017969608306885,0.49820300936698914
437,17,0,0,0.5067338943481445,0.4932660758495331
437,18,0,0,0.5390297770500183,0.4609701931476593
437,19,0,0,0.5626285076141357,0.43737152218818665
438,0,0,0,0.6457777619361877,0.35422223806381226
438,1,0,0,0.8595646023750305,0.14043539762496948
438,2,0,1,0.4370062053203583,0.5629938244819641
438,3,1,1,0.4706598222255707,0.5293401479721069
438,4,0,0,0.5875718593597412,0.41242820024490356
438,5,0,0,0.7723550200462341,0.22764496505260468
438,6,0,0,0.8373015522956848,0.1626983880996704
438,7,1,1,0.38007834553718567,0.6199216246604919
438,8,0,0,0.6457777619361877,0.35422223806381226
438,9,0,0,0.8336306214332581,0.16636942327022552
438,10,0,0,0.5539907813072205,0.44600921869277954
438,11,0,1,0.45507383346557617,0.5449261665344238
438,12,1,0,0.5539907813072205,0.44600921869277954
438,13,0,1,0.40891197323799133,0.591088056564331
438,14,0,0,0.6457777619361877,0.35422223806381226
438,15,0,1,0.4203594923019409,0.5796404480934143
438,16,0,0,0.8691654801368713,0.13083449006080627
438,17,0,0,0.6283314824104309,0.3716685175895691
438,18,0,1,0.40891197323799133,0.591088056564331
438,19,0,1,0.45507386326789856,0.544926106929779
439,0,0,0,0.7282582521438599,0.27174174785614014
439,1,0,0,0.8197342753410339,0.18026567995548248
439,2,0,0,0.7139269113540649,0.2860730290412903
439,3,1,1,0.10766101628541946,0.8923390507698059
439,4,0,0,0.6620036959648132,0.3379962146282196
439,5,0,0,0.8698515892028809,0.13014835119247437
439,6,0,0,0.6930329203605652,0.30696699023246765
439,7,1,1,0.4191996455192566,0.5808004140853882
439,8,0,0,0.7282582521438599,0.27174174785614014
439,9,0,0,0.6855497360229492,0.31445029377937317
439,10,0,0,0.5194659233093262,0.48053407669067383
439,11,0,0,0.7289149165153503,0.27108511328697205
439,12,1,0,0.5194659233093262,0.48053407669067383
439,13,0,0,0.7139270305633545,0.28607305884361267
439,14,0,0,0.7282582521438599,0.27174174785614014
439,15,0,1,0.4796367287635803,0.5203632116317749
439,16,0,0,0.840419590473175,0.15958040952682495
439,17,0,0,0.6880994439125061,0.3119005560874939
439,18,0,1,0.12222849577665329,0.8777715563774109
439,19,0,0,0.7139270305633545,0.28607305884361267
440,0,0,0,0.7613284587860107,0.23867155611515045
440,1,0,0,0.8820293545722961,0.11797069758176804
440,2,0,0,0.6684854030609131,0.3315145671367645
440,3,1,0,0.6918097138404846,0.308190256357193
440,4,0,0,0.6412285566329956,0.358771413564682
440,5,0,0,0.7681710720062256,0.23182891309261322
440,6,0,0,0.8661817908287048,0.13381816446781158
440,7,1,1,0.10501663386821747,0.8949833512306213
440,8,0,0,0.7613284587860107,0.23867155611515045
440,9,0,0,0.8661817908287048,0.13381817936897278
440,10,0,0,0.5248037576675415,0.4751962125301361
440,11,0,0,0.6610301733016968,0.3389698266983032
440,12,1,0,0.5248037576675415,0.4751962125301361
440,13,0,0,0.634162187576294,0.36583781242370605
440,14,0,0,0.7613284587860107,0.23867155611515045
440,15,0,0,0.6342663168907166,0.36573365330696106
440,16,0,0,0.8893945813179016,0.11060534417629242
440,17,0,0,0.8191407918930054,0.18085922300815582
440,18,0,0,0.6341621279716492,0.36583781242370605
440,19,0,0,0.634162187576294,0.36583781242370605
441,0,0,0,0.7357251048088074,0.2642749547958374
441,1,0,0,0.8676360249519348,0.1323639452457428
441,2,0,0,0.6259103417396545,0.37408962845802307
441,3,1,0,0.6738872528076172,0.3261127173900604
441,4,0,0,0.7357251048088074,0.2642749547958374
441,5,0,0,0.7939088344573975,0.20609116554260254
441,6,0,0,0.8537396192550659,0.14626042544841766
441,7,1,1,0.3732985556125641,0.6267014145851135
441,8,0,0,0.7357251048088074,0.264274924993515
441,9,0,0,0.8020232915878296,0.19797669351100922
441,10,0,0,0.5604745745658875,0.43952542543411255
441,11,0,0,0.6634637713432312,0.3365362286567688
441,12,1,0,0.5604745745658875,0.43952542543411255
441,13,0,0,0.6639525890350342,0.3360474705696106
441,14,0,0,0.7357251048088074,0.264274924993515
441,15,0,1,0.3732985556125641,0.6267014145851135
441,16,0,0,0.8757988214492798,0.12420115619897842
441,17,0,0,0.7323901057243347,0.2676098942756653
441,18,0,0,0.6259103417396545,0.37408968806266785
441,19,0,0,0.6721623539924622,0.3278377056121826
442,0,0,0,0.6279817819595337,0.3720181882381439
442,1,0,0,0.7118150591850281,0.2881849408149719
442,2,0,0,0.5402460098266602,0.45975396037101746
442,3,1,1,0.18754099309444427,0.8124589920043945
442,4,0,0,0.6279817819595337,0.3720181882381439
442,5,0,0,0.5970850586891174,0.40291494131088257
442,6,0,0,0.7566399574279785,0.2433599978685379
442,7,1,1,0.3723430633544922,0.627656877040863
442,8,0,0,0.6279817819595337,0.3720181882381439
442,9,0,0,0.767163097858429,0.23283687233924866
442,10,0,0,0.5634095668792725,0.4365904629230499
442,11,0,1,0.40144428610801697,0.5985556840896606
442,12,1,0,0.5634095668792725,0.4365904629230499
442,13,0,0,0.5402460098266602,0.45975399017333984
442,14,0,0,0.6279817819595337,0.3720181882381439
442,15,0,1,0.3723430633544922,0.627656877040863
442,16,0,0,0.8280531167984009,0.17194682359695435
442,17,0,0,0.7760928869247437,0.22390715777873993
442,18,0,1,0.2136112004518509,0.7863888740539551
442,19,0,1,0.38713887333869934,0.612861156463623
443,0,0,0,0.5916176438331604,0.4083824157714844
443,1,0,0,0.802648663520813,0.19735132157802582
443,2,0,0,0.6728745102882385,0.3271254897117615
443,3,1,0,0.6479400992393494,0.3520599901676178
443,4,0,0,0.5916176438331604,0.4083823561668396
443,5,0,0,0.7101163268089294,0.28988364338874817
443,6,0,0,0.7783952355384827,0.22160474956035614
443,7,1,1,0.3732834756374359,0.6267164945602417
443,8,0,0,0.5916176438331604,0.4083823561668396
443,9,0,0,0.7783952951431274,0.22160473465919495
443,10,0,1,0.1878485232591629,0.8121514916419983
443,11,0,0,0.6921409964561462,0.30785897374153137
443,12,1,1,0.1878485232591629,0.8121514916419983
443,13,0,0,0.6151103377342224,0.3848896324634552
443,14,0,0,0.5916176438331604,0.4083823561668396
443,15,0,1,0.3732834756374359,0.6267164945602417
443,16,0,0,0.8084164261817932,0.19158360362052917
443,17,0,0,0.6893153786659241,0.3106846511363983
443,18,0,0,0.6728745102882385,0.32712551951408386
443,19,0,0,0.6177200078964233,0.38227999210357666
444,0,0,0,0.6031553149223328,0.39684468507766724
444,1,0,0,0.7453336119651794,0.25466641783714294
444,2,0,0,0.6931295394897461,0.3068704605102539
444,3,1,0,0.6540754437446594,0.3459245264530182
444,4,0,0,0.6031553149223328,0.396844744682312
444,5,0,0,0.6981877088546753,0.3018122911453247
444,6,0,0,0.738198459148407,0.2618016004562378
444,7,1,1,0.38027670979499817,0.6197233200073242
444,8,0,0,0.6031553149223328,0.39684468507766724
444,9,0,0,0.6975037455558777,0.3024962544441223
444,10,0,0,0.5411630272865295,0.45883694291114807
444,11,0,0,0.6818361282348633,0.31816384196281433
444,12,1,0,0.5411630272865295,0.45883694291114807
444,13,0,0,0.6931295394897461,0.3068704605102539
444,14,0,0,0.6031553149223328,0.39684468507766724
444,15,0,1,0.38027670979499817,0.6197233200073242
444,16,0,0,0.7557336688041687,0.2442663609981537
444,17,0,0,0.6220811009407043,0.37791895866394043
444,18,0,0,0.6481380462646484,0.35186195373535156
444,19,0,0,0.6481380462646484,0.35186195373535156
445,0,0,0,0.6105823516845703,0.3894175887107849
445,1,0,0,0.866969883441925,0.13303010165691376
445,2,0,0,0.7277754545211792,0.2722245454788208
445,3,1,0,0.7165160775184631,0.2834838628768921
445,4,0,0,0.6105823516845703,0.3894175887107849
445,5,0,0,0.7527749538421631,0.2472250610589981
445,6,0,0,0.8562141060829163,0.14378587901592255
445,7,1,1,0.3777364194393158,0.6222636103630066
445,8,0,0,0.6105823516845703,0.3894175887107849
445,9,0,0,0.8562141060829163,0.14378587901592255
445,10,0,0,0.5613977909088135,0.4386022388935089
445,11,0,0,0.7511668801307678,0.2488330751657486
445,12,1,0,0.5613977909088135,0.4386022388935089
445,13,0,0,0.6804547905921936,0.319545179605484
445,14,0,0,0.6105823516845703,0.3894175887107849
445,15,0,1,0.3777364194393158,0.6222636103630066
445,16,0,0,0.8899508118629456,0.11004912853240967
445,17,0,0,0.6432889103889465,0.35671117901802063
445,18,0,0,0.6475118398666382,0.3524881899356842
445,19,0,0,0.7277754545211792,0.2722245454788208
446,0,0,0,0.910652756690979,0.08934720605611801
446,1,0,0,0.9291730523109436,0.07082689553499222
446,2,0,0,0.8290579319000244,0.170942023396492
446,3,1,0,0.6030192971229553,0.3969807028770447
446,4,0,0,0.9097535014152527,0.09024643152952194
446,5,0,0,0.9038563966751099,0.09614362567663193
446,6,0,0,0.9206579327583313,0.07934209704399109
446,7,1,1,0.37738728523254395,0.622612714767456
446,8,0,0,0.9097535014152527,0.09024643152952194
446,9,0,0,0.8267287015914917,0.1732713282108307
446,10,0,0,0.5613299012184143,0.43867018818855286
446,11,0,0,0.8431707620620728,0.15682919323444366
446,12,1,0,0.5613299012184143,0.43867018818855286
446,13,0,0,0.8431708216667175,0.15682919323444366
446,14,0,0,0.9097535014152527,0.09024643152952194
446,15,0,1,0.37738728523254395,0.622612714767456
446,16,0,0,0.9335927367210388,0.06640724092721939
446,17,0,0,0.9145872592926025,0.08541276305913925
446,18,0,0,0.6227090358734131,0.3772909343242645
446,19,0,0,0.8290579319000244,0.170942023396492
447,0,0,0,0.674959123134613,0.32504087686538696
447,1,0,0,0.8101412653923035,0.18985868990421295
447,2,0,0,0.6704326868057251,0.3295673429965973
447,3,1,1,0.3847983777523041,0.6152015924453735
447,4,0,0,0.5269864201545715,0.4730135500431061
447,5,0,0,0.7934450507164001,0.20655499398708344
447,6,0,0,0.8397130966186523,0.16028693318367004
447,7,1,1,0.3771649897098541,0.6228350400924683
447,8,0,1,0.3912443518638611,0.6087556481361389
447,9,0,0,0.7969213724136353,0.20307859778404236
447,10,0,0,0.5396023988723755,0.4603976309299469
447,11,0,0,0.5862119793891907,0.41378799080848694
447,12,1,0,0.5396023988723755,0.4603976309299469
447,13,0,1,0.465861439704895,0.5341385006904602
447,14,0,0,0.541703999042511,0.4582960307598114
447,15,0,1,0.3771649897098541,0.6228350400924683
447,16,0,0,0.8383048176765442,0.161695197224617
447,17,0,0,0.8326606154441833,0.16733938455581665
447,18,0,1,0.3576103150844574,0.6423897743225098
447,19,0,0,0.6704326868057251,0.3295673131942749
448,0,0,0,0.9289120435714722,0.07108800113201141
448,1,0,0,0.7405417561531067,0.2594582736492157
448,2,0,0,0.6722591519355774,0.327740877866745
448,3,1,1,0.1214125007390976,0.878587543964386
448,4,0,0,0.934436559677124,0.0655633956193924
448,5,0,0,0.7478694915771484,0.25213053822517395
448,6,0,1,0.3464893698692322,0.6535106897354126
448,7,1,1,0.06001758202910423,0.9399824142456055
448,8,0,0,0.9278048276901245,0.07219523936510086
448,9,0,1,0.34648939967155457,0.653510570526123
448,10,0,1,0.2634289562702179,0.7365711331367493
448,11,0,0,0.6759157776832581,0.32408422231674194
448,12,1,1,0.08115526288747787,0.9188447594642639
448,13,0,0,0.6759157776832581,0.32408422231674194
448,14,0,0,0.9325543642044067,0.06744570285081863
448,15,0,1,0.13598719239234924,0.8640128374099731
448,16,0,0,0.9050730466842651,0.09492694586515427
448,17,0,0,0.7851372957229614,0.21486268937587738
448,18,0,0,0.8006280064582825,0.19937199354171753
448,19,0,0,0.6679912805557251,0.3320087194442749
449,0,0,0,0.9551473259925842,0.044852640479803085
449,1,0,0,0.9716476202011108,0.028352433815598488
449,2,0,0,0.8394914865493774,0.16050849854946136
449,3,1,1,0.011225597932934761,0.9887744188308716
449,4,0,0,0.9074732065200806,0.09252673387527466
449,5,0,0,0.9533964991569519,0.046603426337242126
449,6,0,0,0.9712042808532715,0.028795678168535233
449,7,1,1,0.05730815231800079,0.9426918029785156
449,8,0,0,0.6625678539276123,0.3374321460723877
449,9,0,0,0.9697479605674744,0.030252018943428993
449,10,0,1,0.2355344295501709,0.7644655108451843
449,11,0,0,0.8427854180335999,0.15721458196640015
449,12,1,1,0.15939995646476746,0.8406000137329102
449,13,0,0,0.8427854180335999,0.15721458196640015
449,14,0,0,0.9117459654808044,0.08825408667325974
449,15,0,1,0.15858393907546997,0.8414161205291748
449,16,0,0,0.9694451689720154,0.03055485524237156
449,17,0,0,0.9581588506698608,0.041841089725494385
449,18,0,0,0.7229769229888916,0.2770231068134308
449,19,0,0,0.8394914865493774,0.16050846874713898
450,0,0,0,0.8939976692199707,0.1060023158788681
450,1,0,0,0.7912377119064331,0.2087623029947281
450,2,0,0,0.7197443842887878,0.2802555561065674
450,3,1,1,0.017232809215784073,0.9827672243118286
450,4,0,0,0.8762040138244629,0.1237960010766983
450,5,0,0,0.7243902683258057,0.27560973167419434
450,6,0,0,0.7879817485809326,0.2120182067155838
450,7,1,1,0.4805092513561249,0.5194907784461975
450,8,0,0,0.8457995653152466,0.1542004495859146
450,9,0,1,0.02809254638850689,0.9719074368476868
450,10,0,1,0.28188034892082214,0.7181196808815002
450,11,0,0,0.7211349606513977,0.2788650691509247
450,12,1,1,0.08246030658483505,0.917539656162262
450,13,0,0,0.7211349606513977,0.2788650691509247
450,14,0,0,0.8095217943191528,0.19047822058200836
450,15,0,1,0.33817413449287415,0.6618258953094482
450,16,0,0,0.8662115931510925,0.13378839194774628
450,17,0,0,0.7766233086585999,0.22337669134140015
450,18,0,0,0.8902324438095093,0.10976757109165192
450,19,0,0,0.6656792759895325,0.33432072401046753
451,0,0,0,0.9534346461296082,0.04656539484858513
451,1,0,0,0.7158575654029846,0.2841423749923706
451,2,0,0,0.622734785079956,0.37726521492004395
451,3,1,1,0.10030797123908997,0.8996920585632324
451,4,0,0,0.9568976759910583,0.04310230538249016
451,5,0,0,0.7318969964981079,0.2681030333042145
451,6,0,0,0.5356828570365906,0.4643171727657318
451,7,1,1,0.1698979139328003,0.8301020860671997
451,8,0,0,0.9526579976081848,0.04734198376536369
451,9,0,0,0.5356828570365906,0.4643172025680542
451,10,0,1,0.2580239474773407,0.7419760823249817
451,11,0,0,0.6247050166130066,0.37529489398002625
451,12,1,1,0.05695859715342522,0.9430414438247681
451,13,0,1,0.1367764174938202,0.8632235527038574
451,14,0,0,0.9610501527786255,0.038949787616729736
451,15,0,1,0.21072860062122345,0.789271354675293
451,16,0,0,0.8052666783332825,0.19473332166671753
451,17,0,1,0.49788355827331543,0.5021164417266846
451,18,0,0,0.9544536471366882,0.045546337962150574
451,19,0,0,0.6227347254753113,0.3772652745246887
452,0,0,0,0.9294206500053406,0.07057932764291763
452,1,0,0,0.8113067746162415,0.18869321048259735
452,2,0,1,0.40226298570632935,0.5977370142936707
452,3,1,1,0.012448756955564022,0.9875512719154358
452,4,0,0,0.9344364404678345,0.06556357443332672
452,5,0,0,0.7739988565444946,0.22600115835666656
452,6,0,0,0.5257607698440552,0.47423917055130005
452,7,1,0,0.559191882610321,0.44080811738967896
452,8,0,0,0.9210622906684875,0.07893776148557663
452,9,0,0,0.7953959107398987,0.2046041041612625
452,10,0,1,0.3992510437965393,0.6007489562034607
452,11,0,1,0.41880369186401367,0.5811963081359863
452,12,1,1,0.24638333916664124,0.7536166310310364
452,13,0,1,0.41880369186401367,0.5811963081359863
452,14,0,0,0.9392768144607544,0.060723189264535904
452,15,0,1,0.3237653076648712,0.6762347221374512
452,16,0,0,0.9047338366508484,0.095266193151474
452,17,0,0,0.7830660343170166,0.2169339954853058
452,18,0,0,0.9486867785453796,0.05131326988339424
452,19,0,1,0.40226298570632935,0.5977370142936707
453,0,0,0,0.8087542653083801,0.19124570488929749
453,1,0,0,0.8089005947113037,0.1910994052886963
453,2,0,1,0.39168936014175415,0.6083106398582458
453,3,1,1,0.09910556674003601,0.9008944034576416
453,4,0,0,0.8304154872894287,0.16958452761173248
453,5,0,0,0.7725992798805237,0.22740070521831512
453,6,0,0,0.8701531887054443,0.12984681129455566
453,7,1,1,0.16688166558742523,0.8331182599067688
453,8,0,0,0.8145347833633423,0.1854652315378189
453,9,0,0,0.8699061870574951,0.1300937831401825
453,10,0,1,0.35440975427627563,0.6455901861190796
453,11,0,1,0.42857494950294495,0.5714250206947327
453,12,1,1,0.2636065185070038,0.7363935112953186
453,13,0,0,0.709650456905365,0.29034948348999023
453,14,0,0,0.8201655149459839,0.17983444035053253
453,15,0,1,0.454807847738266,0.5451921820640564
453,16,0,0,0.8818619847297668,0.11813797056674957
453,17,0,0,0.8631945848464966,0.13680537045001984
453,18,0,0,0.6506009697914124,0.34939906001091003
453,19,0,1,0.39168936014175415,0.6083106398582458
454,0,0,0,0.8252461552619934,0.1747538298368454
454,1,0,0,0.8779056668281555,0.12209438532590866
454,2,0,1,0.4233596622943878,0.5766403079032898
454,3,1,1,0.028893528506159782,0.9711064696311951
454,4,0,0,0.8417583107948303,0.15824167430400848
454,5,0,0,0.7844797372817993,0.21552032232284546
454,6,0,0,0.872380793094635,0.12761914730072021
454,7,1,0,0.7719082832336426,0.22809170186519623
454,8,0,0,0.8069202899932861,0.19307971000671387
454,9,0,0,0.8765893578529358,0.1234106570482254
454,10,0,1,0.1517784595489502,0.8482215404510498
454,11,0,1,0.1985584795475006,0.801441490650177
454,12,1,1,0.1079498752951622,0.8920500874519348
454,13,0,0,0.7252812385559082,0.2747187614440918
454,14,0,0,0.6234270930290222,0.3765728771686554
454,15,0,0,0.6634489893913269,0.3365510106086731
454,16,0,0,0.8668238520622253,0.13317610323429108
454,17,0,0,0.8648077845573425,0.1351921409368515
454,18,0,1,0.2448011338710785,0.7551988959312439
454,19,0,1,0.41956254839897156,0.5804374814033508
455,0,0,0,0.8516553640365601,0.14834456145763397
455,1,0,0,0.9535354375839233,0.046464502811431885
455,2,0,0,0.9699987173080444,0.030001288279891014
455,3,1,1,0.01387691404670477,0.9861230850219727
455,4,0,0,0.7987505793571472,0.2012493908405304
455,5,0,0,0.9408271908760071,0.059172820299863815
455,6,0,0,0.9513368606567383,0.04866306856274605
455,7,1,1,0.17931456863880157,0.8206853866577148
455,8,0,0,0.7957470417022705,0.20425297319889069
455,9,0,0,0.9534360766410828,0.04656394198536873
455,10,0,1,0.2696860432624817,0.7303139567375183
455,11,0,0,0.9676317572593689,0.03236815705895424
455,12,1,1,0.19424478709697723,0.8057551980018616
455,13,0,0,0.9428050518035889,0.05719494819641113
455,14,0,1,0.32068443298339844,0.6793155074119568
455,15,0,1,0.42342910170555115,0.5765709280967712
455,16,0,0,0.9440630078315735,0.05593693256378174
455,17,0,0,0.9505774974822998,0.04942251741886139
455,18,0,0,0.8089049458503723,0.1910950094461441
455,19,0,0,0.9699914455413818,0.030008625239133835
456,0,0,0,0.9603490829467773,0.03965096175670624
456,1,0,0,0.7088114619255066,0.2911885380744934
456,2,0,0,0.9307543635368347,0.06924563646316528
456,3,1,1,0.019477153196930885,0.9805228114128113
456,4,0,0,0.9532508254051208,0.04674917832016945
456,5,0,0,0.8854145407676697,0.11458546668291092
456,6,0,0,0.6097478270530701,0.3902522325515747
456,7,1,1,0.2253694236278534,0.774630606174469
456,8,0,0,0.9599759578704834,0.0400240458548069
456,9,0,0,0.8516449928283691,0.14835500717163086
456,10,0,1,0.12341522425413132,0.8765848278999329
456,11,0,0,0.7594279646873474,0.2405719757080078
456,12,1,1,0.1186991035938263,0.8813009262084961
456,13,0,0,0.9299121499061584,0.07008785754442215
456,14,0,0,0.9628670811653137,0.03713291510939598
456,15,0,0,0.717887818813324,0.28211215138435364
456,16,0,0,0.9323207139968872,0.06767932325601578
456,17,0,0,0.8526541590690613,0.14734575152397156
456,18,0,0,0.9549038410186768,0.04509609565138817
456,19,0,0,0.9305473566055298,0.0694526880979538
457,0,0,0,0.8521929383277893,0.1478070467710495
457,1,0,0,0.7474220991134644,0.25257793068885803
457,2,0,1,0.31513237953186035,0.6848676204681396
457,3,1,1,0.01271740347146988,0.9872826337814331
457,4,0,0,0.8856216073036194,0.11437832564115524
457,5,0,1,0.4916462004184723,0.5083538293838501
457,6,0,0,0.7246168851852417,0.2753831148147583
457,7,1,1,0.06674733757972717,0.9332526922225952
457,8,0,0,0.8492327928543091,0.15076720714569092
457,9,0,0,0.7405304908752441,0.25946953892707825
457,10,0,1,0.11606469005346298,0.8839353322982788
457,11,0,1,0.22886188328266144,0.7711381316184998
457,12,1,1,0.07647877931594849,0.9235211610794067
457,13,0,0,0.8209179043769836,0.17908211052417755
457,14,0,1,0.1453239619731903,0.8546760678291321
457,15,0,1,0.11806649714708328,0.8819334506988525
457,16,0,0,0.5324069261550903,0.46759310364723206
457,17,0,0,0.7676095366477966,0.23239050805568695
457,18,0,0,0.7985536456108093,0.2014463096857071
457,19,0,1,0.31406840682029724,0.6859316229820251
458,0,0,0,0.9397912621498108,0.0602087564766407
458,1,0,0,0.9177628755569458,0.08223706483840942
458,2,0,0,0.8847558498382568,0.11524417251348495
458,3,1,1,0.009375440888106823,0.9906246066093445
458,4,0,0,0.9300757646560669,0.06992428749799728
458,5,0,0,0.9447841644287109,0.05521582439541817
458,6,0,0,0.9089337587356567,0.09106620401144028
458,7,1,0,0.8625121116638184,0.13748788833618164
458,8,0,0,0.9289913773536682,0.07100867480039597
458,9,0,0,0.9160551428794861,0.08394493907690048
458,10,0,1,0.08908560127019882,0.910914421081543
458,11,0,1,0.3425227701663971,0.6574772596359253
458,12,1,1,0.052062951028347015,0.9479370713233948
458,13,0,0,0.8784626126289368,0.12153739482164383
458,14,0,0,0.9378042221069336,0.06219577044248581
458,15,0,0,0.5660628080368042,0.4339371621608734
458,16,0,0,0.9263598322868347,0.07364017516374588
458,17,0,0,0.9233188033103943,0.0766812413930893
458,18,0,0,0.917080819606781,0.08291923254728317
458,19,0,0,0.8847157955169678,0.11528421938419342
459,0,0,0,0.9071075916290283,0.0928923711180687
459,1,0,0,0.9208861589431763,0.07911381870508194
459,2,0,0,0.887529194355011,0.11247080564498901
459,3,1,1,0.023758724331855774,0.9762412905693054
459,4,0,0,0.7951793670654297,0.2048206776380539
459,5,0,0,0.9243966341018677,0.0756034255027771
459,6,0,0,0.9177141785621643,0.08228576928377151
459,7,1,1,0.1774076372385025,0.8225923776626587
459,8,0,0,0.8867997527122498,0.11320018023252487
459,9,0,0,0.9208861589431763,0.07911383360624313
459,10,0,1,0.10975039005279541,0.8902495503425598
459,11,0,0,0.7268574237823486,0.2731425166130066
459,12,1,1,0.05490552634000778,0.9450945258140564
459,13,0,1,0.4664519429206848,0.5335480570793152
459,14,0,0,0.879158616065979,0.120841383934021
459,15,0,0,0.7573908567428589,0.2426092028617859
459,16,0,0,0.9175513982772827,0.08244860172271729
459,17,0,0,0.9169236421585083,0.0830763652920723
459,18,0,0,0.6071646809577942,0.39283525943756104
459,19,0,0,0.8935475945472717,0.10645239055156708
460,0,0,0,0.7103772759437561,0.2896226942539215
460,1,0,0,0.6356923580169678,0.36430761218070984
460,2,0,0,0.7852595448493958,0.21474047005176544
460,3,1,1,0.03378741815686226,0.9662125110626221
460,4,0,0,0.6621084213256836,0.337891548871994
460,5,0,1,0.1765201836824417,0.8234798312187195
460,6,0,0,0.6282392740249634,0.3717607259750366
460,7,1,1,0.10359872132539749,0.8964012265205383
460,8,0,0,0.7663490176200867,0.23365099728107452
460,9,0,1,0.22483333945274353,0.7751666903495789
460,10,0,0,0.985291600227356,0.01470842957496643
460,11,0,0,0.8115729689598083,0.18842700123786926
460,12,1,1,0.0892522782087326,0.910747766494751
460,13,0,0,0.714400589466095,0.2855994403362274
460,14,0,0,0.7113519906997681,0.28864794969558716
460,15,0,0,0.7832981944084167,0.21670183539390564
460,16,0,1,0.08951752632856369,0.9104824662208557
460,17,0,0,0.6853870153427124,0.3146129846572876
460,18,0,0,0.7233742475509644,0.27662572264671326
460,19,0,0,0.7931524515151978,0.20684751868247986
461,0,0,0,0.7946910262107849,0.20530903339385986
461,1,0,0,0.8052078485488892,0.19479210674762726
461,2,0,0,0.842694878578186,0.15730515122413635
461,3,1,1,0.08108430355787277,0.9189157485961914
461,4,0,0,0.8385655283927917,0.16143450140953064
461,5,0,0,0.7731178998947144,0.22688215970993042
461,6,0,0,0.7965396642684937,0.20346026122570038
461,7,1,1,0.02202174998819828,0.9779781699180603
461,8,0,0,0.849836528301239,0.15016350150108337
461,9,0,0,0.8052078485488892,0.19479210674762726
461,10,0,0,0.9647470712661743,0.03525294363498688
461,11,0,0,0.7515993714332581,0.24840065836906433
461,12,1,1,0.13757210969924927,0.8624279499053955
461,13,0,0,0.7865507006645203,0.21344929933547974
461,14,0,0,0.8451787829399109,0.1548212617635727
461,15,0,0,0.8869582414627075,0.11304177343845367
461,16,0,0,0.8299315571784973,0.1700683832168579
461,17,0,0,0.7885419130325317,0.21145816147327423
461,18,0,0,0.8308819532394409,0.16911807656288147
461,19,0,0,0.8383017182350159,0.16169826686382294
462,0,0,0,0.822946310043335,0.17705366015434265
462,1,0,0,0.7622340321540833,0.23776595294475555
462,2,0,0,0.9132958054542542,0.08670426160097122
462,3,1,1,0.037450049072504044,0.9625499248504639
462,4,0,0,0.8256168365478516,0.17438319325447083
462,5,0,0,0.8221732974052429,0.1778266429901123
462,6,0,0,0.6844874024391174,0.31551259756088257
462,7,1,1,0.22913067042827606,0.7708693742752075
462,8,0,0,0.8808169364929199,0.11918304860591888
462,9,0,0,0.7622340321540833,0.23776595294475555
462,10,0,0,0.9655319452285767,0.034468118101358414
462,11,0,0,0.9217619299888611,0.0782380923628807
462,12,1,1,0.07993429154157639,0.920065701007843
462,13,0,0,0.8854349255561829,0.11456505209207535
462,14,0,0,0.9010006785392761,0.09899936616420746
462,15,0,0,0.9110835790634155,0.08891641348600388
462,16,0,0,0.8210603594779968,0.1789395958185196
462,17,0,0,0.7312761545181274,0.26872384548187256
462,18,0,0,0.881853461265564,0.11814660578966141
462,19,0,0,0.9185433387756348,0.08145661652088165
463,0,0,1,0.3070184290409088,0.6929815411567688
463,1,0,0,0.6276357173919678,0.3723642826080322
463,2,0,0,0.7872563004493713,0.2127436399459839
463,3,1,1,0.48598048090934753,0.5140195488929749
463,4,0,0,0.7235050201416016,0.2764950394630432
463,5,0,1,0.31168121099472046,0.6883187890052795
463,6,0,0,0.7066767811775208,0.29332318902015686
463,7,1,0,0.6697624921798706,0.3302375078201294
463,8,0,0,0.7808107733726501,0.21918924152851105
463,9,0,0,0.6276357173919678,0.3723642826080322
463,10,0,0,0.9598442912101746,0.04015570878982544
463,11,0,0,0.8146479725837708,0.18535204231739044
463,12,1,1,0.03985406458377838,0.9601459503173828
463,13,0,0,0.5294588804244995,0.4705411195755005
463,14,0,0,0.8169711232185364,0.18302887678146362
463,15,0,0,0.8411725163459778,0.15882745385169983
463,16,0,0,0.6128596067428589,0.38714033365249634
463,17,0,0,0.6795232892036438,0.3204766511917114
463,18,0,0,0.7640751004219055,0.23592489957809448
463,19,0,0,0.8200877904891968,0.1799122542142868
464,0,0,0,0.6680725812911987,0.3319273591041565
464,1,0,0,0.5769340395927429,0.42306599020957947
464,2,0,0,0.9260841012001038,0.07391586154699326
464,3,1,1,0.014003705233335495,0.9859963059425354
464,4,0,0,0.7925587892532349,0.20744119584560394
464,5,0,1,0.42731016874313354,0.5726898312568665
464,6,0,0,0.6154476404190063,0.38455232977867126
464,7,1,0,0.8209275603294373,0.17907240986824036
464,8,0,0,0.7235805988311768,0.27641940116882324
464,9,0,0,0.5914142727851868,0.40858569741249084
464,10,0,0,0.9677414894104004,0.03225843235850334
464,11,0,0,0.919397234916687,0.0806027352809906
464,12,1,1,0.04180733487010002,0.9581927061080933
464,13,0,0,0.8900825381278992,0.10991740971803665
464,14,0,0,0.7881251573562622,0.2118748128414154
464,15,0,0,0.9141916632652283,0.08580829203128815
464,16,0,0,0.5976130962371826,0.402386873960495
464,17,0,0,0.6298438310623169,0.37015610933303833
464,18,0,0,0.7303189635276794,0.26968100666999817
464,19,0,0,0.9355611205101013,0.0644388496875763
465,0,0,0,0.7096721529960632,0.29032784700393677
465,1,0,0,0.8072318434715271,0.1927681863307953
465,2,0,0,0.8744363784790039,0.12556365132331848
465,3,1,1,0.14647366106510162,0.8535263538360596
465,4,0,1,0.47260239720344543,0.5273976922035217
465,5,0,0,0.6686887145042419,0.33131128549575806
465,6,0,0,0.7915002703666687,0.20849968492984772
465,7,1,1,0.44072425365448,0.55927574634552
465,8,0,1,0.49853208661079407,0.5014678835868835
465,9,0,0,0.8072318434715271,0.19276820123195648
465,10,0,0,0.9700719714164734,0.029928065836429596
465,11,0,0,0.8342583775520325,0.1657416820526123
465,12,1,1,0.21054089069366455,0.7894591093063354
465,13,0,0,0.8245834708213806,0.1754165142774582
465,14,0,1,0.19772054255008698,0.8022794127464294
465,15,0,0,0.761924684047699,0.23807530105113983
465,16,0,0,0.799274742603302,0.20072528719902039
465,17,0,0,0.7831168174743652,0.21688318252563477
465,18,0,0,0.5643868446350098,0.43561312556266785
465,19,0,0,0.8818457722663879,0.11815425008535385
466,0,0,0,0.7708562612533569,0.22914375364780426
466,1,0,0,0.6789984703063965,0.32100147008895874
466,2,0,0,0.9024654030799866,0.09753460437059402
466,3,1,1,0.010683679021894932,0.9893163442611694
466,4,0,0,0.7922679781913757,0.20773205161094666
466,5,0,0,0.7995650768280029,0.20043492317199707
466,6,0,0,0.7657067775726318,0.23429319262504578
466,7,1,1,0.010331954807043076,0.9896680116653442
466,8,0,0,0.6422680020332336,0.35773196816444397
466,9,0,0,0.6728254556655884,0.3271745443344116
466,10,0,0,0.9634859561920166,0.036514051258563995
466,11,0,0,0.8946878910064697,0.10531214624643326
466,12,1,1,0.07506704330444336,0.9249329566955566
466,13,0,0,0.9002960920333862,0.09970390796661377
466,14,0,0,0.7920447587966919,0.2079552263021469
466,15,0,0,0.917978823184967,0.08202119171619415
466,16,0,0,0.7802854180335999,0.21971462666988373
466,17,0,0,0.6085398197174072,0.391460120677948
466,18,0,0,0.7669486403465271,0.2330513745546341
466,19,0,0,0.9200287461280823,0.07997124642133713
467,0,0,0,0.6581828594207764,0.341817170381546
467,1,0,0,0.6904340386390686,0.309565931558609
467,2,0,0,0.6599137783050537,0.3400862514972687
467,3,1,1,0.11987579613924026,0.8801242113113403
467,4,0,1,0.3183848261833191,0.6816151738166809
467,5,0,0,0.5342921018600464,0.4657079577445984
467,6,0,0,0.6703400015830994,0.32965996861457825
467,7,1,1,0.2073967605829239,0.7926031947135925
467,8,0,1,0.4743839204311371,0.5256161093711853
467,9,0,0,0.6874979138374329,0.3125021457672119
467,10,0,0,0.9695793986320496,0.030420606955885887
467,11,0,0,0.6610530018806458,0.33894702792167664
467,12,1,1,0.07957529276609421,0.9204246997833252
467,13,0,0,0.5627132058143616,0.43728676438331604
467,14,0,0,0.5167410969734192,0.4832589030265808
467,15,0,0,0.6497970223426819,0.3502029776573181
467,16,0,0,0.6848912239074707,0.3151088058948517
467,17,0,0,0.6581780314445496,0.34182196855545044
467,18,0,0,0.5044992566108704,0.49550068378448486
467,19,0,0,0.6726901531219482,0.3273097574710846
468,0,0,0,0.8593031167984009,0.14069689810276031
468,1,0,0,0.86883544921875,0.13116459548473358
468,2,0,0,0.6325239539146423,0.36747604608535767
468,3,1,1,0.06188860908150673,0.9381113648414612
468,4,0,0,0.5157884359359741,0.4842115342617035
468,5,0,1,0.14406347274780273,0.855936586856842
468,6,0,0,0.8778374791145325,0.12216253578662872
468,7,1,0,0.5262109637260437,0.4737890064716339
468,8,0,1,0.4008864164352417,0.5991135239601135
468,9,0,0,0.8313034772872925,0.16869652271270752
468,10,0,0,0.9579323530197144,0.04206768050789833
468,11,0,0,0.6373041868209839,0.3626957833766937
468,12,1,1,0.07992677390575409,0.9200732707977295
468,13,0,0,0.6050312519073486,0.39496880769729614
468,14,0,0,0.7223553657531738,0.27764466404914856
468,15,0,1,0.48955264687538147,0.5104473233222961
468,16,0,0,0.8762715458869934,0.1237284243106842
468,17,0,0,0.8705391883850098,0.12946082651615143
468,18,0,0,0.7284388542175293,0.2715611159801483
468,19,0,1,0.3810417950153351,0.6189581751823425
469,0,0,1,0.4966253936290741,0.5033746957778931
469,1,0,0,0.8575421571731567,0.1424577832221985
469,2,0,0,0.8769840598106384,0.1230158656835556
469,3,1,1,0.10297876596450806,0.8970212340354919
469,4,0,0,0.8196929097175598,0.180307075381279
469,5,0,1,0.11228447407484055,0.8877155184745789
469,6,0,0,0.8420752286911011,0.15792477130889893
469,7,1,0,0.6366455554962158,0.3633544445037842
469,8,0,0,0.612088680267334,0.3879113495349884
469,9,0,0,0.8666094541549683,0.13339048624038696
469,10,0,0,0.9625592827796936,0.03744073957204819
469,11,0,0,0.8848881721496582,0.11511185765266418
469,12,1,1,0.13320407271385193,0.8667958974838257
469,13,0,0,0.8656688332557678,0.13433119654655457
469,14,0,0,0.7934231758117676,0.20657674968242645
469,15,0,0,0.8733366131782532,0.12666338682174683
469,16,0,1,0.4731745421886444,0.5268254280090332
469,17,0,0,0.8145420551300049,0.18545791506767273
469,18,0,0,0.7850825786590576,0.21491742134094238
469,19,0,1,0.27411022782325745,0.7258898019790649
470,0,0,0,0.8620063662528992,0.13799360394477844
470,1,0,0,0.827747642993927,0.1722523719072342
470,2,0,0,0.6490076184272766,0.3509923815727234
470,3,1,1,0.36740368604660034,0.6325963139533997
470,4,0,0,0.8151690363883972,0.1848309189081192
470,5,0,0,0.6598681807518005,0.34013181924819946
470,6,0,0,0.8423498272895813,0.15765021741390228
470,7,1,1,0.4931805729866028,0.5068194270133972
470,8,0,0,0.751122236251831,0.24887783825397491
470,9,0,0,0.8080710172653198,0.1919289529323578
470,10,0,0,0.9572234153747559,0.04277658835053444
470,11,0,0,0.5152146816253662,0.4847852885723114
470,12,1,0,0.5424415469169617,0.4575585126876831
470,13,0,0,0.7280333638191223,0.2719666361808777
470,14,0,0,0.8086744546890259,0.1913256049156189
470,15,0,0,0.5702709555625916,0.42972907423973083
470,16,0,0,0.8629498481750488,0.1370501071214676
470,17,0,0,0.8402037620544434,0.15979626774787903
470,18,0,0,0.815427839756012,0.18457219004631042
470,19,0,1,0.36740365624427795,0.6325963139533997
471,0,0,0,0.8443684577941895,0.15563152730464935
471,1,0,0,0.7810607552528381,0.21893921494483948
471,2,0,0,0.7838019728660583,0.21619799733161926
471,3,1,1,0.3354538083076477,0.6645461916923523
471,4,0,0,0.855410099029541,0.14458990097045898
471,5,0,0,0.5008687973022461,0.4991312026977539
471,6,0,0,0.8019201755523682,0.19807985424995422
471,7,1,0,0.7817672491073608,0.21823278069496155
471,8,0,0,0.8492754697799683,0.15072456002235413
471,9,0,0,0.7795915603637695,0.22040842473506927
471,10,0,0,0.9657924771308899,0.03420747071504593
471,11,0,0,0.818189263343811,0.18181073665618896
471,12,1,0,0.5800027251243591,0.41999733448028564
471,13,0,0,0.838984489440918,0.161015585064888
471,14,0,0,0.8262333273887634,0.17376673221588135
471,15,0,0,0.6035763621330261,0.3964236378669739
471,16,0,0,0.8456429243087769,0.15435706079006195
471,17,0,0,0.8413472175598145,0.15865275263786316
471,18,0,0,0.7885492444038391,0.21145080029964447
471,19,0,1,0.4426044821739197,0.5573955178260803
472,0,0,1,0.35711297392845154,0.6428869962692261
472,1,0,1,0.4812268316745758,0.5187731385231018
472,2,0,0,0.912693202495575,0.08730683475732803
472,3,1,1,0.04902225732803345,0.9509777426719666
472,4,0,1,0.0454985648393631,0.9545013904571533
472,5,0,1,0.24132150411605835,0.7586784958839417
472,6,0,1,0.33537012338638306,0.6646298170089722
472,7,1,1,0.05363932251930237,0.9463606476783752
472,8,0,0,0.8957911729812622,0.10420875251293182
472,9,0,1,0.4572797417640686,0.5427202582359314
472,10,0,0,0.95650315284729,0.04349690303206444
472,11,0,0,0.9117899537086487,0.08821004629135132
472,12,1,1,0.1425749510526657,0.8574250936508179
472,13,0,0,0.9148520827293396,0.08514787256717682
472,14,0,1,0.35382577776908875,0.6461742520332336
472,15,0,0,0.8893493413925171,0.11065065115690231
472,16,0,1,0.49768105149269104,0.5023189783096313
472,17,0,1,0.32797524333000183,0.6720247268676758
472,18,0,1,0.421135276556015,0.5788646936416626
472,19,0,1,0.20771750807762146,0.7922825217247009
473,0,0,0,0.9089502096176147,0.09104975312948227
473,1,0,0,0.8816617131233215,0.11833829432725906
473,2,0,0,0.9076206684112549,0.09237934648990631
473,3,1,1,0.03357977420091629,0.9664202332496643
473,4,0,0,0.8599600791931152,0.14003993570804596
473,5,0,1,0.0806080624461174,0.9193918704986572
473,6,0,0,0.9098160862922668,0.09018392115831375
473,7,1,1,0.02803679183125496,0.9719631671905518
473,8,0,0,0.9055532813072205,0.09444672614336014
473,9,0,0,0.8253502249717712,0.17464976012706757
473,10,0,0,0.9612904787063599,0.03870953619480133
473,11,0,0,0.8795942664146423,0.12040567398071289
473,12,1,1,0.019055381417274475,0.9809446334838867
473,13,0,0,0.9031882286071777,0.09681174904108047
473,14,0,0,0.913274884223938,0.08672511577606201
473,15,0,0,0.8317720890045166,0.16822783648967743
473,16,0,0,0.9099321365356445,0.09006781876087189
473,17,0,0,0.9066242575645447,0.09337575733661652
473,18,0,0,0.9055364727973938,0.09446360170841217
473,19,0,1,0.11164642870426178,0.8883535265922546
474,0,0,0,0.5235769152641296,0.47642308473587036
474,1,0,0,0.7554603815078735,0.24453963339328766
474,2,0,0,0.8019061088562012,0.19809390604496002
474,3,1,1,0.04716126620769501,0.9528387188911438
474,4,0,1,0.4086287319660187,0.5913712978363037
474,5,0,1,0.18400971591472626,0.8159903287887573
474,6,0,0,0.7703374624252319,0.22966252267360687
474,7,1,1,0.22835104167461395,0.7716489434242249
474,8,0,0,0.7975746393203735,0.20242534577846527
474,9,0,0,0.8896104693412781,0.11038944870233536
474,10,0,0,0.960966944694519,0.03903311491012573
474,11,0,0,0.5156428813934326,0.4843571186065674
474,12,1,1,0.033117324113845825,0.9668826460838318
474,13,0,0,0.7975746393203735,0.20242534577846527
474,14,0,1,0.43164095282554626,0.5683589577674866
474,15,0,0,0.5554488301277161,0.44455116987228394
474,16,0,1,0.16826796531677246,0.8317320346832275
474,17,0,1,0.4649069607257843,0.5350930094718933
474,18,0,1,0.43880119919776917,0.5611987709999084
474,19,0,1,0.15160799026489258,0.8483919501304626
475,0,0,1,0.3560534715652466,0.6439465284347534
475,1,0,0,0.6187126636505127,0.3812873959541321
475,2,0,0,0.847417414188385,0.1525825709104538
475,3,1,1,0.02921310067176819,0.9707868695259094
475,4,0,0,0.6148833632469177,0.3851166069507599
475,5,0,1,0.08182575553655624,0.9181742668151855
475,6,0,1,0.38868868350982666,0.6113113164901733
475,7,1,1,0.3602546155452728,0.6397453546524048
475,8,0,0,0.8456653356552124,0.1543346345424652
475,9,0,1,0.4034416079521179,0.5965583324432373
475,10,0,0,0.9554007649421692,0.044599179178476334
475,11,0,0,0.8624234199523926,0.137576624751091
475,12,1,1,0.10068298131227493,0.8993170261383057
475,13,0,0,0.8461273312568665,0.15387268364429474
475,14,0,0,0.5994218587875366,0.40057817101478577
475,15,0,0,0.8406458497047424,0.15935419499874115
475,16,0,0,0.5481365323066711,0.45186346769332886
475,17,0,1,0.3099708557128906,0.6900290846824646
475,18,0,1,0.4841350018978119,0.5158649682998657
475,19,0,1,0.11475837975740433,0.8852416276931763
476,0,0,0,0.6496313810348511,0.35036858916282654
476,1,0,0,0.7690879106521606,0.23091204464435577
476,2,0,0,0.8952093720436096,0.10479056090116501
476,3,1,1,0.050767991691827774,0.9492319822311401
476,4,0,0,0.5950052738189697,0.4049947261810303
476,5,0,1,0.2256782501935959,0.7743217945098877
476,6,0,0,0.7766067385673523,0.22339323163032532
476,7,1,1,0.06136788800358772,0.9386321306228638
476,8,0,0,0.8887614607810974,0.111238494515419
476,9,0,0,0.8087458610534668,0.1912541389465332
476,10,0,0,0.9603119492530823,0.03968803212046623
476,11,0,0,0.8979172706604004,0.1020827665925026
476,12,1,1,0.02717842534184456,0.9728215336799622
476,13,0,0,0.896539032459259,0.10346098244190216
476,14,0,0,0.5889909267425537,0.4110091030597687
476,15,0,0,0.8710756301879883,0.12892435491085052
476,16,0,1,0.43242111802101135,0.5675788521766663
476,17,0,0,0.6810559034347534,0.3189440965652466
476,18,0,0,0.68000328540802,0.31999674439430237
476,19,0,1,0.12568098306655884,0.8743189573287964
477,0,0,0,0.8736853003501892,0.12631474435329437
477,1,0,0,0.8536646962165833,0.14633531868457794
477,2,0,0,0.9481486678123474,0.0518513023853302
477,3,1,1,0.04063628241419792,0.9593636989593506
477,4,0,0,0.8660910725593567,0.1339089721441269
477,5,0,0,0.9605066776275635,0.0394933708012104
477,6,0,0,0.8487074375152588,0.1512925773859024
477,7,1,1,0.040090542286634445,0.9599093794822693
477,8,0,0,0.939106285572052,0.06089376285672188
477,9,0,0,0.8015613555908203,0.19843867421150208
477,10,0,0,0.9636386036872864,0.03636135533452034
477,11,0,0,0.9394122958183289,0.060587745159864426
477,12,1,1,0.026536135002970695,0.9734638929367065
477,13,0,0,0.9435957670211792,0.05640419200062752
477,14,0,0,0.8855054378509521,0.11449462175369263
477,15,0,0,0.9250707030296326,0.07492922246456146
477,16,0,0,0.8736557364463806,0.12634430825710297
477,17,0,0,0.872694194316864,0.1273057758808136
477,18,0,0,0.8762897849082947,0.12371023744344711
477,19,0,1,0.07294618338346481,0.9270538687705994
478,0,0,0,0.7429885268211365,0.2570114731788635
478,1,0,0,0.901068389415741,0.09893158078193665
478,2,0,0,0.8635141253471375,0.13648581504821777
478,3,1,1,0.06240178272128105,0.9375982284545898
478,4,0,1,0.1276128590106964,0.872387170791626
478,5,0,0,0.9948328733444214,0.005167118273675442
478,6,0,0,0.9012001752853394,0.09879986941814423
478,7,1,1,0.1776459664106369,0.8223540186882019
478,8,0,0,0.7973840236663818,0.20261603593826294
478,9,0,0,0.8421540260314941,0.15784597396850586
478,10,0,0,0.9938418865203857,0.006158106029033661
478,11,0,0,0.863235354423523,0.13676461577415466
478,12,1,1,0.030912496149539948,0.969087541103363
478,13,0,0,0.5029836297035217,0.4970163404941559
478,14,0,0,0.9109744429588318,0.08902555704116821
478,15,0,0,0.8502034544944763,0.14979659020900726
478,16,0,0,0.8703334331512451,0.12966656684875488
478,17,0,0,0.8714996576309204,0.1285003423690796
478,18,0,0,0.9150554537773132,0.08494450151920319
478,19,0,1,0.07145330309867859,0.9285467267036438
479,0,0,0,0.8882492184638977,0.11175075173377991
479,1,0,0,0.9082776308059692,0.09172233194112778
479,2,0,0,0.8675171732902527,0.13248282670974731
479,3,1,1,0.04469062387943268,0.9553093910217285
479,4,0,0,0.639162540435791,0.36083748936653137
479,5,0,0,0.9952313303947449,0.004768618382513523
479,6,0,0,0.9040069580078125,0.09599299728870392
479,7,1,1,0.025813518092036247,0.9741864800453186
479,8,0,1,0.4200727045536041,0.5799273252487183
479,9,0,1,0.2510591745376587,0.7489408850669861
479,10,0,0,0.9945677518844604,0.005432211793959141
479,11,0,0,0.8595856428146362,0.140414297580719
479,12,1,1,0.04685155674815178,0.9531484246253967
479,13,0,0,0.8648176193237305,0.13518241047859192
479,14,0,0,0.9193978309631348,0.08060212433338165
479,15,0,0,0.8308747410774231,0.1691252738237381
479,16,0,0,0.9065902829170227,0.09340973198413849
479,17,0,0,0.900519847869873,0.09948018938302994
479,18,0,0,0.9216718077659607,0.0783281996846199
479,19,0,1,0.1609247475862503,0.8390752673149109
480,0,0,0,0.8225061893463135,0.1774938404560089
480,1,0,0,0.8448023796081543,0.1551976203918457
480,2,0,0,0.9360300898551941,0.06396988779306412
480,3,1,1,0.03608711436390877,0.9639129042625427
480,4,0,0,0.8168936967849731,0.18310628831386566
480,5,0,0,0.9407366514205933,0.05926338955760002
480,6,0,0,0.8774769902229309,0.12252306938171387
480,7,1,0,0.8164450526237488,0.1835549771785736
480,8,0,0,0.931374192237854,0.06862583011388779
480,9,0,0,0.5438271164894104,0.4561729431152344
480,10,0,0,0.7597802877426147,0.24021974205970764
480,11,0,0,0.9481765627861023,0.051823411136865616
480,12,1,1,0.020166071131825447,0.9798339009284973
480,13,0,0,0.9257099628448486,0.07429004460573196
480,14,0,0,0.916802704334259,0.08319727331399918
480,15,0,0,0.9469026923179626,0.053097307682037354
480,16,0,0,0.8558164238929749,0.14418359100818634
480,17,0,0,0.8532674312591553,0.14673256874084473
480,18,0,0,0.8440963625907898,0.15590359270572662
480,19,0,1,0.16037455201148987,0.8396254181861877
481,0,0,0,0.6910804510116577,0.3089195787906647
481,1,0,1,0.4684444069862366,0.5315555334091187
481,2,0,0,0.730636715888977,0.26936328411102295
481,3,1,1,0.06739839911460876,0.9326016306877136
481,4,0,0,0.8789238929748535,0.1210760623216629
481,5,0,0,0.515799343585968,0.484200656414032
481,6,0,0,0.7947279810905457,0.20527198910713196
481,7,1,0,0.8690646290779114,0.13093534111976624
481,8,0,0,0.6312415599822998,0.36875849962234497
481,9,0,0,0.5183180570602417,0.4816819131374359
481,10,0,0,0.6420570611953735,0.3579428791999817
481,11,0,0,0.6218218207359314,0.378178209066391
481,12,1,1,0.03316972032189369,0.9668302536010742
481,13,0,0,0.7774123549461365,0.22258765995502472
481,14,0,0,0.8490327000617981,0.15096722543239594
481,15,0,0,0.6218218207359314,0.378178209066391
481,16,0,0,0.7488614916801453,0.25113847851753235
481,17,0,0,0.7983666062355042,0.20163340866565704
481,18,0,0,0.8381222486495972,0.16187770664691925
481,19,0,1,0.06793389469385147,0.9320660829544067
482,0,0,0,0.7863850593566895,0.21361491084098816
482,1,0,0,0.6060823798179626,0.39391764998435974
482,2,0,0,0.8463919162750244,0.15360808372497559
482,3,1,1,0.0314021110534668,0.9685978889465332
482,4,0,0,0.7798172235488892,0.22018270194530487
482,5,0,0,0.9865102171897888,0.01348975021392107
482,6,0,0,0.6897132396697998,0.31028681993484497
482,7,1,1,0.38388529419898987,0.6161147356033325
482,8,0,0,0.7397032976150513,0.2602967619895935
482,9,0,1,0.045200031250715256,0.9547999501228333
482,10,0,0,0.9836996793746948,0.01630038395524025
482,11,0,0,0.6615312099456787,0.3384687900543213
482,12,1,1,0.024843888357281685,0.9751561284065247
482,13,0,0,0.8269420862197876,0.17305795848369598
482,14,0,0,0.8781481981277466,0.12185179442167282
482,15,0,0,0.7100001573562622,0.289999783039093
482,16,0,0,0.7580063343048096,0.24199369549751282
482,17,0,0,0.7978699803352356,0.2021300345659256
482,18,0,0,0.7658187747001648,0.2341812402009964
482,19,0,1,0.12319006025791168,0.8768098950386047
483,0,0,0,0.7385852932929993,0.2614147663116455
483,1,0,1,0.2516900599002838,0.7483099102973938
483,2,0,0,0.6949935555458069,0.3050065338611603
483,3,1,1,0.3007832467556,0.6992167234420776
483,4,0,0,0.9177170991897583,0.08228293061256409
483,5,0,0,0.8416290283203125,0.1583709716796875
483,6,0,1,0.4299689829349518,0.5700310468673706
483,7,1,1,0.12430799752473831,0.8756920695304871
483,8,0,0,0.7604460120201111,0.23955391347408295
483,9,0,1,0.15976057946681976,0.8402394652366638
483,10,0,0,0.7163905501365662,0.2836095094680786
483,11,0,0,0.7721073627471924,0.2278926521539688
483,12,1,1,0.07299790531396866,0.9270021319389343
483,13,0,0,0.7533446550369263,0.24665534496307373
483,14,0,0,0.8582175374031067,0.1417824923992157
483,15,0,0,0.7674846053123474,0.23251546919345856
483,16,0,0,0.8522876501083374,0.1477123349905014
483,17,0,0,0.7746376395225525,0.22536244988441467
483,18,0,1,0.2786666452884674,0.721333384513855
483,19,0,0,0.5649893879890442,0.43501052260398865
484,0,0,0,0.7498395442962646,0.25016048550605774
484,1,0,1,0.492508202791214,0.5074918866157532
484,2,0,1,0.45695409178733826,0.5430459380149841
484,3,1,1,0.06949371844530106,0.9305062890052795
484,4,0,0,0.870530366897583,0.12946966290473938
484,5,0,0,0.9552333354949951,0.04476667568087578
484,6,0,1,0.4886789619922638,0.5113210082054138
484,7,1,1,0.17944586277008057,0.8205541372299194
484,8,0,1,0.4757140576839447,0.5242859721183777
484,9,0,0,0.5035681128501892,0.4964318871498108
484,10,0,0,0.9636213183403015,0.036378633230924606
484,11,0,1,0.48192262649536133,0.5180774331092834
484,12,1,1,0.16656284034252167,0.8334371447563171
484,13,0,1,0.35345444083213806,0.6465455889701843
484,14,0,0,0.771699845790863,0.22830013930797577
484,15,0,1,0.4817674458026886,0.5182325839996338
484,16,0,0,0.7520763278007507,0.24792365729808807
484,17,0,0,0.5804245471954346,0.41957542300224304
484,18,0,0,0.7709546685218811,0.22904540598392487
484,19,0,0,0.5034342408180237,0.49656572937965393
485,0,0,0,0.5606394410133362,0.43936052918434143
485,1,0,1,0.4438110291957855,0.5561888813972473
485,2,0,0,0.8284213542938232,0.17157863080501556
485,3,1,1,0.3404040038585663,0.6595960259437561
485,4,0,0,0.6801568269729614,0.31984320282936096
485,5,0,0,0.9036031365394592,0.09639683365821838
485,6,0,1,0.35760465264320374,0.6423953771591187
485,7,1,1,0.1068955510854721,0.8931044936180115
485,8,0,0,0.8094465732574463,0.1905534565448761
485,9,0,1,0.027178408578038216,0.9728216528892517
485,10,0,0,0.9515043497085571,0.04849568381905556
485,11,0,0,0.8716326951980591,0.12836726009845734
485,12,1,1,0.010769017972052097,0.9892310500144958
485,13,0,0,0.8687260150909424,0.1312739998102188
485,14,0,0,0.8813533186912537,0.11864667385816574
485,15,0,0,0.8716326951980591,0.12836728990077972
485,16,0,0,0.5732443332672119,0.4267556965351105
485,17,0,0,0.5732828974723816,0.4267171323299408
485,18,0,0,0.6844674944877625,0.3155324459075928
485,19,0,0,0.6044399738311768,0.39555996656417847
486,0,0,0,0.7186856269836426,0.28131434321403503
486,1,0,0,0.5687652230262756,0.43123477697372437
486,2,0,0,0.5858166217803955,0.4141834080219269
486,3,1,1,0.028900863602757454,0.9710991382598877
486,4,0,0,0.7865108251571655,0.21348924934864044
486,5,0,0,0.9480178356170654,0.05198211222887039
486,6,0,0,0.6541106700897217,0.3458893299102783
486,7,1,0,0.7363664507865906,0.26363351941108704
486,8,0,0,0.6006187796592712,0.39938127994537354
486,9,0,1,0.48517972230911255,0.5148203372955322
486,10,0,0,0.8102561831474304,0.18974386155605316
486,11,0,1,0.43050438165664673,0.5694956183433533
486,12,1,1,0.012511160224676132,0.9874888062477112
486,13,0,1,0.3410092890262604,0.658990740776062
486,14,0,0,0.811945915222168,0.18805405497550964
486,15,0,0,0.618315577507019,0.38168448209762573
486,16,0,1,0.2620146572589874,0.737985372543335
486,17,0,0,0.7198938727378845,0.2801061272621155
486,18,0,0,0.770770251750946,0.22922973334789276
486,19,0,1,0.40956276655197144,0.5904371738433838
487,0,0,0,0.7868019938468933,0.21319803595542908
487,1,0,0,0.7153940200805664,0.284606009721756
487,2,0,0,0.7195629477500916,0.28043705224990845
487,3,1,1,0.04985157400369644,0.9501484632492065
487,4,0,0,0.9354755878448486,0.06452445685863495
487,5,0,0,0.9772271513938904,0.022772807627916336
487,6,0,0,0.7139908075332642,0.2860092520713806
487,7,1,1,0.03166161850094795,0.9683383703231812
487,8,0,0,0.5059367418289185,0.49406328797340393
487,9,0,1,0.2925708293914795,0.7074291706085205
487,10,0,0,0.9906300902366638,0.009369896724820137
487,11,0,0,0.6165347099304199,0.3834652900695801
487,12,1,1,0.16012071073055267,0.8398792147636414
487,13,0,0,0.5554251074790955,0.44457489252090454
487,14,0,0,0.9017664790153503,0.09823352098464966
487,15,0,0,0.5059367418289185,0.49406328797340393
487,16,0,0,0.8445740938186646,0.15542595088481903
487,17,0,0,0.8605477809906006,0.13945221900939941
487,18,0,0,0.9035049676895142,0.09649504721164703
487,19,0,0,0.6402837038040161,0.3597162663936615
488,0,0,0,0.684576690196991,0.31542325019836426
488,1,0,1,0.16618317365646362,0.8338168859481812
488,2,0,0,0.7494785785675049,0.2505214214324951
488,3,1,1,0.017301976680755615,0.9826980233192444
488,4,0,0,0.843414843082428,0.1565852165222168
488,5,0,0,0.9624744653701782,0.0375254824757576
488,6,0,0,0.6845767498016357,0.31542322039604187
488,7,1,0,0.716098964214325,0.2839010953903198
488,8,0,0,0.6388745903968811,0.3611254096031189
488,9,0,0,0.7270383834838867,0.27296164631843567
488,10,0,0,0.8510521054267883,0.14894789457321167
488,11,0,0,0.7171733975410461,0.28282663226127625
488,12,1,1,0.009838957339525223,0.9901610612869263
488,13,0,0,0.7022168040275574,0.297783225774765
488,14,0,0,0.868485152721405,0.13151481747627258
488,15,0,0,0.6446260809898376,0.35537394881248474
488,16,0,0,0.8463106155395508,0.15368938446044922
488,17,0,0,0.8551071286201477,0.1448928564786911
488,18,0,0,0.6139883995056152,0.38601154088974
488,19,0,0,0.5565196871757507,0.4434802830219269
489,0,0,0,0.5659694075584412,0.4340306520462036
489,1,0,0,0.5991666316986084,0.4008333384990692
489,2,0,0,0.8933448195457458,0.10665512084960938
489,3,1,1,0.02866765670478344,0.9713323712348938
489,4,0,0,0.9466718435287476,0.053328096866607666
489,5,0,0,0.7900642156600952,0.20993572473526
489,6,0,0,0.5851052403450012,0.41489478945732117
489,7,1,1,0.025392407551407814,0.974607527256012
489,8,0,0,0.8564398884773254,0.14356008172035217
489,9,0,0,0.6733770370483398,0.32662296295166016
489,10,0,0,0.8612733483314514,0.13872665166854858
489,11,0,0,0.8644582033157349,0.13554184138774872
489,12,1,0,0.6417974829673767,0.3582025468349457
489,13,0,0,0.8583399057388306,0.14166009426116943
489,14,0,0,0.9271837472915649,0.07281626760959625
489,15,0,0,0.8568939566612244,0.14310608804225922
489,16,0,0,0.8567789793014526,0.14322099089622498
489,17,0,0,0.8718516826629639,0.12814828753471375
489,18,0,0,0.9035806655883789,0.09641937166452408
489,19,0,0,0.7147063612937927,0.2852936387062073
490,0,0,0,0.7174471020698547,0.28255292773246765
490,1,0,0,0.7699039578437805,0.2300960272550583
490,2,0,0,0.8590761423110962,0.140923872590065
490,3,1,0,0.7213691473007202,0.2786308228969574
490,4,0,0,0.9613621830940247,0.038637809455394745
490,5,0,0,0.6704578995704651,0.3295421302318573
490,6,0,0,0.7549226880073547,0.24507734179496765
490,7,1,1,0.1787956953048706,0.8212043046951294
490,8,0,0,0.7272457480430603,0.2727542519569397
490,9,0,0,0.7545974850654602,0.24540254473686218
490,10,0,0,0.7314032912254333,0.26859667897224426
490,11,0,0,0.730347752571106,0.26965218782424927
490,12,1,0,0.6690693497657776,0.3309307098388672
490,13,0,0,0.7272457480430603,0.2727542519569397
490,14,0,0,0.9534388780593872,0.0465611033141613
490,15,0,0,0.764741837978363,0.23525813221931458
490,16,0,0,0.9026886224746704,0.09731132537126541
490,17,0,0,0.9298562407493591,0.07014375925064087
490,18,0,0,0.9551314115524292,0.04486854374408722
490,19,0,0,0.8285868763923645,0.17141306400299072
491,0,0,1,0.09273360669612885,0.9072664380073547
491,1,0,1,0.11485093832015991,0.8851490616798401
491,2,0,0,0.8735252618789673,0.1264747530221939
491,3,1,1,0.02227303758263588,0.9777269959449768
491,4,0,1,0.4637649655342102,0.5362350344657898
491,5,0,0,0.9740232825279236,0.025976771488785744
491,6,0,1,0.23091371357440948,0.7690863013267517
491,7,1,1,0.3766246736049652,0.6233752965927124
491,8,0,0,0.835116982460022,0.1648830771446228
491,9,0,1,0.07506965845823288,0.9249303936958313
491,10,0,0,0.9782878756523132,0.021712135523557663
491,11,0,0,0.8546832799911499,0.1453167051076889
491,12,1,1,0.03324860334396362,0.9667513966560364
491,13,0,0,0.8542972803115845,0.1457027643918991
491,14,0,1,0.49520087242126465,0.5047990679740906
491,15,0,0,0.8584967851638794,0.1415032148361206
491,16,0,1,0.14936606585979462,0.8506339192390442
491,17,0,1,0.4385864734649658,0.561413586139679
491,18,0,1,0.2591649293899536,0.7408350706100464
491,19,0,1,0.313235878944397,0.686764121055603
492,0,0,0,0.8604743480682373,0.13952557742595673
492,1,0,0,0.8884589076042175,0.1115410253405571
492,2,0,0,0.9135864973068237,0.0864134356379509
492,3,1,1,0.09133061021566391,0.9086694121360779
492,4,0,0,0.8354827761650085,0.16451720893383026
492,5,0,0,0.9914996027946472,0.008500397205352783
492,6,0,0,0.9054327607154846,0.09456724673509598
492,7,1,1,0.33772391080856323,0.6622761487960815
492,8,0,0,0.7487354874610901,0.2512644827365875
492,9,0,0,0.975229024887085,0.024770935997366905
492,10,0,0,0.9934746623039246,0.00652531161904335
492,11,0,1,0.1433732807636261,0.8566267490386963
492,12,1,1,0.16290009021759033,0.8370998501777649
492,13,0,0,0.6177089810371399,0.3822910189628601
492,14,0,0,0.8502450585365295,0.14975491166114807
492,15,0,1,0.10720223188400269,0.8927977681159973
492,16,0,0,0.8617281317710876,0.13827182352542877
492,17,0,0,0.8768724203109741,0.12312760949134827
492,18,0,0,0.8720975518226624,0.12790244817733765
492,19,0,0,0.9860299229621887,0.013970094732940197
493,0,0,0,0.7214685678482056,0.2785314619541168
493,1,0,1,0.23009808361530304,0.7699019312858582
493,2,0,0,0.6855815052986145,0.3144185245037079
493,3,1,1,0.28781241178512573,0.7121875882148743
493,4,0,0,0.6033297181129456,0.39667025208473206
493,5,0,0,0.9537902474403381,0.04620978608727455
493,6,0,0,0.6867560148239136,0.31324395537376404
493,7,1,1,0.3251257836818695,0.6748741865158081
493,8,0,0,0.5967941880226135,0.40320584177970886
493,9,0,0,0.9355072975158691,0.06449265033006668
493,10,0,0,0.9674083590507507,0.03259164094924927
493,11,0,0,0.6084850430488586,0.39151498675346375
493,12,1,1,0.00795571506023407,0.99204421043396
493,13,0,0,0.7037022113800049,0.2962978184223175
493,14,0,0,0.5716138482093811,0.4283860921859741
493,15,0,0,0.5029111504554749,0.49708881974220276
493,16,0,1,0.24779389798641205,0.7522060871124268
493,17,0,0,0.5765394568443298,0.4234604835510254
493,18,0,1,0.3284490406513214,0.6715509295463562
493,19,0,0,0.8725059628486633,0.12749408185482025
494,0,0,0,0.6564106345176697,0.3435893952846527
494,1,0,1,0.47667139768600464,0.5233286023139954
494,2,0,0,0.7646310329437256,0.23536895215511322
494,3,1,1,0.43144845962524414,0.5685515999794006
494,4,0,0,0.8404237627983093,0.15957623720169067
494,5,0,0,0.9868990182876587,0.013100959360599518
494,6,0,0,0.8553956747055054,0.14460429549217224
494,7,1,1,0.18983857333660126,0.8101614117622375
494,8,0,0,0.6628655195236206,0.33713454008102417
494,9,0,0,0.8904443383216858,0.10955572128295898
494,10,0,0,0.9931257963180542,0.006874233018606901
494,11,0,0,0.5824864506721497,0.41751357913017273
494,12,1,1,0.26289474964141846,0.7371052503585815
494,13,0,0,0.80399489402771,0.19600504636764526
494,14,0,0,0.8366341590881348,0.16336579620838165
494,15,0,0,0.5293666124343872,0.4706333577632904
494,16,0,0,0.6183630228042603,0.3816368877887726
494,17,0,0,0.7764695882797241,0.22353039681911469
494,18,0,0,0.7722446322441101,0.2277553826570511
494,19,0,0,0.6629217863082886,0.3370782136917114
495,0,0,0,0.7198812365531921,0.28011879324913025
495,1,0,0,0.7761373519897461,0.2238626629114151
495,2,0,0,0.5691095590591431,0.4308904707431793
495,3,1,1,0.11245328933000565,0.887546718120575
495,4,0,0,0.6022855043411255,0.3977144956588745
495,5,0,0,0.9838587641716003,0.01614120602607727
495,6,0,0,0.5720601081848145,0.42793983221054077
495,7,1,1,0.024314310401678085,0.975685715675354
495,8,0,0,0.6540789604187012,0.34592100977897644
495,9,0,0,0.941802442073822,0.05819761008024216
495,10,0,0,0.9870059490203857,0.012994031421840191
495,11,0,0,0.5774205923080444,0.42257943749427795
495,12,1,1,0.4127005338668823,0.5872995257377625
495,13,0,1,0.0646233856678009,0.9353765845298767
495,14,0,1,0.48671793937683105,0.5132820010185242
495,15,0,0,0.6378454566001892,0.362154483795166
495,16,0,0,0.7826119065284729,0.2173881232738495
495,17,0,0,0.5582648515701294,0.441735178232193
495,18,0,0,0.5241048336029053,0.47589510679244995
495,19,0,0,0.9675288796424866,0.032471127808094025
496,0,0,0,0.6761514544487,0.32384851574897766
496,1,0,1,0.45552176237106323,0.544478178024292
496,2,0,0,0.9119908809661865,0.08800908923149109
496,3,1,1,0.06261084228754044,0.9373891353607178
496,4,0,0,0.8548499345779419,0.1451500654220581
496,5,0,0,0.981590747833252,0.018409186974167824
496,6,0,0,0.7466819882392883,0.2533179521560669
496,7,1,0,0.8519617319107056,0.14803823828697205
496,8,0,0,0.7738312482833862,0.2261687070131302
496,9,0,0,0.9473422765731812,0.05265771225094795
496,10,0,0,0.9849453568458557,0.015054630115628242
496,11,0,1,0.2938689887523651,0.7061310410499573
496,12,1,1,0.15291869640350342,0.8470813035964966
496,13,0,0,0.5291564464569092,0.4708436131477356
496,14,0,0,0.9339715242385864,0.06602849811315536
496,15,0,0,0.7913534641265869,0.2086464762687683
496,16,0,0,0.7782291173934937,0.22177091240882874
496,17,0,0,0.7981396317481995,0.20186033844947815
496,18,0,0,0.8225518465042114,0.17744822800159454
496,19,0,0,0.9638472199440002,0.036152828484773636
497,0,0,0,0.9246523380279541,0.0753476470708847
497,1,0,0,0.9512099027633667,0.04879012703895569
497,2,0,1,0.4435829520225525,0.5564169883728027
497,3,1,1,0.04133162274956703,0.9586683511734009
497,4,0,0,0.7785685062408447,0.22143147885799408
497,5,0,0,0.9901213645935059,0.009878708980977535
497,6,0,0,0.8354384899139404,0.16456153988838196
497,7,1,0,0.8124619722366333,0.1875379979610443
497,8,0,1,0.32217109203338623,0.677828848361969
497,9,0,0,0.9738359451293945,0.026164136826992035
497,10,0,0,0.991489052772522,0.008510977029800415
497,11,0,1,0.2779861092567444,0.7220138311386108
497,12,1,1,0.4031999409198761,0.5968000888824463
497,13,0,1,0.3301314115524292,0.6698685884475708
497,14,0,0,0.8627777099609375,0.13722233474254608
497,15,0,1,0.4196733832359314,0.5803265571594238
497,16,0,0,0.9302096366882324,0.06979042291641235
497,17,0,0,0.8463725447654724,0.15362749993801117
497,18,0,0,0.5662533044815063,0.4337466359138489
497,19,0,0,0.9886160492897034,0.011383953504264355
498,0,0,0,0.8246103525161743,0.17538957297801971
498,1,0,1,0.3272971510887146,0.6727027893066406
498,2,0,0,0.9376076459884644,0.062392376363277435
498,3,1,1,0.07357421517372131,0.9264258146286011
498,4,0,0,0.7566633820533752,0.24333664774894714
498,5,0,0,0.9438900947570801,0.05610989034175873
498,6,0,0,0.7950056791305542,0.204994335770607
498,7,1,0,0.6981908679008484,0.3018091917037964
498,8,0,0,0.8893370032310486,0.11066296696662903
498,9,0,0,0.8524936437606812,0.14750637114048004
498,10,0,0,0.8352822661399841,0.16471776366233826
498,11,0,0,0.7631880640983582,0.23681198060512543
498,12,1,1,0.0940236821770668,0.9059763550758362
498,13,0,0,0.7542771697044373,0.24572286009788513
498,14,0,0,0.9456350207328796,0.05436499044299126
498,15,0,0,0.9018378257751465,0.09816215187311172
498,16,0,0,0.8124179244041443,0.1875821053981781
498,17,0,0,0.7926508188247681,0.20734915137290955
498,18,0,1,0.3504911959171295,0.6495087742805481
498,19,0,1,0.09418278187513351,0.9058171510696411
499,0,0,0,0.8319406509399414,0.1680593341588974
499,1,0,0,0.9035626649856567,0.09643729031085968
499,2,0,0,0.9125797152519226,0.08742032200098038
499,3,1,1,0.05664987862110138,0.9433501362800598
499,4,0,0,0.7821824550628662,0.21781758964061737
499,5,0,0,0.9639422297477722,0.036057714372873306
499,6,0,0,0.5494984984397888,0.4505014419555664
499,7,1,0,0.7815115451812744,0.21848849952220917
499,8,0,0,0.8098348379135132,0.19016510248184204
499,9,0,0,0.9105796217918396,0.08942041546106339
499,10,0,0,0.9706715941429138,0.029328392818570137
499,11,0,1,0.3927748203277588,0.607225239276886
499,12,1,1,0.4474373757839203,0.5525626540184021
499,13,0,0,0.678501546382904,0.32149839401245117
499,14,0,0,0.904879629611969,0.09512036293745041
499,15,0,0,0.8308435678482056,0.16915641725063324
499,16,0,0,0.8884084224700928,0.11159158498048782
499,17,0,0,0.7418965101242065,0.25810348987579346
499,18,0,0,0.8063363432884216,0.19366367161273956
499,19,0,0,0.9518306255340576,0.048169344663619995
500,0,0,0,0.8723986148834229,0.12760137021541595
500,1,0,0,0.8924599885940552,0.10754004120826721
500,2,0,0,0.8365569114685059,0.16344304382801056
500,3,1,1,0.45037978887557983,0.5496202111244202
500,4,0,1,0.24437279999256134,0.7556272745132446
500,5,0,0,0.9154945611953735,0.08450544625520706
500,6,0,0,0.648690938949585,0.35130900144577026
500,7,1,1,0.03945063427090645,0.9605493545532227
500,8,0,0,0.8123805522918701,0.18761947751045227
500,9,0,0,0.7644559144973755,0.2355441004037857
500,10,0,0,0.9397071599960327,0.060292888432741165
500,11,0,0,0.7534812688827515,0.24651867151260376
500,12,1,1,0.21706849336624146,0.7829315662384033
500,13,0,0,0.8314242959022522,0.1685757040977478
500,14,0,0,0.9182087182998657,0.08179127424955368
500,15,0,0,0.7551442980766296,0.24485565721988678
500,16,0,0,0.8635387420654297,0.13646124303340912
500,17,0,0,0.8706284761428833,0.1293715238571167
500,18,0,0,0.8924012184143066,0.10759881883859634
500,19,0,0,0.6262597441673279,0.3737402558326721
501,0,0,0,0.5887249708175659,0.4112750291824341
501,1,0,1,0.4270246624946594,0.5729753375053406
501,2,0,0,0.7831990718841553,0.21680094301700592
501,3,1,1,0.4808431565761566,0.5191568732261658
501,4,0,1,0.4609454572200775,0.5390545725822449
501,5,0,0,0.9489696621894836,0.05103035271167755
501,6,0,1,0.2822091281414032,0.7177908420562744
501,7,1,1,0.07599577307701111,0.9240042567253113
501,8,0,0,0.6535091996192932,0.3464908003807068
501,9,0,0,0.8851054310798645,0.1148945763707161
501,10,0,0,0.9753867387771606,0.024613212794065475
501,11,0,0,0.7542151808738708,0.24578487873077393
501,12,1,1,0.10840795934200287,0.8915920257568359
501,13,0,0,0.5067627429962158,0.4932371973991394
501,14,0,1,0.4576452672481537,0.5423547625541687
501,15,0,0,0.5897029638290405,0.4102970361709595
501,16,0,1,0.2986273169517517,0.7013726830482483
501,17,0,1,0.08595927059650421,0.914040744304657
501,18,0,1,0.3428069055080414,0.6571930646896362
501,19,0,0,0.6672245860099792,0.33277541399002075
502,0,0,0,0.6529126763343811,0.3470873534679413
502,1,0,1,0.493985116481781,0.5060149431228638
502,2,0,0,0.8456312417984009,0.1543687880039215
502,3,1,1,0.46892133355140686,0.5310786366462708
502,4,0,1,0.257979154586792,0.742020845413208
502,5,0,0,0.9966819882392883,0.003318015718832612
502,6,0,1,0.34598302841186523,0.6540169715881348
502,7,1,1,0.29860109090805054,0.7013989686965942
502,8,0,0,0.8221491575241089,0.1778508871793747
502,9,0,0,0.9923986792564392,0.007601357530802488
502,10,0,0,0.9977879524230957,0.002211997751146555
502,11,0,1,0.4306918978691101,0.5693081021308899
502,12,1,1,0.025502461940050125,0.9744974970817566
502,13,0,1,0.45918697118759155,0.5408130288124084
502,14,0,0,0.8798053860664368,0.12019459158182144
502,15,0,0,0.6314029693603516,0.36859700083732605
502,16,0,1,0.26376843452453613,0.7362315654754639
502,17,0,1,0.29047659039497375,0.7095234990119934
502,18,0,1,0.30509260296821594,0.6949074268341064
502,19,0,0,0.9527214169502258,0.047278571873903275
503,0,0,0,0.9234562516212463,0.07654381543397903
503,1,0,0,0.9677903056144714,0.032209645956754684
503,2,0,0,0.9330790042877197,0.06692095100879669
503,3,1,1,0.07424163073301315,0.925758421421051
503,4,0,0,0.5862909555435181,0.4137090742588043
503,5,0,0,0.8689958453178406,0.131004199385643
503,6,0,0,0.7495551705360413,0.25044479966163635
503,7,1,1,0.19041991233825684,0.8095800876617432
503,8,0,0,0.9225789308547974,0.07742106169462204
503,9,0,0,0.8229138255119324,0.17708617448806763
503,10,0,0,0.9569627046585083,0.04303725063800812
503,11,0,0,0.8959089517593384,0.10409098863601685
503,12,1,0,0.7302483320236206,0.2697516977787018
503,13,0,1,0.4727870225906372,0.5272129774093628
503,14,0,0,0.8496130108833313,0.1503870040178299
503,15,0,0,0.9215054512023926,0.07849450409412384
503,16,0,0,0.9534345269203186,0.046565402299165726
503,17,0,0,0.7250311374664307,0.27496886253356934
503,18,0,0,0.717476487159729,0.282523512840271
503,19,0,0,0.9043545126914978,0.09564543515443802
504,0,0,0,0.9514443278312683,0.04855559393763542
504,1,0,0,0.9690714478492737,0.030928606167435646
504,2,0,0,0.9316518306732178,0.06834814697504044
504,3,1,1,0.07664824277162552,0.9233517050743103
504,4,0,0,0.7334939241409302,0.26650604605674744
504,5,0,0,0.5666670203208923,0.4333328902721405
504,6,0,1,0.43214914202690125,0.5678508281707764
504,7,1,0,0.6260678768157959,0.3739320933818817
504,8,0,0,0.8969141244888306,0.10308587551116943
504,9,0,0,0.6453572511672974,0.35464271903038025
504,10,0,0,0.8930732011795044,0.10692685097455978
504,11,0,0,0.649228036403656,0.3507719933986664
504,12,1,1,0.15891489386558533,0.8410851359367371
504,13,0,0,0.7499925494194031,0.2500074803829193
504,14,0,0,0.8850648999214172,0.11493507027626038
504,15,0,0,0.9302939772605896,0.0697060376405716
504,16,0,0,0.9461019039154053,0.05389804393053055
504,17,0,0,0.7830283641815186,0.21697157621383667
504,18,0,0,0.820886492729187,0.1791134625673294
504,19,0,1,0.16105233132839203,0.8389477133750916
505,0,0,0,0.9903594255447388,0.009640583768486977
505,1,0,0,0.9859288334846497,0.014071139506995678
505,2,0,0,0.9079210162162781,0.09207896888256073
505,3,1,1,0.46086597442626953,0.5391340851783752
505,4,0,0,0.8070165514945984,0.19298340380191803
505,5,0,0,0.9404662251472473,0.059533800929784775
505,6,0,1,0.49608704447746277,0.5039129257202148
505,7,1,0,0.6930361390113831,0.30696389079093933
505,8,0,0,0.8589836359024048,0.1410163938999176
505,9,0,0,0.9676873683929443,0.03231263533234596
505,10,0,0,0.9766765236854553,0.02332351915538311
505,11,0,0,0.7111404538154602,0.2888595163822174
505,12,1,1,0.014371166937053204,0.9856288433074951
505,13,0,0,0.7186999917030334,0.28130000829696655
505,14,0,0,0.9110553860664368,0.08894461393356323
505,15,0,0,0.8919371366500854,0.10806289315223694
505,16,0,0,0.9727716445922852,0.02722832001745701
505,17,0,0,0.8216633200645447,0.1783367246389389
505,18,0,0,0.5325851440429688,0.46741485595703125
505,19,0,0,0.960820734500885,0.0391792431473732
506,0,0,0,0.795924186706543,0.20407581329345703
506,1,0,0,0.8968242406845093,0.10317575931549072
506,2,0,0,0.8787825107574463,0.12121749669313431
506,3,1,1,0.04234379902482033,0.9576562643051147
506,4,0,1,0.4035781919956207,0.5964218974113464
506,5,0,0,0.9654409289360046,0.03455903381109238
506,6,0,0,0.7715400457382202,0.22845987975597382
506,7,1,1,0.16567464172840118,0.8343254327774048
506,8,0,0,0.8368788957595825,0.1631210744380951
506,9,0,0,0.950244128704071,0.04975590482354164
506,10,0,0,0.9744773507118225,0.02552267536520958
506,11,0,0,0.7606907486915588,0.23930925130844116
506,12,1,1,0.010520228184759617,0.9894798398017883
506,13,0,1,0.18513759970664978,0.8148624300956726
506,14,0,0,0.9535177946090698,0.04648217931389809
506,15,0,0,0.9160493016242981,0.08395064622163773
506,16,0,0,0.7648183107376099,0.2351817488670349
506,17,0,0,0.7063437700271606,0.29365620017051697
506,18,0,1,0.06614583730697632,0.9338541030883789
506,19,0,0,0.965289294719696,0.034710682928562164
507,0,0,0,0.9451987743377686,0.05480123683810234
507,1,0,0,0.9666109085083008,0.03338911756873131
507,2,0,0,0.5163045525550842,0.48369544744491577
507,3,1,1,0.031065285205841064,0.9689347743988037
507,4,0,0,0.8275551795959473,0.17244485020637512
507,5,0,0,0.9888312816619873,0.011168680153787136
507,6,0,0,0.8113157153129578,0.18868426978588104
507,7,1,1,0.054026294499635696,0.9459736943244934
507,8,0,1,0.3362731635570526,0.6637269258499146
507,9,0,0,0.9555774331092834,0.04442254453897476
507,10,0,0,0.9916184544563293,0.008381626568734646
507,11,0,1,0.355298787355423,0.6447011828422546
507,12,1,0,0.6401432156562805,0.3598567843437195
507,13,0,1,0.38794881105422974,0.6120511889457703
507,14,0,0,0.8184206485748291,0.18157930672168732
507,15,0,0,0.504963755607605,0.4950363337993622
507,16,0,0,0.9555742740631104,0.04442571476101875
507,17,0,0,0.8398247361183167,0.16017527878284454
507,18,0,0,0.6048502922058105,0.3951496481895447
507,19,0,0,0.9790610671043396,0.020938966423273087
508,0,0,0,0.8926218748092651,0.10737811774015427
508,1,0,0,0.6970412135124207,0.30295878648757935
508,2,0,0,0.8405050039291382,0.15949496626853943
508,3,1,1,0.08008634299039841,0.919913649559021
508,4,0,0,0.6212953329086304,0.37870460748672485
508,5,0,0,0.9673656821250916,0.03263439983129501
508,6,0,0,0.6807654500007629,0.3192344903945923
508,7,1,1,0.08315611630678177,0.9168438911437988
508,8,0,0,0.5611509084701538,0.4388490319252014
508,9,0,0,0.6696106791496277,0.3303893208503723
508,10,0,0,0.9719905853271484,0.028009429574012756
508,11,0,1,0.3826765716075897,0.6173233985900879
508,12,1,1,0.005170099902898073,0.9948299527168274
508,13,0,0,0.5124059915542603,0.48759394884109497
508,14,0,0,0.9207140207290649,0.07928602397441864
508,15,0,0,0.8362453579902649,0.1637546569108963
508,16,0,0,0.8785573840141296,0.12144266813993454
508,17,0,0,0.5756350159645081,0.42436501383781433
508,18,0,0,0.5611289739608765,0.4388710558414459
508,19,0,0,0.9687898755073547,0.031210094690322876
509,0,0,1,0.28773266077041626,0.7122673988342285
509,1,0,1,0.46427270770072937,0.535727322101593
509,2,0,0,0.9861262440681458,0.01387376245111227
509,3,1,0,0.5252944827079773,0.4747055172920227
509,4,0,0,0.7666576504707336,0.23334231972694397
509,5,0,0,0.9165828227996826,0.08341723680496216
509,6,0,1,0.471441388130188,0.528558611869812
509,7,1,0,0.7332267165184021,0.2667733132839203
509,8,0,0,0.982110321521759,0.01788964308798313
509,9,0,1,0.42521923780441284,0.5747807621955872
509,10,0,0,0.9437723159790039,0.05622765049338341
509,11,0,1,0.245669886469841,0.7543300986289978
509,12,1,1,0.12281898409128189,0.8771809935569763
509,13,0,0,0.7662664651870728,0.23373354971408844
509,14,0,0,0.9580970406532288,0.04190294072031975
509,15,0,0,0.9410008192062378,0.058999184519052505
509,16,0,1,0.3530127704143524,0.6469871997833252
509,17,0,1,0.15433861315250397,0.8456613421440125
509,18,0,0,0.7570247650146484,0.24297524988651276
509,19,0,0,0.703384518623352,0.29661551117897034
510,0,0,0,0.6750078201293945,0.3249921500682831
510,1,0,1,0.4222677946090698,0.5777322053909302
510,2,0,0,0.7320091128349304,0.2679908871650696
510,3,1,1,0.01151497382670641,0.9884849786758423
510,4,0,0,0.5472604632377625,0.4527394473552704
510,5,0,0,0.9790544509887695,0.020945606753230095
510,6,0,1,0.48619896173477173,0.5138010382652283
510,7,1,1,0.04218988120555878,0.95781010389328
510,8,0,0,0.6360799074172974,0.36392006278038025
510,9,0,1,0.4913595914840698,0.508640468120575
510,10,0,0,0.9805071353912354,0.019492855295538902
510,11,0,0,0.6647318601608276,0.33526811003685
510,12,1,1,0.07893218100070953,0.9210678339004517
510,13,0,1,0.38092440366744995,0.61907559633255
510,14,0,0,0.6361479163169861,0.3638520836830139
510,15,0,0,0.7865148782730103,0.21348518133163452
510,16,0,1,0.39209920167922974,0.6079007983207703
510,17,0,1,0.12204542756080627,0.8779545426368713
510,18,0,0,0.5193673372268677,0.4806327223777771
510,19,0,0,0.9825833439826965,0.01741667278110981
511,0,0,0,0.7178815603256226,0.2821185290813446
511,1,0,0,0.8994805812835693,0.10051939636468887
511,2,0,0,0.9724645018577576,0.027535492554306984
511,3,1,1,0.4470813572406769,0.5529186725616455
511,4,0,1,0.4335828721523285,0.5664170980453491
511,5,0,0,0.8179932832717896,0.18200668692588806
511,6,0,1,0.41267648339271545,0.5873235464096069
511,7,1,1,0.3623214364051819,0.6376785635948181
511,8,0,0,0.9519212245941162,0.0480787493288517
511,9,0,0,0.558462381362915,0.4415375590324402
511,10,0,0,0.8758755922317505,0.1241244375705719
511,11,0,0,0.9261198043823242,0.0738801658153534
511,12,1,1,0.2032274752855301,0.7967725396156311
511,13,0,1,0.34837988018989563,0.651620090007782
511,14,0,0,0.9481987357139587,0.05180121585726738
511,15,0,0,0.9341371059417725,0.06586295366287231
511,16,0,0,0.7963041663169861,0.20369581878185272
511,17,0,1,0.41775161027908325,0.5822483897209167
511,18,0,1,0.4315086305141449,0.5684913992881775
511,19,0,1,0.4731264114379883,0.5268735885620117
512,0,0,0,0.9470080733299255,0.052991919219493866
512,1,0,0,0.9757247567176819,0.02427526004612446
512,2,0,0,0.7210541367530823,0.2789459526538849
512,3,1,1,0.08176574110984802,0.9182342290878296
512,4,0,0,0.6938060522079468,0.3061939477920532
512,5,0,0,0.9170790314674377,0.08292098343372345
512,6,0,0,0.5931732654571533,0.40682676434516907
512,7,1,0,0.5484734773635864,0.4515264630317688
512,8,0,0,0.8206917643547058,0.17930826544761658
512,9,0,0,0.6542688012123108,0.3457312285900116
512,10,0,0,0.8552584052085876,0.14474159479141235
512,11,0,0,0.8255041241645813,0.1744958609342575
512,12,1,1,0.14447708427906036,0.8555229902267456
512,13,0,0,0.5775889754295349,0.4224109947681427
512,14,0,0,0.6938060522079468,0.3061939477920532
512,15,0,0,0.6250464916229248,0.3749534785747528
512,16,0,0,0.9420543909072876,0.05794556438922882
512,17,0,1,0.2664221525192261,0.7335778474807739
512,18,0,0,0.625002384185791,0.37499764561653137
512,19,0,0,0.9160199165344238,0.08398003876209259
513,0,0,0,0.9451925754547119,0.05480743572115898
513,1,0,0,0.9454599022865295,0.05454007163643837
513,2,0,0,0.8905231952667236,0.10947682708501816
513,3,1,1,0.045529697090387344,0.9544703364372253
513,4,0,0,0.8409847021102905,0.15901532769203186
513,5,0,0,0.5221062302589417,0.47789373993873596
513,6,0,0,0.6445807218551636,0.3554192781448364
513,7,1,1,0.08076778054237366,0.919232189655304
513,8,0,0,0.831536054611206,0.16846393048763275
513,9,0,0,0.6644974946975708,0.3355024755001068
513,10,0,0,0.5221062302589417,0.4778937101364136
513,11,0,0,0.8120262026786804,0.18797387182712555
513,12,1,1,0.017326364293694496,0.9826735854148865
513,13,0,1,0.4872663915157318,0.5127336978912354
513,14,0,0,0.8200536966323853,0.17994636297225952
513,15,0,0,0.9006767868995667,0.09932323545217514
513,16,0,0,0.9449418783187866,0.05505817383527756
513,17,0,0,0.6280983686447144,0.37190163135528564
513,18,0,0,0.6919639706611633,0.30803602933883667
513,19,0,0,0.5569648742675781,0.44303518533706665
514,0,0,0,0.8718910217285156,0.12810902297496796
514,1,0,0,0.9206491708755493,0.07935085892677307
514,2,0,1,0.3906448483467102,0.6093552112579346
514,3,1,1,0.03711306303739548,0.9628868699073792
514,4,0,0,0.7714071273803711,0.22859284281730652
514,5,0,0,0.9352298974990845,0.06477006524801254
514,6,0,0,0.6929952502250671,0.30700474977493286
514,7,1,0,0.8157876133918762,0.1842123568058014
514,8,0,1,0.2469736635684967,0.7530263662338257
514,9,0,0,0.682752251625061,0.31724780797958374
514,10,0,0,0.9358734488487244,0.06412652879953384
514,11,0,1,0.49313244223594666,0.506867527961731
514,12,1,0,0.6183611750602722,0.3816388249397278
514,13,0,1,0.4529208242893219,0.5470790863037109
514,14,0,0,0.7773920893669128,0.22260795533657074
514,15,0,1,0.4269980490207672,0.5730019211769104
514,16,0,0,0.8679095506668091,0.1320904940366745
514,17,0,0,0.7181538939476013,0.2818460166454315
514,18,0,0,0.8018088936805725,0.19819112122058868
514,19,0,0,0.937351644039154,0.06264837831258774
515,0,0,0,0.9079387784004211,0.09206119179725647
515,1,0,0,0.9321923851966858,0.067807637155056
515,2,0,0,0.7755599021911621,0.22444003820419312
515,3,1,1,0.2531038820743561,0.7468960881233215
515,4,0,0,0.6985933184623718,0.3014066815376282
515,5,0,1,0.3050640821456909,0.6949359178543091
515,6,0,1,0.0680513009428978,0.9319486618041992
515,7,1,1,0.07825963199138641,0.9217403531074524
515,8,0,0,0.8052353858947754,0.19476459920406342
515,9,0,1,0.47570815682411194,0.5242918729782104
515,10,0,0,0.5707934498786926,0.4292064905166626
515,11,0,0,0.8563234806060791,0.14367659389972687
515,12,1,1,0.04035051539540291,0.9596495032310486
515,13,0,0,0.5547196269035339,0.4452803432941437
515,14,0,0,0.6985933184623718,0.30140671133995056
515,15,0,1,0.4995841979980469,0.5004158020019531
515,16,0,0,0.92165207862854,0.07834796607494354
515,17,0,1,0.03013651818037033,0.9698634743690491
515,18,0,0,0.5755072832107544,0.4244927167892456
515,19,0,1,0.3485018014907837,0.6514981985092163
516,0,0,0,0.9577983617782593,0.04220164567232132
516,1,0,0,0.9659856557846069,0.03401433676481247
516,2,0,0,0.8923815488815308,0.10761848092079163
516,3,1,0,0.5329209566116333,0.4670790433883667
516,4,0,0,0.9458637237548828,0.054136261343955994
516,5,0,0,0.7647640109062195,0.2352360039949417
516,6,0,0,0.6683493256568909,0.33165067434310913
516,7,1,1,0.16857948899269104,0.8314204812049866
516,8,0,0,0.8976678252220154,0.1023322194814682
516,9,0,0,0.8690119385719299,0.13098809123039246
516,10,0,0,0.793414294719696,0.20658572018146515
516,11,0,0,0.9318098425865173,0.06819017976522446
516,12,1,1,0.01258595660328865,0.9874140620231628
516,13,0,0,0.547120988368988,0.45287901163101196
516,14,0,0,0.945905864238739,0.05409413203597069
516,15,0,0,0.8096564412117004,0.19034358859062195
516,16,0,0,0.9709712266921997,0.02902876026928425
516,17,0,1,0.4989703893661499,0.5010295510292053
516,18,0,1,0.05849139764904976,0.9415085911750793
516,19,0,0,0.640077531337738,0.3599224090576172
517,0,0,0,0.9655132293701172,0.034486763179302216
517,1,0,0,0.9630874395370483,0.03691261261701584
517,2,0,0,0.5272148847579956,0.4727851450443268
517,3,1,1,0.05375274270772934,0.9462472796440125
517,4,0,0,0.6612704396247864,0.338729590177536
517,5,0,0,0.6757086515426636,0.32429131865501404
517,6,0,0,0.5682191252708435,0.43178078532218933
517,7,1,1,0.13814948499202728,0.8618505001068115
517,8,0,1,0.411190927028656,0.588809072971344
517,9,0,0,0.9098376035690308,0.09016238152980804
517,10,0,0,0.9010145664215088,0.09898540377616882
517,11,0,0,0.5458669066429138,0.4541330933570862
517,12,1,1,0.3963785767555237,0.6036214232444763
517,13,0,0,0.560546338558197,0.439453661441803
517,14,0,0,0.5809677839279175,0.4190322160720825
517,15,0,0,0.5506821274757385,0.4493178725242615
517,16,0,0,0.8996868133544922,0.1003132238984108
517,17,0,1,0.4645083248615265,0.5354916453361511
517,18,0,1,0.3898169696331024,0.61018306016922
517,19,0,0,0.8353100419044495,0.16468994319438934
518,0,0,0,0.9601899981498718,0.039810020476579666
518,1,0,0,0.9645646810531616,0.03543528914451599
518,2,0,0,0.5099725723266602,0.4900274872779846
518,3,1,1,0.05444958060979843,0.9455505013465881
518,4,0,0,0.5110915899276733,0.4889083802700043
518,5,0,0,0.9934334754943848,0.006566494237631559
518,6,0,0,0.7338950037956238,0.2661050260066986
518,7,1,1,0.20408283174037933,0.7959171533584595
518,8,0,1,0.39290520548820496,0.6070947647094727
518,9,0,0,0.9752932190895081,0.02470685914158821
518,10,0,0,0.9935033917427063,0.006496607791632414
518,11,0,0,0.5008309483528137,0.4991689920425415
518,12,1,1,0.07269621640443802,0.9273037910461426
518,13,0,1,0.3738569915294647,0.6261429786682129
518,14,0,0,0.5195052027702332,0.48049482703208923
518,15,0,1,0.4931999742984772,0.5068000555038452
518,16,0,1,0.4716480076313019,0.5283519625663757
518,17,0,1,0.36564525961875916,0.6343547105789185
518,18,0,0,0.5724141001701355,0.4275859296321869
518,19,0,0,0.9909232258796692,0.00907678622752428
519,0,0,0,0.9660453200340271,0.03395473584532738
519,1,0,0,0.971091091632843,0.028908906504511833
519,2,0,1,0.49418631196022034,0.5058136582374573
519,3,1,1,0.06979968398809433,0.9302003383636475
519,4,0,0,0.8014360666275024,0.19856394827365875
519,5,0,0,0.8314270377159119,0.1685730367898941
519,6,0,0,0.8989628553390503,0.10103711485862732
519,7,1,1,0.07188507914543152,0.9281148910522461
519,8,0,1,0.3604896366596222,0.6395103335380554
519,9,0,0,0.9486932158470154,0.051306795328855515
519,10,0,0,0.8301291465759277,0.16987085342407227
519,11,0,1,0.4916870892047882,0.5083128809928894
519,12,1,1,0.08524160087108612,0.9147583842277527
519,13,0,0,0.6118292808532715,0.38817068934440613
519,14,0,0,0.8014358878135681,0.1985640972852707
519,15,0,1,0.4755668640136719,0.5244331955909729
519,16,0,0,0.9500595927238464,0.04994044452905655
519,17,0,0,0.868588387966156,0.13141155242919922
519,18,0,0,0.8437682390213013,0.15623176097869873
519,19,0,0,0.8070745468139648,0.19292539358139038
520,0,0,0,0.7013651728630066,0.2986348569393158
520,1,0,0,0.8113763332366943,0.18862371146678925
520,2,0,0,0.960993766784668,0.03900624066591263
520,3,1,1,0.10089947283267975,0.8991005420684814
520,4,0,0,0.9518734216690063,0.04812658950686455
520,5,0,0,0.92649245262146,0.07350754737854004
520,6,0,0,0.5213301777839661,0.4786698520183563
520,7,1,1,0.34281641244888306,0.6571835875511169
520,8,0,1,0.3466757833957672,0.6533242464065552
520,9,0,0,0.7927570343017578,0.2072429358959198
520,10,0,0,0.9639602899551392,0.036039743572473526
520,11,0,0,0.9507830739021301,0.04921687766909599
520,12,1,1,0.1757427453994751,0.8242572546005249
520,13,0,1,0.3375535309314728,0.6624464988708496
520,14,0,0,0.935738742351532,0.06426123529672623
520,15,0,1,0.37133756279945374,0.6286624073982239
520,16,0,0,0.6543533802032471,0.3456466495990753
520,17,0,0,0.5616560578346252,0.43834400177001953
520,18,0,1,0.29450762271881104,0.705492377281189
520,19,0,0,0.9590883851051331,0.04091162979602814
521,0,0,1,0.34403160214424133,0.655968427658081
521,1,0,0,0.6135615110397339,0.3864384889602661
521,2,0,0,0.9369525909423828,0.06304743885993958
521,3,1,1,0.1300407350063324,0.8699592351913452
521,4,0,0,0.9005327820777893,0.09946722537279129
521,5,0,0,0.7936354875564575,0.20636451244354248
521,6,0,1,0.41268280148506165,0.587317168712616
521,7,1,0,0.5542082190513611,0.44579169154167175
521,8,0,0,0.8277430534362793,0.17225699126720428
521,9,0,0,0.7019906044006348,0.29800936579704285
521,10,0,0,0.8840435743331909,0.11595641821622849
521,11,0,0,0.9017585515975952,0.0982414111495018
521,12,1,1,0.1009841337800026,0.8990158438682556
521,13,0,0,0.7669451236724854,0.23305486142635345
521,14,0,0,0.8435587286949158,0.15644130110740662
521,15,0,0,0.6948859691619873,0.3051139712333679
521,16,0,1,0.2468176782131195,0.7531822919845581
521,17,0,1,0.13961045444011688,0.8603895306587219
521,18,0,0,0.6887216567993164,0.3112782835960388
521,19,0,0,0.8603206276893616,0.13967931270599365
522,0,0,0,0.909146249294281,0.09085378050804138
522,1,0,0,0.8981214761734009,0.10187855362892151
522,2,0,0,0.9331674575805664,0.06683260947465897
522,3,1,1,0.033443860709667206,0.9665561318397522
522,4,0,0,0.9544379711151123,0.045561954379081726
522,5,0,0,0.9784101843833923,0.021589845418930054
522,6,0,0,0.9924994111061096,0.007500628475099802
522,7,1,1,0.10696897655725479,0.8930310010910034
522,8,0,0,0.790037214756012,0.20996277034282684
522,9,0,0,0.9926654696464539,0.007334559224545956
522,10,0,0,0.9789522886276245,0.021047649905085564
522,11,0,0,0.8819822072982788,0.11801772564649582
522,12,1,1,0.023980464786291122,0.976019561290741
522,13,0,0,0.5198238492012024,0.4801761507987976
522,14,0,0,0.9544379711151123,0.045561954379081726
522,15,0,0,0.6543326377868652,0.34566736221313477
522,16,0,0,0.9022743701934814,0.09772561490535736
522,17,0,0,0.6931936144828796,0.306806355714798
522,18,0,0,0.5739641189575195,0.42603594064712524
522,19,0,0,0.985355794429779,0.014644204638898373
523,0,0,0,0.9108019471168518,0.0891980305314064
523,1,0,0,0.9025303721427917,0.09746965020895004
523,2,0,0,0.9669623374938965,0.03303771838545799
523,3,1,1,0.0625150054693222,0.9374849796295166
523,4,0,0,0.9893677830696106,0.010632187128067017
523,5,0,1,0.38845664262771606,0.6115432977676392
523,6,0,0,0.938666045665741,0.061333976686000824
523,7,1,1,0.02587524801492691,0.9741247296333313
523,8,0,0,0.699419379234314,0.30058059096336365
523,9,0,0,0.9607065320014954,0.039293449372053146
523,10,0,0,0.7545255422592163,0.2454744428396225
523,11,0,0,0.928023636341095,0.07197640836238861
523,12,1,1,0.012730065733194351,0.9872699975967407
523,13,0,0,0.5541056990623474,0.44589436054229736
523,14,0,0,0.9893677830696106,0.010632192716002464
523,15,0,1,0.06251503527164459,0.9374849796295166
523,16,0,0,0.8729081749916077,0.1270918995141983
523,17,0,0,0.7945687770843506,0.2054312527179718
523,18,0,0,0.7998484969139099,0.2001514881849289
523,19,0,0,0.9438366889953613,0.05616335570812225
524,0,0,0,0.9082468748092651,0.09175308048725128
524,1,0,0,0.8969324231147766,0.1030675545334816
524,2,0,0,0.6877641081809998,0.31223586201667786
524,3,1,1,0.057890281081199646,0.9421097040176392
524,4,0,0,0.684288501739502,0.31571143865585327
524,5,0,0,0.9091741442680359,0.09082581102848053
524,6,0,0,0.8583747744560242,0.1416252702474594
524,7,1,1,0.05062706395983696,0.9493729472160339
524,8,0,0,0.6169403195381165,0.38305971026420593
524,9,0,0,0.6316852569580078,0.3683147430419922
524,10,0,0,0.844763994216919,0.15523593127727509
524,11,0,0,0.6236162781715393,0.3763837218284607
524,12,1,1,0.027015304192900658,0.9729846715927124
524,13,0,1,0.3462503254413605,0.6537497043609619
524,14,0,0,0.6842885613441467,0.31571143865585327
524,15,0,1,0.06296087801456451,0.9370391964912415
524,16,0,0,0.8632311820983887,0.13676875829696655
524,17,0,0,0.7789388298988342,0.22106117010116577
524,18,0,0,0.7846834063529968,0.21531657874584198
524,19,0,0,0.90055251121521,0.09944748878479004
525,0,0,0,0.9169427156448364,0.08305731415748596
525,1,0,0,0.9044685959815979,0.09553137421607971
525,2,0,0,0.7645038962364197,0.23549601435661316
525,3,1,1,0.06869187206029892,0.9313081502914429
525,4,0,0,0.849452555179596,0.15054748952388763
525,5,0,0,0.8745859861373901,0.12541399896144867
525,6,0,0,0.9065950512886047,0.09340497106313705
525,7,1,1,0.05270237475633621,0.9472975730895996
525,8,0,0,0.6123888492584229,0.3876112103462219
525,9,0,0,0.8752668499946594,0.12473317980766296
525,10,0,0,0.9614493250846863,0.03855067491531372
525,11,0,0,0.6803244948387146,0.3196754455566406
525,12,1,1,0.07246814668178558,0.9275318384170532
525,13,0,1,0.25897517800331116,0.7410248517990112
525,14,0,0,0.9118047952651978,0.08819516003131866
525,15,0,1,0.11943036317825317,0.8805696964263916
525,16,0,0,0.794005274772644,0.20599469542503357
525,17,0,1,0.45031747221946716,0.5496824979782104
525,18,0,0,0.6410400867462158,0.3589599132537842
525,19,0,0,0.9547257423400879,0.04527423530817032
526,0,0,0,0.7409648299217224,0.25903522968292236
526,1,0,0,0.7047356367111206,0.295264333486557
526,2,0,0,0.9504603147506714,0.04953967034816742
526,3,1,1,0.02727331966161728,0.9727266430854797
526,4,0,0,0.9535703659057617,0.04642966017127037
526,5,0,0,0.974435031414032,0.02556493878364563
526,6,0,0,0.9796783924102783,0.02032156102359295
526,7,1,1,0.14484450221061707,0.8551554679870605
526,8,0,0,0.6217252612113953,0.3782747685909271
526,9,0,0,0.9852816462516785,0.014718334190547466
526,10,0,0,0.9747870564460754,0.025212885811924934
526,11,0,0,0.8792320489883423,0.12076796591281891
526,12,1,1,0.1022157371044159,0.8977842926979065
526,13,0,0,0.5665870904922485,0.43341290950775146
526,14,0,0,0.9772636294364929,0.022736387327313423
526,15,0,1,0.05039037764072418,0.9496095776557922
526,16,0,0,0.7772383689880371,0.2227615863084793
526,17,0,0,0.8088895678520203,0.19111043214797974
526,18,0,0,0.821384847164154,0.17861510813236237
526,19,0,0,0.984183669090271,0.01581636629998684
527,0,0,0,0.9455890655517578,0.05441098287701607
527,1,0,0,0.9414535164833069,0.05854642018675804
527,2,0,0,0.7980928421020508,0.20190712809562683
527,3,1,0,0.6348819136619568,0.3651180565357208
527,4,0,0,0.7699170112609863,0.23008300364017487
527,5,0,0,0.9258981943130493,0.07410184293985367
527,6,0,0,0.9945403933525085,0.005459629464894533
527,7,1,1,0.031586457043886185,0.9684135317802429
527,8,0,0,0.7251984477043152,0.274801641702652
527,9,0,0,0.9910991787910461,0.008900819346308708
527,10,0,0,0.936416506767273,0.06358354538679123
527,11,0,0,0.711805522441864,0.28819453716278076
527,12,1,1,0.005143352318555117,0.994856595993042
527,13,0,0,0.7713797092437744,0.228620246052742
527,14,0,0,0.9917914867401123,0.00820854865014553
527,15,0,0,0.6007445454597473,0.39925551414489746
527,16,0,0,0.8982877731323242,0.10171228647232056
527,17,0,0,0.7794865369796753,0.22051341831684113
527,18,0,0,0.7795358896255493,0.22046416997909546
527,19,0,0,0.9540289044380188,0.04597116634249687
528,0,0,0,0.7231621146202087,0.27683794498443604
528,1,0,0,0.6531585454940796,0.34684139490127563
528,2,0,0,0.7588520050048828,0.24114800989627838
528,3,1,0,0.6126068234443665,0.38739314675331116
528,4,0,0,0.8501490950584412,0.14985087513923645
528,5,0,0,0.9553629159927368,0.0446370467543602
528,6,0,0,0.9666174650192261,0.03338249400258064
528,7,1,1,0.02243586629629135,0.9775641560554504
528,8,0,0,0.627469003200531,0.3725309669971466
528,9,0,0,0.9529113173484802,0.04708864539861679
528,10,0,0,0.9553629159927368,0.0446370467543602
528,11,0,0,0.5896888971328735,0.4103110432624817
528,12,1,1,0.005227571818977594,0.9947724938392639
528,13,0,0,0.8645455837249756,0.135454460978508
528,14,0,0,0.9664245843887329,0.033575389534235
528,15,0,0,0.5853458642959595,0.4146541357040405
528,16,0,1,0.4958062767982483,0.5041936635971069
528,17,0,0,0.8502622842788696,0.1497376412153244
528,18,0,0,0.8513903617858887,0.14860960841178894
528,19,0,0,0.8947282433509827,0.10527175664901733
529,0,0,0,0.8904691934585571,0.10953082889318466
529,1,0,0,0.8453353643417358,0.15466463565826416
529,2,0,0,0.7466205358505249,0.2533794343471527
529,3,1,1,0.4667065739631653,0.5332933664321899
529,4,0,0,0.9011064171791077,0.09889358282089233
529,5,0,0,0.9506235122680664,0.04937642812728882
529,6,0,0,0.9808179140090942,0.019182074815034866
529,7,1,1,0.029769837856292725,0.9702301621437073
529,8,0,1,0.19798074662685394,0.8020192384719849
529,9,0,0,0.9583916068077087,0.04160844534635544
529,10,0,0,0.93317711353302,0.06682290881872177
529,11,0,1,0.15642061829566956,0.8435793519020081
529,12,1,1,0.04601843282580376,0.9539815783500671
529,13,0,0,0.8397403359413147,0.16025970876216888
529,14,0,0,0.9750433564186096,0.02495661936700344
529,15,0,1,0.4667065739631653,0.5332933664321899
529,16,0,0,0.8760640025138855,0.12393601983785629
529,17,0,0,0.893551230430603,0.10644879192113876
529,18,0,0,0.9018470644950867,0.09815293550491333
529,19,0,0,0.9262790083885193,0.07372094690799713
530,0,0,0,0.9586041569709778,0.0413958840072155
530,1,0,0,0.9454339742660522,0.05456595495343208
530,2,0,0,0.7482885718345642,0.25171148777008057
530,3,1,1,0.3758164644241333,0.6241834759712219
530,4,0,0,0.9789148569107056,0.02108515240252018
530,5,0,0,0.9018370509147644,0.09816291183233261
530,6,0,0,0.9798020124435425,0.02019806019961834
530,7,1,1,0.054961495101451874,0.9450384974479675
530,8,0,0,0.5947715640068054,0.40522849559783936
530,9,0,0,0.9816566109657288,0.018343405798077583
530,10,0,0,0.9466214179992676,0.05337860435247421
530,11,0,0,0.5897243022918701,0.41027572751045227
530,12,1,1,0.17879153788089752,0.8212084174156189
530,13,0,0,0.8596056699752808,0.14039434492588043
530,14,0,0,0.9708059430122375,0.029193997383117676
530,15,0,1,0.3758164644241333,0.6241834759712219
530,16,0,0,0.8728417754173279,0.1271582990884781
530,17,0,0,0.7986558079719543,0.20134419202804565
530,18,0,0,0.8255799412727356,0.17442001402378082
530,19,0,0,0.9602118134498596,0.03978825733065605
531,0,0,0,0.9116145968437195,0.0883854553103447
531,1,0,0,0.8662663698196411,0.13373364508152008
531,2,0,1,0.488209068775177,0.511790931224823
531,3,1,1,0.13504652678966522,0.8649535179138184
531,4,0,0,0.9880179166793823,0.011982102878391743
531,5,0,0,0.6708399653434753,0.32916009426116943
531,6,0,0,0.9881460666656494,0.011853941716253757
531,7,1,1,0.03640162944793701,0.9635984301567078
531,8,0,1,0.4045596420764923,0.5954403877258301
531,9,0,0,0.9662423729896545,0.03375766798853874
531,10,0,0,0.8166558742523193,0.18334418535232544
531,11,0,1,0.4117462933063507,0.5882537364959717
531,12,1,1,0.018157802522182465,0.9818421602249146
531,13,0,1,0.4589464068412781,0.5410535335540771
531,14,0,0,0.9861229658126831,0.013877032324671745
531,15,0,1,0.1380300223827362,0.8619699478149414
531,16,0,0,0.89676433801651,0.1032356470823288
531,17,0,0,0.6661723256111145,0.3338276445865631
531,18,0,0,0.6695157885551453,0.3304842412471771
531,19,0,0,0.9509057402610779,0.04909425601363182
532,0,0,0,0.908419668674469,0.0915803387761116
532,1,0,0,0.9019765257835388,0.0980234444141388
532,2,0,0,0.7012506127357483,0.2987494170665741
532,3,1,1,0.03584883362054825,0.9641512036323547
532,4,0,0,0.9869535565376282,0.013046410866081715
532,5,0,0,0.9733297228813171,0.0266703013330698
532,6,0,0,0.9870039820671082,0.012995963916182518
532,7,1,1,0.02899257466197014,0.9710074067115784
532,8,0,0,0.658437967300415,0.3415620028972626
532,9,0,0,0.9912021160125732,0.008797884918749332
532,10,0,0,0.973456084728241,0.02654387056827545
532,11,0,0,0.6559065580368042,0.3440934717655182
532,12,1,1,0.008089639246463776,0.9919103980064392
532,13,0,0,0.7125970721244812,0.2874029278755188
532,14,0,0,0.985247015953064,0.014752928167581558
532,15,0,1,0.06866680830717087,0.9313331246376038
532,16,0,0,0.905849039554596,0.09415093809366226
532,17,0,0,0.7395708560943604,0.26042917370796204
532,18,0,0,0.7397353649139404,0.26026466488838196
532,19,0,0,0.9821865558624268,0.01781339757144451
533,0,0,0,0.6980704069137573,0.3019295930862427
533,1,0,0,0.9805578589439392,0.019442154094576836
533,2,0,0,0.9235775470733643,0.07642246037721634
533,3,1,1,0.053116559982299805,0.9468834400177002
533,4,0,0,0.9429849982261658,0.057014983147382736
533,5,0,0,0.9889864921569824,0.011013472452759743
533,6,0,0,0.9480266571044922,0.05197339132428169
533,7,1,1,0.35435786843299866,0.645642101764679
533,8,0,1,0.33135634660720825,0.6686436533927917
533,9,0,0,0.9667057991027832,0.033294178545475006
533,10,0,0,0.9889864921569824,0.011013472452759743
533,11,0,1,0.3581877648830414,0.641812264919281
533,12,1,1,0.017327046021819115,0.982672929763794
533,13,0,0,0.6900323033332825,0.30996769666671753
533,14,0,1,0.3587220013141632,0.6412779092788696
533,15,0,0,0.9684922099113464,0.03150776028633118
533,16,0,0,0.9809850454330444,0.019014950841665268
533,17,0,0,0.9399988651275635,0.06000113859772682
533,18,0,0,0.9403548240661621,0.0596451610326767
533,19,0,0,0.98811274766922,0.011887197382748127
534,0,0,0,0.5442765951156616,0.4557234048843384
534,1,0,0,0.9882200956344604,0.011779963970184326
534,2,0,0,0.6960387825965881,0.30396124720573425
534,3,1,1,0.05891093984246254,0.9410890340805054
534,4,0,0,0.9349586367607117,0.06504131108522415
534,5,0,0,0.9892559051513672,0.010744115337729454
534,6,0,0,0.9363721609115601,0.06362783908843994
534,7,1,1,0.020221367478370667,0.9797786474227905
534,8,0,0,0.6493555903434753,0.35064440965652466
534,9,0,0,0.9724408984184265,0.02755904570221901
534,10,0,0,0.9892559051513672,0.010744109749794006
534,11,0,0,0.6448914408683777,0.3551085591316223
534,12,1,1,0.018234282732009888,0.9817657470703125
534,13,0,0,0.6632986664772034,0.336701363325119
534,14,0,0,0.9298136830329895,0.07018627226352692
534,15,0,0,0.9762223362922668,0.02377772144973278
534,16,0,0,0.9882360100746155,0.011764020659029484
534,17,0,0,0.6393545866012573,0.36064547300338745
534,18,0,0,0.6437380313873291,0.3562620282173157
534,19,0,0,0.9869931936264038,0.013006863184273243
535,0,0,1,0.48444050550460815,0.5155594944953918
535,1,0,0,0.9532811045646667,0.046718861907720566
535,2,0,0,0.8560765981674194,0.14392343163490295
535,3,1,1,0.0591302327811718,0.9408698081970215
535,4,0,0,0.879433274269104,0.12056666612625122
535,5,0,0,0.9327516555786133,0.06724835932254791
535,6,0,0,0.7304589748382568,0.2695409953594208
535,7,1,0,0.6235715746879578,0.37642839550971985
535,8,0,0,0.6404690146446228,0.3595310151576996
535,9,0,0,0.9028453826904297,0.09715466946363449
535,10,0,0,0.9327516555786133,0.06724833697080612
535,11,0,0,0.6751871705055237,0.3248128294944763
535,12,1,1,0.0075683859176933765,0.992431640625
535,13,0,0,0.6489142775535583,0.35108575224876404
535,14,0,0,0.879433274269104,0.12056666612625122
535,15,0,0,0.8694961667060852,0.13050377368927002
535,16,0,0,0.9829871654510498,0.017012832686305046
535,17,0,0,0.8601983785629272,0.13980169594287872
535,18,0,0,0.8603225946426392,0.13967739045619965
535,19,0,0,0.9336568713188171,0.06634321063756943
536,0,0,0,0.5065302848815918,0.4934697151184082
536,1,0,0,0.9841158986091614,0.01588405855000019
536,2,0,0,0.6590561270713806,0.3409438729286194
536,3,1,1,0.3572246730327606,0.6427752375602722
536,4,0,0,0.9410189390182495,0.05898101255297661
536,5,0,0,0.8871510028839111,0.11284903436899185
536,6,0,0,0.9499271512031555,0.05007285997271538
536,7,1,1,0.22228597104549408,0.7777140736579895
536,8,0,0,0.5394991636276245,0.4605008661746979
536,9,0,0,0.9374182224273682,0.06258175522089005
536,10,0,0,0.8871508836746216,0.11284904927015305
536,11,0,0,0.5444069504737854,0.455593079328537
536,12,1,1,0.04753534123301506,0.9524646997451782
536,13,0,1,0.4637734889984131,0.5362264513969421
536,14,0,0,0.9412329792976379,0.058767009526491165
536,15,0,1,0.47174134850502014,0.5282586812973022
536,16,0,0,0.9830448627471924,0.0169551782310009
536,17,0,0,0.6387506127357483,0.3612493574619293
536,18,0,0,0.6387506723403931,0.3612493574619293
536,19,0,0,0.911668062210083,0.08833190053701401
537,0,0,0,0.5941933393478394,0.4058065712451935
537,1,0,0,0.9817185401916504,0.018281523138284683
537,2,0,0,0.877265214920044,0.12273481488227844
537,3,1,0,0.5314491987228394,0.46855077147483826
537,4,0,0,0.8886069655418396,0.1113930270075798
537,5,0,0,0.9690910577774048,0.030908949673175812
537,6,0,0,0.9233578443527222,0.07664218544960022
537,7,1,0,0.7207157611846924,0.27928426861763
537,8,0,1,0.4944313168525696,0.5055687427520752
537,9,0,0,0.9024144411087036,0.09758554399013519
537,10,0,0,0.9690910577774048,0.030908942222595215
537,11,0,1,0.4993557035923004,0.5006442666053772
537,12,1,1,0.037353988736867905,0.9626460075378418
537,13,0,0,0.8865498304367065,0.11345015466213226
537,14,0,0,0.8402039408683777,0.1597960740327835
537,15,0,0,0.6375353932380676,0.36246463656425476
537,16,0,0,0.9820325970649719,0.017967412248253822
537,17,0,0,0.9307615160942078,0.06923852860927582
537,18,0,0,0.9307615160942078,0.06923851370811462
537,19,0,0,0.9486715197563171,0.05132843554019928
538,0,0,1,0.4990079402923584,0.5009920597076416
538,1,0,0,0.9861069917678833,0.013892987743020058
538,2,0,0,0.6919741034507751,0.30802589654922485
538,3,1,1,0.1764705628156662,0.8235294818878174
538,4,0,0,0.9790592193603516,0.020940810441970825
538,5,0,0,0.8133581280708313,0.1866418719291687
538,6,0,0,0.9801995158195496,0.019800469279289246
538,7,1,1,0.12927640974521637,0.8707236051559448
538,8,0,0,0.6010125875473022,0.39898741245269775
538,9,0,0,0.9888534545898438,0.011146514676511288
538,10,0,0,0.8133581876754761,0.1866418421268463
538,11,0,0,0.5973049402236938,0.40269508957862854
538,12,1,1,0.19831307232379913,0.8016870021820068
538,13,0,0,0.5442932844161987,0.4557066559791565
538,14,0,0,0.9790591597557068,0.020940814167261124
538,15,0,1,0.23985235393047333,0.7601476907730103
538,16,0,0,0.9774439930915833,0.022555992007255554
538,17,0,1,0.4104249179363251,0.5895750522613525
538,18,0,0,0.6679719686508179,0.33202803134918213
538,19,0,0,0.9801087975502014,0.01989118382334709
539,0,0,0,0.558404266834259,0.4415957033634186
539,1,0,0,0.9968116879463196,0.0031882610637694597
539,2,0,0,0.8981026411056519,0.10189739614725113
539,3,1,1,0.4313832223415375,0.5686167478561401
539,4,0,0,0.898546576499939,0.10145346075296402
539,5,0,0,0.9054239392280579,0.09457606822252274
539,6,0,0,0.8733521699905396,0.12664783000946045
539,7,1,0,0.6125831007957458,0.38741692900657654
539,8,0,1,0.3416663408279419,0.6583337187767029
539,9,0,0,0.899996280670166,0.10000373423099518
539,10,0,0,0.9105914831161499,0.08940855413675308
539,11,0,0,0.7724229097366333,0.2275770902633667
539,12,1,1,0.06361665576696396,0.9363833665847778
539,13,0,0,0.5790899395942688,0.4209100902080536
539,14,0,0,0.672906219959259,0.32709378004074097
539,15,0,0,0.5319647789001465,0.4680352210998535
539,16,0,0,0.9943029880523682,0.0056970627047121525
539,17,0,0,0.8268023133277893,0.1731976717710495
539,18,0,0,0.8268023133277893,0.1731976717710495
539,19,0,0,0.8468395471572876,0.15316049754619598
540,0,0,1,0.4662722647190094,0.5337277054786682
540,1,0,0,0.9872341752052307,0.012765754014253616
540,2,0,0,0.8713834285736084,0.12861651182174683
540,3,1,1,0.487305223941803,0.512694776058197
540,4,0,0,0.861473023891449,0.1385270208120346
540,5,0,0,0.8625916242599487,0.1374083310365677
540,6,0,0,0.8760079145431519,0.12399212270975113
540,7,1,1,0.27326616644859314,0.7267337441444397
540,8,0,1,0.39945027232170105,0.6005497574806213
540,9,0,0,0.892897367477417,0.1071026474237442
540,10,0,0,0.8625916242599487,0.1374083310365677
540,11,0,0,0.9154329299926758,0.08456702530384064
540,12,1,1,0.05492507293820381,0.9450749158859253
540,13,0,0,0.5380122065544128,0.46198776364326477
540,14,0,0,0.876190721988678,0.12380927801132202
540,15,0,0,0.5496425032615662,0.4503575265407562
540,16,0,0,0.986449658870697,0.01355033926665783
540,17,0,0,0.7305506467819214,0.26944926381111145
540,18,0,0,0.7305506467819214,0.26944926381111145
540,19,0,0,0.7813205122947693,0.21867947280406952
541,0,0,0,0.5202404856681824,0.47975954413414
541,1,0,0,0.9893276691436768,0.010672308504581451
541,2,0,0,0.803978443145752,0.19602157175540924
541,3,1,1,0.3688482642173767,0.6311516761779785
541,4,0,0,0.8507985472679138,0.14920151233673096
541,5,0,1,0.4353161156177521,0.5646839141845703
541,6,0,0,0.6077550053596497,0.39224502444267273
541,7,1,0,0.5174993276596069,0.4825006425380707
541,8,0,1,0.3940272331237793,0.6059727668762207
541,9,0,0,0.5649654269218445,0.4350345730781555
541,10,0,1,0.45615819096565247,0.5438417792320251
541,11,0,1,0.3526812493801117,0.6473187804222107
541,12,1,1,0.014755682088434696,0.9852443933486938
541,13,0,0,0.9228242635726929,0.07717578858137131
541,14,0,0,0.8673674464225769,0.1326325237751007
541,15,0,1,0.44269776344299316,0.5573022365570068
541,16,0,0,0.991969645023346,0.008030356839299202
541,17,0,0,0.8844294548034668,0.11557058244943619
541,18,0,0,0.8779618740081787,0.12203812599182129
541,19,0,1,0.36688223481178284,0.6331177949905396
542,0,0,0,0.5483337640762329,0.45166632533073425
542,1,0,0,0.6842346787452698,0.31576526165008545
542,2,0,0,0.8900670409202576,0.10993298143148422
542,3,1,1,0.41346898674964905,0.5865309834480286
542,4,0,0,0.766120433807373,0.23387953639030457
542,5,0,0,0.816567063331604,0.18343299627304077
542,6,0,0,0.766120433807373,0.23387953639030457
542,7,1,0,0.623039186000824,0.37696078419685364
542,8,0,1,0.39220911264419556,0.6077908873558044
542,9,0,0,0.77989262342453,0.22010739147663116
542,10,0,0,0.816567063331604,0.18343299627304077
542,11,0,0,0.9098252654075623,0.09017472714185715
542,12,1,1,0.027304280549287796,0.9726957678794861
542,13,0,0,0.5188910961151123,0.4811089336872101
542,14,0,1,0.47666051983833313,0.5233395099639893
542,15,0,1,0.4991086423397064,0.500891387462616
542,16,0,0,0.9212294220924377,0.07877059280872345
542,17,0,0,0.5860058665275574,0.413994163274765
542,18,0,0,0.7621429562568665,0.23785704374313354
542,19,0,0,0.715671718120575,0.28432828187942505
543,0,0,0,0.5133541226387024,0.4866458475589752
543,1,0,0,0.9866891503334045,0.013310817070305347
543,2,0,0,0.8562275171279907,0.14377246797084808
543,3,1,1,0.46099546551704407,0.5390045642852783
543,4,0,0,0.8137437701225281,0.18625617027282715
543,5,0,0,0.8385604023933411,0.16143959760665894
543,6,0,0,0.8138586282730103,0.18614134192466736
543,7,1,0,0.7434306144714355,0.25656938552856445
543,8,0,1,0.39233043789863586,0.6076695322990417
543,9,0,0,0.8252354264259338,0.17476461827754974
543,10,0,0,0.8388610482215881,0.16113893687725067
543,11,0,0,0.8279510736465454,0.17204895615577698
543,12,1,1,0.01674400456249714,0.9832559823989868
543,13,0,0,0.5108858942985535,0.4891141951084137
543,14,0,0,0.6210984587669373,0.37890151143074036
543,15,0,0,0.526343584060669,0.47365647554397583
543,16,0,0,0.9863130450248718,0.013686999678611755
543,17,0,0,0.6835038065910339,0.31649622321128845
543,18,0,0,0.7681290507316589,0.23187103867530823
543,19,0,0,0.7685437202453613,0.2314562350511551
544,0,0,1,0.4819478392601013,0.5180522203445435
544,1,0,0,0.9711516499519348,0.028848333284258842
544,2,0,0,0.8919816017150879,0.1080184355378151
544,3,1,1,0.43621736764907837,0.5637826323509216
544,4,0,0,0.8489608764648438,0.15103907883167267
544,5,0,0,0.8115140795707703,0.18848592042922974
544,6,0,0,0.8489608764648438,0.15103907883167267
544,7,1,1,0.2865498661994934,0.7134501338005066
544,8,0,1,0.39277881383895874,0.6072211861610413
544,9,0,1,0.34656864404678345,0.6534313559532166
544,10,0,0,0.8115140795707703,0.18848592042922974
544,11,0,1,0.27678295969963074,0.7232170701026917
544,12,1,0,0.694211483001709,0.305788516998291
544,13,0,0,0.7592236995697021,0.24077630043029785
544,14,0,0,0.8549519181251526,0.14504806697368622
544,15,0,1,0.47891363501548767,0.5210863947868347
544,16,0,0,0.9502585530281067,0.04974143207073212
544,17,0,0,0.7459927797317505,0.2540072500705719
544,18,0,0,0.55926913022995,0.44073086977005005
544,19,0,0,0.7272650003433228,0.27273502945899963
545,0,0,0,0.8141927123069763,0.1858072727918625
545,1,0,0,0.6748387217521667,0.32516124844551086
545,2,0,0,0.814197301864624,0.1858026534318924
545,3,1,1,0.09612060338258743,0.9038793444633484
545,4,0,0,0.7821964621543884,0.21780355274677277
545,5,0,0,0.8960651755332947,0.1039348915219307
545,6,0,0,0.7822557091712952,0.21774432063102722
545,7,1,0,0.5948411226272583,0.4051588475704193
545,8,0,1,0.3931092917919159,0.6068907380104065
545,9,0,0,0.5570427775382996,0.44295722246170044
545,10,0,0,0.8849353194236755,0.11506470292806625
545,11,0,0,0.6862014532089233,0.31379854679107666
545,12,1,1,0.21108222007751465,0.7889177203178406
545,13,0,0,0.6499432325363159,0.3500567674636841
545,14,0,0,0.5174517035484314,0.4825482666492462
545,15,0,0,0.7667298913002014,0.2332700937986374
545,16,0,0,0.8124637007713318,0.18753628432750702
545,17,0,0,0.6489064693450928,0.3510935306549072
545,18,0,0,0.801755428314209,0.1982446163892746
545,19,0,0,0.8781323432922363,0.1218675822019577
546,0,0,0,0.6612393856048584,0.3387605845928192
546,1,0,0,0.7403419613838196,0.2596580386161804
546,2,0,0,0.747972846031189,0.25202712416648865
546,3,1,1,0.45407918095588684,0.5459207892417908
546,4,0,0,0.6759950518608093,0.3240048885345459
546,5,0,0,0.8221510648727417,0.17784889042377472
546,6,0,0,0.6759950518608093,0.3240048885345459
546,7,1,1,0.29854917526245117,0.7014508247375488
546,8,0,1,0.39341023564338684,0.6065897345542908
546,9,0,0,0.5589922070503235,0.4410078227519989
546,10,0,0,0.7991194128990173,0.20088063180446625
546,11,0,0,0.5230722427368164,0.476927787065506
546,12,1,1,0.3965625464916229,0.6034374833106995
546,13,0,0,0.6818674206733704,0.31813254952430725
546,14,0,0,0.7055123448371887,0.2944876253604889
546,15,0,0,0.566216766834259,0.43378329277038574
546,16,0,0,0.6557331681251526,0.3442668616771698
546,17,0,1,0.24304740130901337,0.7569526433944702
546,18,0,0,0.6673175096511841,0.3326825201511383
546,19,0,0,0.755243718624115,0.24475626647472382
547,0,0,1,0.4646165668964386,0.5353834629058838
547,1,0,0,0.509835422039032,0.4901646077632904
547,2,0,0,0.9085407853126526,0.09145922213792801
547,3,1,1,0.4545339047908783,0.5454661250114441
547,4,0,0,0.8558001518249512,0.14419980347156525
547,5,0,1,0.4537992477416992,0.546200692653656
547,6,0,1,0.46529117226600647,0.5347088575363159
547,7,1,0,0.8700305223464966,0.1299695074558258
547,8,0,1,0.3937918543815613,0.6062081456184387
547,9,0,0,0.5774767994880676,0.4225231409072876
547,10,0,1,0.41559526324272156,0.584404706954956
547,11,0,0,0.879824161529541,0.1201757863163948
547,12,1,1,0.03548825532197952,0.9645116925239563
547,13,0,0,0.5687234997749329,0.43127647042274475
547,14,0,0,0.8843773007392883,0.11562268435955048
547,15,0,1,0.41720882058143616,0.5827911496162415
547,16,0,0,0.7642439007759094,0.235756054520607
547,17,0,0,0.7696717977523804,0.2303282767534256
547,18,0,0,0.8843772411346436,0.11562272906303406
547,19,0,1,0.46520328521728516,0.5347967147827148
548,0,0,0,0.8740922212600708,0.1259077787399292
548,1,0,0,0.9839710593223572,0.01602889969944954
548,2,0,0,0.8312751054763794,0.16872496902942657
548,3,1,1,0.4215375781059265,0.5784624814987183
548,4,0,1,0.13088080286979675,0.8691191673278809
548,5,0,0,0.7513520121574402,0.24864795804023743
548,6,0,0,0.7244601249694824,0.2755398452281952
548,7,1,0,0.6789607405662537,0.32103925943374634
548,8,0,1,0.393957257270813,0.606042742729187
548,9,0,0,0.7245615720748901,0.27543845772743225
548,10,0,0,0.8351562023162842,0.16484373807907104
548,11,0,0,0.8414092659950256,0.15859073400497437
548,12,1,1,0.02442130632698536,0.9755786657333374
548,13,0,0,0.6370189785957336,0.36298102140426636
548,14,0,0,0.7209181785583496,0.2790818512439728
548,15,0,1,0.45155763626098633,0.5484424233436584
548,16,0,0,0.986420750617981,0.013579237274825573
548,17,0,0,0.7472014427185059,0.25279855728149414
548,18,0,1,0.07866125553846359,0.9213387966156006
548,19,0,0,0.6717684864997864,0.3282315731048584
549,0,0,0,0.571428656578064,0.42857131361961365
549,1,0,0,0.9867135286331177,0.013286472298204899
549,2,0,0,0.7212426066398621,0.27875739336013794
549,3,1,1,0.08383415639400482,0.9161658883094788
549,4,0,1,0.435230553150177,0.5647693872451782
549,5,0,0,0.9510354399681091,0.04896451532840729
549,6,0,1,0.4352305829524994,0.564769446849823
549,7,1,0,0.6588093638420105,0.3411905765533447
549,8,0,1,0.39379146695137024,0.6062085032463074
549,9,0,0,0.509895384311676,0.49010464549064636
549,10,0,0,0.9398805499076843,0.0601193904876709
549,11,0,0,0.5324896574020386,0.4675103425979614
549,12,1,1,0.22149130702018738,0.778508722782135
549,13,0,0,0.6392970681190491,0.3607029318809509
549,14,0,0,0.7128703594207764,0.28712961077690125
549,15,0,0,0.8937546014785767,0.10624540597200394
549,16,0,0,0.98049396276474,0.01950601115822792
549,17,0,0,0.6728852987289429,0.3271147310733795
549,18,0,0,0.6592665314674377,0.34073349833488464
549,19,0,0,0.9384552836418152,0.06154472380876541
550,0,0,0,0.6097712516784668,0.3902287185192108
550,1,0,0,0.9944781064987183,0.005521891172975302
550,2,0,0,0.6918462514877319,0.3081537187099457
550,3,1,1,0.4503666162490845,0.5496333837509155
550,4,0,1,0.2576441764831543,0.7423558235168457
550,5,0,0,0.7688273787498474,0.23117265105247498
550,6,0,1,0.2576441764831543,0.7423558235168457
550,7,1,0,0.7627372145652771,0.2372628152370453
550,8,0,1,0.3936498165130615,0.6063502430915833
550,9,0,0,0.6838286519050598,0.3161713480949402
550,10,0,0,0.7471262216567993,0.2528736889362335
550,11,0,0,0.6271717548370361,0.3728282153606415
550,12,1,1,0.009676903486251831,0.9903230667114258
550,13,0,1,0.033050425350666046,0.9669496417045593
550,14,0,0,0.7848197817802429,0.21518026292324066
550,15,0,0,0.5145741105079651,0.4854258894920349
550,16,0,0,0.9951896667480469,0.004810293670743704
550,17,0,0,0.8175578713417053,0.18244215846061707
550,18,0,0,0.7848197817802429,0.21518026292324066
550,19,0,0,0.6929684281349182,0.3070315718650818
551,0,0,0,0.5298610925674438,0.47013887763023376
551,1,0,0,0.6212595701217651,0.37874048948287964
551,2,0,0,0.6655595898628235,0.33444035053253174
551,3,1,1,0.43605518341064453,0.5639448761940002
551,4,0,0,0.5989150404930115,0.4010849595069885
551,5,0,0,0.7333959937095642,0.2666040360927582
551,6,0,0,0.6038206219673157,0.3961794376373291
551,7,1,1,0.2361646145582199,0.7638353705406189
551,8,0,1,0.39431309700012207,0.6056868433952332
551,9,0,0,0.6563096046447754,0.3436904549598694
551,10,0,0,0.6980862617492676,0.3019137680530548
551,11,0,0,0.5019011497497559,0.4980989098548889
551,12,1,1,0.03373027965426445,0.9662697315216064
551,13,0,0,0.5065827369689941,0.49341723322868347
551,14,0,0,0.6903584599494934,0.3096414804458618
551,15,0,1,0.4909539818763733,0.5090459585189819
551,16,0,0,0.8102102875709534,0.18978971242904663
551,17,0,0,0.7204889059066772,0.27951106429100037
551,18,0,0,0.6903584599494934,0.3096414804458618
551,19,0,0,0.649238109588623,0.35076192021369934
552,0,0,1,0.4802722930908203,0.5197277069091797
552,1,0,0,0.9005299210548401,0.09947008639574051
552,2,0,0,0.7199651002883911,0.2800348699092865
552,3,1,1,0.07312803715467453,0.9268718957901001
552,4,0,1,0.48167672753334045,0.5183232426643372
552,5,0,0,0.954733669757843,0.04526631161570549
552,6,0,0,0.7090790867805481,0.2909208834171295
552,7,1,1,0.11763777583837509,0.8823622465133667
552,8,0,1,0.3934522569179535,0.6065477132797241
552,9,0,0,0.6923207640647888,0.3076791763305664
552,10,0,0,0.9464248418807983,0.053575195372104645
552,11,0,1,0.07176340371370316,0.9282366037368774
552,12,1,1,0.057187519967556,0.9428125023841858
552,13,0,0,0.5525371432304382,0.44746288657188416
552,14,0,0,0.7101123332977295,0.2898876965045929
552,15,0,0,0.927274763584137,0.07272517681121826
552,16,0,0,0.8284806609153748,0.17151930928230286
552,17,0,0,0.7115103006362915,0.28848975896835327
552,18,0,1,0.3698940575122833,0.6301059722900391
552,19,0,0,0.9459187388420105,0.054081279784440994
553,0,0,1,0.24435463547706604,0.7556453347206116
553,1,0,0,0.9497502446174622,0.05024981126189232
553,2,0,0,0.8615059852600098,0.13849401473999023
553,3,1,1,0.4970312714576721,0.5029687285423279
553,4,0,0,0.7959007620811462,0.20409920811653137
553,5,0,0,0.658890426158905,0.34110963344573975
553,6,0,0,0.8319782018661499,0.1680217832326889
553,7,1,0,0.8070605397224426,0.19293950498104095
553,8,0,1,0.39329564571380615,0.6067042946815491
553,9,0,0,0.8339197635650635,0.1660802960395813
553,10,0,0,0.7628151774406433,0.23718488216400146
553,11,0,0,0.8620824813842773,0.13791753351688385
553,12,1,1,0.08761358261108398,0.9123863577842712
553,13,0,1,0.286673903465271,0.713326096534729
553,14,0,0,0.8003657460212708,0.19963426887989044
553,15,0,1,0.4652012288570404,0.534798800945282
553,16,0,0,0.8923230171203613,0.10767704993486404
553,17,0,0,0.7065542340278625,0.29344579577445984
553,18,0,0,0.8003657460212708,0.19963426887989044
553,19,0,0,0.6593723297119141,0.34062767028808594
554,0,0,0,0.8569960594177246,0.1430039256811142
554,1,0,0,0.678507924079895,0.32149210572242737
554,2,0,0,0.9540684819221497,0.04593146592378616
554,3,1,1,0.12458644807338715,0.8754135370254517
554,4,0,0,0.7577995657920837,0.24220044910907745
554,5,0,0,0.76878821849823,0.23121173679828644
554,6,0,0,0.805077850818634,0.19492211937904358
554,7,1,0,0.750735878944397,0.24926407635211945
554,8,0,1,0.3931630849838257,0.6068369150161743
554,9,0,0,0.9400308728218079,0.05996907502412796
554,10,0,0,0.8190485835075378,0.18095138669013977
554,11,0,0,0.9660642147064209,0.03393577039241791
554,12,1,1,0.05681139603257179,0.9431886076927185
554,13,0,1,0.4503262937068939,0.5496737360954285
554,14,0,0,0.6730498671531677,0.32695019245147705
554,15,0,1,0.46825942397117615,0.5317406058311462
554,16,0,0,0.7595473527908325,0.2404526323080063
554,17,0,1,0.2359049767255783,0.7640950083732605
554,18,0,1,0.3897320628166199,0.6102679967880249
554,19,0,0,0.6162595748901367,0.3837404251098633
555,0,0,0,0.5759646892547607,0.42403528094291687
555,1,0,0,0.9298738837242126,0.07012609392404556
555,2,0,0,0.9043745994567871,0.09562544524669647
555,3,1,1,0.4916309416294098,0.5083691477775574
555,4,0,0,0.6681731343269348,0.33182692527770996
555,5,0,0,0.7312225699424744,0.26877740025520325
555,6,0,0,0.6327290534973145,0.36727094650268555
555,7,1,1,0.05876379460096359,0.9412362575531006
555,8,0,1,0.3929803669452667,0.6070196032524109
555,9,0,0,0.895352840423584,0.10464715957641602
555,10,0,0,0.705801784992218,0.294198215007782
555,11,0,0,0.8685817718505859,0.13141821324825287
555,12,1,0,0.6366872787475586,0.363312691450119
555,13,0,0,0.5576220750808716,0.4423779547214508
555,14,0,0,0.650750994682312,0.3492489755153656
555,15,0,1,0.4991492033004761,0.5008507966995239
555,16,0,0,0.8986601829528809,0.10133980214595795
555,17,0,0,0.6323584914207458,0.36764147877693176
555,18,0,1,0.08962712436914444,0.9103728532791138
555,19,0,0,0.705801784992218,0.294198215007782
556,0,0,0,0.520935595035553,0.4790644645690918
556,1,0,0,0.6096016764640808,0.3903983533382416
556,2,0,0,0.9526476860046387,0.04735230654478073
556,3,1,1,0.47699639201164246,0.5230035781860352
556,4,0,1,0.09794347733259201,0.9020565152168274
556,5,0,0,0.6663055419921875,0.3336945176124573
556,6,0,0,0.5287637710571289,0.4712361991405487
556,7,1,1,0.06561635434627533,0.9343836903572083
556,8,0,1,0.39232462644577026,0.6076754331588745
556,9,0,0,0.9511277079582214,0.04887229576706886
556,10,0,0,0.6699416041374207,0.33005842566490173
556,11,0,0,0.9509349465370178,0.04906509444117546
556,12,1,1,0.07443979382514954,0.9255602359771729
556,13,0,0,0.5240072011947632,0.4759928286075592
556,14,0,0,0.548855185508728,0.4511447846889496
556,15,0,1,0.44609981775283813,0.5539001822471619
556,16,0,0,0.7861796617507935,0.21382035315036774
556,17,0,0,0.6317751407623291,0.3682248890399933
556,18,0,1,0.11841266602277756,0.8815872669219971
556,19,0,0,0.7471568584442139,0.25284308195114136
557,0,0,0,0.5618653297424316,0.43813467025756836
557,1,0,0,0.9737252593040466,0.026274802163243294
557,2,0,0,0.6014465093612671,0.3985534608364105
557,3,1,1,0.1875382661819458,0.8124617338180542
557,4,0,1,0.038078684359788895,0.9619213342666626
557,5,0,0,0.7931501865386963,0.2068498134613037
557,6,0,0,0.5466837882995605,0.45331624150276184
557,7,1,1,0.2277701199054718,0.7722298502922058
557,8,0,1,0.3919724225997925,0.6080275774002075
557,9,0,0,0.5563111305236816,0.44368889927864075
557,10,0,0,0.8188249468803406,0.18117499351501465
557,11,0,1,0.09401830285787582,0.905981719493866
557,12,1,1,0.026261435821652412,0.9737386107444763
557,13,0,0,0.5308783054351807,0.4691217243671417
557,14,0,0,0.5511904954910278,0.4488094449043274
557,15,0,1,0.29234033823013306,0.7076597213745117
557,16,0,0,0.9707822203636169,0.02921774424612522
557,17,0,0,0.5579769611358643,0.44202306866645813
557,18,0,1,0.1878257393836975,0.8121743202209473
557,19,0,0,0.6356446146965027,0.3643553853034973
558,0,0,0,0.6919727921485901,0.3080272674560547
558,1,0,0,0.6140596270561218,0.3859403431415558
558,2,0,1,0.42978161573410034,0.5702183842658997
558,3,1,1,0.4351988434791565,0.5648010969161987
558,4,0,1,0.09058205038309097,0.9094178676605225
558,5,0,0,0.834563136100769,0.16543689370155334
558,6,0,1,0.4109077453613281,0.5890922546386719
558,7,1,1,0.20252688229084015,0.797473132610321
558,8,0,1,0.39144226908683777,0.6085577011108398
558,9,0,1,0.483196884393692,0.5168030858039856
558,10,0,0,0.7840096950531006,0.215990349650383
558,11,0,1,0.45113319158554077,0.5488668084144592
558,12,1,1,0.015389730222523212,0.9846103191375732
558,13,0,1,0.44093477725982666,0.5590652227401733
558,14,0,1,0.4016663432121277,0.5983336567878723
558,15,0,0,0.5418708920478821,0.4581291377544403
558,16,0,0,0.8790299892425537,0.1209699735045433
558,17,0,1,0.4706059992313385,0.5293939113616943
558,18,0,1,0.3877949118614197,0.6122050881385803
558,19,0,0,0.7482606768608093,0.2517393231391907
559,0,0,0,0.5724008083343506,0.4275992214679718
559,1,0,0,0.6477615833282471,0.3522385060787201
559,2,0,1,0.45590296387672424,0.5440970659255981
559,3,1,1,0.21353159844875336,0.7864683866500854
559,4,0,1,0.21245314180850983,0.7875468730926514
559,5,0,0,0.6754924058914185,0.32450759410858154
559,6,0,1,0.49557292461395264,0.5044270753860474
559,7,1,1,0.2573855221271515,0.7426144480705261
559,8,0,1,0.39111730456352234,0.6088827252388
559,9,0,0,0.5233368277549744,0.47666311264038086
559,10,0,0,0.6103262901306152,0.3896736800670624
559,11,0,1,0.496187686920166,0.5038122534751892
559,12,1,1,0.16371765732765198,0.8362823724746704
559,13,0,0,0.5005800127983093,0.49942001700401306
559,14,0,0,0.5035642385482788,0.4964357018470764
559,15,0,1,0.3640267550945282,0.6359732747077942
559,16,0,0,0.5963226556777954,0.4036773145198822
559,17,0,1,0.3410273492336273,0.6589727401733398
559,18,0,1,0.23693181574344635,0.7630681395530701
559,19,0,0,0.6103262901306152,0.38967370986938477
560,0,0,0,0.6600826978683472,0.3399173617362976
560,1,0,0,0.9377627968788147,0.06223716586828232
560,2,0,0,0.9045388102531433,0.0954611524939537
560,3,1,1,0.3378661572933197,0.6621338129043579
560,4,0,0,0.5882730484008789,0.4117268919944763
560,5,0,0,0.7763087153434753,0.22369125485420227
560,6,0,0,0.5882730484008789,0.4117268919944763
560,7,1,1,0.0402081236243248,0.959791898727417
560,8,0,1,0.3905760943889618,0.6094239354133606
560,9,0,0,0.9035896062850952,0.09641032665967941
560,10,0,0,0.7837420105934143,0.2162579447031021
560,11,0,0,0.8922158479690552,0.1077842116355896
560,12,1,1,0.05194360390305519,0.9480563998222351
560,13,0,1,0.44122472405433655,0.5587753057479858
560,14,0,0,0.6077542901039124,0.3922456204891205
560,15,0,0,0.5499475002288818,0.4500524699687958
560,16,0,0,0.9322701692581177,0.0677298754453659
560,17,0,1,0.25177159905433655,0.7482284307479858
560,18,0,0,0.8045293688774109,0.1954706460237503
560,19,0,0,0.7837420105934143,0.2162579447031021
561,0,0,0,0.7886435985565186,0.21135640144348145
561,1,0,0,0.9860671162605286,0.013932907022535801
561,2,0,0,0.5082928538322449,0.49170708656311035
561,3,1,1,0.3567095696926117,0.6432904005050659
561,4,0,0,0.7905861139297485,0.20941391587257385
561,5,0,0,0.889713704586029,0.11028626561164856
561,6,0,0,0.7905860543251038,0.20941391587257385
561,7,1,1,0.23326639831066132,0.7667336463928223
561,8,0,1,0.3903188109397888,0.6096811890602112
561,9,0,0,0.7947387099266052,0.2052612602710724
561,10,0,0,0.8602001070976257,0.1397998332977295
561,11,0,0,0.878455400466919,0.12154462933540344
561,12,1,1,0.03728640824556351,0.9627135992050171
561,13,0,1,0.428911030292511,0.571088969707489
561,14,0,0,0.7255666255950928,0.27443334460258484
561,15,0,0,0.6354012489318848,0.36459872126579285
561,16,0,0,0.9784818291664124,0.02151818387210369
561,17,0,1,0.04552224278450012,0.9544777274131775
561,18,0,0,0.7477954030036926,0.25220462679862976
561,19,0,0,0.8325830698013306,0.16741693019866943
562,0,0,0,0.9458319544792175,0.054168060421943665
562,1,0,0,0.9889188408851624,0.011081155389547348
562,2,0,0,0.9842128753662109,0.015787087380886078
562,3,1,0,0.6217775344848633,0.37822243571281433
562,4,0,0,0.9821698069572449,0.017830174416303635
562,5,0,0,0.9712380170822144,0.02876192517578602
562,6,0,1,0.48764896392822266,0.5123510360717773
562,7,1,1,0.01486518420279026,0.9851347804069519
562,8,0,1,0.389919638633728,0.610080361366272
562,9,0,0,0.9841731786727905,0.015826856717467308
562,10,0,0,0.9622916579246521,0.0377083458006382
562,11,0,0,0.9760512709617615,0.023948699235916138
562,12,1,1,0.0164027102291584,0.9835973381996155
562,13,0,1,0.44222304224967957,0.5577769875526428
562,14,0,0,0.5140559673309326,0.485944002866745
562,15,0,0,0.862582266330719,0.1374177485704422
562,16,0,0,0.9889811277389526,0.011018885299563408
562,17,0,0,0.5495416522026062,0.4504583775997162
562,18,0,0,0.914803683757782,0.08519630879163742
562,19,0,0,0.9622916579246521,0.0377083458006382
563,0,0,0,0.782694935798645,0.21730507910251617
563,1,0,0,0.6568936109542847,0.3431064188480377
563,2,0,0,0.7444528341293335,0.25554707646369934
563,3,1,1,0.04987424239516258,0.9501257538795471
563,4,0,0,0.763558030128479,0.23644199967384338
563,5,0,0,0.8248720169067383,0.17512798309326172
563,6,0,1,0.40460166335105896,0.5953983664512634
563,7,1,1,0.2825830280780792,0.7174170017242432
563,8,0,0,0.5573597550392151,0.4426402151584625
563,9,0,1,0.25606071949005127,0.7439392805099487
563,10,0,0,0.8160238265991211,0.18397623300552368
563,11,0,1,0.44164496660232544,0.5583550333976746
563,12,1,1,0.20970657467842102,0.7902933955192566
563,13,0,1,0.45933473110198975,0.5406652688980103
563,14,0,0,0.7832751870155334,0.21672473847866058
563,15,0,0,0.7368221282958984,0.26317787170410156
563,16,0,0,0.756464421749115,0.24353554844856262
563,17,0,0,0.783275306224823,0.21672475337982178
563,18,0,0,0.765491783618927,0.234508216381073
563,19,0,0,0.7102538347244263,0.28974616527557373
564,0,0,0,0.7734622359275818,0.2265377789735794
564,1,0,0,0.9778091311454773,0.02219090610742569
564,2,0,0,0.8968707323074341,0.10312923789024353
564,3,1,1,0.04302294924855232,0.9569770097732544
564,4,0,0,0.8871990442276001,0.1128009483218193
564,5,0,0,0.7685091495513916,0.23149080574512482
564,6,0,0,0.8921991586685181,0.10780085623264313
564,7,1,1,0.104246586561203,0.8957534432411194
564,8,0,0,0.6055424213409424,0.39445751905441284
564,9,0,1,0.05051860585808754,0.9494813680648804
564,10,0,0,0.7581618428230286,0.24183820188045502
564,11,0,0,0.7659964561462402,0.23400358855724335
564,12,1,1,0.03613901883363724,0.9638609290122986
564,13,0,1,0.4438561797142029,0.5561438202857971
564,14,0,0,0.8962233066558838,0.10377664864063263
564,15,0,0,0.7628421783447266,0.23715774714946747
564,16,0,0,0.9677552580833435,0.032244741916656494
564,17,0,0,0.8962233066558838,0.10377664864063263
564,18,0,0,0.8553783297538757,0.14462171494960785
564,19,0,0,0.6777975559234619,0.3222024440765381
565,0,0,0,0.9264520406723022,0.07354792207479477
565,1,0,0,0.9858883023262024,0.01411176286637783
565,2,0,0,0.9178093671798706,0.08219065517187119
565,3,1,0,0.6234140992164612,0.3765859603881836
565,4,0,0,0.901003360748291,0.0989965870976448
565,5,0,0,0.9376439452171326,0.062356069684028625
565,6,0,0,0.9237444996833801,0.07625552266836166
565,7,1,0,0.901003360748291,0.0989966094493866
565,8,0,0,0.6896671652793884,0.3103327751159668
565,9,0,1,0.04531732201576233,0.9546827077865601
565,10,0,0,0.940758466720581,0.05924149230122566
565,11,0,0,0.8505879640579224,0.1494120955467224
565,12,1,1,0.007050933316349983,0.9929490089416504
565,13,0,1,0.4616987705230713,0.5383011698722839
565,14,0,0,0.7661738395690918,0.2338261753320694
565,15,0,0,0.8326335549354553,0.16736648976802826
565,16,0,0,0.9817039370536804,0.01829604245722294
565,17,0,0,0.9375090599060059,0.06249097362160683
565,18,0,0,0.9534086585044861,0.04659128934144974
565,19,0,0,0.940758466720581,0.05924149230122566
566,0,0,0,0.612899899482727,0.38710013031959534
566,1,0,0,0.6097502112388611,0.3902498185634613
566,2,0,0,0.8445702791213989,0.15542972087860107
566,3,1,1,0.18432003259658813,0.8156799674034119
566,4,0,0,0.8720608353614807,0.1279391348361969
566,5,0,0,0.9538403153419495,0.04615963250398636
566,6,0,0,0.915522038936615,0.08447792381048203
566,7,1,0,0.8715981841087341,0.12840178608894348
566,8,0,0,0.5501922965049744,0.44980767369270325
566,9,0,0,0.7110174298286438,0.2889825105667114
566,10,0,0,0.9343739151954651,0.0656261071562767
566,11,0,0,0.8028212785720825,0.1971786916255951
566,12,1,1,0.007389186881482601,0.9926108717918396
566,13,0,0,0.5114139914512634,0.4885859787464142
566,14,0,0,0.5306338667869568,0.4693661630153656
566,15,0,1,0.48985013365745544,0.5101498961448669
566,16,0,0,0.8231520056724548,0.17684802412986755
566,17,0,0,0.909800112247467,0.09019986540079117
566,18,0,0,0.8863210678100586,0.11367888003587723
566,19,0,0,0.9336646199226379,0.06633531302213669
567,0,0,0,0.8529694080352783,0.14703060686588287
567,1,0,0,0.8724039196968079,0.12759605050086975
567,2,0,0,0.845207691192627,0.15479230880737305
567,3,1,1,0.08407231420278549,0.9159277081489563
567,4,0,0,0.8177472352981567,0.18225282430648804
567,5,0,0,0.9087285995483398,0.09127142280340195
567,6,0,0,0.8222764134407043,0.17772364616394043
567,7,1,0,0.8163081407546997,0.18369179964065552
567,8,0,1,0.25625890493392944,0.7437410950660706
567,9,0,0,0.675826907157898,0.32417309284210205
567,10,0,0,0.8946267366409302,0.10537329316139221
567,11,0,0,0.875552237033844,0.124447762966156
567,12,1,0,0.6885849237442017,0.3114151060581207
567,13,0,1,0.4465581774711609,0.5534417629241943
567,14,0,0,0.6885848641395569,0.3114151060581207
567,15,0,0,0.8896369338035583,0.11036310344934464
567,16,0,0,0.8724039196968079,0.12759605050086975
567,17,0,0,0.8222764134407043,0.17772364616394043
567,18,0,0,0.8243229389190674,0.1756770759820938
567,19,0,0,0.8449419140815735,0.1550580859184265
568,0,0,0,0.8066490292549133,0.1933509111404419
568,1,0,0,0.8687957525253296,0.13120420277118683
568,2,0,0,0.9035309553146362,0.09646904468536377
568,3,1,0,0.5262616276741028,0.4737384021282196
568,4,0,0,0.6294218897819519,0.37057802081108093
568,5,0,0,0.917719841003418,0.08228012919425964
568,6,0,0,0.9179012775421143,0.08209874480962753
568,7,1,0,0.9096132516860962,0.0903867557644844
568,8,0,1,0.27304866909980774,0.7269513607025146
568,9,0,0,0.8924859166145325,0.1075141429901123
568,10,0,0,0.9026207327842712,0.09737926721572876
568,11,0,0,0.900807797908783,0.09919212758541107
568,12,1,1,0.04077974706888199,0.9592202305793762
568,13,0,1,0.43295717239379883,0.5670428276062012
568,14,0,0,0.7773371338844299,0.22266289591789246
568,15,0,0,0.8389129042625427,0.16108712553977966
568,16,0,0,0.8687957525253296,0.13120420277118683
568,17,0,0,0.9179012775421143,0.08209872245788574
568,18,0,1,0.11504652351140976,0.884953498840332
568,19,0,0,0.9026207327842712,0.09737926721572876
569,0,0,0,0.8792851567268372,0.12071487307548523
569,1,0,0,0.8671151399612427,0.1328848898410797
569,2,0,0,0.8688804507255554,0.13111960887908936
569,3,1,0,0.5498718619346619,0.45012807846069336
569,4,0,0,0.805793285369873,0.19420672953128815
569,5,0,0,0.9444002509117126,0.05559970438480377
569,6,0,0,0.8109691143035889,0.18903088569641113
569,7,1,0,0.8087045550346375,0.19129550457000732
569,8,0,1,0.040281783789396286,0.9597182273864746
569,9,0,0,0.8287740349769592,0.17122597992420197
569,10,0,0,0.9368194937705994,0.06318052113056183
569,11,0,0,0.8864826560020447,0.11351733654737473
569,12,1,0,0.6841708421707153,0.3158291280269623
569,13,0,1,0.46688199043273926,0.5331180095672607
569,14,0,0,0.7023924589157104,0.29760751128196716
569,15,0,0,0.9121907949447632,0.08780915290117264
569,16,0,0,0.8671151399612427,0.1328848898410797
569,17,0,0,0.8120633363723755,0.18793660402297974
569,18,0,0,0.8083954453468323,0.19160452485084534
569,19,0,0,0.9368194937705994,0.06318050622940063
570,0,0,0,0.5441108345985413,0.45588919520378113
570,1,0,0,0.8602100014686584,0.13979004323482513
570,2,0,1,0.4965091049671173,0.5034908652305603
570,3,1,0,0.5520296096801758,0.4479704201221466
570,4,0,0,0.8520187735557556,0.147981196641922
570,5,0,0,0.7548211812973022,0.24517880380153656
570,6,0,0,0.6777186989784241,0.3222813308238983
570,7,1,1,0.17296519875526428,0.8270347714424133
570,8,0,1,0.37473660707473755,0.6252633333206177
570,9,0,1,0.3595224916934967,0.6404774785041809
570,10,0,0,0.8137179017066956,0.18628208339214325
570,11,0,0,0.5460607409477234,0.4539392590522766
570,12,1,1,0.05162622407078743,0.9483737945556641
570,13,0,1,0.44953909516334534,0.5504608750343323
570,14,0,0,0.7621630430221558,0.23783695697784424
570,15,0,0,0.7927665114402771,0.2072334736585617
570,16,0,0,0.8602100014686584,0.13979004323482513
570,17,0,0,0.749534547328949,0.25046542286872864
570,18,0,0,0.8737829327583313,0.12621700763702393
570,19,0,0,0.7667955160140991,0.23320452868938446
571,0,0,0,0.8403493762016296,0.15965060889720917
571,1,0,0,0.8667947053909302,0.13320522010326385
571,2,0,0,0.7245243787765503,0.27547556161880493
571,3,1,0,0.5520532131195068,0.4479467570781708
571,4,0,0,0.8590019941329956,0.140997976064682
571,5,0,0,0.797373354434967,0.20262663066387177
571,6,0,0,0.7123696804046631,0.2876303493976593
571,7,1,0,0.7123696208000183,0.28763043880462646
571,8,0,1,0.4520435035228729,0.5479564070701599
571,9,0,1,0.3359702527523041,0.6640297174453735
571,10,0,0,0.8928713798522949,0.10712862759828568
571,11,0,0,0.7240297794342041,0.2759702205657959
571,12,1,1,0.011672561056911945,0.9883274435997009
571,13,0,1,0.46970927715301514,0.5302906632423401
571,14,0,0,0.5887380242347717,0.4112619459629059
571,15,0,0,0.9093611240386963,0.0906388983130455
571,16,0,0,0.8667947053909302,0.13320522010326385
571,17,0,0,0.7123696804046631,0.2876303493976593
571,18,0,0,0.8739164471626282,0.12608352303504944
571,19,0,0,0.8928713798522949,0.10712859779596329
572,0,0,0,0.7179265022277832,0.282073438167572
572,1,0,0,0.8539409637451172,0.14605902135372162
572,2,0,0,0.7646591663360596,0.23534080386161804
572,3,1,0,0.5402067303657532,0.4597932696342468
572,4,0,0,0.6093290448188782,0.3906709551811218
572,5,0,0,0.8784448504447937,0.12155520170927048
572,6,0,1,0.20807349681854248,0.7919265031814575
572,7,1,1,0.19527119398117065,0.8047288060188293
572,8,0,1,0.30118146538734436,0.698818564414978
572,9,0,0,0.7619502544403076,0.23804976046085358
572,10,0,0,0.8574801087379456,0.14251983165740967
572,11,0,0,0.7630221247673035,0.23697790503501892
572,12,1,1,0.016325397416949272,0.9836746454238892
572,13,0,1,0.4358667731285095,0.5641332864761353
572,14,0,0,0.5300566554069519,0.4699433445930481
572,15,0,0,0.7872158288955688,0.21278423070907593
572,16,0,0,0.8539409637451172,0.14605902135372162
572,17,0,1,0.20807357132434845,0.7919265031814575
572,18,0,0,0.6555604338645935,0.3444395959377289
572,19,0,0,0.8574801087379456,0.14251990616321564
573,0,0,0,0.6946724653244019,0.30532750487327576
573,1,0,0,0.860547661781311,0.13945236802101135
573,2,0,0,0.8298314213752747,0.1701686531305313
573,3,1,0,0.5396912693977356,0.4603087604045868
573,4,0,0,0.7333345413208008,0.2666654586791992
573,5,0,0,0.7996193170547485,0.20038065314292908
573,6,0,0,0.7157792448997498,0.28422078490257263
573,7,1,0,0.7157792448997498,0.28422078490257263
573,8,0,0,0.8449824452400208,0.15501755475997925
573,9,0,0,0.7175835371017456,0.28241652250289917
573,10,0,0,0.787481963634491,0.21251805126667023
573,11,0,0,0.8268778324127197,0.1731220930814743
573,12,1,1,0.024923177435994148,0.9750767946243286
573,13,0,1,0.45281293988227844,0.5471870303153992
573,14,0,0,0.8248565793037415,0.17514346539974213
573,15,0,0,0.6807202100753784,0.3192797303199768
573,16,0,0,0.860547661781311,0.13945236802101135
573,17,0,0,0.5774679780006409,0.42253202199935913
573,18,0,0,0.7742704153060913,0.22572965919971466
573,19,0,0,0.7797179222106934,0.22028200328350067
574,0,0,0,0.6493640542030334,0.35063600540161133
574,1,0,0,0.8686202764511108,0.13137972354888916
574,2,0,0,0.8341832160949707,0.1658167839050293
574,3,1,0,0.5507005453109741,0.4492994546890259
574,4,0,0,0.5757260322570801,0.4242739677429199
574,5,0,0,0.9117798209190369,0.08822010457515717
574,6,0,0,0.5582080483436584,0.44179198145866394
574,7,1,1,0.3436903655529022,0.6563096642494202
574,8,0,0,0.6317285895347595,0.36827144026756287
574,9,0,0,0.811475932598114,0.188524067401886
574,10,0,0,0.9112770557403564,0.08872295916080475
574,11,0,0,0.8150557279586792,0.1849442720413208
574,12,1,1,0.460578590631485,0.5394213795661926
574,13,0,1,0.45397263765335083,0.5460273623466492
574,14,0,0,0.6374238133430481,0.3625761866569519
574,15,0,1,0.15172189474105835,0.8482781052589417
574,16,0,0,0.8686202764511108,0.13137972354888916
574,17,0,0,0.5582080483436584,0.44179192185401917
574,18,0,1,0.36158889532089233,0.6384111046791077
574,19,0,0,0.9149072766304016,0.08509279042482376
575,0,0,0,0.8644575476646423,0.13554248213768005
575,1,0,0,0.8371265530586243,0.1628735065460205
575,2,0,0,0.905773937702179,0.09422609955072403
575,3,1,1,0.3868345022201538,0.6131654977798462
575,4,0,1,0.29553189873695374,0.7044680714607239
575,5,0,0,0.9332519769668579,0.0667480006814003
575,6,0,1,0.1681978553533554,0.8318021297454834
575,7,1,1,0.13683930039405823,0.8631606698036194
575,8,0,0,0.9018920660018921,0.0981079712510109
575,9,0,0,0.8117172718048096,0.18828272819519043
575,10,0,0,0.9183881878852844,0.08161186426877975
575,11,0,0,0.889452338218689,0.11054767668247223
575,12,1,1,0.08100780099630356,0.9189922213554382
575,13,0,0,0.5020425915718079,0.49795734882354736
575,14,0,1,0.08100780099630356,0.9189922213554382
575,15,0,0,0.8433675169944763,0.15663252770900726
575,16,0,0,0.8371265530586243,0.1628735065460205
575,17,0,1,0.42562952637672424,0.5743705034255981
575,18,0,1,0.29553186893463135,0.7044681310653687
575,19,0,0,0.928467869758606,0.07153216004371643
576,0,0,0,0.879368007183075,0.12063195556402206
576,1,0,0,0.8935092687606812,0.10649075359106064
576,2,0,0,0.8064170479774475,0.19358299672603607
576,3,1,1,0.13178512454032898,0.8682149052619934
576,4,0,0,0.6435890793800354,0.356410950422287
576,5,0,0,0.9036474227905273,0.09635256230831146
576,6,0,1,0.19406729936599731,0.8059327006340027
576,7,1,1,0.24961839616298676,0.7503816485404968
576,8,0,1,0.40642836689949036,0.5935716032981873
576,9,0,1,0.3603062927722931,0.6396936774253845
576,10,0,0,0.8957731127738953,0.10422692447900772
576,11,0,0,0.7242987751960754,0.27570125460624695
576,12,1,1,0.2386064976453781,0.7613934874534607
576,13,0,1,0.4392075836658478,0.5607923865318298
576,14,0,0,0.6689813137054443,0.33101868629455566
576,15,0,0,0.8957729935646057,0.10422693938016891
576,16,0,0,0.8936488032341003,0.10635117441415787
576,17,0,1,0.19406729936599731,0.8059327006340027
576,18,0,0,0.6550458073616028,0.34495416283607483
576,19,0,0,0.9036474227905273,0.09635260701179504
577,0,0,0,0.7279765605926514,0.272023469209671
577,1,0,0,0.8793613910675049,0.1206386610865593
577,2,0,0,0.947881281375885,0.052118707448244095
577,3,1,1,0.027126166969537735,0.972873866558075
577,4,0,1,0.46304747462272644,0.5369524955749512
577,5,0,0,0.7773891687393188,0.22261084616184235
577,6,0,0,0.626966655254364,0.37303340435028076
577,7,1,1,0.38687390089035034,0.6131260991096497
577,8,0,0,0.9497522711753845,0.05024772509932518
577,9,0,0,0.9517523050308228,0.04824763908982277
577,10,0,0,0.593093752861023,0.40690624713897705
577,11,0,0,0.9369626641273499,0.06303738057613373
577,12,1,1,0.032861605286598206,0.9671383500099182
577,13,0,0,0.5064473152160645,0.49355271458625793
577,14,0,0,0.654772162437439,0.34522783756256104
577,15,0,0,0.5930936932563782,0.40690627694129944
577,16,0,0,0.8793613910675049,0.1206386610865593
577,17,0,1,0.13025805354118347,0.8697419166564941
577,18,0,0,0.7737950086593628,0.2262049913406372
577,19,0,0,0.7773891687393188,0.22261086106300354
578,0,0,0,0.582290768623352,0.4177091717720032
578,1,0,0,0.8432972431182861,0.15670278668403625
578,2,0,0,0.8797093033790588,0.12029067426919937
578,3,1,1,0.4621101915836334,0.5378897786140442
578,4,0,0,0.7312448620796204,0.26875507831573486
578,5,0,0,0.6851717829704285,0.3148282468318939
578,6,0,0,0.732143759727478,0.26785627007484436
578,7,1,0,0.7312448620796204,0.26875507831573486
578,8,0,0,0.5095431804656982,0.49045681953430176
578,9,0,0,0.7911310791969299,0.20886890590190887
578,10,0,0,0.6960163712501526,0.30398356914520264
578,11,0,0,0.8741645216941833,0.12583549320697784
578,12,1,1,0.01750020869076252,0.9824998378753662
578,13,0,0,0.5087344646453857,0.4912654757499695
578,14,0,0,0.854167103767395,0.14583280682563782
578,15,0,0,0.6099115610122681,0.39008843898773193
578,16,0,0,0.8432972431182861,0.15670278668403625
578,17,0,0,0.6609908938407898,0.3390090763568878
578,18,0,0,0.6837921142578125,0.3162078559398651
578,19,0,0,0.6851717233657837,0.3148282766342163
579,0,0,1,0.4398067891597748,0.5601932406425476
579,1,0,0,0.8778179883956909,0.12218192964792252
579,2,0,0,0.9075880646705627,0.09241186827421188
579,3,1,0,0.72879558801651,0.27120441198349
579,4,0,0,0.7279495596885681,0.2720504701137543
579,5,0,0,0.7352586388587952,0.26474133133888245
579,6,0,0,0.7081993222236633,0.29180067777633667
579,7,1,0,0.5527729988098145,0.44722694158554077
579,8,0,0,0.8811657428741455,0.11883420497179031
579,9,0,0,0.8771681189537048,0.1228318065404892
579,10,0,0,0.7909306287765503,0.2090693563222885
579,11,0,0,0.8720048069953918,0.12799520790576935
579,12,1,1,0.4863058626651764,0.5136941075325012
579,13,0,1,0.46031585335731506,0.5396841168403625
579,14,0,0,0.7175332307815552,0.28246670961380005
579,15,0,0,0.7879161834716797,0.2120838314294815
579,16,0,0,0.8778179883956909,0.12218192964792252
579,17,0,0,0.5353959798812866,0.46460404992103577
579,18,0,0,0.6986603736877441,0.30133965611457825
579,19,0,0,0.8168017864227295,0.18319827318191528
580,0,0,0,0.6563019156455994,0.343698114156723
580,1,0,0,0.8454340696334839,0.1545659303665161
580,2,0,0,0.9776058197021484,0.02239418588578701
580,3,1,1,0.010350069031119347,0.9896498918533325
580,4,0,0,0.8516284823417664,0.14837147295475006
580,5,0,0,0.7268650531768799,0.27313491702079773
580,6,0,0,0.8185411691665649,0.18145880103111267
580,7,1,1,0.08136680722236633,0.9186331629753113
580,8,0,0,0.9021480083465576,0.09785199910402298
580,9,0,0,0.9726496338844299,0.027350345626473427
580,10,0,0,0.7647801637649536,0.23521986603736877
580,11,0,0,0.9709506630897522,0.02904929593205452
580,12,1,0,0.8576193451881409,0.14238062500953674
580,13,0,1,0.4430175721645355,0.5569823980331421
580,14,0,0,0.8576193451881409,0.14238062500953674
580,15,0,0,0.5719269514083862,0.428072988986969
580,16,0,0,0.8454340696334839,0.1545659303665161
580,17,0,1,0.10972654819488525,0.8902734518051147
580,18,0,0,0.7050599455833435,0.2949400544166565
580,19,0,0,0.7736626267433167,0.22633737325668335
581,0,0,1,0.4048173725605011,0.5951825976371765
581,1,0,0,0.8529316782951355,0.1470683217048645
581,2,0,0,0.8254779577255249,0.1745220124721527
581,3,1,1,0.37172189354896545,0.6282781362533569
581,4,0,0,0.5654740333557129,0.4345260262489319
581,5,0,0,0.6827313303947449,0.3172686696052551
581,6,0,0,0.5367149710655212,0.46328499913215637
581,7,1,1,0.3010713756084442,0.6989286541938782
581,8,0,0,0.8241907954216003,0.17580924928188324
581,9,0,0,0.8022601008415222,0.1977398693561554
581,10,0,0,0.6771440505981445,0.32285594940185547
581,11,0,0,0.7816386222839355,0.21836142241954803
581,12,1,1,0.3337130844593048,0.6662868857383728
581,13,0,1,0.4440484046936035,0.5559515953063965
581,14,0,0,0.6076796650886536,0.3923203647136688
581,15,0,0,0.5886349081993103,0.4113650918006897
581,16,0,0,0.8529316782951355,0.1470683217048645
581,17,0,0,0.5144940614700317,0.48550593852996826
581,18,0,0,0.5736315846443176,0.42636844515800476
581,19,0,0,0.7371425628662109,0.26285743713378906
582,0,0,0,0.6446472406387329,0.3553527891635895
582,1,0,0,0.8528542518615723,0.14714576303958893
582,2,0,0,0.9193082451820374,0.08069171756505966
582,3,1,1,0.06334704905748367,0.9366530179977417
582,4,0,0,0.8048942685127258,0.19510577619075775
582,5,0,1,0.3131363093852997,0.6868637204170227
582,6,0,0,0.7885050773620605,0.21149498224258423
582,7,1,0,0.8099518418312073,0.19004815816879272
582,8,0,1,0.46370676159858704,0.5362932085990906
582,9,0,0,0.8976681232452393,0.10233192890882492
582,10,0,0,0.6793866157531738,0.3206133544445038
582,11,0,0,0.8722577095031738,0.12774227559566498
582,12,1,0,0.8017933964729309,0.1982065737247467
582,13,0,1,0.4645858705043793,0.5354141592979431
582,14,0,0,0.7936297655105591,0.20637020468711853
582,15,0,0,0.6377058029174805,0.3622942268848419
582,16,0,0,0.8528542518615723,0.14714576303958893
582,17,0,0,0.7785340547561646,0.22146593034267426
582,18,0,0,0.801324188709259,0.19867582619190216
582,19,0,1,0.31313633918762207,0.6868637204170227
583,0,0,0,0.7342153191566467,0.26578468084335327
583,1,0,0,0.860144317150116,0.13985568284988403
583,2,0,1,0.4348639249801636,0.5651360750198364
583,3,1,1,0.042329732328653336,0.9576702117919922
583,4,0,0,0.6897362470626831,0.3102637529373169
583,5,0,0,0.8782111406326294,0.12178881466388702
583,6,0,0,0.5961441397666931,0.4038558304309845
583,7,1,1,0.2709898352622986,0.7290101647377014
583,8,0,1,0.22274941205978394,0.7772505283355713
583,9,0,0,0.6045089960098267,0.39549097418785095
583,10,0,0,0.8611508011817932,0.1388491988182068
583,11,0,0,0.5464273691177368,0.4535725712776184
583,12,1,1,0.4047476351261139,0.5952523350715637
583,13,0,1,0.4462091326713562,0.5537908673286438
583,14,0,0,0.527625560760498,0.47237440943717957
583,15,0,0,0.738853931427002,0.26114606857299805
583,16,0,0,0.860144317150116,0.13985568284988403
583,17,0,0,0.5626528263092041,0.4373472332954407
583,18,0,0,0.690201461315155,0.3097985088825226
583,19,0,0,0.8651652932167053,0.13483476638793945
584,0,0,0,0.6004272103309631,0.39957281947135925
584,1,0,0,0.8600968718528748,0.13990312814712524
584,2,0,0,0.8876867890357971,0.11231323331594467
584,3,1,0,0.5705270171165466,0.429472953081131
584,4,0,0,0.691021740436554,0.30897825956344604
584,5,0,0,0.8574048280715942,0.14259518682956696
584,6,0,1,0.4137367308139801,0.5862632989883423
584,7,1,1,0.06064325198531151,0.9393567442893982
584,8,0,0,0.8839445114135742,0.1160554364323616
584,9,0,0,0.7849633097648621,0.21503669023513794
584,10,0,0,0.8188948631286621,0.18110519647598267
584,11,0,0,0.8094125986099243,0.19058743119239807
584,12,1,1,0.05671244487166405,0.9432875514030457
584,13,0,1,0.4924565851688385,0.5075434446334839
584,14,0,0,0.531827986240387,0.4681720733642578
584,15,0,0,0.8004222512245178,0.19957765936851501
584,16,0,0,0.8600968718528748,0.13990312814712524
584,17,0,0,0.6989068984985352,0.30109310150146484
584,18,0,0,0.6456493139266968,0.35435062646865845
584,19,0,0,0.8574048280715942,0.14259518682956696
585,0,0,0,0.6184607744216919,0.3815392255783081
585,1,0,0,0.8600496649742126,0.13995032012462616
585,2,0,0,0.7676171660423279,0.2323828637599945
585,3,1,1,0.024580098688602448,0.9754198789596558
585,4,0,0,0.5852712392807007,0.41472873091697693
585,5,0,0,0.8300260901451111,0.1699739247560501
585,6,0,0,0.7013968825340271,0.2986030876636505
585,7,1,1,0.3612227141857147,0.6387772560119629
585,8,0,0,0.7808705568313599,0.21912945806980133
585,9,0,0,0.8148732781410217,0.18512672185897827
585,10,0,0,0.7167394757270813,0.2832604944705963
585,11,0,0,0.7390606999397278,0.2609393298625946
585,12,1,1,0.44355490803718567,0.5564451217651367
585,13,0,1,0.4692322611808777,0.5307677388191223
585,14,0,0,0.6148437857627869,0.38515618443489075
585,15,0,0,0.7167394757270813,0.2832604944705963
585,16,0,0,0.8600496649742126,0.13995032012462616
585,17,0,0,0.651104211807251,0.348895788192749
585,18,0,0,0.590594470500946,0.40940555930137634
585,19,0,0,0.8381344676017761,0.1618655025959015
586,0,0,0,0.8679617047309875,0.13203825056552887
586,1,0,0,0.8526808023452759,0.14731918275356293
586,2,0,0,0.7361090779304504,0.2638908624649048
586,3,1,1,0.07461940497159958,0.925380527973175
586,4,0,0,0.8615784645080566,0.13842149078845978
586,5,0,0,0.8495118021965027,0.1504882127046585
586,6,0,0,0.7530295252799988,0.2469705045223236
586,7,1,1,0.07703709602355957,0.9229629635810852
586,8,0,0,0.661258339881897,0.3387416899204254
586,9,0,0,0.7891460061073303,0.2108539342880249
586,10,0,0,0.8405203223228455,0.15947967767715454
586,11,0,0,0.7878100275993347,0.21218998730182648
586,12,1,1,0.07703710347414017,0.9229629635810852
586,13,0,1,0.4967099726200104,0.503290057182312
586,14,0,0,0.7396565079689026,0.2603434920310974
586,15,0,1,0.30315449833869934,0.6968454718589783
586,16,0,0,0.8526808023452759,0.14731918275356293
586,17,0,0,0.7373036742210388,0.262696236371994
586,18,0,0,0.8644751906394958,0.13552479445934296
586,19,0,0,0.8495118021965027,0.1504882127046585
587,0,0,0,0.5873293876647949,0.4126705825328827
587,1,0,0,0.9042445421218872,0.09575541317462921
587,2,0,0,0.8547878265380859,0.14521218836307526
587,3,1,0,0.5591017007827759,0.44089823961257935
587,4,0,0,0.6122081279754639,0.38779187202453613
587,5,0,0,0.8867758512496948,0.113224096596241
587,6,0,0,0.5010217428207397,0.49897822737693787
587,7,1,0,0.5753445625305176,0.42465537786483765
587,8,0,0,0.8052361011505127,0.1947638839483261
587,9,0,0,0.7235410809516907,0.2764589190483093
587,10,0,0,0.8089445233345032,0.1910555213689804
587,11,0,0,0.7892985939979553,0.21070140600204468
587,12,1,1,0.4557349383831024,0.54426509141922
587,13,0,1,0.47255104780197144,0.5274489521980286
587,14,0,0,0.6238576769828796,0.37614232301712036
587,15,0,0,0.8089445233345032,0.19105547666549683
587,16,0,0,0.9040740132331848,0.09592599421739578
587,17,0,0,0.5251217484474182,0.4748782217502594
587,18,0,0,0.5784969925880432,0.4215030372142792
587,19,0,0,0.8867758512496948,0.113224096596241
588,0,0,1,0.48571524024009705,0.5142847299575806
588,1,0,0,0.897350549697876,0.10264942049980164
588,2,0,0,0.8184467554092407,0.1815531998872757
588,3,1,1,0.06790529936552048,0.9320946931838989
588,4,0,0,0.5852612257003784,0.4147387146949768
588,5,0,0,0.695376455783844,0.3046235144138336
588,6,0,1,0.4336749017238617,0.5663250088691711
588,7,1,1,0.3640826642513275,0.6359173059463501
588,8,0,0,0.6221323013305664,0.3778676986694336
588,9,0,0,0.8066324591636658,0.193367600440979
588,10,0,0,0.6654423475265503,0.3345576822757721
588,11,0,0,0.6996013522148132,0.300398588180542
588,12,1,1,0.36141437292099,0.63858562707901
588,13,0,0,0.5011879205703735,0.49881210923194885
588,14,0,0,0.6882894039154053,0.3117106556892395
588,15,0,0,0.6201611757278442,0.37983885407447815
588,16,0,0,0.897350549697876,0.10264942049980164
588,17,0,1,0.3836041986942291,0.6163957715034485
588,18,0,1,0.48915520310401917,0.510844886302948
588,19,0,0,0.6953765153884888,0.30462345480918884
589,0,0,1,0.3842425048351288,0.6157575249671936
589,1,0,0,0.8607025146484375,0.1392975151538849
589,2,0,0,0.9607066512107849,0.0392933115363121
589,3,1,1,0.4344022274017334,0.5655977725982666
589,4,0,1,0.39736413955688477,0.6026358604431152
589,5,0,0,0.5628542900085449,0.4371457099914551
589,6,0,1,0.0575418658554554,0.9424581527709961
589,7,1,1,0.32423388957977295,0.6757660508155823
589,8,0,0,0.9398679137229919,0.06013210862874985
589,9,0,0,0.9126288890838623,0.08737114816904068
589,10,0,1,0.44921109080314636,0.550788938999176
589,11,0,0,0.9258926510810852,0.07410737127065659
589,12,1,1,0.01905355043709278,0.9809464812278748
589,13,0,0,0.5035140514373779,0.4964858889579773
589,14,0,1,0.4590390920639038,0.5409609079360962
589,15,0,1,0.08521542698144913,0.9147845506668091
589,16,0,0,0.8607025146484375,0.1392975151538849
589,17,0,0,0.9573326110839844,0.04266734421253204
589,18,0,1,0.23972263932228088,0.7602773904800415
589,19,0,1,0.40717920660972595,0.5928207635879517
590,0,0,0,0.6438517570495605,0.35614824295043945
590,1,0,0,0.8736274242401123,0.1263725906610489
590,2,0,0,0.9287518858909607,0.07124803215265274
590,3,1,1,0.06276022642850876,0.9372397661209106
590,4,0,0,0.6282607913017273,0.3717391788959503
590,5,0,0,0.540715754032135,0.459284245967865
590,6,0,0,0.7472620606422424,0.2527379095554352
590,7,1,1,0.1244003102183342,0.87559974193573
590,8,0,0,0.8946287631988525,0.10537121444940567
590,9,0,0,0.9304563403129578,0.06954368948936462
590,10,0,0,0.7612801194190979,0.23871994018554688
590,11,0,0,0.9007282257080078,0.09927181899547577
590,12,1,1,0.15102669596672058,0.8489733338356018
590,13,0,0,0.540568470954895,0.459431529045105
590,14,0,0,0.6715481877326965,0.3284517824649811
590,15,0,0,0.7572096586227417,0.24279028177261353
590,16,0,0,0.8736274242401123,0.1263725906610489
590,17,0,0,0.9033828377723694,0.09661714732646942
590,18,0,1,0.13519562780857086,0.8648043870925903
590,19,0,0,0.7561417818069458,0.24385829269886017
591,0,0,1,0.47350171208381653,0.5264983177185059
591,1,0,0,0.8451754450798035,0.15482456982135773
591,2,0,0,0.768030047416687,0.2319698929786682
591,3,1,0,0.5641545057296753,0.4358454942703247
591,4,0,1,0.4503740072250366,0.5496260523796082
591,5,0,0,0.7615171670913696,0.23848284780979156
591,6,0,0,0.7083814740180969,0.2916185259819031
591,7,1,1,0.3223694860935211,0.6776304841041565
591,8,0,0,0.7479627132415771,0.25203728675842285
591,9,0,0,0.7316928505897522,0.26830723881721497
591,10,0,0,0.550896406173706,0.44910356402397156
591,11,0,0,0.7200841903686523,0.27991577982902527
591,12,1,1,0.2699536383152008,0.7300463914871216
591,13,0,0,0.508346676826477,0.49165335297584534
591,14,0,1,0.3927653133869171,0.6072347164154053
591,15,0,0,0.560100257396698,0.439899742603302
591,16,0,0,0.8451754450798035,0.15482456982135773
591,17,0,1,0.4653424918651581,0.5346574783325195
591,18,0,1,0.33465132117271423,0.6653486490249634
591,19,0,0,0.7615171670913696,0.23848284780979156
592,0,0,1,0.4873233437538147,0.5126767158508301
592,1,0,0,0.8604557514190674,0.1395442634820938
592,2,0,0,0.8855000734329224,0.11449985206127167
592,3,1,1,0.026093685999512672,0.9739063382148743
592,4,0,1,0.49430832266807556,0.505691647529602
592,5,0,0,0.6576226353645325,0.34237733483314514
592,6,0,0,0.8291770219802856,0.17082297801971436
592,7,1,1,0.1862899363040924,0.81371009349823
592,8,0,0,0.8276508450508118,0.17234912514686584
592,9,0,0,0.9097495079040527,0.09025055915117264
592,10,0,0,0.5445516705513,0.45544829964637756
592,11,0,0,0.8056355714797974,0.19436436891555786
592,12,1,1,0.2157510370016098,0.7842490077018738
592,13,0,1,0.4576408267021179,0.5423591732978821
592,14,0,0,0.5430689454078674,0.45693108439445496
592,15,0,1,0.3108614385128021,0.6891385316848755
592,16,0,0,0.8604557514190674,0.1395442634820938
592,17,0,1,0.35037961602211,0.6496204137802124
592,18,0,1,0.39169082045555115,0.6083092093467712
592,19,0,0,0.5419866442680359,0.4580133557319641
593,0,0,0,0.6249575018882751,0.37504252791404724
593,1,0,0,0.8965632319450378,0.10343673825263977
593,2,0,0,0.909521222114563,0.09047877043485641
593,3,1,1,0.41472798585891724,0.5852720141410828
593,4,0,0,0.6235431432723999,0.3764569163322449
593,5,0,0,0.7250462174415588,0.2749537229537964
593,6,0,0,0.930757462978363,0.06924255192279816
593,7,1,0,0.6195444464683533,0.3804555833339691
593,8,0,0,0.8193897008895874,0.18061023950576782
593,9,0,0,0.8534645438194275,0.14653553068637848
593,10,0,0,0.7927446365356445,0.20725533366203308
593,11,0,0,0.8624338507652283,0.13756611943244934
593,12,1,1,0.010021978057920933,0.9899779558181763
593,13,0,0,0.5475206971168518,0.4524793326854706
593,14,0,0,0.8605139255523682,0.13948604464530945
593,15,0,0,0.7489175796508789,0.2510824203491211
593,16,0,0,0.8971391320228577,0.10286081582307816
593,17,0,0,0.9068711400032043,0.09312883764505386
593,18,0,0,0.6235430836677551,0.3764569163322449
593,19,0,0,0.8299583196640015,0.17004163563251495
594,0,0,0,0.5747472047805786,0.4252527952194214
594,1,0,0,0.8846758604049683,0.11532412469387054
594,2,0,0,0.9636428356170654,0.03635714575648308
594,3,1,1,0.09022708982229233,0.9097729921340942
594,4,0,1,0.14770208299160004,0.8522979617118835
594,5,0,0,0.8338788747787476,0.16612114012241364
594,6,0,0,0.9107180833816528,0.08928189426660538
594,7,1,1,0.1302759200334549,0.8697240948677063
594,8,0,1,0.2745821177959442,0.7254178524017334
594,9,0,0,0.9613988995552063,0.0386011078953743
594,10,0,0,0.5337747931480408,0.4662252366542816
594,11,0,0,0.8853434324264526,0.11465650051832199
594,12,1,1,0.10188503563404083,0.8981150388717651
594,13,0,0,0.5490001440048218,0.4509998559951782
594,14,0,1,0.4150664210319519,0.5849335789680481
594,15,0,1,0.2362239509820938,0.7637760639190674
594,16,0,0,0.8846758604049683,0.11532412469387054
594,17,0,0,0.8842304944992065,0.11576953530311584
594,18,0,0,0.5252330303192139,0.47476691007614136
594,19,0,0,0.8881805539131165,0.11181945353746414
595,0,0,0,0.6887320876121521,0.3112678825855255
595,1,0,0,0.8832446336746216,0.11675538867712021
595,2,0,1,0.31128042936325073,0.6887195110321045
595,3,1,1,0.05033724382519722,0.9496628046035767
595,4,0,0,0.6419862508773804,0.35801374912261963
595,5,0,0,0.7518069744110107,0.24819304049015045
595,6,0,0,0.9302794337272644,0.069720558822155
595,7,1,0,0.701645016670227,0.2983550429344177
595,8,0,0,0.7228120565414429,0.2771879732608795
595,9,0,0,0.9310340285301208,0.06896597146987915
595,10,0,0,0.657758355140686,0.3422416150569916
595,11,0,0,0.9160756468772888,0.08392436802387238
595,12,1,1,0.017540179193019867,0.9824597835540771
595,13,0,0,0.5504827499389648,0.44951730966567993
595,14,0,0,0.8161592483520508,0.1838407665491104
595,15,0,1,0.11752492189407349,0.8824750781059265
595,16,0,0,0.8832446336746216,0.11675538867712021
595,17,0,0,0.9241831302642822,0.07581683993339539
595,18,0,1,0.31368792057037354,0.6863120198249817
595,19,0,0,0.7802360653877258,0.21976390480995178
596,0,0,0,0.7267640829086304,0.273235946893692
596,1,0,0,0.8538706302642822,0.14612936973571777
596,2,0,1,0.48618340492248535,0.5138165354728699
596,3,1,1,0.05837554112076759,0.9416244029998779
596,4,0,0,0.7350388169288635,0.2649611532688141
596,5,0,0,0.80042564868927,0.19957435131072998
596,6,0,0,0.8219755291938782,0.1780245006084442
596,7,1,0,0.7350388169288635,0.2649611532688141
596,8,0,1,0.2451983094215393,0.7548016905784607
596,9,0,1,0.4514654874801636,0.5485345125198364
596,10,0,0,0.7048083543777466,0.2951916456222534
596,11,0,0,0.7813954949378967,0.21860449016094208
596,12,1,1,0.026475992053747177,0.9735239744186401
596,13,0,0,0.5162720084190369,0.48372790217399597
596,14,0,0,0.7778880596160889,0.22211191058158875
596,15,0,1,0.49007055163383484,0.5099294185638428
596,16,0,0,0.8538706302642822,0.14612936973571777
596,17,0,0,0.7813954949378967,0.21860449016094208
596,18,0,0,0.7324078679084778,0.2675921320915222
596,19,0,0,0.8207225799560547,0.1792774349451065
597,0,0,0,0.7858143448829651,0.2141856998205185
597,1,0,0,0.8717191219329834,0.1282808482646942
597,2,0,0,0.9419296383857727,0.058070335537195206
597,3,1,1,0.07645142078399658,0.9235485196113586
597,4,0,0,0.7760833501815796,0.2239166647195816
597,5,0,0,0.9085446000099182,0.09145532548427582
597,6,0,0,0.9456387162208557,0.05436127260327339
597,7,1,1,0.03386744484305382,0.9661325216293335
597,8,0,1,0.34616953134536743,0.6538304686546326
597,9,0,0,0.9325931072235107,0.06740693002939224
597,10,0,0,0.8147730827331543,0.1852269321680069
597,11,0,0,0.9447534680366516,0.05524655431509018
597,12,1,1,0.027510063722729683,0.9724899530410767
597,13,0,1,0.48713919520378113,0.5128607749938965
597,14,0,0,0.7915236949920654,0.20847631990909576
597,15,0,0,0.8491314649581909,0.15086853504180908
597,16,0,0,0.8717191219329834,0.1282808482646942
597,17,0,0,0.9335834980010986,0.06641652435064316
597,18,0,0,0.7760833501815796,0.2239166647195816
597,19,0,0,0.9182659983634949,0.08173403888940811
598,0,0,0,0.7450732588768005,0.2549267113208771
598,1,0,0,0.8658267259597778,0.13417327404022217
598,2,0,0,0.9587564468383789,0.04124359413981438
598,3,1,1,0.0728432834148407,0.9271566867828369
598,4,0,0,0.6489824056625366,0.3510175049304962
598,5,0,0,0.7652104496955872,0.23478958010673523
598,6,0,0,0.9594101309776306,0.04058988392353058
598,7,1,1,0.01966034434735775,0.9803397059440613
598,8,0,0,0.9369698762893677,0.06303008645772934
598,9,0,0,0.9594528079032898,0.040547192096710205
598,10,0,0,0.5955290794372559,0.40447095036506653
598,11,0,0,0.9633214473724365,0.03667851909995079
598,12,1,1,0.02826589345932007,0.9717340469360352
598,13,0,1,0.48831504583358765,0.5116850137710571
598,14,0,0,0.5981847643852234,0.401815265417099
598,15,0,0,0.6219847798347473,0.3780152201652527
598,16,0,0,0.8658267259597778,0.13417327404022217
598,17,0,0,0.950505256652832,0.04949472099542618
598,18,0,0,0.650909423828125,0.3490906357765198
598,19,0,0,0.8006750345230103,0.19932503998279572
599,0,0,0,0.6996280550956726,0.3003719747066498
599,1,0,0,0.8522540330886841,0.14774593710899353
599,2,0,0,0.8330209255218506,0.1669790893793106
599,3,1,1,0.01293829083442688,0.9870616793632507
599,4,0,0,0.6869892477989197,0.3130107522010803
599,5,0,0,0.9382177591323853,0.061782218515872955
599,6,0,0,0.8849132657051086,0.11508671939373016
599,7,1,1,0.015352628193795681,0.9846473932266235
599,8,0,0,0.6027240753173828,0.3972759544849396
599,9,0,0,0.8982326984405518,0.10176722705364227
599,10,0,0,0.8029894232749939,0.1970105767250061
599,11,0,0,0.8478173017501831,0.1521827131509781
599,12,1,0,0.6205542683601379,0.37944573163986206
599,13,0,1,0.48951107263565063,0.5104889869689941
599,14,0,0,0.6324681043624878,0.3675318956375122
599,15,0,0,0.8172059059143066,0.18279406428337097
599,16,0,0,0.8522540330886841,0.14774593710899353
599,17,0,0,0.8778390288352966,0.12216097861528397
599,18,0,0,0.7068719863891602,0.2931280732154846
599,19,0,0,0.945336639881134,0.05466338247060776
600,0,0,0,0.6709718108177185,0.3290281295776367
600,1,0,0,0.8519405722618103,0.1480594426393509
600,2,0,0,0.9223172068595886,0.0776827409863472
600,3,1,1,0.03375993296504021,0.9662400484085083
600,4,0,0,0.6491198539733887,0.3508801758289337
600,5,0,0,0.8465254306793213,0.15347464382648468
600,6,0,0,0.9022079110145569,0.0977921113371849
600,7,1,1,0.22064164280891418,0.7793583273887634
600,8,0,0,0.8685377836227417,0.13146226108074188
600,9,0,0,0.9394960403442383,0.060503944754600525
600,10,0,0,0.673208475112915,0.32679152488708496
600,11,0,0,0.8440912961959839,0.1559087485074997
600,12,1,1,0.22710838913917542,0.7728915810585022
600,13,0,1,0.4907275140285492,0.5092723965644836
600,14,0,0,0.6647219061851501,0.33527806401252747
600,15,0,0,0.6010608077049255,0.3989391624927521
600,16,0,0,0.8519405722618103,0.1480594426393509
600,17,0,0,0.8715233206748962,0.12847669422626495
600,18,0,0,0.5666208863258362,0.4333791136741638
600,19,0,0,0.8993908166885376,0.10060916841030121
601,0,0,0,0.941063404083252,0.058936577290296555
601,1,0,0,0.8994813561439514,0.10051871091127396
601,2,0,0,0.9534746408462524,0.04652531445026398
601,3,1,1,0.2550067901611328,0.7449932098388672
601,4,0,0,0.9236334562301636,0.07636653631925583
601,5,0,0,0.9466204643249512,0.053379569202661514
601,6,0,0,0.9653261303901672,0.03467389941215515
601,7,1,1,0.14160490036010742,0.8583950996398926
601,8,0,0,0.581455409526825,0.41854459047317505
601,9,0,0,0.9483429193496704,0.05165703594684601
601,10,0,0,0.7600103616714478,0.23998962342739105
601,11,0,0,0.9560852646827698,0.0439147911965847
601,12,1,1,0.025017861276865005,0.9749821424484253
601,13,0,0,0.5237850546836853,0.4762149453163147
601,14,0,0,0.8905103206634521,0.10948970168828964
601,15,0,1,0.09921636432409286,0.9007836580276489
601,16,0,0,0.9000295996665955,0.09997040778398514
601,17,0,0,0.9508317112922668,0.049168266355991364
601,18,0,0,0.7974341511726379,0.20256584882736206
601,19,0,0,0.9832518100738525,0.016748229041695595
602,0,0,0,0.6981004476547241,0.30189958214759827
602,1,0,0,0.8774195909500122,0.12258034944534302
602,2,0,0,0.5077170133590698,0.4922829270362854
602,3,1,1,0.057623956352472305,0.9423760175704956
602,4,0,0,0.6959535479545593,0.3040463924407959
602,5,0,0,0.9077043533325195,0.09229564666748047
602,6,0,0,0.775026798248291,0.22497320175170898
602,7,1,1,0.043626923114061356,0.9563730359077454
602,8,0,0,0.5077170729637146,0.4922829568386078
602,9,0,0,0.775333821773529,0.22466619312763214
602,10,0,1,0.37919631600379944,0.620803713798523
602,11,0,0,0.617191731929779,0.38280829787254333
602,12,1,1,0.02954678051173687,0.9704532027244568
602,13,0,1,0.4932224750518799,0.5067775845527649
602,14,0,1,0.34358111023902893,0.6564188599586487
602,15,0,1,0.159917414188385,0.8400826454162598
602,16,0,0,0.8774195909500122,0.12258034944534302
602,17,0,0,0.7365788817405701,0.2634211778640747
602,18,0,1,0.0764419212937355,0.9235581159591675
602,19,0,0,0.9237704277038574,0.07622954249382019
603,0,0,0,0.859656572341919,0.14034338295459747
603,1,0,0,0.8655796647071838,0.13442036509513855
603,2,0,0,0.8627492785453796,0.1372506469488144
603,3,1,1,0.053371232002973557,0.9466288089752197
603,4,0,0,0.8532264828681946,0.1467735320329666
603,5,0,0,0.904719889163971,0.09528009593486786
603,6,0,0,0.8628594279289246,0.13714057207107544
603,7,1,0,0.7624309659004211,0.23756901919841766
603,8,0,1,0.4516310393810272,0.5483689904212952
603,9,0,0,0.8504542708396912,0.14954571425914764
603,10,0,0,0.7861889600753784,0.21381105482578278
603,11,0,0,0.8141084313392639,0.18589158356189728
603,12,1,1,0.045009639114141464,0.9549903869628906
603,13,0,0,0.5972269773483276,0.40277299284935
603,14,0,0,0.8091962337493896,0.19080379605293274
603,15,0,0,0.703852117061615,0.2961479425430298
603,16,0,0,0.8655796647071838,0.13442036509513855
603,17,0,0,0.8633221983909607,0.1366777867078781
603,18,0,0,0.7624309659004211,0.23756901919841766
603,19,0,0,0.9407063722610474,0.05929360166192055
604,0,0,0,0.7695615291595459,0.2304384708404541
604,1,0,0,0.8530756831169128,0.14692434668540955
604,2,0,0,0.9230635762214661,0.07693636417388916
604,3,1,1,0.03837205842137337,0.9616279006004333
604,4,0,0,0.7460206151008606,0.2539793848991394
604,5,0,0,0.8891777992248535,0.11082223057746887
604,6,0,0,0.9185087084770203,0.08149126172065735
604,7,1,0,0.6368547677993774,0.36314526200294495
604,8,0,0,0.8793169260025024,0.12068308144807816
604,9,0,0,0.9014909863471985,0.09850896894931793
604,10,0,0,0.7740744352340698,0.22592559456825256
604,11,0,0,0.7675682902336121,0.23243169486522675
604,12,1,1,0.17434614896774292,0.8256537914276123
604,13,0,0,0.5285048484802246,0.4714950919151306
604,14,0,0,0.8584269285202026,0.14157302677631378
604,15,0,0,0.6946081519126892,0.3053918778896332
604,16,0,0,0.8530756831169128,0.14692434668540955
604,17,0,0,0.8945020437240601,0.10549790412187576
604,18,0,0,0.7546537518501282,0.2453462779521942
604,19,0,0,0.9469974040985107,0.05300261825323105
605,0,0,0,0.6875579357147217,0.31244203448295593
605,1,0,0,0.8518998026847839,0.14810015261173248
605,2,0,0,0.8596414923667908,0.14035844802856445
605,3,1,1,0.049037665128707886,0.9509623050689697
605,4,0,0,0.6799917221069336,0.320008248090744
605,5,0,0,0.9503329396247864,0.04966698959469795
605,6,0,0,0.9517108798027039,0.04828913137316704
605,7,1,1,0.02384919673204422,0.9761508703231812
605,8,0,0,0.9047229290008545,0.0952770784497261
605,9,0,0,0.9510963559150696,0.0489036925137043
605,10,0,1,0.43999776244163513,0.5600022077560425
605,11,0,0,0.667736828327179,0.33226317167282104
605,12,1,0,0.5545549392700195,0.44544512033462524
605,13,0,1,0.4971228837966919,0.5028771162033081
605,14,0,0,0.8878617882728577,0.11213818192481995
605,15,0,1,0.1010219156742096,0.898978054523468
605,16,0,0,0.8518998026847839,0.14810015261173248
605,17,0,0,0.9456841349601746,0.054315805435180664
605,18,0,1,0.42896583676338196,0.5710341930389404
605,19,0,0,0.9530819654464722,0.04691799357533455
606,0,0,1,0.3304411470890045,0.6695588827133179
606,1,0,0,0.7484434247016907,0.2515566051006317
606,2,0,0,0.7612967491149902,0.23870325088500977
606,3,1,1,0.2066975086927414,0.7933024764060974
606,4,0,0,0.5583315491676331,0.44166845083236694
606,5,0,0,0.8893819451332092,0.11061801016330719
606,6,0,0,0.762317419052124,0.23768262565135956
606,7,1,1,0.1165992021560669,0.8834007978439331
606,8,0,0,0.6291012167930603,0.3708987832069397
606,9,0,0,0.5630059838294983,0.4369940459728241
606,10,0,0,0.5172851085662842,0.48271486163139343
606,11,0,0,0.5583315491676331,0.44166848063468933
606,12,1,1,0.11051113903522491,0.889488935470581
606,13,0,0,0.6993594169616699,0.3006405234336853
606,14,0,1,0.33273935317993164,0.6672607064247131
606,15,0,1,0.2264876365661621,0.7735123634338379
606,16,0,0,0.7831487059593201,0.2168513536453247
606,17,0,1,0.3396926522254944,0.6603073477745056
606,18,0,1,0.2127813994884491,0.7872186303138733
606,19,0,0,0.9217378497123718,0.07826212793588638
607,0,0,0,0.5832362174987793,0.4167637526988983
607,1,0,0,0.7287060618400574,0.27129390835762024
607,2,0,0,0.9121091961860657,0.08789078891277313
607,3,1,0,0.8247824311256409,0.17521758377552032
607,4,0,0,0.5357174873352051,0.4642825424671173
607,5,0,0,0.8870033621788025,0.1129966527223587
607,6,0,0,0.9229791760444641,0.07702084630727768
607,7,1,1,0.046576425433158875,0.9534236192703247
607,8,0,0,0.9132163524627686,0.08678367733955383
607,9,0,0,0.7733290791511536,0.2266709804534912
607,10,0,0,0.6458765268325806,0.3541235327720642
607,11,0,0,0.5134035348892212,0.4865964651107788
607,12,1,1,0.030364811420440674,0.9696351885795593
607,13,0,0,0.667193591594696,0.33280643820762634
607,14,0,0,0.8750860095024109,0.12491393089294434
607,15,0,0,0.5589868426322937,0.4410131573677063
607,16,0,0,0.7734460830688477,0.22655394673347473
607,17,0,0,0.9078906178474426,0.09210935235023499
607,18,0,0,0.6748962998390198,0.3251037001609802
607,19,0,0,0.9076059460639954,0.09239408373832703
608,0,0,1,0.4991455674171448,0.5008544325828552
608,1,0,0,0.7970081567764282,0.20299182832241058
608,2,0,0,0.9618217349052429,0.038178253918886185
608,3,1,1,0.07126457244157791,0.9287354350090027
608,4,0,1,0.48407360911369324,0.5159263610839844
608,5,0,1,0.4887518286705017,0.5112481713294983
608,6,0,0,0.9633364677429199,0.036663517355918884
608,7,1,0,0.5750244855880737,0.42497554421424866
608,8,0,0,0.9606711268424988,0.039328861981630325
608,9,0,0,0.9263173937797546,0.07368259876966476
608,10,0,0,0.6328173875808716,0.36718258261680603
608,11,0,1,0.48407357931137085,0.5159263610839844
608,12,1,1,0.03106815367937088,0.9689318537712097
608,13,0,0,0.7967642545700073,0.20323580503463745
608,14,0,0,0.916691780090332,0.08330819755792618
608,15,0,1,0.36464789509773254,0.6353521347045898
608,16,0,0,0.791594386100769,0.20840556919574738
608,17,0,0,0.959888756275177,0.040111228823661804
608,18,0,0,0.6522578597068787,0.34774214029312134
608,19,0,0,0.7243148684501648,0.27568507194519043
609,0,0,1,0.09530392289161682,0.9046960473060608
609,1,0,0,0.7694452404975891,0.2305547595024109
609,2,0,0,0.6602445840835571,0.33975544571876526
609,3,1,1,0.08563324809074402,0.9143667221069336
609,4,0,1,0.06991858035326004,0.9300814270973206
609,5,0,0,0.8445945978164673,0.1554054617881775
609,6,0,0,0.6624237298965454,0.337576299905777
609,7,1,1,0.08974753320217133,0.9102524518966675
609,8,0,0,0.6663087010383606,0.3336913287639618
609,9,0,1,0.39631572365760803,0.6036842465400696
609,10,0,0,0.6930789947509766,0.3069210648536682
609,11,0,1,0.40941134095191956,0.5905886888504028
609,12,1,1,0.06991859525442123,0.9300814270973206
609,13,0,0,0.7386902570724487,0.2613096833229065
609,14,0,1,0.3228262960910797,0.6771736741065979
609,15,0,0,0.6363753080368042,0.3636246919631958
609,16,0,0,0.7926689386367798,0.2073310762643814
609,17,0,1,0.29065027832984924,0.7093496918678284
609,18,0,0,0.7160651683807373,0.2839348316192627
609,19,0,0,0.8758059740066528,0.12419404089450836
610,0,0,0,0.7294338345527649,0.2705661356449127
610,1,0,0,0.9359434247016907,0.0640566274523735
610,2,0,0,0.830553412437439,0.16944658756256104
610,3,1,1,0.2922152280807495,0.7077847123146057
610,4,0,0,0.6988113522529602,0.30118873715400696
610,5,0,0,0.8848589658737183,0.11514099687337875
610,6,0,0,0.836944043636322,0.16305600106716156
610,7,1,1,0.19810473918914795,0.801895260810852
610,8,0,0,0.836944043636322,0.16305598616600037
610,9,0,0,0.8268839120864868,0.173116073012352
610,10,0,0,0.7123116254806519,0.287688285112381
610,11,0,0,0.6988113522529602,0.30118870735168457
610,12,1,1,0.23923073709011078,0.7607691884040833
610,13,0,0,0.5191708207130432,0.48082923889160156
610,14,0,0,0.7324022054672241,0.26759785413742065
610,15,0,1,0.13480229675769806,0.8651976585388184
610,16,0,0,0.9639187455177307,0.036081280559301376
610,17,0,0,0.7346863746643066,0.26531362533569336
610,18,0,0,0.6921103000640869,0.3078897297382355
610,19,0,0,0.9167867302894592,0.08321329206228256
611,0,0,1,0.15287062525749207,0.8471294045448303
611,1,0,0,0.8543809056282043,0.14561912417411804
611,2,0,0,0.9099044799804688,0.09009554237127304
611,3,1,1,0.12302272766828537,0.8769773244857788
611,4,0,1,0.2997935712337494,0.7002063989639282
611,5,0,0,0.5597399473190308,0.44026005268096924
611,6,0,0,0.911746621131897,0.08825337141752243
611,7,1,1,0.0957009568810463,0.9042990207672119
611,8,0,0,0.8997718691825867,0.10022815316915512
611,9,0,1,0.2591901123523712,0.7408098578453064
611,10,0,1,0.46068742871284485,0.539312481880188
611,11,0,1,0.2997935712337494,0.7002063989639282
611,12,1,1,0.08845282346010208,0.9115471839904785
611,13,0,0,0.6384657025337219,0.3615342676639557
611,14,0,1,0.38374432921409607,0.6162557005882263
611,15,0,1,0.30553480982780457,0.694465160369873
611,16,0,0,0.8008824586868286,0.1991175413131714
611,17,0,1,0.140800341963768,0.859199583530426
611,18,0,1,0.13984939455986023,0.8601505756378174
611,19,0,0,0.8353627324104309,0.16463728249073029
612,0,0,0,0.6734969615936279,0.32650309801101685
612,1,0,0,0.8601380586624146,0.13986195623874664
612,2,0,0,0.7583644986152649,0.2416355460882187
612,3,1,1,0.016932731494307518,0.9830672144889832
612,4,0,0,0.637873113155365,0.362126886844635
612,5,0,0,0.6619914770126343,0.3380085229873657
612,6,0,0,0.7636174559593201,0.23638257384300232
612,7,1,1,0.08294913917779922,0.917050838470459
612,8,0,0,0.7644001245498657,0.23559987545013428
612,9,0,0,0.542971670627594,0.457028329372406
612,10,0,0,0.6103563904762268,0.3896436393260956
612,11,0,0,0.637873113155365,0.362126886844635
612,12,1,0,0.637873113155365,0.3621269464492798
612,13,0,0,0.8339661955833435,0.1660338044166565
612,14,0,1,0.38077619671821594,0.6192238330841064
612,15,0,0,0.586812436580658,0.41318750381469727
612,16,0,0,0.8824819922447205,0.11751803010702133
612,17,0,0,0.6919648051261902,0.30803510546684265
612,18,0,1,0.05028209835290909,0.9497179388999939
612,19,0,1,0.4779585599899292,0.5220414400100708
613,0,0,1,0.11416210234165192,0.8858379125595093
613,1,0,0,0.8132666349411011,0.18673330545425415
613,2,0,0,0.7942475080490112,0.2057524472475052
613,3,1,1,0.013557888567447662,0.9864420890808105
613,4,0,1,0.1027052253484726,0.897294819355011
613,5,0,0,0.5535780787467957,0.44642186164855957
613,6,0,0,0.7964967489242554,0.20350322127342224
613,7,1,1,0.16653746366500854,0.8334625363349915
613,8,0,0,0.722633957862854,0.2773660123348236
613,9,0,0,0.6225644946098328,0.37743547558784485
613,10,0,0,0.5887362360954285,0.4112637937068939
613,11,0,1,0.1027052029967308,0.897294819355011
613,12,1,1,0.011601779609918594,0.9883982539176941
613,13,0,0,0.7561071515083313,0.2438928186893463
613,14,0,1,0.1513664722442627,0.8486334681510925
613,15,0,1,0.4889867901802063,0.5110132098197937
613,16,0,0,0.8524237275123596,0.1475762575864792
613,17,0,1,0.1510106772184372,0.8489893078804016
613,18,0,1,0.09785892814397812,0.9021411538124084
613,19,0,0,0.5723723769187927,0.4276276230812073
614,0,0,0,0.6246739625930786,0.3753260374069214
614,1,0,0,0.8331955075263977,0.16680453717708588
614,2,0,0,0.8363179564476013,0.1636820137500763
614,3,1,1,0.021746281534433365,0.9782537221908569
614,4,0,0,0.6088526844978333,0.39114734530448914
614,5,0,0,0.6242920756340027,0.3757079541683197
614,6,0,0,0.8444191217422485,0.15558095276355743
614,7,1,1,0.01673075743019581,0.983269214630127
614,8,0,0,0.844419002532959,0.15558095276355743
614,9,0,0,0.8465026617050171,0.15349730849266052
614,10,0,0,0.9768261909484863,0.02317379228770733
614,11,0,0,0.6088526248931885,0.39114734530448914
614,12,1,1,0.028655344620347023,0.9713446497917175
614,13,0,0,0.7683218121528625,0.23167821764945984
614,14,0,0,0.6655830144882202,0.3344168961048126
614,15,0,0,0.9802637696266174,0.01973630115389824
614,16,0,0,0.9737783670425415,0.02622159570455551
614,17,0,1,0.0797649696469307,0.9202350974082947
614,18,0,0,0.6522571444511414,0.34774285554885864
614,19,0,1,0.37309539318084717,0.6269046068191528
615,0,0,0,0.6417393684387207,0.3582606017589569
615,1,0,0,0.9932505488395691,0.006749450229108334
615,2,0,0,0.8464463353157043,0.15355370938777924
615,3,1,1,0.014344761148095131,0.9856552481651306
615,4,0,0,0.5953688025474548,0.40463122725486755
615,5,0,1,0.38940224051475525,0.6105977296829224
615,6,0,0,0.8503223061561584,0.14967770874500275
615,7,1,1,0.08496225625276566,0.9150376915931702
615,8,0,0,0.8503223061561584,0.14967767894268036
615,9,0,0,0.8274015188217163,0.17259849607944489
615,10,0,0,0.963121235370636,0.036878686398267746
615,11,0,0,0.6154115200042725,0.3845885097980499
615,12,1,1,0.06812881678342819,0.931871235370636
615,13,0,0,0.9872881174087524,0.012711847200989723
615,14,0,0,0.6508793830871582,0.3491206467151642
615,15,0,0,0.9957069754600525,0.004293050616979599
615,16,0,0,0.995526134967804,0.004473811015486717
615,17,0,0,0.6850368976593018,0.31496307253837585
615,18,0,1,0.08916284888982773,0.9108371734619141
615,19,0,0,0.6298737525939941,0.37012630701065063
616,0,0,1,0.4974694848060608,0.502530574798584
616,1,0,0,0.9918578267097473,0.008142141625285149
616,2,0,1,0.41772347688674927,0.582276463508606
616,3,1,1,0.01546053308993578,0.9845394492149353
616,4,0,1,0.4724530279636383,0.5275469422340393
616,5,0,0,0.6517685651779175,0.3482314944267273
616,6,0,0,0.5300593376159668,0.4699406921863556
616,7,1,1,0.34016507863998413,0.6598349213600159
616,8,0,0,0.530059278011322,0.4699406623840332
616,9,0,1,0.39512309432029724,0.6048769354820251
616,10,0,0,0.8677815198898315,0.13221848011016846
616,11,0,1,0.4771570563316345,0.5228430032730103
616,12,1,1,0.0568632110953331,0.9431368112564087
616,13,0,1,0.3729248344898224,0.6270751953125
616,14,0,1,0.4771503508090973,0.5228496193885803
616,15,0,0,0.9921098351478577,0.00789020024240017
616,16,0,0,0.9957654476165771,0.0042345705442130566
616,17,0,0,0.5006639361381531,0.4993360638618469
616,18,0,1,0.3596418499946594,0.6403580904006958
616,19,0,0,0.8419948816299438,0.15800514817237854
617,0,0,0,0.65312659740448,0.34687340259552
617,1,0,0,0.9488552212715149,0.05114474892616272
617,2,0,0,0.6302334070205688,0.36976662278175354
617,3,1,1,0.03388788923621178,0.9661121964454651
617,4,0,0,0.6448575258255005,0.3551424443721771
617,5,0,0,0.70643150806427,0.2935684621334076
617,6,0,0,0.6401421427726746,0.3598579168319702
617,7,1,1,0.17798762023448944,0.8220123648643494
617,8,0,0,0.6384136080741882,0.36158639192581177
617,9,0,0,0.5639496445655823,0.43605032563209534
617,10,0,0,0.8947827816009521,0.10521722584962845
617,11,0,0,0.6702382564544678,0.3297617733478546
617,12,1,1,0.1957409530878067,0.8042590618133545
617,13,0,0,0.9189082980155945,0.08109172433614731
617,14,0,1,0.48453018069267273,0.5154698491096497
617,15,0,0,0.9882611632347107,0.0117388516664505
617,16,0,0,0.989666223526001,0.010333803482353687
617,17,0,0,0.6850398778915405,0.3149600625038147
617,18,0,1,0.1842307448387146,0.8157693147659302
617,19,0,0,0.8952788710594177,0.10472112149000168
618,0,0,0,0.6213659644126892,0.3786340057849884
618,1,0,0,0.9793611168861389,0.020638849586248398
618,2,0,0,0.9063319563865662,0.09366808831691742
618,3,1,1,0.011461188085377216,0.9885388016700745
618,4,0,0,0.6723203063011169,0.3276796042919159
618,5,0,0,0.897422194480896,0.102577805519104
618,6,0,0,0.9139666557312012,0.08603335171937943
618,7,1,1,0.04856078699231148,0.9514392018318176
618,8,0,0,0.9139666557312012,0.08603332936763763
618,9,0,0,0.8569797277450562,0.14302019774913788
618,10,0,0,0.8281978964805603,0.1718021035194397
618,11,0,0,0.6770834922790527,0.32291653752326965
618,12,1,0,0.677083432674408,0.32291659712791443
618,13,0,0,0.9712985157966614,0.028701454401016235
618,14,0,1,0.13518917560577393,0.8648108243942261
618,15,0,0,0.9809892773628235,0.019010702148079872
618,16,0,0,0.9814215898513794,0.01857842318713665
618,17,0,1,0.4052887558937073,0.594711184501648
618,18,0,1,0.03230058774352074,0.967699408531189
618,19,0,0,0.9440813064575195,0.05591873824596405
619,0,0,1,0.2554420232772827,0.7445579171180725
619,1,0,0,0.7896996140480042,0.21030034124851227
619,2,0,0,0.6278020143508911,0.3721978962421417
619,3,1,1,0.3013576865196228,0.6986423134803772
619,4,0,1,0.2590091824531555,0.7409908175468445
619,5,0,0,0.8704759478569031,0.1295240819454193
619,6,0,0,0.6699696779251099,0.33003029227256775
619,7,1,1,0.34145238995552063,0.6585476398468018
619,8,0,0,0.6540862917900085,0.34591376781463623
619,9,0,0,0.5746360421180725,0.4253638982772827
619,10,0,1,0.36422356963157654,0.6357765197753906
619,11,0,1,0.29830116033554077,0.701698899269104
619,12,1,1,0.22868242859840393,0.7713176012039185
619,13,0,0,0.7679775357246399,0.2320224940776825
619,14,0,1,0.28973716497421265,0.7102628946304321
619,15,0,0,0.7519189715385437,0.24808107316493988
619,16,0,0,0.7551373839378357,0.2448626160621643
619,17,0,1,0.3013577163219452,0.6986423134803772
619,18,0,1,0.4115756154060364,0.5884244441986084
619,19,0,0,0.9161612391471863,0.08383876830339432
620,0,0,0,0.6358430981636047,0.36415690183639526
620,1,0,0,0.6356355547904968,0.3643644154071808
620,2,0,0,0.6358118653297424,0.36418813467025757
620,3,1,1,0.02372855320572853,0.976271390914917
620,4,0,0,0.588154137134552,0.41184595227241516
620,5,0,0,0.9203668236732483,0.07963313907384872
620,6,0,0,0.6481637358665466,0.3518361747264862
620,7,1,1,0.06592140346765518,0.9340786337852478
620,8,0,0,0.6403058171272278,0.35969415307044983
620,9,0,0,0.5283921360969543,0.47160783410072327
620,10,0,0,0.5301065444946289,0.46989354491233826
620,11,0,0,0.6031520962715149,0.3968478739261627
620,12,1,1,0.06434209644794464,0.9356578588485718
620,13,0,1,0.43539661169052124,0.5646033883094788
620,14,0,0,0.7288561463356018,0.2711438238620758
620,15,0,0,0.639191746711731,0.36080822348594666
620,16,0,0,0.559245765209198,0.440754234790802
620,17,0,1,0.3478083908557892,0.6521915793418884
620,18,0,1,0.09471473842859268,0.9052852988243103
620,19,0,0,0.9477070569992065,0.05229296162724495
621,0,0,1,0.4296616315841675,0.5703383088111877
621,1,0,0,0.7031557559967041,0.2968442440032959
621,2,0,0,0.819214940071106,0.18078507483005524
621,3,1,1,0.04258887842297554,0.9574110507965088
621,4,0,1,0.38302168250083923,0.6169782876968384
621,5,0,0,0.909146249294281,0.0908537358045578
621,6,0,0,0.8279048800468445,0.1720951348543167
621,7,1,1,0.4322223663330078,0.5677776336669922
621,8,0,0,0.8220719695091248,0.17792807519435883
621,9,0,0,0.7363473773002625,0.26365259289741516
621,10,0,1,0.44013288617134094,0.5598670840263367
621,11,0,1,0.27750930190086365,0.722490668296814
621,12,1,1,0.033950503915548325,0.9660495519638062
621,13,0,0,0.7007157802581787,0.2992841601371765
621,14,0,1,0.43586379289627075,0.564136266708374
621,15,0,0,0.6722785234451294,0.3277214765548706
621,16,0,0,0.6861934661865234,0.3138065040111542
621,17,0,1,0.3914521038532257,0.6085478663444519
621,18,0,1,0.039831653237342834,0.9601683616638184
621,19,0,0,0.9253982901573181,0.0746016874909401
622,0,0,0,0.7506936192512512,0.2493063360452652
622,1,0,0,0.7026844024658203,0.2973155379295349
622,2,0,0,0.9051952958106995,0.09480463713407516
622,3,1,1,0.025698259472846985,0.9743016958236694
622,4,0,0,0.7019321918487549,0.2980678081512451
622,5,0,0,0.7502212524414062,0.24977876245975494
622,6,0,0,0.9181022047996521,0.08189784735441208
622,7,1,1,0.057285383343696594,0.9427145719528198
622,8,0,0,0.9181022047996521,0.08189784735441208
622,9,0,0,0.837619423866272,0.16238050162792206
622,10,0,0,0.6924970149993896,0.3075030446052551
622,11,0,0,0.6898410320281982,0.310158908367157
622,12,1,1,0.060904230922460556,0.9390957355499268
622,13,0,0,0.7026844024658203,0.2973155379295349
622,14,0,0,0.7544188499450684,0.24558117985725403
622,15,0,0,0.6938660740852356,0.30613383650779724
622,16,0,0,0.6938660740852356,0.30613383650779724
622,17,0,1,0.21624153852462769,0.7837584018707275
622,18,0,0,0.7548253536224365,0.2451746165752411
622,19,0,0,0.5739846229553223,0.42601537704467773
623,0,0,1,0.2747599184513092,0.7252401113510132
623,1,0,0,0.67032390832901,0.3296760320663452
623,2,0,0,0.9492860436439514,0.05071400851011276
623,3,1,1,0.016130678355693817,0.9838693737983704
623,4,0,0,0.5262273550033569,0.4737726151943207
623,5,0,0,0.7040020227432251,0.2959979772567749
623,6,0,0,0.9508806467056274,0.04911937564611435
623,7,1,1,0.15368807315826416,0.8463119268417358
623,8,0,0,0.9508806467056274,0.049119364470243454
623,9,0,0,0.9005756378173828,0.099424347281456
623,10,0,1,0.378461629152298,0.6215383410453796
623,11,0,0,0.5802100300788879,0.4197899103164673
623,12,1,0,0.5423699021339417,0.45763009786605835
623,13,0,0,0.67032390832901,0.3296760618686676
623,14,0,1,0.39659354090690613,0.6034064888954163
623,15,0,0,0.6934714317321777,0.3065285384654999
623,16,0,0,0.6934714317321777,0.3065285384654999
623,17,0,1,0.35174131393432617,0.6482586860656738
623,18,0,1,0.10773127526044846,0.892268717288971
623,19,0,0,0.9150331020355225,0.08496685326099396
624,0,0,1,0.48776891827583313,0.5122310519218445
624,1,0,0,0.6977936029434204,0.3022063672542572
624,2,0,0,0.8070743680000305,0.1929256170988083
624,3,1,1,0.022115852683782578,0.9778841733932495
624,4,0,1,0.41780343651771545,0.5821965932846069
624,5,0,0,0.7578170895576477,0.2421828657388687
624,6,0,0,0.8101376295089722,0.18986238539218903
624,7,1,1,0.1477077454328537,0.8522922396659851
624,8,0,0,0.6967414617538452,0.3032585680484772
624,9,0,1,0.44094908237457275,0.5590509176254272
624,10,0,0,0.5794373750686646,0.42056265473365784
624,11,0,0,0.6279408931732178,0.3720591068267822
624,12,1,1,0.06973758339881897,0.9302624464035034
624,13,0,0,0.6977936029434204,0.3022063672542572
624,14,0,1,0.28721725940704346,0.7127827405929565
624,15,0,0,0.6300666332244873,0.3699333071708679
624,16,0,0,0.6300666332244873,0.3699333071708679
624,17,0,1,0.25099843740463257,0.7490015625953674
624,18,0,1,0.08589942008256912,0.9141005873680115
624,19,0,0,0.8947323560714722,0.10526762157678604
625,0,0,0,0.6231627464294434,0.3768373131752014
625,1,0,0,0.7202150225639343,0.27978500723838806
625,2,0,0,0.9036386609077454,0.09636135399341583
625,3,1,1,0.041283123195171356,0.9587169289588928
625,4,0,0,0.6338450908660889,0.36615487933158875
625,5,0,0,0.607058048248291,0.392941951751709
625,6,0,0,0.8690049052238464,0.13099507987499237
625,7,1,1,0.2959707975387573,0.7040292024612427
625,8,0,0,0.6754885315895081,0.32451149821281433
625,9,0,0,0.937714159488678,0.06228581443428993
625,10,0,1,0.4608714282512665,0.5391286015510559
625,11,0,0,0.5970876216888428,0.4029124081134796
625,12,1,1,0.1616334319114685,0.8383665680885315
625,13,0,0,0.7202150225639343,0.27978500723838806
625,14,0,0,0.5168368220329285,0.48316317796707153
625,15,0,0,0.7136067748069763,0.28639328479766846
625,16,0,0,0.7136067748069763,0.28639328479766846
625,17,0,1,0.30886539816856384,0.6911346316337585
625,18,0,1,0.24437016248703003,0.75562983751297
625,19,0,0,0.9228575229644775,0.07714241743087769
626,0,0,1,0.28765130043029785,0.7123486995697021
626,1,0,0,0.6990947127342224,0.30090534687042236
626,2,0,0,0.9921991229057312,0.0078008826822042465
626,3,1,1,0.01806746982038021,0.9819324612617493
626,4,0,1,0.3104740381240845,0.6895259618759155
626,5,0,0,0.8698877692222595,0.13011221587657928
626,6,0,0,0.9876783490180969,0.012321630492806435
626,7,1,1,0.05883153900504112,0.9411684274673462
626,8,0,0,0.9417214393615723,0.058278586715459824
626,9,0,0,0.9956178665161133,0.004382149316370487
626,10,0,0,0.9580797553062439,0.04192027822136879
626,11,0,0,0.9666619300842285,0.0333380401134491
626,12,1,1,0.047491464763879776,0.9525085091590881
626,13,0,0,0.6990947127342224,0.30090534687042236
626,14,0,0,0.9803112745285034,0.019688664004206657
626,15,0,0,0.6735162734985352,0.32648372650146484
626,16,0,0,0.6735162734985352,0.32648372650146484
626,17,0,1,0.03702806681394577,0.9629718661308289
626,18,0,1,0.05883152410387993,0.9411684274673462
626,19,0,0,0.9235170483589172,0.07648297399282455
627,0,0,1,0.4582749307155609,0.5417250990867615
627,1,0,0,0.714881181716919,0.28511884808540344
627,2,0,0,0.8735010623931885,0.12649893760681152
627,3,1,1,0.02824263833463192,0.9717573523521423
627,4,0,1,0.38702401518821716,0.6129759550094604
627,5,0,1,0.4098763167858124,0.5901236534118652
627,6,0,0,0.8478243350982666,0.1521756500005722
627,7,1,1,0.035623352974653244,0.9643766283988953
627,8,0,0,0.7438761591911316,0.2561239004135132
627,9,0,0,0.9197221398353577,0.08027790486812592
627,10,0,0,0.913552463054657,0.08644753694534302
627,11,0,0,0.9043663144111633,0.09563373774290085
627,12,1,1,0.044428274035453796,0.9555717706680298
627,13,0,0,0.714881181716919,0.28511884808540344
627,14,0,0,0.776233434677124,0.22376656532287598
627,15,0,0,0.6400963068008423,0.3599037230014801
627,16,0,0,0.6400963068008423,0.3599037230014801
627,17,0,1,0.30920231342315674,0.6907976865768433
627,18,0,1,0.40577149391174316,0.5942285656929016
627,19,0,1,0.22695809602737427,0.773041844367981
628,0,0,1,0.11392686516046524,0.8860731720924377
628,1,0,0,0.7686242461204529,0.23137573897838593
628,2,0,0,0.9493207335472107,0.0506792776286602
628,3,1,1,0.047013718634843826,0.9529862403869629
628,4,0,0,0.7254422307014465,0.2745577394962311
628,5,0,1,0.4333529770374298,0.5666469931602478
628,6,0,0,0.9363815784454346,0.06361839175224304
628,7,1,0,0.5954837203025818,0.4045162796974182
628,8,0,0,0.5227348804473877,0.4772651791572571
628,9,0,0,0.9567156434059143,0.043284352868795395
628,10,0,0,0.5140639543533325,0.4859360158443451
628,11,0,0,0.8557268977165222,0.1442730724811554
628,12,1,1,0.16848969459533691,0.8315102458000183
628,13,0,0,0.7686242461204529,0.23137575387954712
628,14,0,0,0.9324124455451965,0.06758759915828705
628,15,0,0,0.6664385795593262,0.33356133103370667
628,16,0,0,0.6664385795593262,0.33356133103370667
628,17,0,1,0.31194719672203064,0.688052773475647
628,18,0,0,0.5050443410873413,0.4949556887149811
628,19,0,0,0.7017772793769836,0.29822269082069397
629,0,0,0,0.6074560880661011,0.39254385232925415
629,1,0,0,0.7804669141769409,0.2195330709218979
629,2,0,0,0.9334939122200012,0.066506028175354
629,3,1,1,0.019637098535895348,0.9803628325462341
629,4,0,0,0.5682727098464966,0.43172723054885864
629,5,0,0,0.6187945604324341,0.3812054693698883
629,6,0,0,0.9169102311134338,0.08308978378772736
629,7,1,1,0.2241881787776947,0.7758117914199829
629,8,0,0,0.8068050742149353,0.19319495558738708
629,9,0,0,0.9533657431602478,0.0466342531144619
629,10,0,0,0.6586676239967346,0.3413323163986206
629,11,0,0,0.6382977962493896,0.3617021441459656
629,12,1,1,0.08827114850282669,0.9117289185523987
629,13,0,0,0.7804669141769409,0.2195330709218979
629,14,0,1,0.39358729124069214,0.6064127087593079
629,15,0,0,0.6208441853523254,0.37915587425231934
629,16,0,0,0.6208441853523254,0.37915587425231934
629,17,0,1,0.34868744015693665,0.6513124704360962
629,18,0,1,0.1066850870847702,0.8933148384094238
629,19,0,0,0.600107729434967,0.39989227056503296
630,0,0,1,0.4932004511356354,0.5067996382713318
630,1,0,0,0.7686273455619812,0.23137272894382477
630,2,0,0,0.8781599402427673,0.12184002250432968
630,3,1,1,0.10521657019853592,0.8947834372520447
630,4,0,0,0.5457655787467957,0.45423442125320435
630,5,0,0,0.635921061038971,0.36407893896102905
630,6,0,0,0.8415275812149048,0.1584724485874176
630,7,1,0,0.5995885133743286,0.400411456823349
630,8,0,1,0.39786818623542786,0.6021318435668945
630,9,0,0,0.893284022808075,0.10671593248844147
630,10,0,1,0.4982303977012634,0.5017696619033813
630,11,0,0,0.61005699634552,0.38994300365448
630,12,1,1,0.26095160841941833,0.739048421382904
630,13,0,0,0.7686273455619812,0.23137272894382477
630,14,0,0,0.6486608982086182,0.35133910179138184
630,15,0,0,0.6525186896324158,0.34748128056526184
630,16,0,0,0.6525186896324158,0.34748128056526184
630,17,0,0,0.5343236327171326,0.46567636728286743
630,18,0,1,0.43728190660476685,0.5627181529998779
630,19,0,0,0.7032485008239746,0.2967515289783478
631,0,0,1,0.3788803517818451,0.6211197376251221
631,1,0,0,0.7911065816879272,0.20889341831207275
631,2,0,0,0.9271096587181091,0.07289031893014908
631,3,1,1,0.06671672314405441,0.9332833290100098
631,4,0,1,0.48479151725769043,0.5152084827423096
631,5,0,0,0.5575965046882629,0.44240355491638184
631,6,0,0,0.8897008895874023,0.11029908806085587
631,7,1,1,0.25644299387931824,0.7435570359230042
631,8,0,0,0.7370713353157043,0.26292869448661804
631,9,0,0,0.9613928198814392,0.038607142865657806
631,10,0,0,0.9234533905982971,0.07654658704996109
631,11,0,0,0.9187617301940918,0.08123823255300522
631,12,1,1,0.10342241823673248,0.8965775966644287
631,13,0,0,0.7552613615989685,0.2447386085987091
631,14,0,0,0.965666651725769,0.034333329647779465
631,15,0,0,0.7220799922943115,0.27792003750801086
631,16,0,0,0.7435698509216309,0.25643014907836914
631,17,0,1,0.35600051283836365,0.643999457359314
631,18,0,1,0.14919254183769226,0.8508074879646301
631,19,0,0,0.6926865577697754,0.3073134422302246
632,0,0,1,0.3595302999019623,0.6404696702957153
632,1,0,0,0.7713753581047058,0.228624626994133
632,2,0,0,0.9904610514640808,0.009538896381855011
632,3,1,1,0.15791073441505432,0.8420892953872681
632,4,0,1,0.47963494062423706,0.5203650593757629
632,5,0,0,0.5653322339057922,0.4346677362918854
632,6,0,0,0.9828962683677673,0.017103655263781548
632,7,1,1,0.3639932870864868,0.6360067129135132
632,8,0,0,0.8944166898727417,0.1055833250284195
632,9,0,0,0.9947795867919922,0.0052204676903784275
632,10,0,0,0.5308820605278015,0.4691178798675537
632,11,0,0,0.5176092982292175,0.4823906719684601
632,12,1,1,0.2515350878238678,0.7484649419784546
632,13,0,0,0.7731502652168274,0.2268497496843338
632,14,0,1,0.29651620984077454,0.7034837603569031
632,15,0,0,0.8072298169136047,0.19277018308639526
632,16,0,0,0.8062011003494263,0.19379886984825134
632,17,0,1,0.17203357815742493,0.8279663920402527
632,18,0,1,0.3641710579395294,0.6358289122581482
632,19,0,0,0.6172317862510681,0.3827681839466095
633,0,0,1,0.30358731746673584,0.6964126825332642
633,1,0,0,0.7945607900619507,0.2054392248392105
633,2,0,0,0.9428808093070984,0.05711916834115982
633,3,1,1,0.12537609040737152,0.8746238946914673
633,4,0,1,0.23618736863136292,0.7638126015663147
633,5,0,1,0.24993830919265747,0.7500616908073425
633,6,0,0,0.9320719838142395,0.0679280087351799
633,7,1,1,0.05739017575979233,0.9426097869873047
633,8,0,0,0.9200825691223145,0.07991742342710495
633,9,0,0,0.9536810517311096,0.04631891846656799
633,10,0,0,0.9915659427642822,0.00843406654894352
633,11,0,0,0.9901835322380066,0.00981649849563837
633,12,1,1,0.08872100710868835,0.9112789630889893
633,13,0,0,0.7516844868659973,0.2483154684305191
633,14,0,0,0.9917591214179993,0.008240842260420322
633,15,0,0,0.6830741167068481,0.31692585349082947
633,16,0,0,0.7246688604354858,0.27533113956451416
633,17,0,1,0.1280767172574997,0.8719232678413391
633,18,0,1,0.28436964750289917,0.7156304121017456
633,19,0,1,0.13514164090156555,0.8648583292961121
634,0,0,1,0.36137619614601135,0.6386237740516663
634,1,0,0,0.8966063857078552,0.10339366644620895
634,2,0,0,0.9036096930503845,0.09639033675193787
634,3,1,1,0.09000060707330704,0.9099993705749512
634,4,0,0,0.695435106754303,0.304564893245697
634,5,0,0,0.750175416469574,0.24982453882694244
634,6,0,0,0.8533352613449097,0.1466648131608963
634,7,1,0,0.7848642468452454,0.21513573825359344
634,8,0,1,0.49048158526420593,0.5095184445381165
634,9,0,0,0.9204232692718506,0.0795767605304718
634,10,0,0,0.8350538611412048,0.16494616866111755
634,11,0,0,0.8461468815803528,0.1538531482219696
634,12,1,1,0.040204644203186035,0.9597954154014587
634,13,0,0,0.8144351840019226,0.18556489050388336
634,14,0,1,0.4188998341560364,0.5811001658439636
634,15,0,0,0.5682792663574219,0.4317207634449005
634,16,0,0,0.6784643530845642,0.3215356171131134
634,17,0,1,0.3741439878940582,0.6258560419082642
634,18,0,0,0.7031981945037842,0.2968018054962158
634,19,0,0,0.8070294857025146,0.19297054409980774
635,0,0,0,0.6708986163139343,0.32910144329071045
635,1,0,0,0.8034687042236328,0.1965312510728836
635,2,0,0,0.9846152663230896,0.015384679660201073
635,3,1,1,0.2604544460773468,0.7395455837249756
635,4,0,0,0.8261190056800842,0.17388103902339935
635,5,0,0,0.8498517870903015,0.15014827251434326
635,6,0,0,0.9785535335540771,0.02144644595682621
635,7,1,0,0.8381996154785156,0.16180039942264557
635,8,0,0,0.9053658843040466,0.0946340560913086
635,9,0,0,0.9878492951393127,0.012150636874139309
635,10,0,0,0.9214470386505127,0.07855293899774551
635,11,0,0,0.9333339929580688,0.06666602939367294
635,12,1,0,0.5943809151649475,0.40561914443969727
635,13,0,0,0.7462166547775269,0.25378334522247314
635,14,0,0,0.9733753204345703,0.026624681428074837
635,15,0,0,0.586235523223877,0.4137645363807678
635,16,0,0,0.6514871716499329,0.34851282835006714
635,17,0,1,0.2604544162750244,0.7395455837249756
635,18,0,0,0.8169044256210327,0.1830955147743225
635,19,0,0,0.8750019669532776,0.12499800324440002
636,0,0,1,0.4242839515209198,0.5757160782814026
636,1,0,0,0.9436226487159729,0.056377336382865906
636,2,0,0,0.8634171485900879,0.13658283650875092
636,3,1,1,0.37373414635658264,0.626265823841095
636,4,0,0,0.6183794140815735,0.3816205859184265
636,5,0,0,0.6886059045791626,0.3113941252231598
636,6,0,0,0.7666137218475342,0.23338624835014343
636,7,1,1,0.20304685831069946,0.7969532012939453
636,8,0,1,0.49805134534835815,0.5019485950469971
636,9,0,1,0.3297719657421112,0.6702280044555664
636,10,0,1,0.25670069456100464,0.7432993650436401
636,11,0,0,0.6289362907409668,0.3710637390613556
636,12,1,1,0.23038989305496216,0.7696101069450378
636,13,0,0,0.9308180809020996,0.069181889295578
636,14,0,0,0.7716385722160339,0.22836145758628845
636,15,0,0,0.6695341467857361,0.3304659128189087
636,16,0,0,0.9067210555076599,0.09327887743711472
636,17,0,1,0.3238908648490906,0.6761091351509094
636,18,0,0,0.6463605165481567,0.3536394536495209
636,19,0,1,0.40314820408821106,0.5968517661094666
637,0,0,1,0.25595003366470337,0.7440500259399414
637,1,0,0,0.7938500046730042,0.20614999532699585
637,2,0,0,0.5990437865257263,0.40095624327659607
637,3,1,1,0.12318388372659683,0.8768160343170166
637,4,0,0,0.6012880206108093,0.3987118899822235
637,5,0,1,0.4837439954280853,0.5162560343742371
637,6,0,0,0.5584986209869385,0.4415014088153839
637,7,1,1,0.15909326076507568,0.8409067392349243
637,8,0,1,0.4929881691932678,0.5070118308067322
637,9,0,1,0.08121486753225327,0.9187852144241333
637,10,0,0,0.942478597164154,0.05752136930823326
637,11,0,0,0.9591339826583862,0.04086600989103317
637,12,1,1,0.04852388799190521,0.9514760971069336
637,13,0,0,0.741901695728302,0.2580983340740204
637,14,0,0,0.9791772961616516,0.020822660997509956
637,15,0,0,0.6601555943489075,0.33984437584877014
637,16,0,0,0.7114471793174744,0.2885528802871704
637,17,0,1,0.23995515704154968,0.7600448131561279
637,18,0,0,0.6025474071502686,0.39745256304740906
637,19,0,0,0.601557195186615,0.398442804813385
638,0,0,1,0.2368355095386505,0.7631645202636719
638,1,0,0,0.7258565425872803,0.2741434574127197
638,2,0,0,0.5647091865539551,0.43529078364372253
638,3,1,1,0.1741882711648941,0.8258117437362671
638,4,0,0,0.599191427230835,0.40080854296684265
638,5,0,0,0.6917397975921631,0.3082601726055145
638,6,0,0,0.5385196805000305,0.4614802896976471
638,7,1,0,0.5996168255805969,0.4003831148147583
638,8,0,0,0.5278683304786682,0.4721316993236542
638,9,0,1,0.16793660819530487,0.8320633172988892
638,10,0,0,0.7885297536849976,0.21147029101848602
638,11,0,0,0.6551963686943054,0.34480366110801697
638,12,1,1,0.33971330523490906,0.6602866649627686
638,13,0,0,0.6764788031578064,0.3235211968421936
638,14,0,0,0.849898099899292,0.1501019448041916
638,15,0,0,0.6137552857398987,0.3862447738647461
638,16,0,0,0.7063722014427185,0.2936277687549591
638,17,0,1,0.1741882711648941,0.8258117437362671
638,18,0,0,0.5594750642776489,0.44052496552467346
638,19,0,0,0.736932635307312,0.263067364692688
639,0,0,1,0.3908645510673523,0.6091354489326477
639,1,0,0,0.7472849488258362,0.252715140581131
639,2,0,0,0.8443339467048645,0.15566611289978027
639,3,1,1,0.37708917260169983,0.6229107975959778
639,4,0,1,0.31163594126701355,0.6883640289306641
639,5,0,0,0.6279446482658386,0.372055321931839
639,6,0,0,0.814717173576355,0.1852828860282898
639,7,1,0,0.5998963713645935,0.4001036286354065
639,8,0,0,0.5702899694442749,0.4297100305557251
639,9,0,1,0.36596807837486267,0.6340318322181702
639,10,0,0,0.7428537607192993,0.2571461796760559
639,11,0,0,0.5742219686508179,0.4257780611515045
639,12,1,1,0.28522366285324097,0.714776337146759
639,13,0,0,0.6635839939117432,0.3364160656929016
639,14,0,0,0.6397417783737183,0.3602581322193146
639,15,0,0,0.5928884148597717,0.40711158514022827
639,16,0,0,0.7023428082466125,0.29765722155570984
639,17,0,1,0.3770892024040222,0.6229107975959778
639,18,0,0,0.5928030014038086,0.4071970283985138
639,19,0,1,0.4272904694080353,0.5727096199989319
640,0,0,1,0.36234116554260254,0.6376587748527527
640,1,0,0,0.7522544860839844,0.24774548411369324
640,2,0,0,0.6255114078521729,0.3744886815547943
640,3,1,1,0.36234116554260254,0.6376588344573975
640,4,0,0,0.5131523013114929,0.48684778809547424
640,5,0,0,0.7610229253768921,0.2389770895242691
640,6,0,0,0.5937449932098389,0.40625500679016113
640,7,1,1,0.4221110939979553,0.5778888463973999
640,8,0,0,0.5666387677192688,0.4333612620830536
640,9,0,1,0.35351285338401794,0.6464871764183044
640,10,0,0,0.7546499967575073,0.24535000324249268
640,11,0,0,0.7399625182151794,0.26003748178482056
640,12,1,1,0.30323874950408936,0.6967612504959106
640,13,0,0,0.6854766011238098,0.3145233690738678
640,14,0,0,0.8761967420578003,0.1238032802939415
640,15,0,0,0.6351277828216553,0.3648722171783447
640,16,0,0,0.7342399954795837,0.26576003432273865
640,17,0,1,0.3756487965583801,0.6243512034416199
640,18,0,0,0.5278613567352295,0.4721386134624481
640,19,0,0,0.5397515892982483,0.46024832129478455
641,0,0,1,0.18695975840091705,0.8130402565002441
641,1,0,0,0.7746037840843201,0.22539623081684113
641,2,0,0,0.554123044013977,0.44587692618370056
641,3,1,1,0.12207166850566864,0.8779283761978149
641,4,0,1,0.3081953823566437,0.6918045878410339
641,5,0,0,0.8365671634674072,0.16343283653259277
641,6,0,0,0.554123044013977,0.44587692618370056
641,7,1,1,0.12366016209125519,0.876339852809906
641,8,0,1,0.39095601439476013,0.6090439558029175
641,9,0,1,0.10466954112052917,0.8953304290771484
641,10,0,0,0.8223609328269958,0.17763905227184296
641,11,0,0,0.7195115685462952,0.28048837184906006
641,12,1,1,0.15078938007354736,0.8492106199264526
641,13,0,0,0.7687749862670898,0.23122505843639374
641,14,0,1,0.38837316632270813,0.6116268038749695
641,15,0,0,0.7957364320755005,0.20426355302333832
641,16,0,0,0.8005748987197876,0.1994250863790512
641,17,0,1,0.19617870450019836,0.8038212656974792
641,18,0,1,0.123660147190094,0.876339852809906
641,19,0,1,0.3425014317035675,0.6574985384941101
642,0,0,1,0.39055296778678894,0.6094470024108887
642,1,0,0,0.7452557682991028,0.25474417209625244
642,2,0,0,0.5886800289154053,0.4113199710845947
642,3,1,1,0.3978222906589508,0.6021776795387268
642,4,0,0,0.51393061876297,0.48606932163238525
642,5,0,0,0.5264077186584473,0.47359222173690796
642,6,0,0,0.5886800289154053,0.4113199710845947
642,7,1,1,0.3941974937915802,0.6058025360107422
642,8,0,1,0.37596699595451355,0.6240329742431641
642,9,0,1,0.3978222906589508,0.6021776795387268
642,10,0,0,0.6714078187942505,0.3285922408103943
642,11,0,0,0.6958093047142029,0.3041906952857971
642,12,1,1,0.3183770477771759,0.6816229224205017
642,13,0,0,0.7059855461120605,0.29401442408561707
642,14,0,0,0.7022663354873657,0.29773369431495667
642,15,0,0,0.6686797738075256,0.33132025599479675
642,16,0,0,0.6686797738075256,0.33132022619247437
642,17,0,1,0.38419514894485474,0.6158048510551453
642,18,0,1,0.4881749153137207,0.5118251442909241
642,19,0,0,0.573387622833252,0.42661240696907043
643,0,0,1,0.40014997124671936,0.599850058555603
643,1,0,0,0.9395378232002258,0.06046220660209656
643,2,0,0,0.8768001794815063,0.12319979816675186
643,3,1,1,0.37703707814216614,0.6229628920555115
643,4,0,1,0.458358496427536,0.5416415333747864
643,5,0,0,0.7235487103462219,0.27645131945610046
643,6,0,0,0.8768001794815063,0.12319979816675186
643,7,1,1,0.3933378756046295,0.6066621541976929
643,8,0,1,0.3586348295211792,0.6413651704788208
643,9,0,1,0.37703707814216614,0.6229628920555115
643,10,0,0,0.7235487103462219,0.27645134925842285
643,11,0,0,0.7471601963043213,0.2528398633003235
643,12,1,1,0.2918037474155426,0.7081962823867798
643,13,0,0,0.8014833927154541,0.1985166072845459
643,14,0,0,0.7516539692878723,0.2483460158109665
643,15,0,0,0.6180942058563232,0.38190582394599915
643,16,0,0,0.6180941462516785,0.38190582394599915
643,17,0,1,0.40049850940704346,0.5995014905929565
643,18,0,1,0.4645896553993225,0.5354102849960327
643,19,0,0,0.5293145775794983,0.47068536281585693
644,0,0,1,0.42275452613830566,0.5772454738616943
644,1,0,0,0.7711091637611389,0.22889088094234467
644,2,0,0,0.6356679201126099,0.3643321394920349
644,3,1,1,0.2763027846813202,0.7236972451210022
644,4,0,1,0.19393962621688843,0.8060604333877563
644,5,0,0,0.9523142576217651,0.04768569394946098
644,6,0,0,0.6356679201126099,0.3643321394920349
644,7,1,1,0.027066590264439583,0.9729334712028503
644,8,0,1,0.3582415282726288,0.6417585015296936
644,9,0,1,0.2763027846813202,0.7236971855163574
644,10,0,0,0.9523142576217651,0.04768568277359009
644,11,0,0,0.9536573886871338,0.046342622488737106
644,12,1,1,0.048987552523612976,0.9510124921798706
644,13,0,0,0.640629768371582,0.35937023162841797
644,14,0,0,0.8119271397590637,0.18807284533977509
644,15,0,0,0.5970501899719238,0.40294981002807617
644,16,0,0,0.5970501899719238,0.4029497802257538
644,17,0,1,0.42275452613830566,0.5772454738616943
644,18,0,1,0.17629508674144745,0.8237049579620361
644,19,0,1,0.174617737531662,0.8253822922706604
645,0,0,1,0.3374491035938263,0.6625508666038513
645,1,0,0,0.8656710386276245,0.13432888686656952
645,2,0,0,0.5832259654998779,0.41677403450012207
645,3,1,1,0.11620132625102997,0.8837987184524536
645,4,0,0,0.76495760679245,0.23504231870174408
645,5,0,0,0.5418591499328613,0.4581408202648163
645,6,0,0,0.5832259654998779,0.41677403450012207
645,7,1,0,0.7544557452201843,0.24554423987865448
645,8,0,1,0.3580244481563568,0.6419755220413208
645,9,0,1,0.11620132625102997,0.8837987184524536
645,10,0,0,0.7210790514945984,0.278920978307724
645,11,0,0,0.5145699977874756,0.4854300022125244
645,12,1,1,0.11098601669073105,0.8890140056610107
645,13,0,0,0.7365278601646423,0.26347216963768005
645,14,0,0,0.8481534123420715,0.15184660255908966
645,15,0,0,0.6274721026420593,0.37252792716026306
645,16,0,0,0.6274721026420593,0.3725278675556183
645,17,0,1,0.4012572169303894,0.5987427830696106
645,18,0,0,0.7513300180435181,0.24866996705532074
645,19,0,0,0.7080545425415039,0.2919454574584961
646,0,0,1,0.2748362421989441,0.7251637578010559
646,1,0,0,0.9633741974830627,0.036625806242227554
646,2,0,0,0.5461139678955078,0.453885942697525
646,3,1,1,0.1552465856075287,0.8447534441947937
646,4,0,1,0.38847485184669495,0.6115251779556274
646,5,0,0,0.5718891620635986,0.42811083793640137
646,6,0,0,0.5461139678955078,0.453885942697525
646,7,1,1,0.17505984008312225,0.8249402046203613
646,8,0,1,0.35785093903541565,0.6421490907669067
646,9,0,1,0.19186456501483917,0.8081353902816772
646,10,0,0,0.8033024072647095,0.19669760763645172
646,11,0,0,0.8033024668693542,0.19669757783412933
646,12,1,1,0.14675861597061157,0.8532414436340332
646,13,0,0,0.8787543177604675,0.12124568969011307
646,14,0,0,0.5014228224754333,0.4985772371292114
646,15,0,0,0.7357677817344666,0.2642321288585663
646,16,0,0,0.7357677817344666,0.2642321288585663
646,17,0,1,0.19186456501483917,0.8081353902816772
646,18,0,1,0.37569659948349,0.6243033409118652
646,19,0,1,0.4445292055606842,0.5554707646369934
647,0,0,1,0.3523174822330475,0.6476825475692749
647,1,0,0,0.8260993957519531,0.17390061914920807
647,2,0,0,0.5436541438102722,0.4563458561897278
647,3,1,1,0.34887874126434326,0.6511213183403015
647,4,0,0,0.5154855251312256,0.4845145344734192
647,5,0,0,0.8894782662391663,0.11052177101373672
647,6,0,0,0.5436541438102722,0.4563458561897278
647,7,1,1,0.2210128754377365,0.7789870500564575
647,8,0,1,0.36574187874794006,0.6342581510543823
647,9,0,1,0.35261592268943787,0.6473840475082397
647,10,0,0,0.8894782662391663,0.11052177101373672
647,11,0,0,0.7775585055351257,0.22244155406951904
647,12,1,1,0.25937944650650024,0.7406206130981445
647,13,0,0,0.750209391117096,0.24979059398174286
647,14,0,0,0.8187060356140137,0.18129391968250275
647,15,0,0,0.7125895619392395,0.2874104380607605
647,16,0,0,0.7125895023345947,0.2874104678630829
647,17,0,1,0.34887874126434326,0.6511213183403015
647,18,0,0,0.5154855251312256,0.4845145046710968
647,19,0,1,0.15254367887973785,0.8474563956260681
648,0,0,1,0.13492807745933533,0.8650719523429871
648,1,0,0,0.7566512227058411,0.24334871768951416
648,2,0,0,0.5488025546073914,0.4511975347995758
648,3,1,1,0.35046717524528503,0.6495328545570374
648,4,0,0,0.7485188841819763,0.2514810562133789
648,5,0,0,0.7501724362373352,0.24982763826847076
648,6,0,0,0.5488025546073914,0.4511975347995758
648,7,1,0,0.7594658732414246,0.24053417146205902
648,8,0,1,0.3752744197845459,0.6247255802154541
648,9,0,1,0.39863771200180054,0.6013622879981995
648,10,0,0,0.8249042630195618,0.17509576678276062
648,11,0,0,0.8650112152099609,0.13498881459236145
648,12,1,1,0.0317564383149147,0.9682435989379883
648,13,0,0,0.6877391338348389,0.31226086616516113
648,14,0,0,0.8954933285713196,0.10450667887926102
648,15,0,0,0.6554004549980164,0.3445996046066284
648,16,0,0,0.6554004549980164,0.3445996046066284
648,17,0,1,0.38177409768104553,0.6182258725166321
648,18,0,0,0.7594658732414246,0.24053417146205902
648,19,0,0,0.6052654981613159,0.3947344720363617
649,0,0,1,0.3305637836456299,0.6694362163543701
649,1,0,0,0.756872832775116,0.24312709271907806
649,2,0,0,0.8207792639732361,0.17922069132328033
649,3,1,1,0.20763623714447021,0.7923637628555298
649,4,0,1,0.08577750623226166,0.9142224192619324
649,5,0,0,0.9692719578742981,0.03072800114750862
649,6,0,0,0.826087236404419,0.17391270399093628
649,7,1,1,0.07718407362699509,0.9228159189224243
649,8,0,1,0.3574100732803345,0.6425899267196655
649,9,0,1,0.228535458445549,0.7714645862579346
649,10,0,0,0.9692719578742981,0.030728023499250412
649,11,0,0,0.9670818448066711,0.03291817009449005
649,12,1,1,0.13894285261631012,0.8610571026802063
649,13,0,0,0.6807702779769897,0.3192296624183655
649,14,0,0,0.9744198322296143,0.025580111891031265
649,15,0,0,0.6395812034606934,0.36041879653930664
649,16,0,0,0.6395812034606934,0.36041879653930664
649,17,0,1,0.228535458445549,0.7714645862579346
649,18,0,1,0.24886173009872437,0.7511382699012756
649,19,0,1,0.06348259747028351,0.9365173578262329
650,0,0,1,0.28547272086143494,0.7145273089408875
650,1,0,0,0.8927120566368103,0.1072879284620285
650,2,0,0,0.9015676379203796,0.09843242168426514
650,3,1,1,0.2795165479183197,0.7204834818840027
650,4,0,0,0.638393223285675,0.36160677671432495
650,5,0,0,0.8910123705863953,0.10898764431476593
650,6,0,0,0.9103236794471741,0.0896763727068901
650,7,1,0,0.638393223285675,0.3616067171096802
650,8,0,1,0.37560486793518066,0.6243951320648193
650,9,0,1,0.28547269105911255,0.7145273089408875
650,10,0,0,0.9163433909416199,0.08365662395954132
650,11,0,0,0.9163433909416199,0.08365662395954132
650,12,1,1,0.08226507902145386,0.9177348613739014
650,13,0,0,0.7563318610191345,0.24366819858551025
650,14,0,0,0.9543106555938721,0.04568937420845032
650,15,0,0,0.6729026436805725,0.3270973861217499
650,16,0,0,0.6729027032852173,0.3270973563194275
650,17,0,1,0.28547269105911255,0.7145272493362427
650,18,0,1,0.09085208177566528,0.9091479182243347
650,19,0,1,0.4411109387874603,0.5588890910148621
651,0,0,1,0.4469450116157532,0.5530549883842468
651,1,0,0,0.6762336492538452,0.3237663507461548
651,2,0,0,0.961281418800354,0.038718607276678085
651,3,1,1,0.14376382529735565,0.8562362194061279
651,4,0,1,0.26569798588752747,0.7343019843101501
651,5,0,0,0.8316975831985474,0.16830240190029144
651,6,0,0,0.9617810249328613,0.03821892291307449
651,7,1,1,0.15274201333522797,0.8472579717636108
651,8,0,1,0.36575254797935486,0.6342474818229675
651,9,0,1,0.43203112483024597,0.5679689049720764
651,10,0,0,0.8441460132598877,0.15585395693778992
651,11,0,0,0.8441460132598877,0.1558540314435959
651,12,1,1,0.08610938489437103,0.9138906002044678
651,13,0,0,0.7759456038475037,0.2240544557571411
651,14,0,1,0.3521798253059387,0.6478201746940613
651,15,0,0,0.7884521484375,0.2115478664636612
651,16,0,0,0.7931433320045471,0.20685672760009766
651,17,0,1,0.44685932993888855,0.5531406402587891
651,18,0,1,0.15274196863174438,0.8472579717636108
651,19,0,1,0.1342395842075348,0.8657603859901428
652,0,0,1,0.14856049418449402,0.8514394760131836
652,1,0,0,0.7598674297332764,0.24013257026672363
652,2,0,0,0.928623378276825,0.07137654721736908
652,3,1,1,0.1243700459599495,0.8756299018859863
652,4,0,0,0.6042484045028687,0.3957515358924866
652,5,0,1,0.2283925563097,0.771607518196106
652,6,0,0,0.9257993698120117,0.07420065999031067
652,7,1,0,0.6042485237121582,0.3957515060901642
652,8,0,1,0.3657791018486023,0.6342208981513977
652,9,0,1,0.14856049418449402,0.8514394760131836
652,10,0,0,0.7773438096046448,0.22265614569187164
652,11,0,0,0.7773439288139343,0.22265610098838806
652,12,1,1,0.06013253331184387,0.9398674964904785
652,13,0,0,0.7079222202301025,0.29207777976989746
652,14,0,0,0.8354402780532837,0.16455970704555511
652,15,0,0,0.6863882541656494,0.3136117458343506
652,16,0,0,0.6863882541656494,0.3136117458343506
652,17,0,1,0.2606087923049927,0.7393911480903625
652,18,0,1,0.13106970489025116,0.8689302802085876
652,19,0,1,0.4876171052455902,0.5123828649520874
653,0,0,1,0.2043095976114273,0.7956904768943787
653,1,0,0,0.8483319878578186,0.15166796743869781
653,2,0,0,0.9571300148963928,0.04287001118063927
653,3,1,1,0.17890557646751404,0.8210944533348083
653,4,0,1,0.38234248757362366,0.617657482624054
653,5,0,0,0.67054682970047,0.32945311069488525
653,6,0,0,0.9467742443084717,0.053225789219141006
653,7,1,1,0.13837584853172302,0.8616241216659546
653,8,0,1,0.3658157289028168,0.6341843008995056
653,9,0,1,0.26730450987815857,0.7326954007148743
653,10,0,0,0.642824649810791,0.3571753203868866
653,11,0,0,0.6471225023269653,0.35287752747535706
653,12,1,1,0.14803576469421387,0.8519642949104309
653,13,0,0,0.8043968081474304,0.19560320675373077
653,14,0,1,0.4394141435623169,0.5605858564376831
653,15,0,0,0.8043968081474304,0.19560320675373077
653,16,0,0,0.7577024698257446,0.24229754507541656
653,17,0,1,0.2781163156032562,0.7218837141990662
653,18,0,1,0.2060413658618927,0.7939586043357849
653,19,0,1,0.4035507142543793,0.5964492559432983
654,0,0,1,0.3477551341056824,0.6522448062896729
654,1,0,0,0.7523251175880432,0.2476748675107956
654,2,0,0,0.9319925904273987,0.0680074393749237
654,3,1,1,0.12423256039619446,0.8757674098014832
654,4,0,1,0.27904385328292847,0.7209561467170715
654,5,0,1,0.4310666024684906,0.5689334273338318
654,6,0,0,0.9321946501731873,0.06780534237623215
654,7,1,1,0.14693644642829895,0.8530635237693787
654,8,0,1,0.3879249691963196,0.6120750308036804
654,9,0,1,0.34987419843673706,0.6501258015632629
654,10,0,1,0.48179319500923157,0.518206775188446
654,11,0,1,0.2781929671764374,0.721807062625885
654,12,1,1,0.07467470318078995,0.925325334072113
654,13,0,0,0.7399853467941284,0.2600146234035492
654,14,0,1,0.30485090613365173,0.6951491236686707
654,15,0,0,0.7399853467941284,0.2600146234035492
654,16,0,0,0.7268980741500854,0.27310192584991455
654,17,0,1,0.15136273205280304,0.8486372828483582
654,18,0,1,0.158220574259758,0.8417794108390808
654,19,0,1,0.23960202932357788,0.7603979706764221
655,0,0,1,0.496032178401947,0.5039678812026978
655,1,0,0,0.692139208316803,0.307860791683197
655,2,0,0,0.9153165221214294,0.08468339592218399
655,3,1,1,0.1490539014339447,0.8509461283683777
655,4,0,0,0.5495108962059021,0.4504891335964203
655,5,0,1,0.20397086441516876,0.7960291504859924
655,6,0,0,0.9165850281715393,0.08341503143310547
655,7,1,1,0.15924249589443207,0.8407575488090515
655,8,0,1,0.3659215569496155,0.6340784430503845
655,9,0,1,0.49950549006462097,0.5004944801330566
655,10,0,0,0.7548871636390686,0.245112806558609
655,11,0,0,0.7157368659973145,0.28426310420036316
655,12,1,1,0.038011662662029266,0.9619883894920349
655,13,0,0,0.6848748326301575,0.31512516736984253
655,14,0,0,0.6920070052146912,0.30799299478530884
655,15,0,0,0.6848748922348022,0.31512513756752014
655,16,0,0,0.6838573813438416,0.31614258885383606
655,17,0,1,0.493866503238678,0.506133496761322
655,18,0,0,0.7157368063926697,0.28426316380500793
655,19,0,1,0.11229092627763748,0.8877090215682983
656,0,0,1,0.4356939196586609,0.5643060803413391
656,1,0,0,0.6878210306167603,0.31217896938323975
656,2,0,0,0.6413102746009827,0.35868969559669495
656,3,1,1,0.14097395539283752,0.8590260148048401
656,4,0,1,0.466623991727829,0.5333760380744934
656,5,0,0,0.5111465454101562,0.4888535141944885
656,6,0,1,0.4549093246459961,0.5450906157493591
656,7,1,1,0.2713903784751892,0.7286096215248108
656,8,0,1,0.3888362944126129,0.6111636757850647
656,9,0,1,0.24333405494689941,0.7566660046577454
656,10,0,0,0.5284655690193176,0.4715344309806824
656,11,0,1,0.2257324755191803,0.7742675542831421
656,12,1,1,0.0763169676065445,0.9236831068992615
656,13,0,0,0.6621776223182678,0.33782240748405457
656,14,0,1,0.3406558632850647,0.6593441963195801
656,15,0,0,0.662177562713623,0.33782240748405457
656,16,0,0,0.6624294519424438,0.33757057785987854
656,17,0,1,0.43878284096717834,0.561217188835144
656,18,0,1,0.1801590621471405,0.8198409676551819
656,19,0,1,0.318099707365036,0.6819003224372864
657,0,0,1,0.44033119082450867,0.559668779373169
657,1,0,0,0.6532590389251709,0.3467409312725067
657,2,0,0,0.8364550471305847,0.1635449230670929
657,3,1,1,0.33854442834854126,0.6614556312561035
657,4,0,0,0.5138872265815735,0.48611271381378174
657,5,0,0,0.5850861072540283,0.41491392254829407
657,6,0,0,0.8636162877082825,0.1363837569952011
657,7,1,1,0.33956316113471985,0.6604368686676025
657,8,0,1,0.3771631419658661,0.6228368282318115
657,9,0,1,0.34040379524230957,0.6595961451530457
657,10,0,0,0.611500084400177,0.3884999752044678
657,11,0,0,0.5850861072540283,0.41491392254829407
657,12,1,1,0.15174496173858643,0.8482550382614136
657,13,0,0,0.6374484896659851,0.3625514507293701
657,14,0,0,0.5251649022102356,0.4748351275920868
657,15,0,0,0.6374484896659851,0.3625515103340149
657,16,0,0,0.6376935243606567,0.36230647563934326
657,17,0,1,0.4281747341156006,0.5718252658843994
657,18,0,1,0.2386922836303711,0.7613077759742737
657,19,0,1,0.14706659317016602,0.852933406829834
658,0,0,1,0.19325867295265198,0.8067413568496704
658,1,0,0,0.6686244606971741,0.3313755393028259
658,2,0,0,0.6719447374343872,0.3280552327632904
658,3,1,1,0.17509381473064423,0.8249061703681946
658,4,0,0,0.5523054599761963,0.4476945400238037
658,5,0,0,0.9256077408790588,0.07439224421977997
658,6,0,0,0.511660099029541,0.488339900970459
658,7,1,1,0.034607574343681335,0.9653924703598022
658,8,0,1,0.38982531428337097,0.6101747751235962
658,9,0,1,0.19325868785381317,0.8067412972450256
658,10,0,0,0.9409920573234558,0.05900794640183449
658,11,0,0,0.9409568905830383,0.059043094515800476
658,12,1,1,0.02960222400724888,0.9703977108001709
658,13,0,0,0.6407381296157837,0.35926178097724915
658,14,0,0,0.9011074900627136,0.09889252483844757
658,15,0,0,0.6407381892204285,0.35926178097724915
658,16,0,0,0.6416418552398682,0.35835814476013184
658,17,0,1,0.33329492807388306,0.6667050719261169
658,18,0,0,0.9256077408790588,0.07439225912094116
658,19,0,0,0.5488768815994263,0.4511231482028961
659,0,0,1,0.331457257270813,0.668542742729187
659,1,0,0,0.7804991602897644,0.21950086951255798
659,2,0,0,0.8364109396934509,0.16358909010887146
659,3,1,1,0.30881404876708984,0.6911859512329102
659,4,0,0,0.5295229554176331,0.47047707438468933
659,5,0,0,0.574783980846405,0.42521604895591736
659,6,0,0,0.8485830426216125,0.15141701698303223
659,7,1,1,0.327718585729599,0.6722814440727234
659,8,0,1,0.39017754793167114,0.6098224520683289
659,9,0,0,0.5718836784362793,0.4281163811683655
659,10,0,0,0.5695663094520569,0.4304336905479431
659,11,0,1,0.3701522648334503,0.6298477053642273
659,12,1,1,0.2793567478656769,0.7206432819366455
659,13,0,0,0.7421168684959412,0.25788310170173645
659,14,0,1,0.44123750925064087,0.5587624311447144
659,15,0,0,0.7421168684959412,0.25788310170173645
659,16,0,0,0.7180602550506592,0.2819397449493408
659,17,0,0,0.5718836784362793,0.4281163811683655
659,18,0,1,0.4097461998462677,0.5902538299560547
659,19,0,0,0.6070305705070496,0.3929693400859833
660,0,0,1,0.1661861538887024,0.8338139057159424
660,1,0,0,0.7626065015792847,0.23739352822303772
660,2,0,0,0.9662259221076965,0.03377414494752884
660,3,1,1,0.12997856736183167,0.870021402835846
660,4,0,0,0.5931995511054993,0.40680044889450073
660,5,0,0,0.8888369798660278,0.11116304248571396
660,6,0,0,0.9649603962898254,0.03503958135843277
660,7,1,1,0.02292696386575699,0.977073073387146
660,8,0,1,0.3778466284275055,0.6221534013748169
660,9,0,1,0.40320059657096863,0.596799373626709
660,10,0,0,0.9192779660224915,0.08072206377983093
660,11,0,0,0.8888369202613831,0.11116306483745575
660,12,1,1,0.02773858979344368,0.972261369228363
660,13,0,0,0.733699381351471,0.26630061864852905
660,14,0,0,0.8820505142211914,0.1179494857788086
660,15,0,0,0.733699381351471,0.26630061864852905
660,16,0,0,0.745880126953125,0.2541199028491974
660,17,0,1,0.4018094837665558,0.5981904864311218
660,18,0,0,0.8888369798660278,0.11116304248571396
660,19,0,0,0.9093804359436035,0.09061957895755768
661,0,0,1,0.15025779604911804,0.8497421741485596
661,1,0,0,0.7204704880714417,0.2795294523239136
661,2,0,0,0.9194054007530212,0.08059459179639816
661,3,1,1,0.15159784257411957,0.848402202129364
661,4,0,0,0.7400965690612793,0.2599034309387207
661,5,0,0,0.8140472769737244,0.18595276772975922
661,6,0,0,0.9179931879043579,0.08200684934854507
661,7,1,1,0.403903067111969,0.5960968732833862
661,8,0,1,0.3572125732898712,0.6427874565124512
661,9,0,1,0.33286401629447937,0.667136013507843
661,10,0,0,0.8530663251876831,0.14693370461463928
661,11,0,0,0.8140472769737244,0.18595276772975922
661,12,1,1,0.0256750900298357,0.9743248820304871
661,13,0,0,0.7161411046981812,0.28385892510414124
661,14,0,0,0.7637900114059448,0.23621001839637756
661,15,0,0,0.7161411046981812,0.28385892510414124
661,16,0,0,0.7184246778488159,0.2815753221511841
661,17,0,1,0.3310938775539398,0.6689060926437378
661,18,0,1,0.1306496411561966,0.8693503141403198
661,19,0,0,0.6716548800468445,0.3283451199531555
662,0,0,1,0.3187784254550934,0.681221604347229
662,1,0,0,0.6847019195556641,0.31529808044433594
662,2,0,0,0.9539781212806702,0.04602186381816864
662,3,1,1,0.18597246706485748,0.8140274882316589
662,4,0,1,0.4409012198448181,0.5590988397598267
662,5,0,1,0.42971858382225037,0.5702813863754272
662,6,0,0,0.9548255205154419,0.045174457132816315
662,7,1,1,0.020344259217381477,0.9796557426452637
662,8,0,1,0.36696791648864746,0.6330320835113525
662,9,0,1,0.41678720712661743,0.5832127928733826
662,10,0,1,0.33705952763557434,0.6629404425621033
662,11,0,1,0.42956236004829407,0.5704376697540283
662,12,1,1,0.029643435031175613,0.9703565239906311
662,13,0,0,0.6762088537216187,0.32379114627838135
662,14,0,1,0.33705955743789673,0.6629404425621033
662,15,0,0,0.6762088537216187,0.32379114627838135
662,16,0,0,0.6824072003364563,0.3175927400588989
662,17,0,1,0.20787250995635986,0.7921274900436401
662,18,0,1,0.021234197542071342,0.9787657856941223
662,19,0,1,0.3890824019908905,0.6109176278114319
663,0,0,1,0.3193678557872772,0.6806320548057556
663,1,0,0,0.6867882609367371,0.3132117688655853
663,2,0,0,0.9493585228919983,0.05064151808619499
663,3,1,1,0.14723467826843262,0.8527653217315674
663,4,0,1,0.4950031340122223,0.5049969553947449
663,5,0,1,0.3606093227863312,0.6393906474113464
663,6,0,0,0.9488399624824524,0.05116001144051552
663,7,1,1,0.4954947233200073,0.5045052170753479
663,8,0,1,0.35778239369392395,0.6422176361083984
663,9,0,1,0.1816146820783615,0.8183853030204773
663,10,0,1,0.49239227175712585,0.5076076984405518
663,11,0,1,0.4619172513484955,0.5380827784538269
663,12,1,1,0.21523119509220123,0.78476881980896
663,13,0,0,0.6850742101669312,0.3149257302284241
663,14,0,1,0.49239227175712585,0.5076076984405518
663,15,0,0,0.6850742101669312,0.3149257302284241
663,16,0,0,0.6840085983276367,0.31599143147468567
663,17,0,1,0.1816147267818451,0.8183853030204773
663,18,0,1,0.35520482063293457,0.6447952389717102
663,19,0,1,0.47226911783218384,0.5277309417724609
664,0,0,1,0.25294309854507446,0.7470569014549255
664,1,0,0,0.710149347782135,0.2898506224155426
664,2,0,0,0.6022549271583557,0.3977451026439667
664,3,1,1,0.2747477889060974,0.7252522110939026
664,4,0,1,0.423132061958313,0.576867938041687
664,5,0,1,0.3174191415309906,0.682580828666687
664,6,0,0,0.5012385249137878,0.4987614154815674
664,7,1,1,0.3283088505268097,0.6716911196708679
664,8,0,1,0.36741265654563904,0.6325873732566833
664,9,0,0,0.5492693185806274,0.45073068141937256
664,10,0,1,0.3834613859653473,0.6165385842323303
664,11,0,1,0.342060387134552,0.657939612865448
664,12,1,1,0.2422703355550766,0.7577296495437622
664,13,0,0,0.6884593963623047,0.3115406036376953
664,14,0,1,0.39821526408195496,0.6017847061157227
664,15,0,0,0.6884593963623047,0.3115406334400177
664,16,0,0,0.6872872710227966,0.31271275877952576
664,17,0,1,0.3116062581539154,0.688393771648407
664,18,0,1,0.3119107484817505,0.6880892515182495
664,19,0,1,0.2763705253601074,0.7236294746398926
665,0,0,0,0.5900919437408447,0.4099079966545105
665,1,0,0,0.6858468651771545,0.31415313482284546
665,2,0,0,0.5625892877578735,0.43741071224212646
665,3,1,1,0.1449529230594635,0.8550471067428589
665,4,0,0,0.5018463134765625,0.4981536865234375
665,5,0,0,0.511333703994751,0.4886663556098938
665,6,0,1,0.36434996128082275,0.6356499791145325
665,7,1,0,0.5279670357704163,0.4720330238342285
665,8,0,1,0.37867191433906555,0.6213281154632568
665,9,0,0,0.5299912095069885,0.4700087606906891
665,10,0,1,0.470134973526001,0.5298649668693542
665,11,0,1,0.47048264741897583,0.5295172929763794
665,12,1,1,0.30787837505340576,0.6921216249465942
665,13,0,0,0.6750434041023254,0.3249565660953522
665,14,0,1,0.48135194182395935,0.518648087978363
665,15,0,0,0.6750434041023254,0.32495659589767456
665,16,0,0,0.6711161732673645,0.3288837969303131
665,17,0,0,0.5299912095069885,0.4700087010860443
665,18,0,1,0.49800118803977966,0.5019989013671875
665,19,0,0,0.5216333866119385,0.4783666133880615
666,0,0,1,0.13740576803684235,0.8625942468643188
666,1,0,0,0.6849682927131653,0.31503167748451233
666,2,0,0,0.8525565266609192,0.1474435180425644
666,3,1,1,0.16699929535388947,0.8330007195472717
666,4,0,0,0.6467743515968323,0.35322558879852295
666,5,0,0,0.6394917368888855,0.36050835251808167
666,6,0,0,0.8500017523765564,0.14999821782112122
666,7,1,1,0.05288054049015045,0.9471194744110107
666,8,0,1,0.3678726553916931,0.6321273446083069
666,9,0,1,0.4529411196708679,0.5470588207244873
666,10,0,1,0.26659393310546875,0.7334060072898865
666,11,0,0,0.6394916772842407,0.36050835251808167
666,12,1,1,0.019934095442295074,0.9800659418106079
666,13,0,0,0.6602049469947815,0.3397950530052185
666,14,0,1,0.2788812816143036,0.721118688583374
666,15,0,0,0.6602049469947815,0.3397950530052185
666,16,0,0,0.6597050428390503,0.3402949571609497
666,17,0,1,0.4506957530975342,0.5493042469024658
666,18,0,0,0.6385303139686584,0.36146965622901917
666,19,0,0,0.6405503749847412,0.3594496548175812
667,0,0,1,0.24931657314300537,0.7506834268569946
667,1,0,0,0.6899768114089966,0.3100232183933258
667,2,0,0,0.5636528730392456,0.436347097158432
667,3,1,1,0.1808222085237503,0.8191778659820557
667,4,0,1,0.4646148085594177,0.5353851914405823
667,5,0,1,0.41236427426338196,0.5876356959342957
667,6,0,0,0.5636528730392456,0.436347097158432
667,7,1,1,0.014142138883471489,0.9858578443527222
667,8,0,1,0.39112985134124756,0.6088701486587524
667,9,0,0,0.5397403240203857,0.46025967597961426
667,10,0,1,0.07796529680490494,0.9220346808433533
667,11,0,1,0.41236433386802673,0.5876356363296509
667,12,1,1,0.0517231747508049,0.9482768774032593
667,13,0,0,0.6840552091598511,0.31594476103782654
667,14,0,1,0.26740750670433044,0.7325925230979919
667,15,0,0,0.6840552091598511,0.3159448206424713
667,16,0,0,0.6780954003334045,0.32190456986427307
667,17,0,1,0.3197879493236542,0.6802120208740234
667,18,0,1,0.41236427426338196,0.5876356959342957
667,19,0,1,0.31058943271636963,0.6894105076789856
668,0,0,1,0.17947326600551605,0.8205267786979675
668,1,0,0,0.6987511515617371,0.3012489080429077
668,2,0,1,0.4247986972332001,0.5752012729644775
668,3,1,1,0.1455036848783493,0.8544963002204895
668,4,0,1,0.24976840615272522,0.7502315640449524
668,5,0,1,0.2346189320087433,0.7653810977935791
668,6,0,1,0.4247986972332001,0.5752012729644775
668,7,1,1,0.029901135712862015,0.9700988531112671
668,8,0,1,0.3791636824607849,0.6208363175392151
668,9,0,1,0.1667765974998474,0.8332234025001526
668,10,0,1,0.08947233855724335,0.9105277061462402
668,11,0,1,0.23461896181106567,0.7653810381889343
668,12,1,1,0.04356369748711586,0.956436276435852
668,13,0,0,0.709696352481842,0.29030361771583557
668,14,0,1,0.11030761152505875,0.8896924257278442
668,15,0,0,0.709696352481842,0.29030361771583557
668,16,0,0,0.7166517972946167,0.2833481729030609
668,17,0,1,0.35500264167785645,0.6449973583221436
668,18,0,1,0.23461894690990448,0.7653810977935791
668,19,0,1,0.14115092158317566,0.858849048614502
669,0,0,1,0.1923203021287918,0.8076796531677246
669,1,0,0,0.7648330926895142,0.2351669818162918
669,2,0,0,0.6406648755073547,0.35933512449264526
669,3,1,1,0.14243288338184357,0.8575670719146729
669,4,0,1,0.37465062737464905,0.6253494024276733
669,5,0,1,0.47586074471473694,0.5241392254829407
669,6,0,0,0.6406648755073547,0.35933512449264526
669,7,1,1,0.4701979160308838,0.5298020839691162
669,8,0,1,0.37932631373405457,0.620673656463623
669,9,0,0,0.5335170030593872,0.46648308634757996
669,10,0,1,0.4775988459587097,0.5224011540412903
669,11,0,0,0.5080630779266357,0.49193689227104187
669,12,1,1,0.36640945076942444,0.6335905194282532
669,13,0,0,0.7297061681747437,0.27029386162757874
669,14,0,1,0.49917885661125183,0.5008211731910706
669,15,0,0,0.7297061681747437,0.27029383182525635
669,16,0,0,0.7319649457931519,0.26803508400917053
669,17,0,0,0.5657329559326172,0.4342670440673828
669,18,0,1,0.4758608043193817,0.5241392254829407
669,19,0,0,0.5217870473861694,0.4782128632068634
670,0,0,1,0.18479788303375244,0.8152020573616028
670,1,0,0,0.6652476787567139,0.33475232124328613
670,2,0,0,0.5363690853118896,0.46363094449043274
670,3,1,1,0.15912386775016785,0.8408761024475098
670,4,0,1,0.4007880687713623,0.5992118716239929
670,5,0,1,0.10261762887239456,0.8973823189735413
670,6,0,0,0.5502156615257263,0.44978436827659607
670,7,1,1,0.11939611285924911,0.8806039094924927
670,8,0,1,0.36882269382476807,0.6311773061752319
670,9,0,1,0.4907447099685669,0.5092553496360779
670,10,0,1,0.2502094805240631,0.7497904896736145
670,11,0,1,0.39790117740631104,0.6020988821983337
670,12,1,1,0.05810657516121864,0.9418933987617493
670,13,0,0,0.6346576809883118,0.365342378616333
670,14,0,1,0.2720721662044525,0.7279278039932251
670,15,0,0,0.6291489601135254,0.37085098028182983
670,16,0,0,0.6996288895606995,0.30037111043930054
670,17,0,0,0.5299263000488281,0.4700736701488495
670,18,0,1,0.365166038274765,0.6348339319229126
670,19,0,1,0.3244014382362366,0.6755985617637634
671,0,0,1,0.3553633391857147,0.6446366906166077
671,1,0,0,0.6873483061790466,0.3126516342163086
671,2,0,1,0.35461583733558655,0.6453841924667358
671,3,1,1,0.12216796725988388,0.8778320550918579
671,4,0,0,0.6031343340873718,0.3968656361103058
671,5,0,0,0.599506139755249,0.4004938304424286
671,6,0,1,0.40731436014175415,0.5926856398582458
671,7,1,1,0.0846494734287262,0.9153504967689514
671,8,0,1,0.3601735532283783,0.6398265361785889
671,9,0,1,0.1617845892906189,0.8382153511047363
671,10,0,1,0.24335765838623047,0.7566422820091248
671,11,0,1,0.3153930902481079,0.6846069693565369
671,12,1,1,0.058730971068143845,0.9412689805030823
671,13,0,0,0.7139801383018494,0.286019891500473
671,14,0,1,0.08250449597835541,0.9174954891204834
671,15,0,0,0.6873483061790466,0.3126516342163086
671,16,0,0,0.7612711191177368,0.238728865981102
671,17,0,1,0.35623398423194885,0.6437659859657288
671,18,0,0,0.599506139755249,0.4004937708377838
671,19,0,0,0.613341748714447,0.3866582214832306
672,0,0,1,0.43091851472854614,0.5690814852714539
672,1,0,0,0.6592378616333008,0.3407621383666992
672,2,0,0,0.5372762084007263,0.4627237915992737
672,3,1,1,0.11322380602359772,0.8867761492729187
672,4,0,1,0.17949704825878143,0.8205029368400574
672,5,0,1,0.2258395105600357,0.7741605043411255
672,6,0,0,0.5459612011909485,0.45403873920440674
672,7,1,1,0.03875448927283287,0.9612455368041992
672,8,0,1,0.3604835569858551,0.6395163536071777
672,9,0,1,0.21743501722812653,0.7825649380683899
672,10,0,1,0.127555251121521,0.872444748878479
672,11,0,1,0.0657384842634201,0.9342615008354187
672,12,1,1,0.0716187059879303,0.9283812642097473
672,13,0,0,0.6629738807678223,0.33702608942985535
672,14,0,1,0.13563363254070282,0.864366352558136
672,15,0,0,0.6592378616333008,0.3407621383666992
672,16,0,0,0.667476236820221,0.3325237035751343
672,17,0,1,0.4373571574687958,0.5626428127288818
672,18,0,1,0.2258395105600357,0.7741605043411255
672,19,0,1,0.17549100518226624,0.8245089650154114
673,0,0,1,0.41722235083580017,0.5827776193618774
673,1,0,0,0.6798532009124756,0.3201468288898468
673,2,0,1,0.35882997512817383,0.6411700248718262
673,3,1,1,0.12933911383152008,0.8706609010696411
673,4,0,0,0.704857587814331,0.29514244198799133
673,5,0,0,0.7236175537109375,0.2763824462890625
673,6,0,1,0.3708804249763489,0.6291195750236511
673,7,1,0,0.6625080704689026,0.3374919295310974
673,8,0,1,0.36079519987106323,0.6392048001289368
673,9,0,1,0.39261993765830994,0.6073800325393677
673,10,0,0,0.7581171989440918,0.24188272655010223
673,11,0,1,0.17274200916290283,0.8272579908370972
673,12,1,1,0.02834285981953144,0.9716572165489197
673,13,0,0,0.6937735676765442,0.3062264323234558
673,14,0,0,0.7983019351959229,0.20169802010059357
673,15,0,0,0.6798532009124756,0.3201468288898468
673,16,0,0,0.7268461585044861,0.27315381169319153
673,17,0,1,0.3796233832836151,0.6203765869140625
673,18,0,0,0.6937519311904907,0.30624809861183167
673,19,0,0,0.6446830034255981,0.35531702637672424
674,0,0,1,0.19208289682865143,0.8079171180725098
674,1,0,0,0.673869788646698,0.3261302411556244
674,2,0,1,0.32214200496673584,0.6778579950332642
674,3,1,1,0.1770612746477127,0.8229387402534485
674,4,0,0,0.6438388228416443,0.3561612069606781
674,5,0,0,0.6941247582435608,0.3058752417564392
674,6,0,1,0.31221845746040344,0.6877815127372742
674,7,1,0,0.6653783321380615,0.33462172746658325
674,8,0,1,0.3698035180568695,0.6301964521408081
674,9,0,0,0.5836946964263916,0.4163053333759308
674,10,0,0,0.7236533761024475,0.2763465940952301
674,11,0,0,0.6594787836074829,0.3405212163925171
674,12,1,1,0.031768087297677994,0.9682318568229675
674,13,0,0,0.6893108487129211,0.310689240694046
674,14,0,0,0.7501339912414551,0.24986602365970612
674,15,0,0,0.6738697290420532,0.3261302411556244
674,16,0,0,0.7195916771888733,0.28040841221809387
674,17,0,1,0.4117119610309601,0.5882880091667175
674,18,0,0,0.6941248178482056,0.3058752119541168
674,19,0,1,0.18896853923797607,0.8110314607620239
675,0,0,1,0.4783938527107239,0.5216060876846313
675,1,0,0,0.672667384147644,0.32733261585235596
675,2,0,1,0.448372483253479,0.551627516746521
675,3,1,1,0.13488149642944336,0.8651185035705566
675,4,0,0,0.5149831175804138,0.4850168824195862
675,5,0,0,0.5786694884300232,0.4213305115699768
675,6,0,1,0.4664141833782196,0.5335858464241028
675,7,1,1,0.35229817032814026,0.6477018594741821
675,8,0,1,0.37005239725112915,0.6299476027488708
675,9,0,1,0.38305410742759705,0.6169458627700806
675,10,0,0,0.5989198088645935,0.4010801911354065
675,11,0,0,0.5230762362480164,0.4769238233566284
675,12,1,1,0.0635281354188919,0.9364718794822693
675,13,0,0,0.6648324728012085,0.3351675570011139
675,14,0,0,0.6371645927429199,0.36283546686172485
675,15,0,0,0.6726674437522888,0.32733264565467834
675,16,0,0,0.685370683670044,0.31462934613227844
675,17,0,1,0.445614218711853,0.5543857216835022
675,18,0,1,0.23921583592891693,0.7607840895652771
675,19,0,1,0.1969965547323227,0.8030034899711609
676,0,0,1,0.2675158977508545,0.7324840426445007
676,1,0,0,0.8119295239448547,0.18807050585746765
676,2,0,1,0.30523091554641724,0.6947690844535828
676,3,1,1,0.253397136926651,0.7466029524803162
676,4,0,0,0.5659432411193848,0.4340567886829376
676,5,0,0,0.6864232420921326,0.3135768175125122
676,6,0,1,0.2773919701576233,0.7226080298423767
676,7,1,1,0.3100915551185608,0.6899084448814392
676,8,0,1,0.3617323637008667,0.6382676362991333
676,9,0,1,0.4593845009803772,0.540615439414978
676,10,0,0,0.6845012903213501,0.3154987096786499
676,11,0,0,0.6143212914466858,0.38567864894866943
676,12,1,1,0.044447701424360275,0.9555522799491882
676,13,0,0,0.7671317458152771,0.2328682392835617
676,14,0,0,0.6845012307167053,0.3154987394809723
676,15,0,0,0.8126571774482727,0.18734285235404968
676,16,0,0,0.6693674325942993,0.3306325376033783
676,17,0,1,0.2092653214931488,0.7907347083091736
676,18,0,0,0.6864232420921326,0.3135768175125122
676,19,0,1,0.14218948781490326,0.8578104972839355
677,0,0,1,0.1894630491733551,0.8105369210243225
677,1,0,0,0.5598094463348389,0.44019052386283875
677,2,0,1,0.22514326870441437,0.774856686592102
677,3,1,1,0.1502484530210495,0.8497515320777893
677,4,0,1,0.48091524839401245,0.5190847516059875
677,5,0,1,0.4399102032184601,0.5600897669792175
677,6,0,1,0.1808285266160965,0.8191714286804199
677,7,1,1,0.01899402029812336,0.9810060262680054
677,8,0,1,0.38063743710517883,0.6193625330924988
677,9,0,1,0.06433134526014328,0.9356686472892761
677,10,0,1,0.09995955228805542,0.9000403881072998
677,11,0,0,0.503422737121582,0.4965772330760956
677,12,1,1,0.04456150904297829,0.9554385542869568
677,13,0,0,0.8689914345741272,0.13100853562355042
677,14,0,1,0.09995957463979721,0.9000403881072998
677,15,0,0,0.5121537446975708,0.4878462553024292
677,16,0,0,0.8657703399658203,0.1342296451330185
677,17,0,1,0.16695275902748108,0.8330472111701965
677,18,0,1,0.41479167342185974,0.5852083563804626
677,19,0,0,0.503422737121582,0.4965772032737732
678,0,0,1,0.38679084181785583,0.6132091283798218
678,1,0,0,0.7402638792991638,0.2597361207008362
678,2,0,1,0.3497867286205292,0.6502132415771484
678,3,1,1,0.2623659670352936,0.737634003162384
678,4,0,1,0.20720088481903076,0.7927991151809692
678,5,0,1,0.24740678071975708,0.7525932192802429
678,6,0,1,0.39433595538139343,0.6056640148162842
678,7,1,1,0.12813274562358856,0.8718672394752502
678,8,0,1,0.37080633640289307,0.6291937232017517
678,9,0,1,0.17813080549240112,0.8218691349029541
678,10,0,1,0.10438995063304901,0.8956100344657898
678,11,0,1,0.24547593295574188,0.7545240521430969
678,12,1,1,0.14702220261096954,0.8529777526855469
678,13,0,1,0.3800898790359497,0.6199101209640503
678,14,0,1,0.10438995063304901,0.8956100344657898
678,15,0,0,0.6053025126457214,0.3946974575519562
678,16,0,1,0.15673261880874634,0.8432673811912537
678,17,0,1,0.28922179341316223,0.7107782363891602
678,18,0,1,0.24740678071975708,0.7525932192802429
678,19,0,1,0.24547593295574188,0.7545240521430969
679,0,0,1,0.2575782537460327,0.7424216866493225
679,1,0,0,0.6968717575073242,0.303128182888031
679,2,0,1,0.20304173231124878,0.7969582676887512
679,3,1,1,0.18093787133693695,0.8190621137619019
679,4,0,1,0.4225809872150421,0.5774189829826355
679,5,0,1,0.10128536075353622,0.8987146615982056
679,6,0,1,0.2707679271697998,0.7292320728302002
679,7,1,1,0.19417765736579895,0.8058223128318787
679,8,0,1,0.3924923837184906,0.6075076460838318
679,9,0,1,0.3169410824775696,0.6830589771270752
679,10,0,1,0.36357876658439636,0.6364212036132812
679,11,0,1,0.3923972249031067,0.6076027750968933
679,12,1,1,0.09045190364122391,0.9095480442047119
679,13,0,0,0.7226726412773132,0.27732735872268677
679,14,0,1,0.36357876658439636,0.6364212036132812
679,15,0,0,0.6740179061889648,0.32598206400871277
679,16,0,0,0.7240592837333679,0.2759406864643097
679,17,0,1,0.20728647708892822,0.7927135229110718
679,18,0,1,0.4025726616382599,0.5974273681640625
679,19,0,1,0.0950138047337532,0.9049861431121826
680,0,0,1,0.28001245856285095,0.7199875712394714
680,1,0,0,0.8770058155059814,0.12299413979053497
680,2,0,1,0.2646104097366333,0.7353895902633667
680,3,1,1,0.27162542939186096,0.7283746004104614
680,4,0,0,0.5826981067657471,0.4173019230365753
680,5,0,0,0.6287976503372192,0.3712024390697479
680,6,0,1,0.321044385433197,0.678955614566803
680,7,1,0,0.5698229670524597,0.4301770031452179
680,8,0,1,0.3713131844997406,0.628686785697937
680,9,0,1,0.4785280227661133,0.5214719772338867
680,10,0,0,0.6621385216712952,0.33786141872406006
680,11,0,1,0.16188278794288635,0.838117241859436
680,12,1,1,0.03807082027196884,0.9619291424751282
680,13,0,0,0.7890382409095764,0.2109617292881012
680,14,0,0,0.6595330834388733,0.3404669165611267
680,15,0,0,0.8406678438186646,0.15933218598365784
680,16,0,0,0.747185468673706,0.25281456112861633
680,17,0,1,0.3692013919353485,0.6307986378669739
680,18,0,0,0.6287975907325745,0.3712024390697479
680,19,0,1,0.4167460799217224,0.5832538604736328
681,0,0,1,0.47894805669784546,0.5210520029067993
681,1,0,0,0.6619125604629517,0.33808740973472595
681,2,0,1,0.4695255756378174,0.5304744839668274
681,3,1,1,0.13678006827831268,0.8632199168205261
681,4,0,0,0.6336003541946411,0.3663996756076813
681,5,0,0,0.6027917265892029,0.39720821380615234
681,6,0,1,0.4926750659942627,0.5073249340057373
681,7,1,1,0.4722001254558563,0.5277998447418213
681,8,0,0,0.6004905700683594,0.399509459733963
681,9,0,0,0.6721516251564026,0.3278484046459198
681,10,0,0,0.5384065508842468,0.46159347891807556
681,11,0,0,0.6109695434570312,0.3890305161476135
681,12,1,1,0.15140824019908905,0.8485917448997498
681,13,0,0,0.7766237258911133,0.22337624430656433
681,14,0,0,0.5205202102661133,0.47947975993156433
681,15,0,0,0.6820974349975586,0.3179025948047638
681,16,0,0,0.7766237258911133,0.22337624430656433
681,17,0,1,0.45745372772216797,0.542546272277832
681,18,0,0,0.6027917861938477,0.39720818400382996
681,19,0,1,0.365298330783844,0.634701669216156
682,0,0,1,0.38087254762649536,0.6191275119781494
682,1,0,0,0.7436085343360901,0.2563914358615875
682,2,0,1,0.35616251826286316,0.6438375115394592
682,3,1,1,0.11633232980966568,0.8836677074432373
682,4,0,0,0.745013952255249,0.254986047744751
682,5,0,0,0.663932204246521,0.3360677659511566
682,6,0,1,0.39347508549690247,0.6065250039100647
682,7,1,1,0.1649867445230484,0.835013210773468
682,8,0,0,0.7375767827033997,0.2624233067035675
682,9,0,0,0.9240611791610718,0.07593885064125061
682,10,0,0,0.6484166383743286,0.3515833914279938
682,11,0,0,0.6168819069862366,0.38311806321144104
682,12,1,1,0.03162856772542,0.9683714509010315
682,13,0,0,0.7342321276664734,0.2657678425312042
682,14,0,0,0.6639322638511658,0.3360677659511566
682,15,0,0,0.6640610098838806,0.3359389901161194
682,16,0,0,0.7342321276664734,0.2657678425312042
682,17,0,1,0.3656999170780182,0.634300172328949
682,18,0,0,0.6639322638511658,0.3360677659511566
682,19,0,1,0.10919637233018875,0.8908036351203918
683,0,0,1,0.2223166674375534,0.7776833176612854
683,1,0,0,0.6454975008964539,0.35450246930122375
683,2,0,1,0.2033236175775528,0.7966763973236084
683,3,1,1,0.15495078265666962,0.845049262046814
683,4,0,0,0.678787350654602,0.32121267914772034
683,5,0,0,0.700972318649292,0.299027681350708
683,6,0,1,0.18498723208904266,0.8150126934051514
683,7,1,1,0.22357907891273499,0.7764209508895874
683,8,0,0,0.6113014221191406,0.38869860768318176
683,9,0,1,0.4079022705554962,0.5920976996421814
683,10,0,0,0.6636512279510498,0.3363487720489502
683,11,0,0,0.6113508343696594,0.3886490762233734
683,12,1,1,0.026826422661542892,0.9731735587120056
683,13,0,1,0.16164281964302063,0.8383572101593018
683,14,0,0,0.7009723782539368,0.2990276515483856
683,15,0,0,0.6394556164741516,0.3605443835258484
683,16,0,1,0.16164281964302063,0.8383572101593018
683,17,0,1,0.19110701978206635,0.8088929057121277
683,18,0,0,0.7009723782539368,0.2990276515483856
683,19,0,1,0.16034232079982758,0.8396576642990112
684,0,0,1,0.31266242265701294,0.6873375773429871
684,1,0,0,0.6203835010528564,0.37961649894714355
684,2,0,1,0.3047161102294922,0.695283830165863
684,3,1,1,0.29906487464904785,0.7009351253509521
684,4,0,0,0.5941550135612488,0.40584495663642883
684,5,0,0,0.5613402724266052,0.43865978717803955
684,6,0,1,0.34018534421920776,0.6598146557807922
684,7,1,1,0.013256493024528027,0.9867435693740845
684,8,0,0,0.579273521900177,0.4207264184951782
684,9,0,1,0.10079775005578995,0.8992022275924683
684,10,0,1,0.16991372406482697,0.8300862908363342
684,11,0,0,0.6504230499267578,0.3495769798755646
684,12,1,1,0.04732401669025421,0.9526759386062622
684,13,0,0,0.7373840808868408,0.26261597871780396
684,14,0,0,0.5613402724266052,0.43865978717803955
684,15,0,0,0.6290104389190674,0.37098953127861023
684,16,0,0,0.7373840808868408,0.26261597871780396
684,17,0,1,0.32729172706604004,0.6727083325386047
684,18,0,0,0.5613402724266052,0.43865981698036194
684,19,0,0,0.6504231095314026,0.3495769798755646
685,0,0,0,0.6065752506256104,0.39342477917671204
685,1,0,0,0.5787296295166016,0.4212704300880432
685,2,0,0,0.674575924873352,0.32542410492897034
685,3,1,0,0.6418649554252625,0.35813507437705994
685,4,0,0,0.5977751612663269,0.4022248685359955
685,5,0,0,0.660099446773529,0.33990052342414856
685,6,0,0,0.5928151607513428,0.407184898853302
685,7,1,0,0.6233072280883789,0.3766927421092987
685,8,0,0,0.5787296295166016,0.4212704300880432
685,9,0,1,0.1340990513563156,0.865900993347168
685,10,0,0,0.612130880355835,0.38786911964416504
685,11,0,0,0.6220682263374329,0.37793177366256714
685,12,1,1,0.2195112258195877,0.7804887294769287
685,13,0,0,0.7040518522262573,0.2959481477737427
685,14,0,0,0.6600995063781738,0.33990052342414856
685,15,0,0,0.5787296295166016,0.4212704300880432
685,16,0,0,0.7040518522262573,0.2959481477737427
685,17,0,0,0.6296219229698181,0.37037813663482666
685,18,0,0,0.6600995063781738,0.33990052342414856
685,19,0,0,0.6212559938430786,0.378743976354599
686,0,0,1,0.1899711787700653,0.8100287914276123
686,1,0,0,0.5759184956550598,0.4240814745426178
686,2,0,1,0.3304908573627472,0.6695091128349304
686,3,1,1,0.16721795499324799,0.832781970500946
686,4,0,0,0.5146380066871643,0.4853619635105133
686,5,0,0,0.5532617568969727,0.44673827290534973
686,6,0,1,0.33860012888908386,0.6613999009132385
686,7,1,1,0.2867812514305115,0.7132187485694885
686,8,0,0,0.5759184956550598,0.4240814745426178
686,9,0,1,0.1954735964536667,0.8045264482498169
686,10,0,1,0.31858038902282715,0.6814196109771729
686,11,0,0,0.5456298589706421,0.4543701112270355
686,12,1,1,0.0916018858551979,0.9083981513977051
686,13,0,0,0.5468417406082153,0.4531582295894623
686,14,0,0,0.5532616972923279,0.44673827290534973
686,15,0,0,0.5759184956550598,0.4240814745426178
686,16,0,0,0.6466159820556641,0.35338401794433594
686,17,0,1,0.16721795499324799,0.832781970500946
686,18,0,0,0.5532616972923279,0.4467383027076721
686,19,0,0,0.5648667812347412,0.4351331889629364
687,0,0,1,0.12070263177156448,0.8792973756790161
687,1,0,0,0.7417064905166626,0.2582934498786926
687,2,0,1,0.30182263255119324,0.6981773376464844
687,3,1,1,0.11147521436214447,0.8885248303413391
687,4,0,0,0.6996919512748718,0.30030810832977295
687,5,0,0,0.7492350935935974,0.2507648766040802
687,6,0,1,0.3395788371562958,0.6604211926460266
687,7,1,1,0.44365260004997253,0.5563474297523499
687,8,0,0,0.5933229923248291,0.4066770374774933
687,9,0,0,0.5265381336212158,0.4734618365764618
687,10,0,0,0.7586461305618286,0.24135394394397736
687,11,0,1,0.46041834354400635,0.5395817160606384
687,12,1,1,0.021878788247704506,0.9781212210655212
687,13,0,0,0.7401383519172668,0.25986170768737793
687,14,0,0,0.7492350339889526,0.25076496601104736
687,15,0,0,0.761965274810791,0.2380347102880478
687,16,0,0,0.8292410373687744,0.1707589477300644
687,17,0,1,0.29875627160072327,0.7012436985969543
687,18,0,0,0.7492350339889526,0.25076496601104736
687,19,0,0,0.6116538643836975,0.3883461058139801
688,0,0,1,0.42470628023147583,0.5752937197685242
688,1,0,0,0.633528470993042,0.3664715588092804
688,2,0,1,0.4130474328994751,0.5869525671005249
688,3,1,1,0.10904572159051895,0.8909542560577393
688,4,0,0,0.6287679076194763,0.3712320327758789
688,5,0,1,0.4757782518863678,0.5242217779159546
688,6,0,1,0.42396414279937744,0.5760358572006226
688,7,1,1,0.08161838352680206,0.9183816313743591
688,8,0,0,0.5930840969085693,0.40691593289375305
688,9,0,0,0.5194287300109863,0.48057129979133606
688,10,0,1,0.12349827587604523,0.876501739025116
688,11,0,1,0.439388632774353,0.5606114268302917
688,12,1,1,0.03502391651272774,0.9649761319160461
688,13,0,0,0.5657925605773926,0.4342074394226074
688,14,0,1,0.4757782220840454,0.5242217779159546
688,15,0,0,0.6376186013221741,0.36238136887550354
688,16,0,0,0.5878983736038208,0.4121015965938568
688,17,0,1,0.12227412313222885,0.8777258992195129
688,18,0,1,0.4757782220840454,0.5242217779159546
688,19,0,0,0.5094102025032043,0.49058979749679565
689,0,0,1,0.27883100509643555,0.7211689949035645
689,1,0,0,0.6281312704086304,0.37186872959136963
689,2,0,1,0.2654511630535126,0.7345488667488098
689,3,1,1,0.05387809872627258,0.946121871471405
689,4,0,0,0.6760074496269226,0.3239925503730774
689,5,0,0,0.7076509594917297,0.2923490107059479
689,6,0,1,0.2804253101348877,0.7195746898651123
689,7,1,1,0.292342871427536,0.7076571583747864
689,8,0,0,0.6247311234474182,0.37526893615722656
689,9,0,1,0.4742598235607147,0.5257401466369629
689,10,0,0,0.632779061794281,0.3672209084033966
689,11,0,0,0.6299985647201538,0.3700014352798462
689,12,1,1,0.012139522470533848,0.9878605008125305
689,13,0,0,0.8794533014297485,0.12054675817489624
689,14,0,0,0.7076509594917297,0.2923490107059479
689,15,0,0,0.8474242687225342,0.15257574617862701
689,16,0,0,0.8680830001831055,0.1319170445203781
689,17,0,1,0.26748746633529663,0.7325125932693481
689,18,0,0,0.7076509594917297,0.29234904050827026
689,19,0,0,0.6767591834068298,0.32324081659317017
690,0,0,1,0.1379658579826355,0.8620342016220093
690,1,0,0,0.5166478157043457,0.4833521246910095
690,2,0,1,0.2695586681365967,0.7304413318634033
690,3,1,1,0.14207623898983002,0.8579238057136536
690,4,0,0,0.7280714511871338,0.27192845940589905
690,5,0,0,0.5865961909294128,0.41340380907058716
690,6,0,1,0.25194206833839417,0.7480579614639282
690,7,1,1,0.20345677435398102,0.7965432405471802
690,8,0,1,0.27380281686782837,0.7261971831321716
690,9,0,0,0.6158209443092346,0.3841789960861206
690,10,0,0,0.5865961909294128,0.41340377926826477
690,11,0,0,0.641548752784729,0.3584511876106262
690,12,1,1,0.04404548555612564,0.9559545516967773
690,13,0,1,0.1852373331785202,0.8147626519203186
690,14,0,0,0.624178946018219,0.375821053981781
690,15,0,0,0.5233765244483948,0.47662344574928284
690,16,0,1,0.20547091960906982,0.7945290803909302
690,17,0,1,0.2816172242164612,0.7183828353881836
690,18,0,0,0.6116177439689636,0.3883822560310364
690,19,0,1,0.07917360961437225,0.9208264350891113
691,0,0,1,0.2606991231441498,0.7393008470535278
691,1,0,1,0.3603675365447998,0.6396324634552002
691,2,0,1,0.4497455060482025,0.5502545237541199
691,3,1,1,0.2676450312137604,0.732354998588562
691,4,0,0,0.776279628276825,0.22372035682201385
691,5,0,0,0.8264522552490234,0.17354775965213776
691,6,0,1,0.1789427250623703,0.8210573196411133
691,7,1,1,0.3472650647163391,0.6527349352836609
691,8,0,1,0.13088275492191315,0.8691172003746033
691,9,0,0,0.6265763640403748,0.37342363595962524
691,10,0,0,0.8264522552490234,0.17354774475097656
691,11,0,0,0.785933256149292,0.21406683325767517
691,12,1,1,0.03750060126185417,0.9624994397163391
691,13,0,0,0.7456248998641968,0.2543751299381256
691,14,0,0,0.8025826215744019,0.19741740822792053
691,15,0,1,0.3640260696411133,0.6359739303588867
691,16,0,0,0.8474113345146179,0.15258869528770447
691,17,0,1,0.4325639307498932,0.5674360990524292
691,18,0,1,0.13141831755638123,0.8685816526412964
691,19,0,0,0.8090299367904663,0.1909700334072113
692,0,0,1,0.2296295017004013,0.7703704833984375
692,1,0,0,0.8327386975288391,0.16726136207580566
692,2,0,1,0.374361515045166,0.625638484954834
692,3,1,1,0.2076394110918045,0.7923606634140015
692,4,0,0,0.5436276793479919,0.45637229084968567
692,5,0,0,0.6776179671287537,0.3223820924758911
692,6,0,1,0.17830857634544373,0.8216913938522339
692,7,1,0,0.5091823935508728,0.4908175468444824
692,8,0,1,0.22754238545894623,0.7724576592445374
692,9,0,1,0.4451392889022827,0.5548607707023621
692,10,0,0,0.6776179075241089,0.3223821222782135
692,11,0,1,0.2991059124469757,0.7008941173553467
692,12,1,1,0.053945157676935196,0.9460548758506775
692,13,0,0,0.9557439088821411,0.04425615072250366
692,14,0,0,0.6134728789329529,0.3865271210670471
692,15,0,0,0.8601601123809814,0.13983993232250214
692,16,0,0,0.9013318419456482,0.09866813570261002
692,17,0,1,0.34750208258628845,0.6524979472160339
692,18,0,1,0.2454616278409958,0.7545384168624878
692,19,0,1,0.35571160912513733,0.6442884206771851
693,0,0,1,0.15259528160095215,0.8474046587944031
693,1,0,0,0.7583954930305481,0.2416045069694519
693,2,0,1,0.1219288557767868,0.878071129322052
693,3,1,1,0.10619689524173737,0.893803060054779
693,4,0,0,0.8500829935073853,0.14991700649261475
693,5,0,0,0.8827083706855774,0.11729162186384201
693,6,0,1,0.15188224613666534,0.8481177687644958
693,7,1,0,0.8735554814338684,0.12644453346729279
693,8,0,0,0.6822105050086975,0.3177894353866577
693,9,0,0,0.7168511748313904,0.2831488847732544
693,10,0,0,0.8827082514762878,0.11729166656732559
693,11,0,0,0.8616280555725098,0.138372004032135
693,12,1,1,0.0617348738014698,0.9382650852203369
693,13,0,0,0.7211694717407227,0.27883052825927734
693,14,0,0,0.8679172992706299,0.13208268582820892
693,15,0,0,0.8208839893341064,0.17911601066589355
693,16,0,0,0.8937288522720337,0.1062711700797081
693,17,0,1,0.10619689524173737,0.893803060054779
693,18,0,0,0.857559084892273,0.14244088530540466
693,19,0,0,0.8679172992706299,0.13208270072937012
694,0,0,1,0.18378369510173798,0.8162162899971008
694,1,0,0,0.7890025973320007,0.21099737286567688
694,2,0,1,0.11460979282855988,0.8853901624679565
694,3,1,1,0.0421166829764843,0.957883358001709
694,4,0,0,0.7963058948516846,0.20369406044483185
694,5,0,0,0.9236874580383301,0.0763125792145729
694,6,0,1,0.18366707861423492,0.8163329362869263
694,7,1,1,0.17919036746025085,0.8208096623420715
694,8,0,0,0.7959990501403809,0.20400099456310272
694,9,0,0,0.6273536682128906,0.372646301984787
694,10,0,0,0.9236874580383301,0.0763125792145729
694,11,0,0,0.8895279765129089,0.11047209799289703
694,12,1,1,0.021334487944841385,0.9786655306816101
694,13,0,0,0.8758806586265564,0.124119333922863
694,14,0,0,0.8928801417350769,0.1071198433637619
694,15,0,0,0.8193866610527039,0.18061329424381256
694,16,0,0,0.8690326809883118,0.130967378616333
694,17,0,1,0.16388878226280212,0.8361112475395203
694,18,0,1,0.06553507596254349,0.9344648718833923
694,19,0,0,0.7591380476951599,0.24086198210716248
695,0,0,1,0.36212921142578125,0.6378707885742188
695,1,0,0,0.5718781352043152,0.42812180519104004
695,2,0,1,0.3347274959087372,0.6652725338935852
695,3,1,1,0.0808885395526886,0.919111430644989
695,4,0,0,0.6910415887832642,0.30895838141441345
695,5,0,0,0.5522135496139526,0.4477863907814026
695,6,0,1,0.3604237139225006,0.639576256275177
695,7,1,1,0.4583936035633087,0.5416063070297241
695,8,0,1,0.31202465295791626,0.6879753470420837
695,9,0,0,0.6371819376945496,0.36281806230545044
695,10,0,0,0.583520770072937,0.4164792597293854
695,11,0,0,0.573615312576294,0.42638471722602844
695,12,1,1,0.04351240023970604,0.9564876556396484
695,13,0,0,0.6190043091773987,0.38099563121795654
695,14,0,0,0.582760214805603,0.4172397553920746
695,15,0,0,0.5500937700271606,0.44990622997283936
695,16,0,0,0.5779803395271301,0.4220196008682251
695,17,0,1,0.31422746181488037,0.6857725381851196
695,18,0,0,0.5370441675186157,0.4629558324813843
695,19,0,1,0.24800319969654083,0.7519967555999756
696,0,0,1,0.271797776222229,0.728202223777771
696,1,0,0,0.7335094809532166,0.26649051904678345
696,2,0,1,0.2627437710762024,0.7372562289237976
696,3,1,1,0.04695088788866997,0.9530491232872009
696,4,0,0,0.7696478962898254,0.23035208880901337
696,5,0,0,0.5371413230895996,0.462858647108078
696,6,0,1,0.1475786566734314,0.8524212837219238
696,7,1,1,0.06531782448291779,0.9346821904182434
696,8,0,1,0.30515173077583313,0.6948482990264893
696,9,0,0,0.7414925694465637,0.25850746035575867
696,10,0,0,0.5728484392166138,0.42715156078338623
696,11,0,0,0.6475197672843933,0.3524802625179291
696,12,1,1,0.08843783289194107,0.9115621447563171
696,13,0,0,0.8405499458312988,0.1594499796628952
696,14,0,0,0.6426010727882385,0.3573989272117615
696,15,0,0,0.7696192264556885,0.2303808033466339
696,16,0,0,0.8141822218894958,0.18581782281398773
696,17,0,1,0.22538307309150696,0.7746169567108154
696,18,0,1,0.20477265119552612,0.7952272891998291
696,19,0,0,0.5541447997093201,0.44585520029067993
697,0,0,1,0.29744595289230347,0.7025539875030518
697,1,0,0,0.7847670912742615,0.21523283421993256
697,2,0,1,0.2911520302295685,0.7088479399681091
697,3,1,1,0.11395494639873505,0.886044979095459
697,4,0,0,0.7203086614608765,0.27969130873680115
697,5,0,0,0.6155392527580261,0.3844607174396515
697,6,0,1,0.2824479639530182,0.7175520062446594
697,7,1,1,0.3504457473754883,0.6495543122291565
697,8,0,0,0.7215930819511414,0.27840694785118103
697,9,0,0,0.7735452055931091,0.22645477950572968
697,10,0,0,0.6502098441123962,0.34979021549224854
697,11,0,1,0.33284223079681396,0.6671578288078308
697,12,1,1,0.06245419755578041,0.9375458359718323
697,13,0,0,0.6536616086959839,0.3463383913040161
697,14,0,1,0.3677370548248291,0.6322629451751709
697,15,0,0,0.8310973644256592,0.1689026951789856
697,16,0,0,0.6007837057113647,0.39921632409095764
697,17,0,1,0.11395496875047684,0.886044979095459
697,18,0,1,0.2035077065229416,0.796492338180542
697,19,0,0,0.5708730816841125,0.42912694811820984
698,0,0,1,0.48345616459846497,0.5165438055992126
698,1,0,0,0.9122055768966675,0.08779437094926834
698,2,0,1,0.47737014293670654,0.5226298570632935
698,3,1,1,0.09064822643995285,0.9093517661094666
698,4,0,0,0.6652377247810364,0.33476224541664124
698,5,0,0,0.6981591582298279,0.3018408417701721
698,6,0,1,0.48365578055381775,0.5163442492485046
698,7,1,0,0.6861557364463806,0.3138442933559418
698,8,0,1,0.32289227843284607,0.6771077513694763
698,9,0,0,0.719982922077179,0.28001710772514343
698,10,0,0,0.716475248336792,0.2835247814655304
698,11,0,0,0.670264720916748,0.3297352194786072
698,12,1,1,0.1923266351222992,0.8076733946800232
698,13,0,0,0.8608796000480652,0.1391204297542572
698,14,0,0,0.6453274488449097,0.35467246174812317
698,15,0,0,0.8734253644943237,0.1265745759010315
698,16,0,0,0.8197019100189209,0.1802981197834015
698,17,0,1,0.4321187734603882,0.5678812861442566
698,18,0,0,0.7922121286392212,0.20778788626194
698,19,0,0,0.5392441749572754,0.4607558250427246
699,0,0,1,0.05552191287279129,0.9444780945777893
699,1,0,0,0.9746461510658264,0.025353843346238136
699,2,0,1,0.16259363293647766,0.8374063968658447
699,3,1,1,0.055094312876462936,0.944905698299408
699,4,0,0,0.8834598064422607,0.11654020845890045
699,5,0,0,0.9022423028945923,0.09775770455598831
699,6,0,1,0.1915600299835205,0.8084399104118347
699,7,1,0,0.9047781229019165,0.09522184729576111
699,8,0,0,0.7969970703125,0.20300287008285522
699,9,0,0,0.7845413684844971,0.2154586911201477
699,10,0,0,0.9002560377120972,0.0997440293431282
699,11,0,0,0.8975969552993774,0.10240303725004196
699,12,1,1,0.019054634496569633,0.980945348739624
699,13,0,0,0.9443779587745667,0.05562205985188484
699,14,0,0,0.9003652930259705,0.09963472187519073
699,15,0,0,0.9483156800270081,0.05168433114886284
699,16,0,0,0.9304889440536499,0.06951111555099487
699,17,0,1,0.17014770209789276,0.8298523426055908
699,18,0,0,0.921927809715271,0.0780722126364708
699,19,0,0,0.8988235592842102,0.101176418364048
700,0,0,1,0.13800835609436035,0.8619916439056396
700,1,0,0,0.9859189987182617,0.014080993831157684
700,2,0,1,0.28811153769493103,0.7118884325027466
700,3,1,1,0.13874313235282898,0.8612568378448486
700,4,0,0,0.7745164036750793,0.22548362612724304
700,5,0,0,0.7467668652534485,0.25323307514190674
700,6,0,1,0.31190088391304016,0.6880990862846375
700,7,1,1,0.051852066069841385,0.9481479525566101
700,8,0,0,0.7559521794319153,0.2440478503704071
700,9,0,1,0.4473769962787628,0.5526229739189148
700,10,0,0,0.7314784526824951,0.26852160692214966
700,11,0,0,0.896918535232544,0.10308148711919785
700,12,1,1,0.12722241878509521,0.87277752161026
700,13,0,0,0.9795385003089905,0.02046152949333191
700,14,0,0,0.8341584801673889,0.16584154963493347
700,15,0,0,0.8075347542762756,0.19246527552604675
700,16,0,0,0.9761965274810791,0.02380351908504963
700,17,0,1,0.34140533208847046,0.6585946679115295
700,18,0,0,0.9628581404685974,0.0371418371796608
700,19,0,0,0.8341584205627441,0.16584157943725586
701,0,0,1,0.3160342872142792,0.6839656829833984
701,1,0,0,0.9589254856109619,0.04107449948787689
701,2,0,1,0.4736265540122986,0.5263734459877014
701,3,1,1,0.3071116507053375,0.6928883194923401
701,4,0,0,0.651593804359436,0.34840625524520874
701,5,0,0,0.5400108695030212,0.45998916029930115
701,6,0,1,0.20926745235919952,0.7907325625419617
701,7,1,0,0.6107327938079834,0.3892672061920166
701,8,0,1,0.44984930753707886,0.5501507520675659
701,9,0,0,0.7950573563575745,0.20494262874126434
701,10,0,0,0.5400108695030212,0.45998916029930115
701,11,0,0,0.6201581954956055,0.37984180450439453
701,12,1,1,0.07240840792655945,0.9275916218757629
701,13,0,0,0.9301526546478271,0.06984736025333405
701,14,0,1,0.44168978929519653,0.5583102107048035
701,15,0,0,0.9113655090332031,0.08863452076911926
701,16,0,0,0.9071188569068909,0.09288116544485092
701,17,0,1,0.4620945155620575,0.5379054546356201
701,18,0,0,0.8044336438179016,0.19556641578674316
701,19,0,1,0.32946476340293884,0.6705352663993835
702,0,0,1,0.4139721095561981,0.5860279202461243
702,1,0,0,0.9527087211608887,0.04729122295975685
702,2,0,1,0.4118737280368805,0.5881263017654419
702,3,1,1,0.11317941546440125,0.8868206143379211
702,4,0,0,0.6270846724510193,0.3729153573513031
702,5,0,0,0.5028829574584961,0.4971170127391815
702,6,0,1,0.4142204225063324,0.58577960729599
702,7,1,0,0.6840910315513611,0.3159089684486389
702,8,0,1,0.4119426906108856,0.588057279586792
702,9,0,0,0.5022765398025513,0.49772346019744873
702,10,0,1,0.45633187890052795,0.5436681509017944
702,11,0,0,0.6947212219238281,0.3052787780761719
702,12,1,1,0.2894924581050873,0.7105075120925903
702,13,0,0,0.894307017326355,0.10569298267364502
702,14,0,0,0.6410275101661682,0.358972430229187
702,15,0,0,0.9363304376602173,0.06366952508687973
702,16,0,0,0.8934877514839172,0.10651228576898575
702,17,0,1,0.11793554574251175,0.8820645213127136
702,18,0,0,0.7219502329826355,0.2780497968196869
702,19,0,0,0.6410275101661682,0.358972430229187
703,0,0,1,0.21835757791996002,0.7816423773765564
703,1,0,0,0.7370421886444092,0.2629578113555908
703,2,0,1,0.3108004927635193,0.6891995072364807
703,3,1,1,0.18451596796512604,0.8154840469360352
703,4,0,0,0.7669386863708496,0.233061283826828
703,5,0,0,0.6771027445793152,0.3228972852230072
703,6,0,1,0.2761962115764618,0.7238038182258606
703,7,1,0,0.7291334867477417,0.2708665132522583
703,8,0,0,0.6177008748054504,0.3822990953922272
703,9,0,0,0.7857797741889954,0.21422021090984344
703,10,0,0,0.67710280418396,0.3228972256183624
703,11,0,0,0.7625829577445984,0.23741701245307922
703,12,1,1,0.026661409065127373,0.9733386039733887
703,13,0,0,0.7367438673973083,0.26325610280036926
703,14,0,0,0.7287236452102661,0.27127641439437866
703,15,0,0,0.5766809582710266,0.4233190715312958
703,16,0,0,0.7988360524177551,0.20116391777992249
703,17,0,1,0.19557873904705048,0.8044212460517883
703,18,0,0,0.7597498893737793,0.2402501106262207
703,19,0,0,0.7151979207992554,0.284802109003067
704,0,0,1,0.3001709282398224,0.6998291015625
704,1,0,0,0.8876104950904846,0.11238949000835419
704,2,0,1,0.4006383717060089,0.5993616580963135
704,3,1,1,0.25626376271247864,0.7437362670898438
704,4,0,1,0.4672754406929016,0.5327246189117432
704,5,0,1,0.469539612531662,0.5304603576660156
704,6,0,1,0.4216915965080261,0.5783084034919739
704,7,1,0,0.5273331999778748,0.47266677021980286
704,8,0,1,0.4970981478691101,0.5029017925262451
704,9,0,1,0.23376815021038055,0.7662318348884583
704,10,0,1,0.469539612531662,0.5304603576660156
704,11,0,0,0.5740630626678467,0.42593690752983093
704,12,1,1,0.15158464014530182,0.8484153151512146
704,13,0,0,0.8127591013908386,0.18724088370800018
704,14,0,1,0.48441439867019653,0.5155855417251587
704,15,0,1,0.3849789798259735,0.6150210499763489
704,16,0,0,0.823845624923706,0.17615434527397156
704,17,0,1,0.24936677515506744,0.7506332397460938
704,18,0,0,0.6879062652587891,0.31209373474121094
704,19,0,0,0.5654756426811218,0.43452438712120056
705,0,0,0,0.5633516311645508,0.4366483688354492
705,1,0,0,0.9394927620887756,0.06050718575716019
705,2,0,0,0.5586922764778137,0.4413076937198639
705,3,1,0,0.5070234537124634,0.492976576089859
705,4,0,0,0.7988367676734924,0.20116326212882996
705,5,0,0,0.8674692511558533,0.1325308084487915
705,6,0,0,0.5583804845809937,0.44161951541900635
705,7,1,1,0.006968911737203598,0.9930310845375061
705,8,0,0,0.8575826287269592,0.14241737127304077
705,9,0,0,0.5772513747215271,0.4227485656738281
705,10,0,0,0.8674692511558533,0.1325308084487915
705,11,0,0,0.6659643054008484,0.334035724401474
705,12,1,1,0.0683366134762764,0.9316633939743042
705,13,0,0,0.9388740658760071,0.061125967651605606
705,14,0,0,0.7891983389854431,0.21080166101455688
705,15,0,0,0.7094517350196838,0.2905482053756714
705,16,0,0,0.9384381175041199,0.061561912298202515
705,17,0,0,0.5585328340530396,0.44146716594696045
705,18,0,0,0.9337306618690491,0.06626933813095093
705,19,0,0,0.8558335900306702,0.14416638016700745
706,0,0,1,0.3996056318283081,0.6003943681716919
706,1,0,0,0.9473466873168945,0.05265333503484726
706,2,0,1,0.3996056318283081,0.6003943681716919
706,3,1,1,0.10499906539916992,0.8950008749961853
706,4,0,1,0.30236726999282837,0.6976327300071716
706,5,0,0,0.7049113512039185,0.29508861899375916
706,6,0,1,0.39162108302116394,0.6083788871765137
706,7,1,1,0.03743153065443039,0.962568461894989
706,8,0,1,0.14961574971675873,0.8503842949867249
706,9,0,1,0.17885270714759827,0.8211472630500793
706,10,0,0,0.7049113512039185,0.29508861899375916
706,11,0,1,0.29740792512893677,0.7025920748710632
706,12,1,1,0.3265071213245392,0.6734928488731384
706,13,0,0,0.8741517663002014,0.1258481740951538
706,14,0,0,0.6691956520080566,0.3308042883872986
706,15,0,0,0.9319324493408203,0.0680675283074379
706,16,0,0,0.957267165184021,0.042732805013656616
706,17,0,1,0.3996056318283081,0.6003943681716919
706,18,0,0,0.8791382312774658,0.12086170166730881
706,19,0,0,0.6974042057991028,0.30259576439857483
707,0,0,1,0.1751638501882553,0.8248361349105835
707,1,0,0,0.859575092792511,0.14042486250400543
707,2,0,1,0.1751638501882553,0.8248361945152283
707,3,1,1,0.11587876826524734,0.8841212391853333
707,4,0,0,0.8314648270606995,0.16853517293930054
707,5,0,0,0.504741907119751,0.49525800347328186
707,6,0,1,0.1751638501882553,0.8248361945152283
707,7,1,1,0.27747422456741333,0.7225257754325867
707,8,0,0,0.5459535717964172,0.45404648780822754
707,9,0,0,0.9076699018478394,0.09233012050390244
707,10,0,0,0.5047419667243958,0.49525803327560425
707,11,0,0,0.5307648181915283,0.46923527121543884
707,12,1,1,0.03608672320842743,0.9639133214950562
707,13,0,0,0.7087940573692322,0.2912059724330902
707,14,0,0,0.8265270590782166,0.17347294092178345
707,15,0,0,0.9038766622543335,0.09612330049276352
707,16,0,0,0.6110081672668457,0.3889918029308319
707,17,0,1,0.16944348812103271,0.8305565714836121
707,18,0,1,0.20787203311920166,0.7921279668807983
707,19,0,1,0.19436214864253998,0.8056378364562988
708,0,0,1,0.2797910273075104,0.7202089428901672
708,1,0,0,0.88788241147995,0.11211767047643661
708,2,0,1,0.27979105710983276,0.7202089428901672
708,3,1,1,0.06222762167453766,0.9377723336219788
708,4,0,0,0.9112578630447388,0.08874218165874481
708,5,0,1,0.06092877313494682,0.9390712380409241
708,6,0,1,0.26115500926971436,0.7388449907302856
708,7,1,1,0.07271052896976471,0.9272894263267517
708,8,0,1,0.00791272521018982,0.9920873045921326
708,9,0,0,0.9105048775672913,0.08949512243270874
708,10,0,1,0.06092875450849533,0.9390712380409241
708,11,0,1,0.1768668293952942,0.8231331706047058
708,12,1,1,0.05490277707576752,0.9450972080230713
708,13,0,0,0.867015540599823,0.13298441469669342
708,14,0,0,0.9035316109657288,0.09646835178136826
708,15,0,0,0.8377425670623779,0.16225743293762207
708,16,0,0,0.8646928071975708,0.1353071928024292
708,17,0,1,0.27515408396720886,0.7248459458351135
708,18,0,0,0.9384524822235107,0.06154750660061836
708,19,0,0,0.6870340704917908,0.31296592950820923
709,0,0,1,0.22918818891048431,0.7708118557929993
709,1,0,0,0.9678959250450134,0.032104022800922394
709,2,0,1,0.22918818891048431,0.7708118557929993
709,3,1,1,0.08326006680727005,0.9167399406433105
709,4,0,0,0.7101290822029114,0.28987088799476624
709,5,0,1,0.2666301429271698,0.7333698868751526
709,6,0,1,0.2146008163690567,0.7853991389274597
709,7,1,1,0.22468791902065277,0.7753121256828308
709,8,0,1,0.3001953363418579,0.6998047232627869
709,9,0,0,0.6489706039428711,0.3510294258594513
709,10,0,1,0.057481665164232254,0.9425182938575745
709,11,0,0,0.6211119890213013,0.37888798117637634
709,12,1,1,0.06529216468334198,0.9347078204154968
709,13,0,0,0.9654660224914551,0.03453401103615761
709,14,0,0,0.6839384436607361,0.3160616159439087
709,15,0,0,0.9202948212623596,0.07970518618822098
709,16,0,0,0.9667149186134338,0.033285073935985565
709,17,0,1,0.22604158520698547,0.7739584445953369
709,18,0,0,0.9385236501693726,0.06147636100649834
709,19,0,0,0.5537410974502563,0.4462589621543884
710,0,0,1,0.3224222958087921,0.6775777339935303
710,1,0,0,0.8596731424331665,0.1403268575668335
710,2,0,1,0.3224222958087921,0.6775777339935303
710,3,1,1,0.04494752734899521,0.9550524950027466
710,4,0,0,0.6929323077201843,0.30706772208213806
710,5,0,0,0.8012567758560181,0.19874325394630432
710,6,0,1,0.28670284152030945,0.7132971882820129
710,7,1,0,0.5066855549812317,0.4933144450187683
710,8,0,0,0.819574236869812,0.18042579293251038
710,9,0,0,0.6661677360534668,0.3338322937488556
710,10,0,0,0.757758378982544,0.24224160611629486
710,11,0,0,0.5925256013870239,0.4074743390083313
710,12,1,1,0.036582086235284805,0.9634179472923279
710,13,0,0,0.837184488773346,0.16281551122665405
710,14,0,0,0.7459045648574829,0.25409552454948425
710,15,0,1,0.3517279326915741,0.6482720375061035
710,16,0,0,0.7169259786605835,0.2830740511417389
710,17,0,1,0.3224222958087921,0.6775777339935303
710,18,0,0,0.8017088174819946,0.19829116761684418
710,19,0,0,0.5681084394454956,0.4318915605545044
711,0,0,1,0.12617027759552002,0.87382972240448
711,1,0,0,0.9279532432556152,0.07204676419496536
711,2,0,1,0.12617024779319763,0.87382972240448
711,3,1,1,0.12433622777462006,0.875663697719574
711,4,0,0,0.821677565574646,0.1783224642276764
711,5,0,0,0.939593493938446,0.06040655076503754
711,6,0,1,0.30954745411872864,0.6904525756835938
711,7,1,1,0.03948822617530823,0.9605117440223694
711,8,0,0,0.9423356652259827,0.057664282619953156
711,9,0,1,0.21495260298252106,0.7850473523139954
711,10,0,0,0.8993299603462219,0.10067009180784225
711,11,0,0,0.8585374355316162,0.14146259427070618
711,12,1,1,0.021649938076734543,0.978350043296814
711,13,0,0,0.915375292301178,0.08462473750114441
711,14,0,0,0.8769432902336121,0.12305669486522675
711,15,0,1,0.3873085379600525,0.6126915216445923
711,16,0,0,0.9249488115310669,0.07505111396312714
711,17,0,1,0.3188435733318329,0.6811563968658447
711,18,0,0,0.9253917932510376,0.07460818439722061
711,19,0,0,0.9350576400756836,0.0649423897266388
712,0,0,1,0.28179386258125305,0.7182061672210693
712,1,0,0,0.7824786901473999,0.2175213247537613
712,2,0,1,0.28179386258125305,0.7182061672210693
712,3,1,1,0.040159981697797775,0.9598399996757507
712,4,0,0,0.7102105617523193,0.2897894084453583
712,5,0,0,0.7513737082481384,0.24862627685070038
712,6,0,1,0.2517411410808563,0.7482588291168213
712,7,1,1,0.20137232542037964,0.7986276745796204
712,8,0,0,0.7646281719207764,0.23537182807922363
712,9,0,1,0.22394683957099915,0.7760531306266785
712,10,0,0,0.7366529703140259,0.26334697008132935
712,11,0,0,0.7652265429496765,0.2347734272480011
712,12,1,1,0.027274003252387047,0.9727259874343872
712,13,0,0,0.7298796772956848,0.2701202929019928
712,14,0,0,0.7252669930458069,0.27473294734954834
712,15,0,0,0.7630794048309326,0.23692066967487335
712,16,0,0,0.8433361053466797,0.15666382014751434
712,17,0,1,0.28179386258125305,0.7182061672210693
712,18,0,0,0.7581965923309326,0.2418033927679062
712,19,0,0,0.8016039133071899,0.19839605689048767
713,0,0,1,0.3090113401412964,0.6909886598587036
713,1,0,0,0.8077405095100403,0.19225947558879852
713,2,0,1,0.3090113401412964,0.6909886598587036
713,3,1,1,0.09774596989154816,0.902254045009613
713,4,0,0,0.7378489971160889,0.2621510326862335
713,5,0,0,0.8139486908912659,0.1860513538122177
713,6,0,1,0.29596734046936035,0.7040326595306396
713,7,1,1,0.14485368132591248,0.8551462888717651
713,8,0,0,0.8120774030685425,0.18792258203029633
713,9,0,0,0.7511102557182312,0.24888975918293
713,10,0,0,0.5691596865653992,0.43084028363227844
713,11,0,0,0.696590006351471,0.30340999364852905
713,12,1,1,0.030779631808400154,0.9692203402519226
713,13,0,0,0.5385597944259644,0.4614402949810028
713,14,0,0,0.7999303340911865,0.2000696212053299
713,15,0,1,0.3274135887622833,0.6725863814353943
713,16,0,0,0.7773089408874512,0.22269099950790405
713,17,0,1,0.08063352108001709,0.9193664789199829
713,18,0,1,0.22453823685646057,0.775461733341217
713,19,0,0,0.6174105405807495,0.3825894892215729
714,0,0,1,0.2616294324398041,0.7383705377578735
714,1,0,1,0.04659120365977287,0.9534087777137756
714,2,0,1,0.2616294026374817,0.7383705973625183
714,3,1,1,0.08779798448085785,0.912202000617981
714,4,0,0,0.9136777520179749,0.08632227778434753
714,5,0,0,0.7231436967849731,0.27685627341270447
714,6,0,1,0.08779799938201904,0.912202000617981
714,7,1,1,0.38523319363594055,0.6147668361663818
714,8,0,0,0.7654653787612915,0.23453465104103088
714,9,0,0,0.9094107151031494,0.0905892476439476
714,10,0,0,0.7949041724205017,0.20509575307369232
714,11,0,0,0.8931519389152527,0.1068481057882309
714,12,1,1,0.1288987547159195,0.8711013197898865
714,13,0,0,0.7138109803199768,0.2861889898777008
714,14,0,0,0.9119357466697693,0.08806424587965012
714,15,0,1,0.1006624847650528,0.8993374705314636
714,16,0,0,0.8874237537384033,0.11257631331682205
714,17,0,1,0.26162946224212646,0.7383705377578735
714,18,0,0,0.7611737251281738,0.23882624506950378
714,19,0,1,0.050963979214429855,0.9490360021591187
715,0,0,1,0.15156012773513794,0.8484398722648621
715,1,0,0,0.9338434338569641,0.06615657359361649
715,2,0,1,0.3492887318134308,0.6507112979888916
715,3,1,1,0.16252432763576508,0.8374757170677185
715,4,0,0,0.822085976600647,0.17791402339935303
715,5,0,0,0.9012827277183533,0.09871720522642136
715,6,0,1,0.3725256323814392,0.6274743676185608
715,7,1,1,0.4262132942676544,0.573786735534668
715,8,0,0,0.9173755645751953,0.08262445032596588
715,9,0,1,0.36699894070625305,0.6330010294914246
715,10,0,0,0.8796555995941162,0.12034441530704498
715,11,0,0,0.5984253883361816,0.40157461166381836
715,12,1,1,0.057754963636398315,0.9422450661659241
715,13,0,0,0.9081902503967285,0.0918097198009491
715,14,0,0,0.822085976600647,0.17791405320167542
715,15,0,0,0.8827913999557495,0.1172085851430893
715,16,0,0,0.8915143609046936,0.10848566889762878
715,17,0,1,0.37608057260513306,0.6239194273948669
715,18,0,0,0.9038195013999939,0.09618053585290909
715,19,0,0,0.9169561266899109,0.08304392546415329
716,0,0,1,0.39411577582359314,0.6058841943740845
716,1,0,0,0.7692398428916931,0.23076015710830688
716,2,0,1,0.39411577582359314,0.6058841347694397
716,3,1,1,0.04839854687452316,0.951601505279541
716,4,0,0,0.8942971229553223,0.10570284724235535
716,5,0,0,0.8540383577346802,0.14596164226531982
716,6,0,1,0.3506005108356476,0.6493995189666748
716,7,1,0,0.5556390285491943,0.44436097145080566
716,8,0,0,0.7046889066696167,0.2953111529350281
716,9,0,0,0.8116739392280579,0.18832606077194214
716,10,0,0,0.723884642124176,0.27611538767814636
716,11,0,0,0.8974295854568481,0.10257048904895782
716,12,1,1,0.1408470720052719,0.8591529726982117
716,13,0,0,0.9079904556274414,0.0920095145702362
716,14,0,0,0.894297182559967,0.10570282489061356
716,15,0,0,0.7145896553993225,0.2854103744029999
716,16,0,0,0.9265629649162292,0.07343702763319016
716,17,0,1,0.39411577582359314,0.6058841943740845
716,18,0,0,0.884438693523407,0.11556131392717361
716,19,0,0,0.7046889066696167,0.2953111529350281
717,0,0,0,0.675930380821228,0.32406970858573914
717,1,0,0,0.9716936349868774,0.028306294232606888
717,2,0,0,0.7674058675765991,0.23259411752223969
717,3,1,0,0.6764577627182007,0.32354220747947693
717,4,0,0,0.9301736354827881,0.0698264017701149
717,5,0,0,0.9431336522102356,0.05686632916331291
717,6,0,0,0.7730211019515991,0.2269788682460785
717,7,1,1,0.05255088955163956,0.9474490880966187
717,8,0,0,0.933635950088501,0.06636405736207962
717,9,0,1,0.38007864356040955,0.6199213266372681
717,10,0,0,0.9428265690803528,0.05717341601848602
717,11,0,0,0.9287431836128235,0.0712568610906601
717,12,1,1,0.3484872281551361,0.6515127420425415
717,13,0,0,0.9559998512268066,0.04400019347667694
717,14,0,0,0.9301736354827881,0.0698263868689537
717,15,0,0,0.9647238850593567,0.03527609258890152
717,16,0,0,0.9299910068511963,0.07000904530286789
717,17,0,0,0.6759303212165833,0.32406967878341675
717,18,0,0,0.9577295780181885,0.042270347476005554
717,19,0,0,0.9440457224845886,0.055954303592443466
718,0,0,0,0.5609310865402222,0.43906888365745544
718,1,0,0,0.9673168063163757,0.03268318250775337
718,2,0,0,0.561718761920929,0.43828123807907104
718,3,1,1,0.09777149558067322,0.9022284746170044
718,4,0,0,0.8076713681221008,0.19232860207557678
718,5,0,0,0.8056241869926453,0.19437575340270996
718,6,0,0,0.5910362601280212,0.40896376967430115
718,7,1,1,0.26850396394729614,0.7314960360527039
718,8,0,0,0.5416966080665588,0.45830339193344116
718,9,0,0,0.6523333787918091,0.34766659140586853
718,10,0,0,0.8234649896621704,0.17653508484363556
718,11,0,0,0.796550989151001,0.2034490406513214
718,12,1,1,0.13396750390529633,0.8660324811935425
718,13,0,0,0.9292214512825012,0.07077856361865997
718,14,0,0,0.8076713681221008,0.19232861697673798
718,15,0,0,0.9623908996582031,0.03760913759469986
718,16,0,0,0.8219116926193237,0.17808830738067627
718,17,0,0,0.5491709113121033,0.45082905888557434
718,18,0,0,0.9395705461502075,0.06042947992682457
718,19,0,0,0.8056241869926453,0.19437575340270996
719,0,0,0,0.6721221804618835,0.32787778973579407
719,1,0,0,0.5704382061958313,0.4295618236064911
719,2,0,0,0.7198379039764404,0.28016209602355957
719,3,1,1,0.056989893317222595,0.943010151386261
719,4,0,0,0.7626308798789978,0.2373691350221634
719,5,0,0,0.5902600288391113,0.4097399115562439
719,6,0,0,0.6960461735725403,0.30395376682281494
719,7,1,1,0.35510188341140747,0.6448981165885925
719,8,0,1,0.3215523958206177,0.6784476041793823
719,9,0,0,0.8003737330436707,0.19962632656097412
719,10,0,0,0.5609856247901917,0.43901434540748596
719,11,0,0,0.6294606328010559,0.3705393970012665
719,12,1,1,0.0647936537861824,0.9352062940597534
719,13,0,1,0.3651809096336365,0.6348191499710083
719,14,0,0,0.7739315032958984,0.22606845200061798
719,15,0,1,0.1692427694797516,0.8307572603225708
719,16,0,0,0.5280494689941406,0.4719504714012146
719,17,0,0,0.7198379039764404,0.28016212582588196
719,18,0,1,0.3077102601528168,0.6922897100448608
719,19,0,0,0.5902600884437561,0.4097399413585663
720,0,0,0,0.8210381269454956,0.17896191775798798
720,1,0,0,0.5435041785240173,0.4564957916736603
720,2,0,0,0.8211199045181274,0.17888009548187256
720,3,1,0,0.7258473634719849,0.27415263652801514
720,4,0,0,0.8544496297836304,0.14555038511753082
720,5,0,0,0.7768896222114563,0.2231103628873825
720,6,0,0,0.8238834142684937,0.17611657083034515
720,7,1,1,0.09158297628164291,0.9084170460700989
720,8,0,1,0.24584980309009552,0.7541502118110657
720,9,0,0,0.8912573456764221,0.10874264687299728
720,10,0,0,0.834131121635437,0.16586893796920776
720,11,0,0,0.7744137644767761,0.22558622062206268
720,12,1,1,0.026400601491332054,0.973599374294281
720,13,0,0,0.7615659832954407,0.23843398690223694
720,14,0,0,0.857064425945282,0.14293554425239563
720,15,0,0,0.5723646283149719,0.4276353716850281
720,16,0,1,0.331018328666687,0.6689816117286682
720,17,0,0,0.8130346536636353,0.18696534633636475
720,18,0,0,0.7508513927459717,0.2491486370563507
720,19,0,0,0.7768896222114563,0.2231103777885437
721,0,0,0,0.6480467915534973,0.3519532084465027
721,1,0,0,0.5426160097122192,0.45738399028778076
721,2,0,0,0.5405159592628479,0.4594840109348297
721,3,1,1,0.06550607830286026,0.934493899345398
721,4,0,0,0.6914198994636536,0.30858007073402405
721,5,0,0,0.6733333468437195,0.3266667127609253
721,6,0,1,0.4598754048347473,0.5401245951652527
721,7,1,1,0.1553509384393692,0.8446490168571472
721,8,0,1,0.49777650833129883,0.5022234320640564
721,9,0,1,0.06169573590159416,0.9383042454719543
721,10,0,0,0.5942599773406982,0.40574008226394653
721,11,0,0,0.7152100205421448,0.28478994965553284
721,12,1,1,0.179987832903862,0.8200121521949768
721,13,0,0,0.6807677149772644,0.319232314825058
721,14,0,0,0.711052417755127,0.28894761204719543
721,15,0,1,0.39305999875068665,0.6069400310516357
721,16,0,0,0.6903050541877747,0.30969494581222534
721,17,0,0,0.5405159592628479,0.4594840109348297
721,18,0,1,0.4947376251220703,0.5052624344825745
721,19,0,1,0.42567065358161926,0.5743293166160583
722,0,0,0,0.8017798662185669,0.1982201188802719
722,1,0,0,0.909696102142334,0.09030384570360184
722,2,0,0,0.7653037905693054,0.2346961796283722
722,3,1,0,0.7653037905693054,0.2346961796283722
722,4,0,0,0.7998582720756531,0.20014169812202454
722,5,0,0,0.8470323085784912,0.15296775102615356
722,6,0,0,0.7649440765380859,0.23505593836307526
722,7,1,1,0.2877618074417114,0.7122382521629333
722,8,0,0,0.844626247882843,0.1553737372159958
722,9,0,1,0.2752529978752136,0.7247470021247864
722,10,0,0,0.8377171754837036,0.1622828096151352
722,11,0,0,0.6897377371788025,0.3102623224258423
722,12,1,1,0.08913608640432358,0.9108639359474182
722,13,0,0,0.878273606300354,0.1217263713479042
722,14,0,0,0.742323637008667,0.257676362991333
722,15,0,0,0.9194847345352173,0.08051525056362152
722,16,0,0,0.7516602873802185,0.24833965301513672
722,17,0,0,0.7658939957618713,0.23410598933696747
722,18,0,0,0.8831499814987183,0.11684999614953995
722,19,0,0,0.8546133637428284,0.14538657665252686
723,0,0,0,0.8262893557548523,0.17371061444282532
723,1,0,0,0.9027249813079834,0.09727498143911362
723,2,0,0,0.7211444973945618,0.27885550260543823
723,3,1,0,0.7151716351509094,0.2848283648490906
723,4,0,0,0.8508099317550659,0.1491900533437729
723,5,0,0,0.8627312183380127,0.1372687667608261
723,6,0,0,0.7151716351509094,0.2848283350467682
723,7,1,1,0.10043539851903915,0.8995645642280579
723,8,0,0,0.8618044257164001,0.13819560408592224
723,9,0,0,0.5389269590377808,0.4610730707645416
723,10,0,0,0.8649842739105225,0.13501572608947754
723,11,0,0,0.7529488801956177,0.24705111980438232
723,12,1,1,0.07106384634971619,0.9289361238479614
723,13,0,0,0.8754422664642334,0.12455765902996063
723,14,0,0,0.851987361907959,0.1480126529932022
723,15,0,0,0.8984301090240479,0.10156986117362976
723,16,0,0,0.7925775051116943,0.20742245018482208
723,17,0,0,0.6988447308540344,0.3011552393436432
723,18,0,0,0.8856428265571594,0.1143571212887764
723,19,0,0,0.8728395104408264,0.12716054916381836
724,0,0,0,0.8649972081184387,0.13500282168388367
724,1,0,1,0.47706496715545654,0.5229350924491882
724,2,0,1,0.4495927691459656,0.5504072308540344
724,3,1,1,0.11460715532302856,0.8853929042816162
724,4,0,0,0.7965249419212341,0.20347508788108826
724,5,0,0,0.8460775017738342,0.15392246842384338
724,6,0,1,0.44959279894828796,0.5504071712493896
724,7,1,1,0.09129594266414642,0.9087040424346924
724,8,0,0,0.8252955675125122,0.174704447388649
724,9,0,1,0.27187031507492065,0.7281296849250793
724,10,0,0,0.8440199494361877,0.15597999095916748
724,11,0,1,0.26589515805244446,0.7341048717498779
724,12,1,1,0.025894327089190483,0.9741055965423584
724,13,0,0,0.8220137357711792,0.1779862642288208
724,14,0,0,0.7982385158538818,0.20176145434379578
724,15,0,0,0.8389475345611572,0.1610524207353592
724,16,0,1,0.41072821617126465,0.5892717838287354
724,17,0,1,0.1628398448228836,0.8371601700782776
724,18,0,0,0.7721530199050903,0.22784696519374847
724,19,0,0,0.8451835513114929,0.15481646358966827
725,0,0,0,0.8884873390197754,0.111512690782547
725,1,0,0,0.6889200806617737,0.31107985973358154
725,2,0,0,0.8532001972198486,0.14679984748363495
725,3,1,0,0.8379445672035217,0.1620553731918335
725,4,0,0,0.8238035440444946,0.17619647085666656
725,5,0,0,0.9057464599609375,0.0942535325884819
725,6,0,0,0.8532001972198486,0.14679984748363495
725,7,1,1,0.06408041715621948,0.9359195828437805
725,8,0,0,0.7819174528121948,0.21808256208896637
725,9,0,1,0.17280851304531097,0.8271915316581726
725,10,0,0,0.8435419797897339,0.15645800530910492
725,11,0,0,0.5407928824424744,0.45920708775520325
725,12,1,1,0.10462839156389236,0.8953716158866882
725,13,0,0,0.6710612773895264,0.3289387822151184
725,14,0,0,0.8319398760795593,0.1680600941181183
725,15,0,0,0.8146353960037231,0.18536460399627686
725,16,0,1,0.15548232197761536,0.844517707824707
725,17,0,0,0.8116022348403931,0.18839775025844574
725,18,0,0,0.6989496350288391,0.3010503947734833
725,19,0,0,0.8464620113372803,0.15353801846504211
726,0,0,0,0.5048074126243591,0.4951925575733185
726,1,0,0,0.6370697021484375,0.3629303276538849
726,2,0,0,0.6378372311592102,0.36216282844543457
726,3,1,1,0.18389582633972168,0.8161042332649231
726,4,0,0,0.8283392190933228,0.17166075110435486
726,5,0,0,0.7993102073669434,0.20068980753421783
726,6,0,0,0.6378371715545654,0.36216282844543457
726,7,1,0,0.6558451056480408,0.34415483474731445
726,8,0,0,0.814479649066925,0.18552033603191376
726,9,0,0,0.770774781703949,0.22922521829605103
726,10,0,0,0.8201847076416016,0.17981529235839844
726,11,0,0,0.8079673647880554,0.19203266501426697
726,12,1,0,0.6337811350822449,0.3662188649177551
726,13,0,0,0.824240505695343,0.1757594645023346
726,14,0,0,0.8222501873970032,0.17774981260299683
726,15,0,0,0.5450466275215149,0.4549533426761627
726,16,0,0,0.7917131781578064,0.2082868367433548
726,17,0,0,0.6649390459060669,0.33506086468696594
726,18,0,0,0.781582236289978,0.21841779351234436
726,19,0,0,0.6762417554855347,0.32375824451446533
727,0,0,0,0.6005021333694458,0.3994978666305542
727,1,0,0,0.852310836315155,0.147689089179039
727,2,0,0,0.683849573135376,0.3161504864692688
727,3,1,1,0.1829257756471634,0.817074179649353
727,4,0,0,0.7681208848953247,0.2318791002035141
727,5,0,0,0.7673518657684326,0.2326480746269226
727,6,0,0,0.6838495135307312,0.3161504864692688
727,7,1,0,0.6777145862579346,0.32228541374206543
727,8,0,1,0.36955082416534424,0.6304491758346558
727,9,0,0,0.8159811496734619,0.18401877582073212
727,10,0,0,0.7673518657684326,0.23264814913272858
727,11,0,0,0.7890848517417908,0.21091514825820923
727,12,1,1,0.3229982256889343,0.6770017743110657
727,13,0,0,0.8193842172622681,0.18061582744121552
727,14,0,0,0.790507435798645,0.20949259400367737
727,15,0,0,0.7462713122367859,0.2537286877632141
727,16,0,0,0.573701024055481,0.42629891633987427
727,17,0,0,0.6938294768333435,0.3061705231666565
727,18,0,0,0.852310836315155,0.147689089179039
727,19,0,1,0.3695508539676666,0.630449116230011
728,0,0,1,0.45509883761405945,0.5449011325836182
728,1,0,0,0.8319660425186157,0.16803395748138428
728,2,0,0,0.5220701098442078,0.4779299199581146
728,3,1,1,0.2519688308238983,0.7480311989784241
728,4,0,0,0.8697197437286377,0.1302802562713623
728,5,0,0,0.8613907098770142,0.13860929012298584
728,6,0,0,0.5220701098442078,0.47792989015579224
728,7,1,0,0.7281984090805054,0.2718016803264618
728,8,0,1,0.496061772108078,0.5039381980895996
728,9,0,0,0.8840777277946472,0.1159222424030304
728,10,0,0,0.8520711660385132,0.1479288637638092
728,11,0,0,0.8731868267059326,0.12681317329406738
728,12,1,1,0.18187882006168365,0.8181211948394775
728,13,0,0,0.8595191836357117,0.1404808610677719
728,14,0,0,0.8826853036880493,0.11731467396020889
728,15,0,0,0.7966415882110596,0.20335841178894043
728,16,0,0,0.7766910195350647,0.22330893576145172
728,17,0,0,0.5542289018630981,0.44577106833457947
728,18,0,0,0.8319660425186157,0.1680339276790619
728,19,0,0,0.8655487895011902,0.13445118069648743
729,0,0,0,0.7167825102806091,0.28321751952171326
729,1,0,0,0.7710666060447693,0.2289334237575531
729,2,0,0,0.6942288279533386,0.305771142244339
729,3,1,1,0.1293656826019287,0.8706343173980713
729,4,0,0,0.7451043725013733,0.2548955976963043
729,5,0,0,0.7384909987449646,0.261508971452713
729,6,0,0,0.6942288279533386,0.305771142244339
729,7,1,1,0.12656714022159576,0.8734328150749207
729,8,0,0,0.7182011604309082,0.2817988395690918
729,9,0,0,0.5195309519767761,0.4804689884185791
729,10,0,0,0.74397873878479,0.25602126121520996
729,11,0,0,0.6918915510177612,0.3081084191799164
729,12,1,1,0.05091506615281105,0.9490849375724792
729,13,0,0,0.7784661650657654,0.2215338498353958
729,14,0,0,0.6336725354194641,0.3663274347782135
729,15,0,0,0.8109404444694519,0.18905958533287048
729,16,0,1,0.12656711041927338,0.8734329342842102
729,17,0,0,0.7100978493690491,0.2899021804332733
729,18,0,1,0.44022107124328613,0.5597789287567139
729,19,0,0,0.6162517666816711,0.3837481737136841
730,0,0,0,0.9135801196098328,0.08641988039016724
730,1,0,0,0.513075053691864,0.4869249761104584
730,2,0,0,0.6150122880935669,0.38498765230178833
730,3,1,1,0.12323281913995743,0.8767672181129456
730,4,0,0,0.7700850963592529,0.22991487383842468
730,5,0,0,0.8316182494163513,0.16838181018829346
730,6,0,1,0.355650395154953,0.6443495750427246
730,7,1,0,0.7939141392707825,0.20608587563037872
730,8,0,0,0.7152751088142395,0.2847248315811157
730,9,0,0,0.5909956097602844,0.4090043604373932
730,10,0,0,0.8107632994651794,0.18923671543598175
730,11,0,0,0.6928249001502991,0.3071751296520233
730,12,1,1,0.15304847061634064,0.8469515442848206
730,13,0,0,0.7975876927375793,0.20241223275661469
730,14,0,0,0.6267869472503662,0.3732130527496338
730,15,0,0,0.8594163060188293,0.14058364927768707
730,16,0,0,0.7939141392707825,0.2060859054327011
730,17,0,0,0.6241980791091919,0.3758019208908081
730,18,0,0,0.554707407951355,0.4452926218509674
730,19,0,0,0.8135539889335632,0.18644599616527557
731,0,0,0,0.9377235770225525,0.06227639317512512
731,1,0,1,0.23038527369499207,0.7696146965026855
731,2,0,0,0.9331968426704407,0.0668032169342041
731,3,1,0,0.9216293096542358,0.07837072759866714
731,4,0,0,0.6901647448539734,0.3098352551460266
731,5,0,0,0.7762799263000488,0.22372010350227356
731,6,0,0,0.9331968426704407,0.0668032169342041
731,7,1,0,0.8140259981155396,0.18597397208213806
731,8,0,1,0.407784640789032,0.5922154188156128
731,9,0,1,0.42689335346221924,0.5731066465377808
731,10,0,0,0.7515290379524231,0.24847093224525452
731,11,0,0,0.735359251499176,0.2646406590938568
731,12,1,1,0.058914732187986374,0.9410852193832397
731,13,0,0,0.6391919255256653,0.36080804467201233
731,14,0,0,0.594165027141571,0.40583494305610657
731,15,0,1,0.30490925908088684,0.6950907111167908
731,16,0,0,0.8140259981155396,0.18597404658794403
731,17,0,0,0.9320583343505859,0.06794164329767227
731,18,0,1,0.23038527369499207,0.7696146965026855
731,19,0,0,0.7515290379524231,0.24847093224525452
732,0,0,0,0.7774693369865417,0.22253061830997467
732,1,0,0,0.8504915833473206,0.14950843155384064
732,2,0,0,0.5718834400177002,0.4281166195869446
732,3,1,1,0.1045345738530159,0.8954654335975647
732,4,0,0,0.6983078718185425,0.30169209837913513
732,5,0,0,0.7499149441719055,0.2500850260257721
732,6,0,0,0.5718834400177002,0.4281165897846222
732,7,1,1,0.09775891155004501,0.902241051197052
732,8,0,0,0.6660582423210144,0.3339416980743408
732,9,0,0,0.557740330696106,0.44225966930389404
732,10,0,0,0.7190733551979065,0.28092655539512634
732,11,0,0,0.5534648895263672,0.4465351402759552
732,12,1,1,0.02550174482166767,0.9744982719421387
732,13,0,0,0.7980790138244629,0.20192097127437592
732,14,0,0,0.704278826713562,0.2957212030887604
732,15,0,0,0.8489031791687012,0.1510968953371048
732,16,0,0,0.6783933639526367,0.3216066360473633
732,17,0,1,0.30285608768463135,0.6971439123153687
732,18,0,1,0.43197378516197205,0.5680261850357056
732,19,0,1,0.4594380855560303,0.5405619740486145
733,0,0,0,0.8762052059173584,0.1237948015332222
733,1,0,0,0.8658092617988586,0.13419069349765778
733,2,0,0,0.673017680644989,0.3269822895526886
733,3,1,1,0.18652571737766266,0.8134742975234985
733,4,0,0,0.8100410103797913,0.18995904922485352
733,5,0,0,0.8623841404914856,0.1376158893108368
733,6,0,0,0.6729370355606079,0.32706305384635925
733,7,1,1,0.06685719639062881,0.9331427216529846
733,8,0,0,0.8204554915428162,0.17954443395137787
733,9,0,1,0.3525375723838806,0.6474624872207642
733,10,0,0,0.854215145111084,0.14578482508659363
733,11,0,1,0.4340668320655823,0.5659331679344177
733,12,1,1,0.282039076089859,0.7179608941078186
733,13,0,0,0.8698756694793701,0.1301243007183075
733,14,0,0,0.815619945526123,0.18438002467155457
733,15,0,0,0.7790938019752502,0.22090621292591095
733,16,0,1,0.497730553150177,0.502269446849823
733,17,0,0,0.6827641725540161,0.3172358274459839
733,18,0,0,0.8658092617988586,0.13419070839881897
733,19,0,0,0.8541069626808167,0.14589309692382812
734,0,0,0,0.9450861215591431,0.05491388589143753
734,1,0,0,0.6215386390686035,0.3784613609313965
734,2,0,1,0.49963846802711487,0.500361442565918
734,3,1,1,0.027912572026252747,0.9720874428749084
734,4,0,0,0.8606691360473633,0.1393309086561203
734,5,0,0,0.9195876121520996,0.08041238784790039
734,6,0,1,0.4976778030395508,0.502322256565094
734,7,1,0,0.7125133872032166,0.28748664259910583
734,8,0,0,0.8897777199745178,0.11022230982780457
734,9,0,0,0.7171571850776672,0.2828427851200104
734,10,0,0,0.9027643203735352,0.09723564237356186
734,11,0,0,0.5808426737785339,0.4191572964191437
734,12,1,1,0.08719171583652496,0.9128082990646362
734,13,0,0,0.8940080404281616,0.10599197447299957
734,14,0,0,0.851761519908905,0.14823848009109497
734,15,0,0,0.7949405908584595,0.20505940914154053
734,16,0,0,0.6852537393569946,0.31474626064300537
734,17,0,0,0.5013916492462158,0.4986083209514618
734,18,0,1,0.4036391079425812,0.5963609218597412
734,19,0,0,0.9094513058662415,0.09054867923259735
735,0,0,0,0.9421260952949524,0.057873860001564026
735,1,0,0,0.9051417708396912,0.09485824406147003
735,2,0,1,0.3934485614299774,0.606551468372345
735,3,1,1,0.03571910783648491,0.9642808437347412
735,4,0,0,0.900976836681366,0.09902317821979523
735,5,0,0,0.9200506806373596,0.07994933426380157
735,6,0,1,0.38457033038139343,0.615429699420929
735,7,1,0,0.8781673312187195,0.12183266133069992
735,8,0,0,0.9047740697860718,0.09522594511508942
735,9,0,0,0.8215461373329163,0.17845384776592255
735,10,0,0,0.913999617099762,0.08600036054849625
735,11,0,0,0.8532981872558594,0.14670181274414062
735,12,1,1,0.23587405681610107,0.7641259431838989
735,13,0,0,0.9170999526977539,0.0829000249505043
735,14,0,0,0.8925058245658875,0.10749419033527374
735,15,0,0,0.8784226775169373,0.12157731503248215
735,16,0,0,0.8663035035133362,0.13369649648666382
735,17,0,1,0.3938807547092438,0.6061192750930786
735,18,0,0,0.9045835137367249,0.09541653096675873
735,19,0,0,0.913999617099762,0.08600033819675446
736,0,0,0,0.7565906643867493,0.2434094101190567
736,1,0,0,0.6929807066917419,0.30701926350593567
736,2,0,0,0.537108838558197,0.46289119124412537
736,3,1,1,0.2338588535785675,0.7661411166191101
736,4,0,0,0.7592595815658569,0.24074038863182068
736,5,0,0,0.7697957754135132,0.23020419478416443
736,6,0,1,0.2338588535785675,0.7661411166191101
736,7,1,1,0.015266246162354946,0.9847337603569031
736,8,0,0,0.745066225528717,0.25493383407592773
736,9,0,0,0.6433613896369934,0.356638640165329
736,10,0,0,0.7685476541519165,0.23145228624343872
736,11,0,0,0.6933605074882507,0.30663955211639404
736,12,1,1,0.02473033033311367,0.975269615650177
736,13,0,0,0.8216803073883057,0.1783197671175003
736,14,0,0,0.7353856563568115,0.26461437344551086
736,15,0,0,0.8589641451835632,0.1410357803106308
736,16,0,0,0.6925747394561768,0.30742529034614563
736,17,0,0,0.5494819283485413,0.45051810145378113
736,18,0,0,0.8229731917381287,0.17702674865722656
736,19,0,0,0.5970445275306702,0.4029555320739746
737,0,0,0,0.8760688304901123,0.1239311546087265
737,1,0,0,0.7662566304206848,0.23374338448047638
737,2,0,0,0.8400899171829224,0.15991009771823883
737,3,1,1,0.08778904378414154,0.9122109413146973
737,4,0,0,0.8479775786399841,0.15202239155769348
737,5,0,0,0.8800351023674011,0.11996487528085709
737,6,0,1,0.16484913229942322,0.8351508975028992
737,7,1,0,0.792788028717041,0.20721200108528137
737,8,0,0,0.8566909432411194,0.14330904185771942
737,9,0,0,0.8163342475891113,0.18366582691669464
737,10,0,0,0.8698455691337585,0.13015438616275787
737,11,0,0,0.7965827584266663,0.20341725647449493
737,12,1,1,0.04441727325320244,0.9555827379226685
737,13,0,0,0.8684642910957336,0.13153564929962158
737,14,0,0,0.8315292000770569,0.16847078502178192
737,15,0,0,0.8560842871665955,0.14391569793224335
737,16,0,0,0.7888203859329224,0.21117955446243286
737,17,0,1,0.37368813157081604,0.6263118386268616
737,18,0,1,0.4115090072154999,0.5884910225868225
737,19,0,0,0.8691369295120239,0.1308630406856537
738,0,0,0,0.8773820996284485,0.12261787801980972
738,1,0,0,0.732114315032959,0.2678857743740082
738,2,0,0,0.9187237024307251,0.08127627521753311
738,3,1,1,0.04456125199794769,0.9554387331008911
738,4,0,0,0.8522997498512268,0.1477002054452896
738,5,0,0,0.8570712208747864,0.14292876422405243
738,6,0,0,0.7024386525154114,0.29756131768226624
738,7,1,1,0.017584197223186493,0.9824157953262329
738,8,0,0,0.8417633771896362,0.15823662281036377
738,9,0,0,0.7877352237701416,0.21226483583450317
738,10,0,0,0.8410336375236511,0.15896636247634888
738,11,0,0,0.8102457523345947,0.18975426256656647
738,12,1,1,0.26576921343803406,0.7342307567596436
738,13,0,0,0.8455073237419128,0.15449267625808716
738,14,0,0,0.8425585627555847,0.15744143724441528
738,15,0,0,0.7740211486816406,0.22597888112068176
738,16,0,0,0.809904158115387,0.19009585678577423
738,17,0,0,0.5636403560638428,0.43635958433151245
738,18,0,0,0.7626434564590454,0.23735661804676056
738,19,0,0,0.692268431186676,0.3077315092086792
739,0,0,0,0.8922568559646606,0.10774317383766174
739,1,0,0,0.9015390276908875,0.09846098721027374
739,2,0,0,0.9312598705291748,0.06874014437198639
739,3,1,1,0.07190362364053726,0.928096354007721
739,4,0,0,0.8402249813079834,0.15977497398853302
739,5,0,0,0.8797295093536377,0.12027048319578171
739,6,0,0,0.8437538146972656,0.15624617040157318
739,7,1,0,0.5352820158004761,0.4647179841995239
739,8,0,0,0.8536282181739807,0.14637179672718048
739,9,0,0,0.7194245457649231,0.2805754244327545
739,10,0,0,0.8202211260795593,0.17977887392044067
739,11,0,0,0.7787078022956848,0.22129222750663757
739,12,1,1,0.024170707911252975,0.9758292436599731
739,13,0,0,0.8798682689666748,0.12013170123100281
739,14,0,0,0.8092929720878601,0.1907070279121399
739,15,0,0,0.8405116200447083,0.15948836505413055
739,16,0,0,0.7787078022956848,0.22129222750663757
739,17,0,0,0.7129367589950562,0.28706321120262146
739,18,0,0,0.9134526252746582,0.0865473821759224
739,19,0,0,0.8521438241004944,0.14785610139369965
740,0,0,0,0.92209792137146,0.07790207862854004
740,1,0,1,0.3791365921497345,0.6208634376525879
740,2,0,0,0.9061893820762634,0.09381063282489777
740,3,1,1,0.08742772042751312,0.9125722646713257
740,4,0,0,0.8741340041160583,0.12586596608161926
740,5,0,0,0.8862624764442444,0.1137375682592392
740,6,0,0,0.9536067843437195,0.046393223106861115
740,7,1,1,0.01645681820809841,0.9835431575775146
740,8,0,0,0.7475426197052002,0.25245732069015503
740,9,0,0,0.5951200723648071,0.4048798978328705
740,10,0,0,0.8628264665603638,0.13717345893383026
740,11,0,0,0.5040598511695862,0.4959401786327362
740,12,1,1,0.018092306330800056,0.9819076657295227
740,13,0,0,0.8688855767250061,0.1311144083738327
740,14,0,0,0.7582565546035767,0.24174346029758453
740,15,0,0,0.9148367047309875,0.08516333252191544
740,16,0,0,0.5040598511695862,0.495940238237381
740,17,0,0,0.7632990479469299,0.2367008626461029
740,18,0,1,0.3829519748687744,0.6170480847358704
740,19,0,0,0.8634982109069824,0.13650178909301758
741,0,0,0,0.9640941023826599,0.03590590879321098
741,1,0,0,0.9075217843055725,0.09247816354036331
741,2,0,0,0.9782540798187256,0.02174595557153225
741,3,1,1,0.03204751014709473,0.9679524302482605
741,4,0,0,0.9134275317192078,0.08657246828079224
741,5,0,0,0.9535147547721863,0.04648522287607193
741,6,0,0,0.9741899967193604,0.025810005143284798
741,7,1,0,0.5872597694396973,0.41274014115333557
741,8,0,0,0.898395299911499,0.10160472989082336
741,9,0,0,0.560486376285553,0.43951359391212463
741,10,0,0,0.9425092935562134,0.057490695267915726
741,11,0,0,0.7240113019943237,0.27598872780799866
741,12,1,1,0.12125249207019806,0.8787475228309631
741,13,0,0,0.9367234706878662,0.0632764920592308
741,14,0,0,0.6058133840560913,0.3941866457462311
741,15,0,0,0.9329562187194824,0.06704375892877579
741,16,0,0,0.6574529409408569,0.3425470292568207
741,17,0,0,0.5650040507316589,0.4349959194660187
741,18,0,0,0.9110416173934937,0.08895839005708694
741,19,0,0,0.9343019127845764,0.06569808721542358
742,0,0,0,0.8192370533943176,0.18076293170452118
742,1,0,0,0.5136905908584595,0.4863094389438629
742,2,0,0,0.9354565143585205,0.0645434781908989
742,3,1,0,0.7226764559745789,0.27732354402542114
742,4,0,0,0.7439916729927063,0.2560083270072937
742,5,0,0,0.9048227667808533,0.0951772928237915
742,6,0,0,0.9023548364639282,0.09764517098665237
742,7,1,1,0.17098136246204376,0.8290185928344727
742,8,0,0,0.7122620344161987,0.2877378761768341
742,9,0,0,0.7244704365730286,0.27552953362464905
742,10,0,0,0.8975633382797241,0.10243663191795349
742,11,0,0,0.5608908534049988,0.439109206199646
742,12,1,1,0.21497000753879547,0.7850300073623657
742,13,0,0,0.8824651837348938,0.1175348088145256
742,14,0,0,0.7324024438858032,0.2675975263118744
742,15,0,0,0.8906029462814331,0.10939707607030869
742,16,0,0,0.5608907341957092,0.439109206199646
742,17,0,0,0.5009417533874512,0.4990582764148712
742,18,0,1,0.4747389256954193,0.5252610445022583
742,19,0,0,0.8884814977645874,0.111518494784832
743,0,0,0,0.8298355340957642,0.17016452550888062
743,1,0,0,0.8339040875434875,0.16609594225883484
743,2,0,0,0.8078802824020386,0.1921197474002838
743,3,1,1,0.038585081696510315,0.9614149332046509
743,4,0,0,0.7322734594345093,0.26772648096084595
743,5,0,0,0.6821286082267761,0.3178713917732239
743,6,0,0,0.8852056264877319,0.11479438096284866
743,7,1,0,0.6397135853767395,0.3602864742279053
743,8,0,0,0.6667397618293762,0.3332602083683014
743,9,0,0,0.5758898258209229,0.4241102337837219
743,10,0,0,0.7015829682350159,0.29841703176498413
743,11,0,0,0.6318584084510803,0.3681415319442749
743,12,1,1,0.05199822783470154,0.9480018019676208
743,13,0,0,0.7387961745262146,0.2612038254737854
743,14,0,0,0.6293643712997437,0.37063559889793396
743,15,0,0,0.8298102021217346,0.170189768075943
743,16,0,0,0.6163510084152222,0.38364899158477783
743,17,0,0,0.6274862289428711,0.3725137710571289
743,18,0,1,0.2590630054473877,0.7409369349479675
743,19,0,0,0.7861629128456116,0.21383710205554962
744,0,0,0,0.9136667251586914,0.08633333444595337
744,1,0,0,0.8758979439735413,0.12410201132297516
744,2,0,0,0.903620183467865,0.09637980163097382
744,3,1,0,0.8804380893707275,0.11956188082695007
744,4,0,0,0.8813672065734863,0.11863276362419128
744,5,0,0,0.8788267374038696,0.12117323279380798
744,6,0,0,0.9165571928024292,0.08344287425279617
744,7,1,1,0.04871371388435364,0.9512863159179688
744,8,0,0,0.729312002658844,0.2706880271434784
744,9,0,0,0.7302982807159424,0.26970168948173523
744,10,0,0,0.9127742648124695,0.0872257798910141
744,11,0,0,0.7538884878158569,0.24611151218414307
744,12,1,1,0.19372370839118958,0.806276261806488
744,13,0,0,0.8795271515846252,0.12047281861305237
744,14,0,0,0.6626954078674316,0.33730459213256836
744,15,0,0,0.878918468952179,0.12108156085014343
744,16,0,0,0.7077903747558594,0.29220956563949585
744,17,0,0,0.8116791844367981,0.18832077085971832
744,18,0,0,0.5566299557685852,0.4433700144290924
744,19,0,0,0.8979132175445557,0.10208676010370255
745,0,0,0,0.9394931197166443,0.06050692871212959
745,1,0,0,0.9240514039993286,0.0759485512971878
745,2,0,0,0.8584766387939453,0.1415233165025711
745,3,1,1,0.024063296616077423,0.9759366512298584
745,4,0,0,0.9079557061195374,0.09204427897930145
745,5,0,0,0.9229558110237122,0.07704413682222366
745,6,0,0,0.94694983959198,0.05305023118853569
745,7,1,1,0.006507811136543751,0.9934921860694885
745,8,0,0,0.8277455568313599,0.17225439846515656
745,9,0,0,0.5977060794830322,0.40229395031929016
745,10,0,0,0.9299366474151611,0.07006334513425827
745,11,0,0,0.7673344016075134,0.232665553689003
745,12,1,1,0.37640082836151123,0.6235992312431335
745,13,0,0,0.9131395816802979,0.08686041831970215
745,14,0,0,0.6080467700958252,0.39195331931114197
745,15,0,0,0.9225484728813171,0.07745154947042465
745,16,0,0,0.7710302472114563,0.2289697527885437
745,17,0,1,0.4081175923347473,0.5918824672698975
745,18,0,0,0.6284149289131165,0.37158504128456116
745,19,0,0,0.9379833936691284,0.062016624957323074
746,0,0,0,0.8928626775741577,0.10713731497526169
746,1,0,0,0.8812139630317688,0.1187860444188118
746,2,0,0,0.8890487551689148,0.11095128208398819
746,3,1,1,0.07135618478059769,0.9286438226699829
746,4,0,0,0.8651798963546753,0.1348201334476471
746,5,0,0,0.8905709385871887,0.10942912101745605
746,6,0,0,0.897135317325592,0.10286471247673035
746,7,1,1,0.00397906918078661,0.9960209727287292
746,8,0,0,0.6713250875473022,0.32867488265037537
746,9,0,0,0.7109498381614685,0.2890501320362091
746,10,0,0,0.8855048418045044,0.1144951805472374
746,11,0,0,0.7151176929473877,0.2848823368549347
746,12,1,1,0.36600127816200256,0.633998692035675
746,13,0,0,0.8820641040802002,0.11793583631515503
746,14,0,0,0.8092250227928162,0.19077491760253906
746,15,0,0,0.7487930655479431,0.2512069344520569
746,16,0,0,0.5526725649833679,0.4473274350166321
746,17,0,1,0.4302501082420349,0.5697498917579651
746,18,0,1,0.26819464564323425,0.7318053841590881
746,19,0,0,0.8977975249290466,0.10220249742269516
747,0,0,0,0.8406580686569214,0.15934200584888458
747,1,0,0,0.8277037143707275,0.17229634523391724
747,2,0,0,0.8724539279937744,0.12754610180854797
747,3,1,1,0.05700942873954773,0.9429905414581299
747,4,0,0,0.7966356873512268,0.2033643126487732
747,5,0,1,0.30397358536720276,0.6960264444351196
747,6,0,0,0.8665482401847839,0.13345177471637726
747,7,1,1,0.00525264348834753,0.9947473406791687
747,8,0,0,0.6407361030578613,0.35926389694213867
747,9,0,0,0.6598612666130066,0.340138703584671
747,10,0,1,0.2554174065589905,0.7445826530456543
747,11,0,0,0.7289919257164001,0.27100804448127747
747,12,1,1,0.36383041739463806,0.6361696124076843
747,13,0,0,0.6721128821372986,0.32788708806037903
747,14,0,0,0.7139676809310913,0.2860323488712311
747,15,0,0,0.7575953602790833,0.24240459501743317
747,16,0,0,0.7396842241287231,0.26031580567359924
747,17,0,0,0.5789586901664734,0.421041339635849
747,18,0,0,0.8279402852058411,0.17205975949764252
747,19,0,0,0.8187191486358643,0.18128079175949097
748,0,0,0,0.9036006331443787,0.09639936685562134
748,1,0,0,0.9074313044548035,0.09256873279809952
748,2,0,0,0.9083725810050964,0.09162741899490356
748,3,1,1,0.02350890263915062,0.9764910340309143
748,4,0,0,0.8883806467056274,0.11161939054727554
748,5,0,0,0.8986749649047852,0.10132505744695663
748,6,0,0,0.8933914303779602,0.10660853981971741
748,7,1,1,0.013751824386417866,0.9862481951713562
748,8,0,1,0.022235827520489693,0.9777641296386719
748,9,0,0,0.6064887046813965,0.3935112953186035
748,10,0,0,0.9072462916374207,0.09275367856025696
748,11,0,0,0.5357823371887207,0.4642176926136017
748,12,1,1,0.38424548506736755,0.6157545447349548
748,13,0,0,0.8988432884216309,0.10115671157836914
748,14,0,0,0.9242552518844604,0.07574479281902313
748,15,0,0,0.9022128582000732,0.09778721630573273
748,16,0,1,0.2746436595916748,0.72535640001297
748,17,0,1,0.29260003566741943,0.7073999643325806
748,18,0,0,0.842600405216217,0.15739957988262177
748,19,0,0,0.9087667465209961,0.09123324602842331
749,0,0,1,0.076258584856987,0.9237414598464966
749,1,0,0,0.8919568657875061,0.10804310441017151
749,2,0,0,0.9836302399635315,0.016369786113500595
749,3,1,1,0.049028556793928146,0.9509713649749756
749,4,0,0,0.5942391753196716,0.40576085448265076
749,5,0,0,0.9740142226219177,0.025985801592469215
749,6,0,0,0.9832883477210999,0.016711661592125893
749,7,1,1,0.0763242244720459,0.9236757755279541
749,8,0,0,0.6548586487770081,0.34514132142066956
749,9,0,0,0.6476091146469116,0.3523908257484436
749,10,0,0,0.9881851673126221,0.011814835481345654
749,11,0,0,0.6494287848472595,0.35057124495506287
749,12,1,1,0.3733229637145996,0.6266770362854004
749,13,0,0,0.9618039727210999,0.038196004927158356
749,14,0,0,0.6452639102935791,0.3547360897064209
749,15,0,0,0.9679375886917114,0.032062407582998276
749,16,0,0,0.5873000025749207,0.41269999742507935
749,17,0,1,0.4911981523036957,0.5088019371032715
749,18,0,0,0.8990749716758728,0.1009250357747078
749,19,0,0,0.9732971787452698,0.02670278027653694
750,0,0,0,0.779227077960968,0.2207728922367096
750,1,0,0,0.7688996195793152,0.23110035061836243
750,2,0,0,0.8915005326271057,0.10849948227405548
750,3,1,1,0.17067968845367432,0.8293203115463257
750,4,0,0,0.6877938508987427,0.3122062087059021
750,5,0,0,0.820784330368042,0.1792156845331192
750,6,0,0,0.8591128587722778,0.14088720083236694
750,7,1,1,0.016645561903715134,0.983354389667511
750,8,0,1,0.47027453780174255,0.5297254323959351
750,9,0,0,0.6043190956115723,0.39568084478378296
750,10,0,0,0.8478994369506836,0.1521005481481552
750,11,0,0,0.6240805983543396,0.3759194016456604
750,12,1,1,0.3635122776031494,0.6364877223968506
750,13,0,0,0.8184277415275574,0.18157218396663666
750,14,0,0,0.6875070929527283,0.31249287724494934
750,15,0,0,0.6858879923820496,0.31411194801330566
750,16,0,1,0.28960320353507996,0.7103967666625977
750,17,0,1,0.31855982542037964,0.6814402341842651
750,18,0,0,0.7196718454360962,0.2803281247615814
750,19,0,0,0.8221918344497681,0.17780818045139313
751,0,0,0,0.9514849185943604,0.04851510748267174
751,1,0,0,0.9598101377487183,0.04018990695476532
751,2,0,0,0.9542549252510071,0.04574510455131531
751,3,1,1,0.05022256076335907,0.9497774243354797
751,4,0,0,0.8805146217346191,0.11948540061712265
751,5,0,0,0.9520586729049683,0.04794136807322502
751,6,0,0,0.9564437866210938,0.04355623945593834
751,7,1,1,0.13041676580905914,0.869583249092102
751,8,0,0,0.7047646641731262,0.2952353358268738
751,9,0,0,0.673031747341156,0.3269682228565216
751,10,0,0,0.9528355598449707,0.04716440662741661
751,11,0,0,0.6719189882278442,0.32808107137680054
751,12,1,1,0.3635849356651306,0.6364150047302246
751,13,0,0,0.9507274031639099,0.049272675067186356
751,14,0,0,0.6921043395996094,0.30789560079574585
751,15,0,0,0.9536023139953613,0.04639764130115509
751,16,0,0,0.6235800981521606,0.37641990184783936
751,17,0,1,0.3705274164676666,0.629472553730011
751,18,0,1,0.05203203856945038,0.9479679465293884
751,19,0,0,0.9527001976966858,0.0472998172044754
752,0,0,0,0.9625597596168518,0.03744027018547058
752,1,0,0,0.9491621851921082,0.05083781108260155
752,2,0,0,0.9711721539497375,0.028827911242842674
752,3,1,1,0.03790658712387085,0.9620934128761292
752,4,0,0,0.8818522691726685,0.11814773082733154
752,5,0,0,0.9617581963539124,0.03824175149202347
752,6,0,0,0.9695405960083008,0.030459381639957428
752,7,1,1,0.43010973930358887,0.5698902606964111
752,8,0,1,0.03566934913396835,0.9643306136131287
752,9,0,1,0.29397228360176086,0.7060276865959167
752,10,0,0,0.965289294719696,0.034710731357336044
752,11,0,1,0.28623637557029724,0.7137635946273804
752,12,1,1,0.3553311824798584,0.6446687579154968
752,13,0,0,0.964144229888916,0.03585584834218025
752,14,0,1,0.28623637557029724,0.7137635946273804
752,15,0,0,0.9647600650787354,0.03523999825119972
752,16,0,0,0.5527462363243103,0.4472537636756897
752,17,0,0,0.5133731961250305,0.48662686347961426
752,18,0,0,0.6527910828590393,0.3472089469432831
752,19,0,0,0.9621036648750305,0.03789634630084038
753,0,0,0,0.966520369052887,0.03347964957356453
753,1,0,0,0.9815038442611694,0.018496209755539894
753,2,0,0,0.9753995537757874,0.024600407108664513
753,3,1,1,0.02759462222456932,0.9724054336547852
753,4,0,0,0.8775121569633484,0.1224878802895546
753,5,0,0,0.9414835572242737,0.05851646885275841
753,6,0,0,0.9737637042999268,0.026236264035105705
753,7,1,0,0.8332844376564026,0.16671553254127502
753,8,0,0,0.8664957880973816,0.1335042268037796
753,9,0,0,0.8737637996673584,0.1262361854314804
753,10,0,0,0.9690556526184082,0.030944358557462692
753,11,0,0,0.8737637996673584,0.1262361854314804
753,12,1,1,0.19843459129333496,0.801565408706665
753,13,0,0,0.9642897248268127,0.03571028634905815
753,14,0,0,0.8679065704345703,0.1320933997631073
753,15,0,0,0.9716132879257202,0.028386665508151054
753,16,0,0,0.8185381293296814,0.18146184086799622
753,17,0,1,0.3408626317977905,0.6591373682022095
753,18,0,1,0.018926456570625305,0.9810736179351807
753,19,0,0,0.9625129103660583,0.03748707100749016
754,0,0,0,0.9358041286468506,0.06419586390256882
754,1,0,0,0.9306949973106384,0.06930503249168396
754,2,0,0,0.9346809387207031,0.06531909108161926
754,3,1,1,0.03146688640117645,0.9685331583023071
754,4,0,0,0.9267653226852417,0.0732346773147583
754,5,0,0,0.9397526383399963,0.060247354209423065
754,6,0,0,0.941811203956604,0.058188799768686295
754,7,1,1,0.20796263217926025,0.7920373678207397
754,8,0,0,0.776847779750824,0.2231522500514984
754,9,0,0,0.7866402268409729,0.2133597582578659
754,10,0,0,0.9420972466468811,0.057902779430150986
754,11,0,0,0.6897491216659546,0.3102508783340454
754,12,1,1,0.10022898018360138,0.8997710943222046
754,13,0,0,0.9416587948799133,0.058341220021247864
754,14,0,0,0.783481240272522,0.21651877462863922
754,15,0,0,0.939231276512146,0.060768745839595795
754,16,0,0,0.7571995258331299,0.24280038475990295
754,17,0,1,0.20625919103622437,0.7937408685684204
754,18,0,0,0.7375926971435547,0.26240724325180054
754,19,0,0,0.9409085512161255,0.05909140408039093
755,0,0,0,0.9398390650749207,0.06016094237565994
755,1,0,0,0.9270389676094055,0.07296101003885269
755,2,0,0,0.9369218349456787,0.0630781501531601
755,3,1,1,0.028111418709158897,0.971888542175293
755,4,0,0,0.8578103184700012,0.14218969643115997
755,5,0,0,0.847270131111145,0.15272989869117737
755,6,0,0,0.9417262077331543,0.05827375873923302
755,7,1,1,0.43112561106681824,0.5688743591308594
755,8,0,0,0.7314956784248352,0.2685043215751648
755,9,0,0,0.6721524596214294,0.32784754037857056
755,10,0,0,0.9433220028877258,0.05667801946401596
755,11,0,0,0.7335240840911865,0.2664758563041687
755,12,1,1,0.3365243673324585,0.6634756326675415
755,13,0,0,0.9336556792259216,0.06634429097175598
755,14,0,0,0.7248004078865051,0.27519962191581726
755,15,0,0,0.9341056942939758,0.06589438021183014
755,16,0,0,0.7154718637466431,0.28452810645103455
755,17,0,1,0.3652663230895996,0.6347336173057556
755,18,0,0,0.6633875966072083,0.33661243319511414
755,19,0,0,0.9309905767440796,0.06900943070650101
756,0,0,0,0.9535212516784668,0.04647878184914589
756,1,0,0,0.9607965350151062,0.039203401654958725
756,2,0,0,0.9120842814445496,0.08791567385196686
756,3,1,1,0.03795213997364044,0.9620478749275208
756,4,0,0,0.9111682176589966,0.08883175253868103
756,5,0,0,0.9528458118438721,0.047154173254966736
756,6,0,0,0.9594593644142151,0.040540676563978195
756,7,1,0,0.6727544665336609,0.32724547386169434
756,8,0,0,0.743375837802887,0.25662416219711304
756,9,0,0,0.743574321269989,0.2564256489276886
756,10,0,0,0.9560434222221375,0.04395654797554016
756,11,0,0,0.7357645630836487,0.2642354667186737
756,12,1,1,0.3901311159133911,0.6098688244819641
756,13,0,0,0.9501621127128601,0.0498378612101078
756,14,0,0,0.7340804934501648,0.2659195065498352
756,15,0,0,0.9556167125701904,0.04438331723213196
756,16,0,0,0.6950172781944275,0.3049827814102173
756,17,0,1,0.43568187952041626,0.5643181204795837
756,18,0,0,0.5067751407623291,0.4932248592376709
756,19,0,0,0.9370097517967224,0.0629902109503746
757,0,0,0,0.9233055114746094,0.07669452577829361
757,1,0,0,0.8913320899009705,0.10866789519786835
757,2,0,0,0.9329252243041992,0.067074716091156
757,3,1,1,0.03289137780666351,0.9671086072921753
757,4,0,0,0.8222373127937317,0.1777627021074295
757,5,0,0,0.9285817742347717,0.07141821831464767
757,6,0,0,0.9329252243041992,0.06707475334405899
757,7,1,1,0.3288286328315735,0.6711713075637817
757,8,0,0,0.7767975926399231,0.22320234775543213
757,9,0,0,0.7583831548690796,0.24161680042743683
757,10,0,0,0.9333159923553467,0.06668394058942795
757,11,0,0,0.7579399347305298,0.24206006526947021
757,12,1,1,0.03305720537900925,0.9669428467750549
757,13,0,0,0.9271716475486755,0.07282830774784088
757,14,0,0,0.6893365383148193,0.3106634318828583
757,15,0,0,0.927827000617981,0.07217307388782501
757,16,0,0,0.6575196385383606,0.3424803912639618
757,17,0,0,0.6141342520713806,0.3858657777309418
757,18,0,0,0.5114465951919556,0.48855337500572205
757,19,0,0,0.9240519404411316,0.075948067009449
758,0,0,0,0.9151114821434021,0.08488854765892029
758,1,0,0,0.9329243898391724,0.06707565486431122
758,2,0,0,0.8993721008300781,0.10062789916992188
758,3,1,1,0.05817658081650734,0.9418233633041382
758,4,0,0,0.9352443814277649,0.0647556409239769
758,5,0,0,0.9218913316726685,0.07810872048139572
758,6,0,0,0.9303683042526245,0.06963170319795609
758,7,1,1,0.2018851637840271,0.7981147766113281
758,8,0,0,0.8297654986381531,0.1702345311641693
758,9,0,0,0.8249363899230957,0.1750636249780655
758,10,0,0,0.9288554787635803,0.07114457339048386
758,11,0,0,0.82563716173172,0.1743628829717636
758,12,1,1,0.18210922181606293,0.8178907632827759
758,13,0,0,0.70437091588974,0.2956290543079376
758,14,0,0,0.82563716173172,0.1743628829717636
758,15,0,0,0.9198248982429504,0.08017512410879135
758,16,0,0,0.8095414638519287,0.19045855104923248
758,17,0,1,0.4664229154586792,0.533577024936676
758,18,0,0,0.7835893630981445,0.21641060709953308
758,19,0,0,0.9201306104660034,0.07986940443515778
759,0,0,0,0.9403486847877502,0.059651345014572144
759,1,0,0,0.9569805264472961,0.04301942139863968
759,2,0,0,0.9568170309066772,0.043183013796806335
759,3,1,1,0.021971076726913452,0.9780289530754089
759,4,0,0,0.9519637823104858,0.04803614690899849
759,5,0,0,0.9458863139152527,0.05411371961236
759,6,0,0,0.9511123895645142,0.048887528479099274
759,7,1,1,0.03492514416575432,0.9650748372077942
759,8,0,0,0.6930273771286011,0.30697259306907654
759,9,0,0,0.8233547806739807,0.1766451597213745
759,10,0,0,0.8873450756072998,0.11265496164560318
759,11,0,0,0.8233547806739807,0.1766451895236969
759,12,1,1,0.04204848036170006,0.9579514861106873
759,13,0,0,0.9437123537063599,0.05628763884305954
759,14,0,0,0.7817531228065491,0.2182469367980957
759,15,0,0,0.9504648447036743,0.04953518137335777
759,16,0,0,0.8328596949577332,0.16714029014110565
759,17,0,1,0.4338296353816986,0.5661703944206238
759,18,0,0,0.7759549021720886,0.2240450382232666
759,19,0,0,0.821648120880127,0.17835190892219543
760,0,0,0,0.8881627321243286,0.111837238073349
760,1,0,0,0.9210968613624573,0.07890307158231735
760,2,0,0,0.9258986115455627,0.07410145550966263
760,3,1,1,0.026512598618865013,0.973487377166748
760,4,0,0,0.8610984086990356,0.13890159130096436
760,5,0,0,0.8335309624671936,0.16646906733512878
760,6,0,0,0.9140526056289673,0.08594746142625809
760,7,1,1,0.32290345430374146,0.6770966053009033
760,8,0,0,0.6258836984634399,0.3741162419319153
760,9,0,0,0.692920982837677,0.3070790767669678
760,10,0,0,0.7842279672622681,0.21577203273773193
760,11,0,0,0.6929209232330322,0.30707910656929016
760,12,1,1,0.19276981055736542,0.8072301149368286
760,13,0,0,0.9049112796783447,0.09508872777223587
760,14,0,0,0.692920982837677,0.3070790767669678
760,15,0,0,0.8974660634994507,0.1025339737534523
760,16,0,0,0.7148014307022095,0.2851985692977905
760,17,0,0,0.511507511138916,0.488492488861084
760,18,0,1,0.1752873659133911,0.8247126340866089
760,19,0,0,0.8979328274726868,0.10206720978021622
761,0,0,0,0.8467193841934204,0.1532805860042572
761,1,0,0,0.8965859413146973,0.10341403633356094
761,2,0,0,0.9066784381866455,0.09332158416509628
761,3,1,1,0.0187655221670866,0.9812344908714294
761,4,0,0,0.8758251070976257,0.12417494505643845
761,5,0,0,0.8937557339668274,0.10624425113201141
761,6,0,0,0.8935942649841309,0.10640575736761093
761,7,1,1,0.2806982696056366,0.719301700592041
761,8,0,0,0.6490828394889832,0.35091713070869446
761,9,0,0,0.6635660529136658,0.3364339768886566
761,10,0,0,0.8742485642433167,0.12575148046016693
761,11,0,0,0.6630720496177673,0.3369279205799103
761,12,1,1,0.030335085466504097,0.9696649312973022
761,13,0,0,0.8657188415527344,0.13428112864494324
761,14,0,0,0.6816773414611816,0.31832262873649597
761,15,0,0,0.8918103575706482,0.1081896722316742
761,16,0,0,0.6599193215370178,0.3400806784629822
761,17,0,1,0.40259528160095215,0.5974047183990479
761,18,0,1,0.19964368641376495,0.8003563284873962
761,19,0,0,0.8614931702613831,0.13850684463977814
762,0,0,0,0.8667892813682556,0.13321076333522797
762,1,0,0,0.8862717151641846,0.11372823268175125
762,2,0,0,0.91451495885849,0.08548508584499359
762,3,1,1,0.04021451622247696,0.959785521030426
762,4,0,0,0.8781558871269226,0.1218441054224968
762,5,0,0,0.8980299234390259,0.10197009891271591
762,6,0,0,0.9057140946388245,0.09428585320711136
762,7,1,1,0.4972960650920868,0.5027039051055908
762,8,0,0,0.6486650109291077,0.35133498907089233
762,9,0,0,0.7080938816070557,0.29190605878829956
762,10,0,0,0.8998563885688782,0.10014364123344421
762,11,0,0,0.7080938816070557,0.29190608859062195
762,12,1,1,0.03621560335159302,0.963784396648407
762,13,0,0,0.8787898421287537,0.12121015042066574
762,14,0,0,0.7080939412117004,0.29190605878829956
762,15,0,0,0.9033323526382446,0.09666761755943298
762,16,0,0,0.7180166840553284,0.281983345746994
762,17,0,1,0.3316226005554199,0.6683773994445801
762,18,0,0,0.6927289366722107,0.3072710335254669
762,19,0,0,0.7294076681137085,0.2705923318862915
763,0,0,0,0.792169988155365,0.2078300416469574
763,1,0,0,0.8499018549919128,0.15009815990924835
763,2,0,0,0.8736476898193359,0.12635233998298645
763,3,1,1,0.04164190962910652,0.958358108997345
763,4,0,0,0.8299898505210876,0.17001007497310638
763,5,0,0,0.8587087392807007,0.1412912905216217
763,6,0,0,0.8736476898193359,0.12635233998298645
763,7,1,0,0.65360027551651,0.3463997542858124
763,8,0,0,0.5275253057479858,0.47247475385665894
763,9,0,0,0.6808139085769653,0.3191860616207123
763,10,0,0,0.8473103642463684,0.15268971025943756
763,11,0,0,0.6564422249794006,0.34355780482292175
763,12,1,1,0.05936245620250702,0.940637469291687
763,13,0,0,0.6863754987716675,0.3136245608329773
763,14,0,0,0.6564422249794006,0.34355783462524414
763,15,0,0,0.8722310662269592,0.12776896357536316
763,16,0,0,0.6808139085769653,0.3191860318183899
763,17,0,1,0.25423872470855713,0.7457612752914429
763,18,0,0,0.8315184712409973,0.1684814840555191
763,19,0,0,0.8295522332191467,0.17044782638549805
764,0,0,0,0.7254651188850403,0.2745349407196045
764,1,0,0,0.7478657960891724,0.25213417410850525
764,2,0,0,0.8109928965568542,0.18900713324546814
764,3,1,1,0.041022807359695435,0.958977222442627
764,4,0,0,0.5921419858932495,0.4078579843044281
764,5,0,1,0.4483067989349365,0.5516931414604187
764,6,0,0,0.8089262247085571,0.19107379019260406
764,7,1,1,0.4581145644187927,0.5418853759765625
764,8,0,0,0.5342656970024109,0.4657342731952667
764,9,0,0,0.6069624423980713,0.3930376172065735
764,10,0,0,0.7952463626861572,0.20475360751152039
764,11,0,0,0.6069623827934265,0.3930376172065735
764,12,1,1,0.14163286983966827,0.8583670854568481
764,13,0,0,0.7610639333724976,0.23893602192401886
764,14,0,0,0.6069623827934265,0.3930376172065735
764,15,0,0,0.8089262247085571,0.19107379019260406
764,16,0,0,0.6141182780265808,0.3858817517757416
764,17,0,1,0.3982807695865631,0.6017192602157593
764,18,0,0,0.5967618823051453,0.4032381772994995
764,19,0,0,0.7547411322593689,0.24525891244411469
765,0,0,0,0.7934845685958862,0.20651543140411377
765,1,0,0,0.856702983379364,0.14329692721366882
765,2,0,0,0.8099485039710999,0.19005151093006134
765,3,1,1,0.03570856899023056,0.9642913937568665
765,4,0,0,0.8724472522735596,0.1275528073310852
765,5,0,0,0.8348061442375183,0.1651938557624817
765,6,0,0,0.8457340002059937,0.15426598489284515
765,7,1,1,0.016966309398412704,0.9830337166786194
765,8,0,0,0.649628221988678,0.3503718078136444
765,9,0,0,0.6708568930625916,0.32914310693740845
765,10,0,0,0.8230559825897217,0.17694397270679474
765,11,0,0,0.6708569526672363,0.32914307713508606
765,12,1,0,0.7133412957191467,0.28665870428085327
765,13,0,0,0.8367458581924438,0.16325421631336212
765,14,0,0,0.6708569526672363,0.32914307713508606
765,15,0,0,0.8457340002059937,0.15426598489284515
765,16,0,0,0.6936882138252258,0.30631181597709656
765,17,0,0,0.6347936987876892,0.3652063310146332
765,18,0,1,0.1386355608701706,0.861364483833313
765,19,0,0,0.8358838558197021,0.16411612927913666
766,0,0,0,0.7362543344497681,0.26374563574790955
766,1,0,0,0.8394806981086731,0.1605193316936493
766,2,0,0,0.8320585489273071,0.16794145107269287
766,3,1,0,0.7145341038703918,0.28546595573425293
766,4,0,0,0.5931446552276611,0.40685534477233887
766,5,0,0,0.827362596988678,0.17263741791248322
766,6,0,0,0.8339958786964417,0.16600413620471954
766,7,1,1,0.4250563383102417,0.5749436616897583
766,8,0,0,0.6204965114593506,0.37950342893600464
766,9,0,0,0.6665583848953247,0.3334416151046753
766,10,0,0,0.8381962180137634,0.16180384159088135
766,11,0,0,0.6665583848953247,0.3334416151046753
766,12,1,0,0.7521299719810486,0.24787001311779022
766,13,0,0,0.8265578746795654,0.17344214022159576
766,14,0,0,0.6665583848953247,0.3334416151046753
766,15,0,0,0.8339958786964417,0.16600412130355835
766,16,0,0,0.6869459748268127,0.3130539655685425
766,17,0,0,0.7572986483573914,0.24270136654376984
766,18,0,0,0.6763797402381897,0.3236202001571655
766,19,0,0,0.74701327085495,0.25298675894737244
767,0,0,1,0.32213732600212097,0.6778626441955566
767,1,0,0,0.696925699710846,0.30307433009147644
767,2,0,0,0.8152498006820679,0.18475019931793213
767,3,1,1,0.03765391558408737,0.962346076965332
767,4,0,0,0.8542503118515015,0.14574968814849854
767,5,0,0,0.8301864266395569,0.16981352865695953
767,6,0,0,0.842284619808197,0.15771539509296417
767,7,1,1,0.03655308112502098,0.9634469151496887
767,8,0,0,0.5842034220695496,0.41579657793045044
767,9,0,0,0.6379774212837219,0.36202263832092285
767,10,0,0,0.7423772811889648,0.25762274861335754
767,11,0,0,0.6379774212837219,0.36202260851860046
767,12,1,1,0.03634444251656532,0.9636555314064026
767,13,0,1,0.1802036464214325,0.8197963833808899
767,14,0,0,0.6379774212837219,0.36202263832092285
767,15,0,0,0.842284619808197,0.15771539509296417
767,16,0,0,0.6580721735954285,0.34192776679992676
767,17,0,1,0.29648810625076294,0.7035118937492371
767,18,0,0,0.5694774985313416,0.43052250146865845
767,19,0,0,0.8301864266395569,0.16981352865695953
768,0,0,0,0.565939724445343,0.4340602159500122
768,1,0,0,0.7047371864318848,0.29526275396347046
768,2,0,0,0.5339236855506897,0.4660763144493103
768,3,1,0,0.5355528593063354,0.46444714069366455
768,4,0,0,0.725791871547699,0.274208128452301
768,5,0,0,0.7120609879493713,0.2879389822483063
768,6,0,0,0.6748058795928955,0.32519403100013733
768,7,1,0,0.6285697221755981,0.37143027782440186
768,8,0,1,0.11537837237119675,0.8846216797828674
768,9,0,0,0.6333430409431458,0.36665692925453186
768,10,0,0,0.6724624037742615,0.3275375962257385
768,11,0,0,0.74134761095047,0.25865232944488525
768,12,1,1,0.2885758578777313,0.7114241123199463
768,13,0,0,0.6491619944572449,0.3508380353450775
768,14,0,0,0.757082462310791,0.2429174929857254
768,15,0,1,0.41421937942504883,0.585780680179596
768,16,0,1,0.21997928619384766,0.7800207138061523
768,17,0,0,0.5076181888580322,0.4923818111419678
768,18,0,1,0.4987509846687317,0.5012489557266235
768,19,0,0,0.7120609879493713,0.2879389822483063
769,0,0,1,0.24764832854270935,0.7523516416549683
769,1,0,1,0.22200490534305573,0.7779951095581055
769,2,0,0,0.7818397879600525,0.21816018223762512
769,3,1,1,0.043230898678302765,0.9567691087722778
769,4,0,0,0.741586446762085,0.25841349363327026
769,5,0,0,0.780908465385437,0.2190915048122406
769,6,0,0,0.7964819073677063,0.20351813733577728
769,7,1,1,0.09100828319787979,0.9089916944503784
769,8,0,0,0.711333155632019,0.28866687417030334
769,9,0,0,0.7410132884979248,0.2589867413043976
769,10,0,0,0.6408388614654541,0.3591610789299011
769,11,0,0,0.7410132884979248,0.2589867413043976
769,12,1,1,0.06272748112678528,0.9372725486755371
769,13,0,1,0.18666234612464905,0.8133376240730286
769,14,0,0,0.7410132884979248,0.2589867413043976
769,15,0,0,0.7964819073677063,0.2035181075334549
769,16,0,0,0.7724685072898865,0.2275315225124359
769,17,0,1,0.22410905361175537,0.7758909463882446
769,18,0,1,0.497207373380661,0.5027925968170166
769,19,0,0,0.7835811376571655,0.21641889214515686
770,0,0,0,0.7948680520057678,0.20513194799423218
770,1,0,0,0.8572836518287659,0.1427163928747177
770,2,0,0,0.5487160682678223,0.45128387212753296
770,3,1,0,0.7070621252059937,0.29293787479400635
770,4,0,0,0.8467624187469482,0.1532374918460846
770,5,0,0,0.7976276278495789,0.20237243175506592
770,6,0,0,0.7538923025131226,0.24610772728919983
770,7,1,1,0.273151695728302,0.726848304271698
770,8,0,0,0.7580013871192932,0.24199864268302917
770,9,0,0,0.7747795581817627,0.22522039711475372
770,10,0,0,0.77605801820755,0.22394202649593353
770,11,0,0,0.7747795581817627,0.22522039711475372
770,12,1,1,0.30430054664611816,0.6956994533538818
770,13,0,0,0.7463676929473877,0.2536323070526123
770,14,0,0,0.7747795581817627,0.22522039711475372
770,15,0,0,0.5025101900100708,0.4974897801876068
770,16,0,0,0.8038841485977173,0.19611583650112152
770,17,0,0,0.6070618629455566,0.39293810725212097
770,18,0,0,0.5297598838806152,0.47024017572402954
770,19,0,0,0.8073370456695557,0.1926630139350891
771,0,0,0,0.8098728060722351,0.1901272088289261
771,1,0,1,0.27455684542655945,0.7254431247711182
771,2,0,0,0.7030763626098633,0.2969236671924591
771,3,1,1,0.07689876854419708,0.9231012463569641
771,4,0,0,0.9345675110816956,0.06543245166540146
771,5,0,0,0.8818657994270325,0.11813420057296753
771,6,0,0,0.7022069692611694,0.29779303073883057
771,7,1,1,0.02515408955514431,0.9748459458351135
771,8,0,0,0.7573118209838867,0.24268817901611328
771,9,0,0,0.7728220224380493,0.22717802226543427
771,10,0,1,0.18025091290473938,0.819749116897583
771,11,0,0,0.7728219032287598,0.22717802226543427
771,12,1,1,0.05576576665043831,0.9442342519760132
771,13,0,1,0.24042578041553497,0.7595742344856262
771,14,0,0,0.7728219032287598,0.22717802226543427
771,15,0,0,0.6668185591697693,0.3331815004348755
771,16,0,0,0.7902438044548035,0.20975618064403534
771,17,0,1,0.3355739712715149,0.6644259691238403
771,18,0,1,0.49529463052749634,0.5047053694725037
771,19,0,0,0.8848198652267456,0.11518019437789917
772,0,0,0,0.9218255877494812,0.07817444950342178
772,1,0,1,0.03700609132647514,0.9629939198493958
772,2,0,0,0.8909227848052979,0.10907725244760513
772,3,1,1,0.07796420156955719,0.922035813331604
772,4,0,1,0.4221813380718231,0.5778186917304993
772,5,0,0,0.9140146374702454,0.08598534762859344
772,6,0,0,0.9210975170135498,0.07890252768993378
772,7,1,1,0.14679479598999023,0.8532052040100098
772,8,0,0,0.6929012537002563,0.3070988059043884
772,9,0,0,0.6929012537002563,0.30709877610206604
772,10,0,0,0.8831863403320312,0.11681366711854935
772,11,0,0,0.6929012537002563,0.30709877610206604
772,12,1,1,0.0567236952483654,0.9432762861251831
772,13,0,0,0.8746694326400757,0.1253305822610855
772,14,0,0,0.6929012537002563,0.3070988059043884
772,15,0,0,0.9214630722999573,0.07853692770004272
772,16,0,0,0.6929012537002563,0.3070988059043884
772,17,0,1,0.30816885828971863,0.691831111907959
772,18,0,1,0.30172842741012573,0.6982715725898743
772,19,0,0,0.9166887998580933,0.0833112820982933
773,0,0,0,0.8811520338058472,0.11884799599647522
773,1,0,1,0.34428539872169495,0.6557145714759827
773,2,0,0,0.8851234316825867,0.11487656086683273
773,3,1,1,0.10453783720731735,0.895462155342102
773,4,0,0,0.5798423290252686,0.42015764117240906
773,5,0,0,0.8938815593719482,0.10611844062805176
773,6,0,0,0.9036269783973694,0.09637303650379181
773,7,1,1,0.3346542418003082,0.6653457880020142
773,8,0,0,0.5830090045928955,0.41699090600013733
773,9,0,0,0.5830090641975403,0.41699090600013733
773,10,0,0,0.6186532974243164,0.38134679198265076
773,11,0,0,0.5830090641975403,0.41699090600013733
773,12,1,1,0.07042209804058075,0.9295779466629028
773,13,0,1,0.4836708903312683,0.5163291096687317
773,14,0,0,0.5830090641975403,0.41699090600013733
773,15,0,0,0.9143676161766052,0.08563235402107239
773,16,0,0,0.5830090045928955,0.41699090600013733
773,17,0,1,0.4197275936603546,0.580272376537323
773,18,0,1,0.3787429630756378,0.6212570667266846
773,19,0,0,0.8958752751350403,0.10412468016147614
774,0,0,0,0.8276851177215576,0.1723148226737976
774,1,0,0,0.8591967225074768,0.1408032923936844
774,2,0,0,0.7806836366653442,0.21931634843349457
774,3,1,1,0.477884441614151,0.5221155285835266
774,4,0,0,0.8676396012306213,0.13236041367053986
774,5,0,0,0.8404105305671692,0.15958943963050842
774,6,0,0,0.8532975912094116,0.14670245349407196
774,7,1,1,0.03993454575538635,0.9600654244422913
774,8,0,0,0.6458225250244141,0.3541775047779083
774,9,0,0,0.6458225250244141,0.3541775345802307
774,10,0,0,0.8307331800460815,0.16926687955856323
774,11,0,0,0.6458225250244141,0.3541775047779083
774,12,1,1,0.043394144624471664,0.956605851650238
774,13,0,0,0.8114195466041565,0.18858042359352112
774,14,0,0,0.6458225250244141,0.3541775047779083
774,15,0,0,0.7823131084442139,0.21768693625926971
774,16,0,0,0.6458225250244141,0.3541775047779083
774,17,0,1,0.41850629448890686,0.5814937353134155
774,18,0,0,0.6646656394004822,0.3353343605995178
774,19,0,0,0.8411052227020264,0.15889479219913483
775,0,0,0,0.8550977110862732,0.144902303814888
775,1,0,0,0.648194432258606,0.35180559754371643
775,2,0,0,0.8781323432922363,0.12186762690544128
775,3,1,1,0.07935576885938644,0.920644223690033
775,4,0,0,0.7018847465515137,0.29811522364616394
775,5,0,0,0.8582066893577576,0.1417933851480484
775,6,0,0,0.8711109161376953,0.1288890838623047
775,7,1,0,0.6079633235931396,0.39203667640686035
775,8,0,0,0.635043203830719,0.3649568557739258
775,9,0,0,0.6350431442260742,0.36495688557624817
775,10,0,0,0.8701788783073425,0.12982116639614105
775,11,0,0,0.635043203830719,0.3649568557739258
775,12,1,1,0.096549853682518,0.9034501910209656
775,13,0,1,0.4961611032485962,0.5038389563560486
775,14,0,0,0.635043203830719,0.3649568557739258
775,15,0,0,0.8796871900558472,0.12031281739473343
775,16,0,0,0.635043203830719,0.3649568557739258
775,17,0,1,0.4166889786720276,0.5833110213279724
775,18,0,0,0.5930268168449402,0.4069731831550598
775,19,0,0,0.8619883060455322,0.13801169395446777
776,0,0,0,0.7438158392906189,0.2561841905117035
776,1,0,0,0.5667213797569275,0.4332786500453949
776,2,0,0,0.8033132553100586,0.196686789393425
776,3,1,1,0.05381277576088905,0.9461871981620789
776,4,0,1,0.45500820875167847,0.5449917316436768
776,5,0,0,0.8112332224845886,0.18876677751541138
776,6,0,0,0.8376365303993225,0.16236349940299988
776,7,1,0,0.6041246652603149,0.39587530493736267
776,8,0,0,0.6287665963172913,0.37123334407806396
776,9,0,0,0.628766655921936,0.37123334407806396
776,10,0,0,0.840967059135437,0.1590328812599182
776,11,0,0,0.628766655921936,0.37123334407806396
776,12,1,1,0.022897819057106972,0.9771022200584412
776,13,0,0,0.7328773736953735,0.26712262630462646
776,14,0,0,0.6287665963172913,0.37123334407806396
776,15,0,0,0.8415805101394653,0.15841948986053467
776,16,0,0,0.628766655921936,0.37123334407806396
776,17,0,1,0.3984040319919586,0.6015959978103638
776,18,0,0,0.6353873014450073,0.3646126687526703
776,19,0,0,0.8145719170570374,0.18542812764644623
777,0,0,0,0.8478330969810486,0.1521669179201126
777,1,0,0,0.6123384237289429,0.3876616358757019
777,2,0,0,0.8758442997932434,0.1241556704044342
777,3,1,0,0.625299334526062,0.3747006952762604
777,4,0,0,0.6734557747840881,0.32654422521591187
777,5,0,0,0.8463194966316223,0.1536804735660553
777,6,0,0,0.8622620701789856,0.13773790001869202
777,7,1,0,0.6531497240066528,0.34685036540031433
777,8,0,0,0.6011414527893066,0.39885857701301575
777,9,0,0,0.6011414527893066,0.39885857701301575
777,10,0,0,0.8743904232978821,0.12560956180095673
777,11,0,0,0.6011414527893066,0.39885854721069336
777,12,1,0,0.5156469941139221,0.4843529760837555
777,13,0,0,0.6043305993080139,0.3956694006919861
777,14,0,0,0.6011414527893066,0.39885854721069336
777,15,0,0,0.8720998167991638,0.12790021300315857
777,16,0,0,0.6011414527893066,0.39885854721069336
777,17,0,1,0.40643858909606934,0.5935614705085754
777,18,0,0,0.6125319600105286,0.38746803998947144
777,19,0,0,0.8577500581741333,0.14224989712238312
778,0,0,0,0.813618540763855,0.1863815039396286
778,1,0,1,0.1221402958035469,0.8778597116470337
778,2,0,1,0.4030044972896576,0.59699547290802
778,3,1,1,0.09622978419065475,0.9037702083587646
778,4,0,1,0.03885943070054054,0.9611405730247498
778,5,0,0,0.8714256882667542,0.12857429683208466
778,6,0,0,0.8719046115875244,0.12809543311595917
778,7,1,1,0.14490273594856262,0.855097234249115
778,8,0,0,0.6741224527359009,0.32587751746177673
778,9,0,0,0.6741224527359009,0.3258775472640991
778,10,0,0,0.8744521141052246,0.1255478411912918
778,11,0,0,0.6741224527359009,0.3258775472640991
778,12,1,1,0.03938039764761925,0.9606196284294128
778,13,0,1,0.14746029675006866,0.8525397181510925
778,14,0,0,0.6741224527359009,0.32587751746177673
778,15,0,0,0.8603845238685608,0.1396154761314392
778,16,0,0,0.6741224527359009,0.32587751746177673
778,17,0,1,0.4062502682209015,0.5937497615814209
778,18,0,1,0.032368507236242294,0.967631459236145
778,19,0,0,0.8739771842956543,0.1260228306055069
779,0,0,1,0.4469895660877228,0.5530104041099548
779,1,0,1,0.36390450596809387,0.6360954642295837
779,2,0,1,0.412204772233963,0.5877952575683594
779,3,1,1,0.08450978994369507,0.9154901504516602
779,4,0,1,0.07646218687295914,0.9235378503799438
779,5,0,0,0.7539510726928711,0.2460489273071289
779,6,0,0,0.7783915400505066,0.2216084897518158
779,7,1,1,0.037480615079402924,0.9625194072723389
779,8,0,1,0.19071823358535767,0.8092817068099976
779,9,0,1,0.19071823358535767,0.8092817068099976
779,10,0,0,0.772226870059967,0.22777315974235535
779,11,0,1,0.24550440907478333,0.7544956207275391
779,12,1,1,0.38193953037261963,0.6180604100227356
779,13,0,0,0.7598214149475098,0.24017857015132904
779,14,0,1,0.38277411460876465,0.6172258853912354
779,15,0,0,0.7819492816925049,0.21805070340633392
779,16,0,1,0.3041761517524719,0.6958238482475281
779,17,0,1,0.33769291639328003,0.66230708360672
779,18,0,1,0.11571016162633896,0.8842898607254028
779,19,0,0,0.7384164929389954,0.26158347725868225
780,0,0,0,0.6629529595375061,0.3370470404624939
780,1,0,1,0.2847736179828644,0.7152263522148132
780,2,0,0,0.5599686503410339,0.44003137946128845
780,3,1,1,0.06670811027288437,0.9332919120788574
780,4,0,1,0.29823777079582214,0.7017622590065002
780,5,0,0,0.6188629269599915,0.3811371326446533
780,6,0,0,0.6188629269599915,0.38113704323768616
780,7,1,1,0.30511474609375,0.6948853135108948
780,8,0,0,0.6886775493621826,0.311322420835495
780,9,0,0,0.6886775493621826,0.3113223612308502
780,10,0,0,0.6490966081619263,0.35090333223342896
780,11,0,0,0.7004292607307434,0.2995707094669342
780,12,1,1,0.03911799564957619,0.9608819484710693
780,13,0,1,0.4030337929725647,0.5969662070274353
780,14,0,0,0.6886775493621826,0.311322420835495
780,15,0,0,0.7002342343330383,0.2997657358646393
780,16,0,0,0.7005520462989807,0.2994478940963745
780,17,0,1,0.30163687467575073,0.6983631253242493
780,18,0,1,0.014829141087830067,0.9851709008216858
780,19,0,0,0.6474145650863647,0.35258546471595764
781,0,0,0,0.7245578765869141,0.27544206380844116
781,1,0,0,0.5206655859947205,0.47933444380760193
781,2,0,0,0.7073096036911011,0.2926903963088989
781,3,1,1,0.15551576018333435,0.8444842100143433
781,4,0,1,0.27374592423439026,0.7262541055679321
781,5,0,0,0.6992144584655762,0.30078554153442383
781,6,0,0,0.6893496513366699,0.3106502890586853
781,7,1,1,0.16526345908641815,0.8347365260124207
781,8,0,0,0.6329358816146851,0.36706411838531494
781,9,0,0,0.6329359412193298,0.36706408858299255
781,10,0,0,0.6993257403373718,0.30067431926727295
781,11,0,0,0.6329358816146851,0.36706408858299255
781,12,1,1,0.3237903118133545,0.6762096285820007
781,13,0,1,0.35988590121269226,0.6401140689849854
781,14,0,0,0.6329358816146851,0.36706411838531494
781,15,0,0,0.7202504873275757,0.2797495722770691
781,16,0,0,0.6329359412193298,0.36706408858299255
781,17,0,1,0.23770584166049957,0.7622941732406616
781,18,0,1,0.18826012313365936,0.8117399215698242
781,19,0,1,0.29929059743881226,0.700709342956543
782,0,0,1,0.4865933060646057,0.5134067535400391
782,1,0,1,0.4671858251094818,0.5328142046928406
782,2,0,0,0.6848597526550293,0.3151402473449707
782,3,1,1,0.06664564460515976,0.9333543181419373
782,4,0,1,0.2829573452472687,0.7170426845550537
782,5,0,0,0.6834684610366821,0.31653156876564026
782,6,0,0,0.6539128422737122,0.34608712792396545
782,7,1,1,0.2829573452472687,0.7170426845550537
782,8,0,0,0.5619855523109436,0.438014417886734
782,9,0,0,0.5619855523109436,0.438014417886734
782,10,0,0,0.5949103832244873,0.4050896167755127
782,11,0,0,0.5619855523109436,0.438014417886734
782,12,1,0,0.5017131567001343,0.4982868432998657
782,13,0,1,0.41776564717292786,0.5822343826293945
782,14,0,0,0.5619855523109436,0.438014417886734
782,15,0,0,0.6640322804450989,0.3359677791595459
782,16,0,0,0.5619855523109436,0.4380143880844116
782,17,0,1,0.17840662598609924,0.8215933442115784
782,18,0,1,0.3192364275455475,0.6807636022567749
782,19,0,0,0.6506490707397461,0.34935083985328674
783,0,0,1,0.31515634059906006,0.6848436594009399
783,1,0,0,0.5838477611541748,0.4161521792411804
783,2,0,0,0.6621788144111633,0.33782121539115906
783,3,1,1,0.10509035736322403,0.8949096202850342
783,4,0,1,0.42873966693878174,0.5712603330612183
783,5,0,0,0.7701027989387512,0.2298971712589264
783,6,0,0,0.761059582233429,0.23894041776657104
783,7,1,1,0.42873963713645935,0.5712603330612183
783,8,0,0,0.5606734156608582,0.43932655453681946
783,9,0,0,0.5606734156608582,0.43932655453681946
783,10,0,0,0.7735246419906616,0.2264753133058548
783,11,0,0,0.5606734752655029,0.43932655453681946
783,12,1,1,0.25982770323753357,0.740172266960144
783,13,0,1,0.3372223973274231,0.6627776026725769
783,14,0,0,0.5606734156608582,0.43932655453681946
783,15,0,0,0.7696045637130737,0.23039549589157104
783,16,0,0,0.5606734752655029,0.43932655453681946
783,17,0,1,0.3029221296310425,0.6970778703689575
783,18,0,1,0.3462458550930023,0.6537541151046753
783,19,0,1,0.40671759843826294,0.5932823419570923
784,0,0,1,0.178176611661911,0.8218234181404114
784,1,0,1,0.18260198831558228,0.817397952079773
784,2,0,1,0.4333007037639618,0.5666992664337158
784,3,1,1,0.14432664215564728,0.8556734323501587
784,4,0,1,0.09177888184785843,0.9082211256027222
784,5,0,1,0.18071652948856354,0.8192834258079529
784,6,0,1,0.18056219816207886,0.8194378018379211
784,7,1,1,0.09177888184785843,0.9082211256027222
784,8,0,0,0.5466226935386658,0.45337730646133423
784,9,0,0,0.546622633934021,0.45337730646133423
784,10,0,1,0.2622382640838623,0.7377616763114929
784,11,0,0,0.546622633934021,0.45337730646133423
784,12,1,1,0.022477729246020317,0.9775222539901733
784,13,0,1,0.4333007037639618,0.5666992664337158
784,14,0,0,0.546622633934021,0.45337730646133423
784,15,0,1,0.05312489718198776,0.9468750953674316
784,16,0,0,0.5466226935386658,0.45337730646133423
784,17,0,1,0.12987902760505676,0.8701209425926208
784,18,0,1,0.20389550924301147,0.7961044907569885
784,19,0,1,0.18056230247020721,0.8194376826286316
785,0,0,1,0.4132155478000641,0.5867844820022583
785,1,0,1,0.41377049684524536,0.5862295031547546
785,2,0,1,0.4251358211040497,0.5748640894889832
785,3,1,1,0.16544999182224274,0.8345500230789185
785,4,0,1,0.24689289927482605,0.7531070709228516
785,5,0,1,0.44413548707962036,0.5558645129203796
785,6,0,1,0.24369964003562927,0.7563003301620483
785,7,1,1,0.24689289927482605,0.7531070709228516
785,8,0,0,0.5398871898651123,0.46011289954185486
785,9,0,0,0.5398871898651123,0.46011286973953247
785,10,0,1,0.43885424733161926,0.5611457228660583
785,11,0,0,0.5398871302604675,0.46011286973953247
785,12,1,1,0.3165470361709595,0.6834529638290405
785,13,0,1,0.30482611060142517,0.6951738595962524
785,14,0,0,0.5398871898651123,0.46011286973953247
785,15,0,1,0.415780633687973,0.5842193365097046
785,16,0,0,0.5398871302604675,0.46011286973953247
785,17,0,1,0.2541562020778656,0.745843768119812
785,18,0,1,0.24689289927482605,0.7531071305274963
785,19,0,1,0.23146553337574005,0.7685344219207764
786,0,0,1,0.3087724447250366,0.6912275552749634
786,1,0,1,0.33457159996032715,0.6654284596443176
786,2,0,0,0.6795557737350464,0.3204442262649536
786,3,1,1,0.06282646209001541,0.93717360496521
786,4,0,1,0.3638535439968109,0.6361464858055115
786,5,0,1,0.3307291567325592,0.6692708730697632
786,6,0,0,0.6546980142593384,0.34530195593833923
786,7,1,1,0.32156136631965637,0.6784386038780212
786,8,0,1,0.3019469082355499,0.6980530619621277
786,9,0,1,0.3019469380378723,0.6980530619621277
786,10,0,0,0.6795557141304016,0.320444256067276
786,11,0,1,0.41267967224121094,0.5873203873634338
786,12,1,0,0.6531365513801575,0.3468634784221649
786,13,0,1,0.4796241223812103,0.5203757882118225
786,14,0,1,0.3019469082355499,0.6980530619621277
786,15,0,1,0.47962409257888794,0.5203759074211121
786,16,0,1,0.4126795828342438,0.5873203873634338
786,17,0,1,0.19662481546401978,0.803375244140625
786,18,0,1,0.32156136631965637,0.6784386038780212
786,19,0,0,0.6363841891288757,0.36361584067344666
787,0,0,1,0.14471948146820068,0.8552805781364441
787,1,0,1,0.08712007105350494,0.9128799438476562
787,2,0,1,0.3516876995563507,0.6483123302459717
787,3,1,1,0.08992227911949158,0.9100777506828308
787,4,0,1,0.20357385277748108,0.7964261174201965
787,5,0,1,0.136061429977417,0.8639385104179382
787,6,0,1,0.3618204593658447,0.6381794810295105
787,7,1,1,0.010291933082044125,0.9897080659866333
787,8,0,0,0.6001064777374268,0.39989346265792847
787,9,0,0,0.6001064777374268,0.39989352226257324
787,10,0,1,0.3618205189704895,0.6381794810295105
787,11,0,0,0.6001064777374268,0.39989352226257324
787,12,1,1,0.04904633387923241,0.9509537220001221
787,13,0,1,0.36836856603622437,0.6316314935684204
787,14,0,0,0.6001064777374268,0.39989355206489563
787,15,0,1,0.05362427234649658,0.9463757276535034
787,16,0,0,0.6001064777374268,0.39989355206489563
787,17,0,1,0.061063043773174286,0.9389369487762451
787,18,0,1,0.20357385277748108,0.7964261174201965
787,19,0,1,0.35652682185173035,0.643473207950592
788,0,0,1,0.3541170656681061,0.6458829641342163
788,1,0,1,0.2810682952404022,0.7189317941665649
788,2,0,1,0.498758465051651,0.5012416243553162
788,3,1,1,0.1298629194498062,0.870137095451355
788,4,0,1,0.368815153837204,0.6311848163604736
788,5,0,1,0.44301679730415344,0.5569831728935242
788,6,0,1,0.45404207706451416,0.5459579229354858
788,7,1,1,0.3688151240348816,0.6311848163604736
788,8,0,0,0.7898734211921692,0.2101266235113144
788,9,0,0,0.7914721369743347,0.20852786302566528
788,10,0,1,0.45404207706451416,0.5459579229354858
788,11,0,0,0.7914721369743347,0.20852786302566528
788,12,1,1,0.08610591292381287,0.9138940572738647
788,13,0,1,0.08696062117815018,0.9130393862724304
788,14,0,0,0.7914721369743347,0.20852786302566528
788,15,0,1,0.12511427700519562,0.8748856782913208
788,16,0,0,0.7914721369743347,0.20852786302566528
788,17,0,1,0.13068774342536926,0.8693122863769531
788,18,0,1,0.38739708065986633,0.6126028895378113
788,19,0,1,0.41117730736732483,0.5888227820396423
789,0,0,0,0.8299098610877991,0.17009007930755615
789,1,0,0,0.704846203327179,0.29515382647514343
789,2,0,0,0.8214781284332275,0.17852182686328888
789,3,1,1,0.07760696858167648,0.9223929643630981
789,4,0,1,0.25661617517471313,0.7433838248252869
789,5,0,0,0.7051450610160828,0.29485490918159485
789,6,0,0,0.8199701905250549,0.18002989888191223
789,7,1,1,0.007909446954727173,0.9920905828475952
789,8,0,0,0.7207233309745789,0.27927663922309875
789,9,0,0,0.7207232713699341,0.27927663922309875
789,10,0,0,0.8199701905250549,0.18002986907958984
789,11,0,0,0.7207232713699341,0.27927663922309875
789,12,1,0,0.610727846622467,0.3892722427845001
789,13,0,0,0.8214781284332275,0.17852182686328888
789,14,0,0,0.7207233309745789,0.27927663922309875
789,15,0,1,0.4076274633407593,0.5923725366592407
789,16,0,0,0.7207232713699341,0.27927663922309875
789,17,0,1,0.22455067932605743,0.775449275970459
789,18,0,1,0.25661617517471313,0.7433838248252869
789,19,0,0,0.5555070638656616,0.4444928765296936
790,0,0,1,0.28701192140579224,0.7129880785942078
790,1,0,1,0.31987500190734863,0.6801249980926514
790,2,0,1,0.47332289814949036,0.5266770720481873
790,3,1,1,0.171644389629364,0.828355610370636
790,4,0,1,0.35877877473831177,0.6412212252616882
790,5,0,1,0.08558381348848343,0.9144161939620972
790,6,0,1,0.3350318968296051,0.6649681925773621
790,7,1,1,0.2870119512081146,0.712988018989563
790,8,0,0,0.5976794362068176,0.40232062339782715
790,9,0,0,0.5976793766021729,0.40232059359550476
790,10,0,1,0.3350318968296051,0.6649681925773621
790,11,0,0,0.5976794362068176,0.40232062339782715
790,12,1,1,0.07996664196252823,0.92003333568573
790,13,0,1,0.064698226749897,0.9353017210960388
790,14,0,0,0.5976793766021729,0.40232059359550476
790,15,0,1,0.4994277358055115,0.5005722641944885
790,16,0,0,0.5976793766021729,0.40232059359550476
790,17,0,1,0.11774199455976486,0.8822579979896545
790,18,0,1,0.28701192140579224,0.712988018989563
790,19,0,1,0.3085336685180664,0.6914663314819336
791,0,0,1,0.11475413292646408,0.8852458000183105
791,1,0,0,0.541638970375061,0.4583609402179718
791,2,0,0,0.5986485481262207,0.4013514518737793
791,3,1,1,0.1513270139694214,0.8486729860305786
791,4,0,1,0.11475412547588348,0.8852459192276001
791,5,0,0,0.5399188995361328,0.4600810706615448
791,6,0,0,0.5628132224082947,0.4371868371963501
791,7,1,1,0.008174174465239048,0.9918258190155029
791,8,0,0,0.547726571559906,0.4522734582424164
791,9,0,0,0.547726571559906,0.452273428440094
791,10,0,0,0.5094980001449585,0.4905019998550415
791,11,0,0,0.547726571559906,0.4522734582424164
791,12,1,0,0.5971607565879822,0.4028392434120178
791,13,0,0,0.583305299282074,0.41669467091560364
791,14,0,0,0.547726571559906,0.452273428440094
791,15,0,0,0.5804908871650696,0.4195091426372528
791,16,0,0,0.547726571559906,0.4522734582424164
791,17,0,1,0.367298424243927,0.632701575756073
791,18,0,1,0.03435029834508896,0.9656497240066528
791,19,0,0,0.5061544179916382,0.49384552240371704
792,0,0,1,0.24896900355815887,0.7510310411453247
792,1,0,1,0.1954120546579361,0.8045879006385803
792,2,0,1,0.355118066072464,0.6448819637298584
792,3,1,1,0.1358053982257843,0.8641945719718933
792,4,0,1,0.24896900355815887,0.7510310411453247
792,5,0,1,0.20267781615257263,0.7973222136497498
792,6,0,1,0.20094527304172516,0.799054741859436
792,7,1,1,0.24896900355815887,0.7510310411453247
792,8,0,0,0.5329678058624268,0.46703216433525085
792,9,0,0,0.5329678654670715,0.46703219413757324
792,10,0,1,0.20094527304172516,0.799054741859436
792,11,0,0,0.5329678654670715,0.46703219413757324
792,12,1,1,0.019716057926416397,0.9802839159965515
792,13,0,1,0.3551180064678192,0.6448819637298584
792,14,0,0,0.5329678058624268,0.46703216433525085
792,15,0,1,0.39309611916542053,0.6069038510322571
792,16,0,0,0.5329678058624268,0.46703216433525085
792,17,0,1,0.09106391668319702,0.9089360237121582
792,18,0,1,0.24896900355815887,0.7510310411453247
792,19,0,1,0.15224309265613556,0.8477569222450256
793,0,0,1,0.2389954775571823,0.7610045671463013
793,1,0,1,0.3655332326889038,0.6344667673110962
793,2,0,1,0.4729718863964081,0.5270280838012695
793,3,1,1,0.18781639635562897,0.812183678150177
793,4,0,1,0.35224610567092896,0.647753894329071
793,5,0,1,0.487447589635849,0.5125523805618286
793,6,0,1,0.40672245621681213,0.5932775735855103
793,7,1,1,0.23899540305137634,0.761004626750946
793,8,0,0,0.5323383808135986,0.46766167879104614
793,9,0,0,0.5323383808135986,0.46766170859336853
793,10,0,1,0.40672242641448975,0.5932775735855103
793,11,0,0,0.5323383808135986,0.46766167879104614
793,12,1,1,0.11213567107915878,0.887864351272583
793,13,0,1,0.4729718863964081,0.5270280838012695
793,14,0,0,0.5323383212089539,0.46766167879104614
793,15,0,1,0.3175332248210907,0.6824668049812317
793,16,0,0,0.5323383808135986,0.46766167879104614
793,17,0,1,0.0841539278626442,0.9158461093902588
793,18,0,1,0.28872084617614746,0.7112791538238525
793,19,0,1,0.09673670679330826,0.90326327085495
794,0,0,1,0.4513576626777649,0.5486422777175903
794,1,0,1,0.48808687925338745,0.5119131207466125
794,2,0,1,0.07115258276462555,0.9288474321365356
794,3,1,1,0.10471633076667786,0.8952836394309998
794,4,0,0,0.5010382533073425,0.49896177649497986
794,5,0,1,0.3519500195980072,0.6480500102043152
794,6,0,1,0.3853636384010315,0.6146363615989685
794,7,1,1,0.4513576924800873,0.5486422777175903
794,8,0,0,0.5276115536689758,0.47238847613334656
794,9,0,0,0.5276115536689758,0.47238847613334656
794,10,0,1,0.3701018989086151,0.6298980712890625
794,11,0,0,0.5276115536689758,0.47238850593566895
794,12,1,1,0.06650886684656143,0.9334911108016968
794,13,0,1,0.48390334844589233,0.5160966515541077
794,14,0,0,0.5276115536689758,0.47238850593566895
794,15,0,1,0.1538221836090088,0.8461777567863464
794,16,0,0,0.5276115536689758,0.47238844633102417
794,17,0,1,0.09589038789272308,0.9041095972061157
794,18,0,0,0.5010382533073425,0.49896174669265747
794,19,0,1,0.3791910409927368,0.6208088994026184
795,0,0,1,0.16251616179943085,0.837483823299408
795,1,0,0,0.6284964680671692,0.3715035617351532
795,2,0,0,0.7282955050468445,0.2717044949531555
795,3,1,1,0.23540060222148895,0.7645993828773499
795,4,0,1,0.1427384465932846,0.857261598110199
795,5,0,0,0.605253279209137,0.3947467803955078
795,6,0,1,0.3774959146976471,0.6225040555000305
795,7,1,1,0.15580804646015167,0.8441919684410095
795,8,0,0,0.5531694889068604,0.44683048129081726
795,9,0,0,0.5531694889068604,0.44683048129081726
795,10,0,0,0.6782895922660828,0.321710467338562
795,11,0,0,0.5531694889068604,0.44683054089546204
795,12,1,0,0.5612490773200989,0.43875089287757874
795,13,0,0,0.6514527201652527,0.3485473096370697
795,14,0,0,0.5531694889068604,0.44683054089546204
795,15,0,0,0.631583571434021,0.368416428565979
795,16,0,0,0.5531694889068604,0.44683048129081726
795,17,0,1,0.18521472811698914,0.8147853016853333
795,18,0,1,0.01779080368578434,0.9822092056274414
795,19,0,0,0.5490072965621948,0.4509927034378052
796,0,0,1,0.3856062591075897,0.6143937706947327
796,1,0,1,0.3601702153682709,0.6398297548294067
796,2,0,1,0.4492183327674866,0.5507816672325134
796,3,1,1,0.11007794737815857,0.889922022819519
796,4,0,1,0.3856062591075897,0.6143937706947327
796,5,0,1,0.2586750388145447,0.7413249611854553
796,6,0,1,0.264633446931839,0.7353665828704834
796,7,1,1,0.4078715443611145,0.5921284556388855
796,8,0,0,0.5751829147338867,0.4248170852661133
796,9,0,0,0.5751829147338867,0.4248170852661133
796,10,0,1,0.2829968333244324,0.7170031070709229
796,11,0,0,0.5751829147338867,0.4248170554637909
796,12,1,1,0.05599106475710869,0.9440089464187622
796,13,0,1,0.474404513835907,0.5255954265594482
796,14,0,0,0.5751829147338867,0.4248170852661133
796,15,0,1,0.09058396518230438,0.9094160199165344
796,16,0,0,0.5751829147338867,0.4248170852661133
796,17,0,1,0.14201253652572632,0.8579874634742737
796,18,0,1,0.3856062591075897,0.6143937706947327
796,19,0,1,0.2515817880630493,0.7484182119369507
797,0,0,1,0.17647889256477356,0.823521077632904
797,1,0,1,0.062306225299835205,0.9376938343048096
797,2,0,0,0.5733179450035095,0.42668208479881287
797,3,1,1,0.43030911684036255,0.5696908831596375
797,4,0,1,0.09865987300872803,0.9013401865959167
797,5,0,0,0.6353029608726501,0.36469706892967224
797,6,0,0,0.5731848478317261,0.4268151521682739
797,7,1,1,0.020296914502978325,0.9797031283378601
797,8,0,0,0.5409041047096252,0.45909592509269714
797,9,0,0,0.5409041047096252,0.45909589529037476
797,10,0,0,0.5384189486503601,0.46158111095428467
797,11,0,0,0.5409041047096252,0.45909589529037476
797,12,1,1,0.1539100855588913,0.8460898995399475
797,13,0,1,0.17034459114074707,0.8296554684638977
797,14,0,0,0.5409041047096252,0.45909589529037476
797,15,0,0,0.5705480575561523,0.42945200204849243
797,16,0,0,0.5409041047096252,0.45909589529037476
797,17,0,1,0.33479025959968567,0.6652097105979919
797,18,0,1,0.17647892236709595,0.823521077632904
797,19,0,0,0.625396192073822,0.3746037781238556
798,0,0,1,0.32998988032341003,0.6700101494789124
798,1,0,0,0.5362231731414795,0.46377676725387573
798,2,0,0,0.6861677169799805,0.3138323128223419
798,3,1,1,0.07744073122739792,0.9225592613220215
798,4,0,1,0.32998985052108765,0.6700101494789124
798,5,0,0,0.6968138217926025,0.3031861484050751
798,6,0,0,0.6710549592971802,0.3289450407028198
798,7,1,1,0.32998988032341003,0.6700101494789124
798,8,0,0,0.7028200030326843,0.2971799969673157
798,9,0,0,0.7063915133476257,0.29360857605934143
798,10,0,0,0.6664385795593262,0.3335614502429962
798,11,0,0,0.7028200030326843,0.2971799969673157
798,12,1,0,0.5660772919654846,0.43392273783683777
798,13,0,0,0.6858552098274231,0.3141447603702545
798,14,0,0,0.7105295062065125,0.28947049379348755
798,15,0,0,0.6385459899902344,0.361454039812088
798,16,0,0,0.7028200030326843,0.2971799969673157
798,17,0,1,0.24104401469230652,0.7589560151100159
798,18,0,1,0.32998988032341003,0.6700101494789124
798,19,0,0,0.658775806427002,0.34122419357299805
799,0,0,1,0.3520791828632355,0.6479207277297974
799,1,0,1,0.32809460163116455,0.6719053387641907
799,2,0,0,0.5023457407951355,0.4976542592048645
799,3,1,1,0.1356593370437622,0.8643407225608826
799,4,0,1,0.39335933327674866,0.6066406965255737
799,5,0,1,0.3788939416408539,0.6211060285568237
799,6,0,1,0.48325154185295105,0.5167484283447266
799,7,1,1,0.35207924246788025,0.6479207277297974
799,8,0,0,0.7095257043838501,0.2904742956161499
799,9,0,0,0.7095257043838501,0.2904742956161499
799,10,0,1,0.3334759473800659,0.6665240526199341
799,11,0,0,0.7095257043838501,0.2904742956161499
799,12,1,1,0.2522307336330414,0.747769296169281
799,13,0,1,0.39337795972824097,0.606622040271759
799,14,0,0,0.7128725647926331,0.28712740540504456
799,15,0,0,0.5477771162986755,0.45222291350364685
799,16,0,0,0.7095257639884949,0.2904742658138275
799,17,0,1,0.044802580028772354,0.9551974534988403
799,18,0,1,0.3538132607936859,0.6461867690086365
799,19,0,1,0.34397652745246887,0.6560234427452087
800,0,0,1,0.15741689503192902,0.8425830602645874
800,1,0,1,0.13075657188892365,0.8692434430122375
800,2,0,0,0.5392977595329285,0.46070221066474915
800,3,1,1,0.06807370483875275,0.9319263100624084
800,4,0,1,0.18616369366645813,0.8138363361358643
800,5,0,1,0.3546721637248993,0.6453277468681335
800,6,0,1,0.4234333634376526,0.5765666365623474
800,7,1,1,0.15658174455165863,0.843418300151825
800,8,0,0,0.6860271096229553,0.3139728307723999
800,9,0,0,0.6860271692276001,0.3139728307723999
800,10,0,1,0.41927751898765564,0.580722451210022
800,11,0,0,0.6860271096229553,0.3139728307723999
800,12,1,1,0.1450553685426712,0.85494464635849
800,13,0,1,0.20910337567329407,0.7908966541290283
800,14,0,0,0.6860271096229553,0.3139728307723999
800,15,0,1,0.2961011230945587,0.7038989067077637
800,16,0,0,0.6860271096229553,0.3139728307723999
800,17,0,1,0.18781408667564392,0.8121859431266785
800,18,0,1,0.15442359447479248,0.8455763459205627
800,19,0,1,0.07578668743371964,0.9242132902145386
801,0,0,0,0.5234028100967407,0.47659721970558167
801,1,0,0,0.5064550638198853,0.49354490637779236
801,2,0,0,0.6196216940879822,0.38037827610969543
801,3,1,1,0.38370534777641296,0.6162946820259094
801,4,0,0,0.5234028100967407,0.4765971601009369
801,5,0,0,0.7006855010986328,0.2993144690990448
801,6,0,0,0.6086462736129761,0.3913537561893463
801,7,1,0,0.5085427165031433,0.49145737290382385
801,8,0,0,0.6426689028739929,0.3573310971260071
801,9,0,0,0.6426689028739929,0.3573310673236847
801,10,0,0,0.6086462736129761,0.3913537263870239
801,11,0,0,0.6426689028739929,0.3573310971260071
801,12,1,1,0.06509438157081604,0.9349055886268616
801,13,0,0,0.639671266078949,0.360328733921051
801,14,0,0,0.6555269360542297,0.3444730043411255
801,15,0,1,0.23479264974594116,0.7652073502540588
801,16,0,0,0.6426689028739929,0.3573310673236847
801,17,0,0,0.6013903021812439,0.3986097574234009
801,18,0,0,0.5234028100967407,0.4765971601009369
801,19,0,0,0.6982646584510803,0.30173540115356445
802,0,0,1,0.31059128046035767,0.6894087195396423
802,1,0,0,0.7041428089141846,0.29585716128349304
802,2,0,0,0.8004668951034546,0.1995331048965454
802,3,1,1,0.04923491179943085,0.950765073299408
802,4,0,1,0.23727864027023315,0.7627213597297668
802,5,0,0,0.8488351106643677,0.15116487443447113
802,6,0,0,0.8117252588272095,0.18827477097511292
802,7,1,1,0.18097393214702606,0.8190261125564575
802,8,0,0,0.6675236225128174,0.33247634768486023
802,9,0,0,0.6675236225128174,0.33247634768486023
802,10,0,0,0.8117253184318542,0.18827471137046814
802,11,0,0,0.6675236225128174,0.33247634768486023
802,12,1,1,0.4551466107368469,0.5448534488677979
802,13,0,0,0.8011242151260376,0.19887574017047882
802,14,0,0,0.6675236225128174,0.33247634768486023
802,15,0,0,0.6023333072662354,0.39766666293144226
802,16,0,0,0.6787486672401428,0.3212513327598572
802,17,0,1,0.26003342866897583,0.739966630935669
802,18,0,1,0.21108174324035645,0.7889182567596436
802,19,0,0,0.8333238363265991,0.1666761338710785
803,0,0,1,0.49864262342453003,0.5013574361801147
803,1,0,0,0.8467017412185669,0.15329819917678833
803,2,0,0,0.8413242697715759,0.15867576003074646
803,3,1,1,0.05974891036748886,0.9402511119842529
803,4,0,1,0.4741176664829254,0.525882363319397
803,5,0,0,0.8768267035484314,0.12317326664924622
803,6,0,0,0.8577354550361633,0.14226458966732025
803,7,1,1,0.38765937089920044,0.6123405694961548
803,8,0,0,0.6341041326522827,0.3658958673477173
803,9,0,0,0.6341041326522827,0.3658958673477173
803,10,0,0,0.8577354550361633,0.14226460456848145
803,11,0,0,0.6341041326522827,0.3658958971500397
803,12,1,0,0.692809522151947,0.3071904480457306
803,13,0,0,0.7900060415267944,0.20999398827552795
803,14,0,0,0.6341041326522827,0.3658958971500397
803,15,0,0,0.7229982018470764,0.27700182795524597
803,16,0,0,0.6341041326522827,0.3658958971500397
803,17,0,1,0.09571288526058197,0.9042871594429016
803,18,0,1,0.4108548164367676,0.5891451835632324
803,19,0,0,0.8596025109291077,0.14039753377437592
804,0,0,1,0.0768883004784584,0.9231117367744446
804,1,0,0,0.9400436282157898,0.0599563904106617
804,2,0,0,0.8574225306510925,0.1425774246454239
804,3,1,1,0.0207379087805748,0.979262113571167
804,4,0,1,0.14357733726501465,0.8564226627349854
804,5,0,0,0.9159107804298401,0.08408916741609573
804,6,0,1,0.29893869161605835,0.7010613083839417
804,7,1,1,0.015862757340073586,0.9841372966766357
804,8,0,0,0.5599595904350281,0.4400404095649719
804,9,0,0,0.5599595904350281,0.4400404095649719
804,10,0,0,0.9019516706466675,0.09804829955101013
804,11,0,0,0.5599595904350281,0.4400404095649719
804,12,1,1,0.37074005603790283,0.6292599439620972
804,13,0,0,0.6126697659492493,0.3873302936553955
804,14,0,0,0.5599595904350281,0.44004037976264954
804,15,0,0,0.581814169883728,0.4181858003139496
804,16,0,0,0.5599595904350281,0.4400404095649719
804,17,0,1,0.020737914368510246,0.979262113571167
804,18,0,1,0.07688827812671661,0.9231117367744446
804,19,0,0,0.9118061065673828,0.088193878531456
805,0,0,0,0.5448139905929565,0.45518597960472107
805,1,0,0,0.8373203873634338,0.16267959773540497
805,2,0,0,0.7827610373497009,0.21723897755146027
805,3,1,1,0.058809589594602585,0.9411904215812683
805,4,0,0,0.5852470993995667,0.41475287079811096
805,5,0,0,0.8777185678482056,0.12228149175643921
805,6,0,0,0.7394222021102905,0.2605777978897095
805,7,1,0,0.5261062383651733,0.4738937318325043
805,8,0,0,0.5826494693756104,0.4173506200313568
805,9,0,0,0.5826494693756104,0.4173506200313568
805,10,0,0,0.7262706756591797,0.2737293243408203
805,11,0,0,0.5826494693756104,0.4173506200313568
805,12,1,0,0.6877785325050354,0.3122214376926422
805,13,0,0,0.7827609777450562,0.21723900735378265
805,14,0,0,0.6111781001091003,0.38882189989089966
805,15,0,0,0.6622602343559265,0.3377397656440735
805,16,0,0,0.6111781001091003,0.38882189989089966
805,17,0,1,0.2005365639925003,0.7994633913040161
805,18,0,1,0.4526298940181732,0.5473701357841492
805,19,0,0,0.8394996523857117,0.16050030291080475
806,0,0,0,0.6016986966133118,0.39830121397972107
806,1,0,1,0.48413437604904175,0.5158656239509583
806,2,0,0,0.7257161140441895,0.27428385615348816
806,3,1,1,0.09294964373111725,0.9070503115653992
806,4,0,1,0.3489365577697754,0.6510633826255798
806,5,0,0,0.7773802876472473,0.22261972725391388
806,6,0,0,0.7576049566268921,0.2423950880765915
806,7,1,1,0.3489365577697754,0.6510635018348694
806,8,0,0,0.6290929317474365,0.3709070682525635
806,9,0,0,0.6290929317474365,0.3709070086479187
806,10,0,0,0.7576049566268921,0.2423950880765915
806,11,0,0,0.6290929317474365,0.3709070682525635
806,12,1,1,0.0482945442199707,0.9517054557800293
806,13,0,0,0.7257161140441895,0.27428388595581055
806,14,0,0,0.6290929317474365,0.3709070086479187
806,15,0,0,0.7470806241035461,0.25291943550109863
806,16,0,0,0.6290929317474365,0.3709070086479187
806,17,0,1,0.3340831995010376,0.6659168004989624
806,18,0,1,0.471196711063385,0.5288033485412598
806,19,0,0,0.7263010740280151,0.27369892597198486
807,0,0,0,0.6334751844406128,0.36652472615242004
807,1,0,0,0.6358691453933716,0.3641308844089508
807,2,0,0,0.7750456929206848,0.22495433688163757
807,3,1,1,0.04899599403142929,0.9510040283203125
807,4,0,0,0.5017252564430237,0.4982748329639435
807,5,0,0,0.8430286645889282,0.15697132050991058
807,6,0,0,0.8272107839584351,0.17278923094272614
807,7,1,1,0.497128427028656,0.502871572971344
807,8,0,0,0.7190542817115784,0.2809457778930664
807,9,0,0,0.7190542817115784,0.2809457778930664
807,10,0,0,0.8272107839584351,0.17278924584388733
807,11,0,0,0.7190542817115784,0.2809457778930664
807,12,1,1,0.042394496500492096,0.9576055407524109
807,13,0,0,0.7750456929206848,0.22495430707931519
807,14,0,0,0.7190542817115784,0.2809457778930664
807,15,0,0,0.7865602374076843,0.21343977749347687
807,16,0,0,0.7190542817115784,0.2809457778930664
807,17,0,1,0.25211086869239807,0.7478890419006348
807,18,0,0,0.6334752440452576,0.36652472615242004
807,19,0,0,0.8111062049865723,0.18889382481575012
808,0,0,1,0.4585467576980591,0.5414533019065857
808,1,0,0,0.5187572836875916,0.4812427759170532
808,2,0,0,0.8689383268356323,0.13106167316436768
808,3,1,0,0.6183193325996399,0.3816806674003601
808,4,0,1,0.3892480432987213,0.6107519865036011
808,5,0,0,0.8135579824447632,0.18644200265407562
808,6,0,0,0.7497446537017822,0.25025540590286255
808,7,1,1,0.3732149600982666,0.6267850399017334
808,8,0,0,0.6225418448448181,0.37745821475982666
808,9,0,0,0.6225418448448181,0.37745821475982666
808,10,0,0,0.8368859887123108,0.1631140261888504
808,11,0,0,0.6225418448448181,0.37745821475982666
808,12,1,1,0.024509010836482048,0.9754909873008728
808,13,0,0,0.8689383268356323,0.13106165826320648
808,14,0,0,0.6225417852401733,0.37745821475982666
808,15,0,0,0.8710648417472839,0.12893511354923248
808,16,0,0,0.6225417852401733,0.37745821475982666
808,17,0,1,0.49706095457077026,0.5029390454292297
808,18,0,1,0.4195399880409241,0.5804600715637207
808,19,0,0,0.8146467804908752,0.18535315990447998
809,0,0,1,0.43426936864852905,0.5657306909561157
809,1,0,1,0.3364356756210327,0.6635643243789673
809,2,0,1,0.4421580135822296,0.557841956615448
809,3,1,1,0.15992504358291626,0.8400749564170837
809,4,0,1,0.4819938838481903,0.5180061459541321
809,5,0,1,0.1315889060497284,0.8684110641479492
809,6,0,1,0.35285550355911255,0.6471444964408875
809,7,1,1,0.4808930456638336,0.5191069841384888
809,8,0,0,0.5495772361755371,0.4504227936267853
809,9,0,0,0.5495772361755371,0.4504227936267853
809,10,0,1,0.31793010234832764,0.6820698380470276
809,11,0,0,0.5495772361755371,0.4504227936267853
809,12,1,1,0.11181842535734177,0.8881815075874329
809,13,0,1,0.11181841790676117,0.8881816267967224
809,14,0,0,0.5495772361755371,0.4504227936267853
809,15,0,0,0.5013468861579895,0.4986531734466553
809,16,0,0,0.5495772361755371,0.4504227936267853
809,17,0,1,0.3136807978153229,0.6863192319869995
809,18,0,1,0.43426936864852905,0.565730631351471
809,19,0,1,0.3391260802745819,0.6608739495277405
810,0,0,0,0.845156729221344,0.154843270778656
810,1,0,0,0.620961606502533,0.37903839349746704
810,2,0,0,0.6379147171974182,0.362085223197937
810,3,1,1,0.051026757806539536,0.9489731788635254
810,4,0,1,0.38436099886894226,0.6156390905380249
810,5,0,0,0.9519248008728027,0.048075173050165176
810,6,0,0,0.9336826205253601,0.0663173645734787
810,7,1,1,0.38436099886894226,0.6156390905380249
810,8,0,0,0.5181578397750854,0.4818421006202698
810,9,0,0,0.5181578397750854,0.48184213042259216
810,10,0,0,0.9265819787979126,0.07341798394918442
810,11,0,0,0.5181578397750854,0.48184216022491455
810,12,1,1,0.09554845839738846,0.9044515490531921
810,13,0,1,0.25192707777023315,0.7480728626251221
810,14,0,0,0.5181578397750854,0.4818421006202698
810,15,0,0,0.6432175636291504,0.3567824363708496
810,16,0,0,0.5181578397750854,0.48184216022491455
810,17,0,1,0.35341668128967285,0.6465833187103271
810,18,0,0,0.7868525385856628,0.21314743161201477
810,19,0,0,0.9519248008728027,0.048075173050165176
811,0,0,0,0.9495645761489868,0.050435468554496765
811,1,0,0,0.9776124358177185,0.02238750271499157
811,2,0,0,0.6354676485061646,0.36453238129615784
811,3,1,0,0.9687588810920715,0.031241104006767273
811,4,0,1,0.29148921370506287,0.7085108160972595
811,5,0,0,0.9733073711395264,0.02669268473982811
811,6,0,0,0.963487982749939,0.036511994898319244
811,7,1,1,0.28832703828811646,0.7116729617118835
811,8,0,1,0.25378602743148804,0.7462139129638672
811,9,0,1,0.4279116094112396,0.572088360786438
811,10,0,0,0.9648677110671997,0.03513234853744507
811,11,0,1,0.2537860572338104,0.7462140321731567
811,12,1,1,0.20346735417842865,0.7965326309204102
811,13,0,0,0.6319213509559631,0.3680786192417145
811,14,0,1,0.46881845593452454,0.5311816334724426
811,15,0,0,0.636286199092865,0.36371371150016785
811,16,0,1,0.46881845593452454,0.5311816334724426
811,17,0,0,0.9674293398857117,0.03257066383957863
811,18,0,1,0.28832703828811646,0.7116730213165283
811,19,0,0,0.9733073711395264,0.026692664250731468
812,0,0,1,0.23045729100704193,0.7695426940917969
812,1,0,0,0.9944936037063599,0.00550636975094676
812,2,0,0,0.7036166191101074,0.29638341069221497
812,3,1,0,0.748336911201477,0.2516631782054901
812,4,0,1,0.23045729100704193,0.7695426940917969
812,5,0,0,0.9898031949996948,0.010196774266660213
812,6,0,0,0.9904463291168213,0.00955368485301733
812,7,1,1,0.11948634684085846,0.8805136680603027
812,8,0,0,0.891463577747345,0.10853640735149384
812,9,0,0,0.912736713886261,0.08726329356431961
812,10,0,0,0.9896196722984314,0.010380391962826252
812,11,0,0,0.8996047377586365,0.10039527714252472
812,12,1,1,0.04811621457338333,0.9518837928771973
812,13,0,0,0.7054042220115662,0.29459577798843384
812,14,0,0,0.8996047377586365,0.10039527714252472
812,15,0,0,0.7154906988143921,0.2845093607902527
812,16,0,1,0.41569817066192627,0.5843018293380737
812,17,0,0,0.6159183382987976,0.38408172130584717
812,18,0,1,0.20857137441635132,0.7914286851882935
812,19,0,0,0.9897556900978088,0.010244365781545639
813,0,0,0,0.5686705708503723,0.4313294291496277
813,1,0,0,0.752996027469635,0.24700388312339783
813,2,0,0,0.5505759119987488,0.4494241178035736
813,3,1,1,0.11162777990102768,0.8883723020553589
813,4,0,0,0.5686706304550171,0.4313294291496277
813,5,0,0,0.9511463642120361,0.04885363206267357
813,6,0,0,0.9772273898124695,0.022772546857595444
813,7,1,0,0.5686705112457275,0.4313294291496277
813,8,0,0,0.9712930917739868,0.028706876561045647
813,9,0,0,0.9779254198074341,0.02207460254430771
813,10,0,0,0.9014200568199158,0.09857992082834244
813,11,0,0,0.9804177284240723,0.019582217559218407
813,12,1,1,0.19396309554576874,0.8060368895530701
813,13,0,1,0.2548156976699829,0.7451843023300171
813,14,0,0,0.9804177284240723,0.019582217559218407
813,15,0,0,0.5872805714607239,0.4127194285392761
813,16,0,0,0.9773412346839905,0.022658728063106537
813,17,0,1,0.10373339056968689,0.8962665796279907
813,18,0,0,0.7851575613021851,0.21484239399433136
813,19,0,0,0.9504230618476868,0.049576956778764725
814,0,0,1,0.43923279643058777,0.5607672333717346
814,1,0,0,0.9967441558837891,0.0032558708917349577
814,2,0,0,0.9969820380210876,0.0030178960878401995
814,3,1,1,0.05096682161092758,0.9490332007408142
814,4,0,1,0.42856353521347046,0.5714365243911743
814,5,0,1,0.44987741112709045,0.5501225590705872
814,6,0,0,0.9923149943351746,0.007685065735131502
814,7,1,1,0.024075502529740334,0.9759244918823242
814,8,0,0,0.9401096701622009,0.05989030748605728
814,9,0,0,0.9910318851470947,0.0089681725949049
814,10,0,0,0.9962150454521179,0.0037849359214305878
814,11,0,0,0.9847157001495361,0.01528423372656107
814,12,1,1,0.039212699979543686,0.960787296295166
814,13,0,0,0.5081554651260376,0.4918444752693176
814,14,0,0,0.9847157001495361,0.015284241177141666
814,15,0,0,0.513914167881012,0.48608583211898804
814,16,0,0,0.9846847057342529,0.015315283089876175
814,17,0,1,0.16817481815814972,0.8318251967430115
814,18,0,0,0.89736008644104,0.10263991355895996
814,19,0,0,0.9964514970779419,0.003548466833308339
815,0,0,1,0.28466281294822693,0.7153372168540955
815,1,0,0,0.9960248470306396,0.003975132945924997
815,2,0,0,0.9950553178787231,0.004944690968841314
815,3,1,1,0.024859866127371788,0.9751401543617249
815,4,0,1,0.28466281294822693,0.7153372168540955
815,5,0,0,0.9942250847816467,0.005774924531579018
815,6,0,0,0.9953305721282959,0.004669502377510071
815,7,1,1,0.28690069913864136,0.7130993008613586
815,8,0,0,0.77605140209198,0.22394858300685883
815,9,0,0,0.99233078956604,0.007669157814234495
815,10,0,0,0.9949663281440735,0.005033619701862335
815,11,0,1,0.37218400835990906,0.6278159618377686
815,12,1,1,0.09195833653211594,0.9080416560173035
815,13,0,0,0.5725900530815125,0.42740994691848755
815,14,0,0,0.6928438544273376,0.30715620517730713
815,15,0,0,0.6033492088317871,0.3966507613658905
815,16,0,0,0.8960700035095215,0.10392995178699493
815,17,0,1,0.02179308421909809,0.978206992149353
815,18,0,0,0.8433455228805542,0.1566544473171234
815,19,0,0,0.996181845664978,0.003818185068666935
816,0,0,1,0.041952915489673615,0.9580471515655518
816,1,0,0,0.9563261270523071,0.0436738058924675
816,2,0,0,0.9383308291435242,0.06166914105415344
816,3,1,1,0.07773009687662125,0.922269880771637
816,4,0,1,0.023537127301096916,0.9764629006385803
816,5,0,0,0.8083184957504272,0.19168153405189514
816,6,0,0,0.9644730091094971,0.03552696108818054
816,7,1,1,0.03362305089831352,0.9663769602775574
816,8,0,0,0.9581181406974792,0.04188189655542374
816,9,0,0,0.9771865606307983,0.022813454270362854
816,10,0,0,0.8850937485694885,0.11490623652935028
816,11,0,0,0.9752559065818787,0.024744076654314995
816,12,1,1,0.4059179723262787,0.5940819978713989
816,13,0,1,0.4059179723262787,0.5940819978713989
816,14,0,0,0.9752559065818787,0.024744076654314995
816,15,0,0,0.5041301250457764,0.49586987495422363
816,16,0,0,0.9763603806495667,0.023639677092432976
816,17,0,1,0.3141784071922302,0.6858215928077698
816,18,0,0,0.9754667282104492,0.02453325316309929
816,19,0,0,0.9528827667236328,0.04711722955107689
817,0,0,1,0.47012022137641907,0.5298797488212585
817,1,0,0,0.979371964931488,0.020628010854125023
817,2,0,0,0.9766613841056824,0.023338625207543373
817,3,1,1,0.05425172671675682,0.9457483291625977
817,4,0,1,0.47012025117874146,0.5298797488212585
817,5,0,0,0.9824283719062805,0.017571648582816124
817,6,0,0,0.9807428121566772,0.01925714500248432
817,7,1,1,0.47080618143081665,0.5291938185691833
817,8,0,1,0.43143633008003235,0.56856369972229
817,9,0,0,0.9726256132125854,0.027374381199479103
817,10,0,0,0.9785430431365967,0.02145702764391899
817,11,0,0,0.9827373623847961,0.01726260967552662
817,12,1,1,0.07193809747695923,0.9280619621276855
817,13,0,1,0.4583760201931,0.5416239500045776
817,14,0,0,0.9843655824661255,0.01563440077006817
817,15,0,1,0.4675535559654236,0.5324464440345764
817,16,0,0,0.9843655824661255,0.01563440077006817
817,17,0,1,0.26428136229515076,0.7357186675071716
817,18,0,1,0.45793354511260986,0.5420664548873901
817,19,0,0,0.9805682301521301,0.019431857392191887
818,0,0,1,0.45227062702178955,0.5477293729782104
818,1,0,0,0.9895727038383484,0.01042724959552288
818,2,0,0,0.9887195229530334,0.01128043420612812
818,3,1,1,0.1089169979095459,0.8910830020904541
818,4,0,1,0.45227062702178955,0.5477293729782104
818,5,0,0,0.9902618527412415,0.009738191962242126
818,6,0,0,0.9899551868438721,0.010044760070741177
818,7,1,1,0.4965556859970093,0.5034443140029907
818,8,0,1,0.30916380882263184,0.6908361911773682
818,9,0,0,0.9887261986732483,0.011273879557847977
818,10,0,0,0.9898052215576172,0.01019479800015688
818,11,0,0,0.9894102811813354,0.01058976724743843
818,12,1,1,0.042720407247543335,0.957279622554779
818,13,0,0,0.5114338397979736,0.48856616020202637
818,14,0,0,0.9905428290367126,0.009457198902964592
818,15,0,0,0.5234173536300659,0.4765826463699341
818,16,0,0,0.9905428290367126,0.009457198902964592
818,17,0,1,0.06748931109905243,0.9325107336044312
818,18,0,1,0.44865697622299194,0.5513430833816528
818,19,0,0,0.9904512166976929,0.009548790752887726
819,0,0,1,0.4497070014476776,0.5502930879592896
819,1,0,0,0.9792774319648743,0.02072257548570633
819,2,0,0,0.9095668196678162,0.09043323993682861
819,3,1,0,0.7126219868659973,0.2873780429363251
819,4,0,1,0.4497070014476776,0.5502930879592896
819,5,0,0,0.8886553645133972,0.11134465783834457
819,6,0,0,0.9814639687538147,0.018536048009991646
819,7,1,1,0.49592503905296326,0.5040749907493591
819,8,0,1,0.3071709871292114,0.6928290724754333
819,9,0,0,0.9782866835594177,0.021713320165872574
819,10,0,0,0.8969135284423828,0.1030864417552948
819,11,0,0,0.9365919232368469,0.06340809166431427
819,12,1,0,0.6158463358879089,0.38415366411209106
819,13,0,0,0.5991886854171753,0.4008112847805023
819,14,0,0,0.9005922675132751,0.09940774738788605
819,15,0,0,0.6443332433700562,0.35566675662994385
819,16,0,0,0.9014433026313782,0.09855666011571884
819,17,0,0,0.6934128403663635,0.30658718943595886
819,18,0,1,0.40857425332069397,0.5914256572723389
819,19,0,0,0.8886552453041077,0.11134469509124756
820,0,0,0,0.54421466588974,0.45578527450561523
820,1,0,0,0.98395174741745,0.016048284247517586
820,2,0,0,0.6476025581359863,0.3523974120616913
820,3,1,0,0.9830348491668701,0.0169651061296463
820,4,0,0,0.54421466588974,0.45578527450561523
820,5,0,0,0.9824938178062439,0.017506111413240433
820,6,0,1,0.3716243803501129,0.6283755898475647
820,7,1,0,0.5889610648155212,0.411038875579834
820,8,0,1,0.3362651467323303,0.6637348532676697
820,9,0,0,0.6405328512191772,0.35946717858314514
820,10,0,0,0.9756754636764526,0.02432454191148281
820,11,0,0,0.8792788982391357,0.12072111666202545
820,12,1,1,0.31916889548301697,0.6808311343193054
820,13,0,1,0.4127543270587921,0.5872457027435303
820,14,0,0,0.8931304216384888,0.10686950385570526
820,15,0,1,0.41824498772621155,0.5817549824714661
820,16,0,0,0.8931304216384888,0.10686950385570526
820,17,0,0,0.9814028739929199,0.018597085028886795
820,18,0,1,0.4536004066467285,0.5463995337486267
820,19,0,0,0.9824401140213013,0.01755988784134388
821,0,0,1,0.471331387758255,0.5286685228347778
821,1,0,0,0.8996065258979797,0.10039343684911728
821,2,0,0,0.909835696220398,0.09016423672437668
821,3,1,0,0.8206744194030762,0.17932559549808502
821,4,0,1,0.471331387758255,0.5286685228347778
821,5,0,0,0.8786321878433228,0.12136782705783844
821,6,0,0,0.9489206075668335,0.051079362630844116
821,7,1,1,0.4965546131134033,0.5034453868865967
821,8,0,1,0.44401678442955017,0.5559831857681274
821,9,0,0,0.9187172651290894,0.08128271996974945
821,10,0,0,0.8676755428314209,0.1323244869709015
821,11,0,0,0.9697285890579224,0.030271409079432487
821,12,1,1,0.3137076795101166,0.6862923502922058
821,13,0,1,0.3137076795101166,0.6862923502922058
821,14,0,0,0.9754089713096619,0.024591008201241493
821,15,0,0,0.5093135237693787,0.4906865060329437
821,16,0,0,0.9754089713096619,0.024591008201241493
821,17,0,0,0.8786321878433228,0.12136782705783844
821,18,0,1,0.48745372891426086,0.5125462412834167
821,19,0,0,0.8786321878433228,0.12136781215667725
822,0,0,1,0.46050122380256653,0.5394987463951111
822,1,0,0,0.9338675141334534,0.06613249331712723
822,2,0,0,0.9393302202224731,0.06066974252462387
822,3,1,1,0.13192804157733917,0.8680719137191772
822,4,0,1,0.46050122380256653,0.5394987463951111
822,5,0,0,0.8848947882652283,0.11510525643825531
822,6,0,0,0.9609517455101013,0.039048269391059875
822,7,1,1,0.46288958191871643,0.5371103882789612
822,8,0,1,0.4258858561515808,0.5741141438484192
822,9,0,0,0.9757832884788513,0.024216653779149055
822,10,0,0,0.8079334497451782,0.19206659495830536
822,11,0,0,0.9827643036842346,0.017235709354281425
822,12,1,0,0.5807490348815918,0.4192509651184082
822,13,0,0,0.652863621711731,0.34713634848594666
822,14,0,0,0.9857590198516846,0.014240962453186512
822,15,0,1,0.4723530113697052,0.5276470184326172
822,16,0,0,0.9893150329589844,0.010684948414564133
822,17,0,0,0.8729835152626038,0.12701645493507385
822,18,0,1,0.4547708034515381,0.5452291965484619
822,19,0,0,0.8848947882652283,0.11510525643825531
823,0,0,1,0.06846386194229126,0.9315361380577087
823,1,0,1,0.1757436990737915,0.8242563009262085
823,2,0,0,0.9182356595993042,0.0817643329501152
823,3,1,0,0.5871931314468384,0.412806898355484
823,4,0,1,0.1535220891237259,0.8464779257774353
823,5,0,1,0.4397837817668915,0.5602163076400757
823,6,0,0,0.9231879115104675,0.07681205868721008
823,7,1,1,0.10251009464263916,0.8974898457527161
823,8,0,1,0.33748847246170044,0.6625115275382996
823,9,0,0,0.9398815035820007,0.06011853367090225
823,10,0,0,0.7814698815345764,0.21853011846542358
823,11,0,0,0.9617960453033447,0.03820395842194557
823,12,1,1,0.11382512003183365,0.8861749172210693
823,13,0,1,0.32133054733276367,0.6786694526672363
823,14,0,0,0.9633755683898926,0.036624494940042496
823,15,0,1,0.18522319197654724,0.8147768378257751
823,16,0,0,0.8477892279624939,0.15221074223518372
823,17,0,0,0.7890652418136597,0.21093474328517914
823,18,0,1,0.4974401295185089,0.5025599002838135
823,19,0,0,0.7902355790138245,0.20976443588733673
824,0,0,1,0.05368373170495033,0.9463162422180176
824,1,0,0,0.7675036787986755,0.23249636590480804
824,2,0,1,0.38163748383522034,0.6183624863624573
824,3,1,0,0.7573222517967224,0.2426777184009552
824,4,0,1,0.10002867132425308,0.8999713659286499
824,5,0,0,0.7672228813171387,0.23277714848518372
824,6,0,0,0.7410584092140198,0.2589415907859802
824,7,1,1,0.0990186259150505,0.9009813666343689
824,8,0,1,0.354269415140152,0.6457305550575256
824,9,0,0,0.7949070334434509,0.20509299635887146
824,10,0,0,0.7840430736541748,0.2159569263458252
824,11,0,0,0.7444911599159241,0.25550878047943115
824,12,1,1,0.18652966618537903,0.8134703636169434
824,13,0,0,0.5747253894805908,0.42527464032173157
824,14,0,0,0.9535496234893799,0.04645029827952385
824,15,0,1,0.3913915455341339,0.6086084842681885
824,16,0,0,0.9629464745521545,0.037053585052490234
824,17,0,0,0.7761915326118469,0.22380845248699188
824,18,0,1,0.4990614354610443,0.5009386539459229
824,19,0,0,0.6875230669975281,0.31247690320014954
825,0,0,0,0.5109685659408569,0.48903146386146545
825,1,0,0,0.8958469033241272,0.1041531190276146
825,2,0,0,0.8653591275215149,0.1346408873796463
825,3,1,0,0.846967875957489,0.1530321091413498
825,4,0,0,0.5303763151168823,0.46962371468544006
825,5,0,0,0.7708622217178345,0.22913780808448792
825,6,0,0,0.9024909138679504,0.09750904142856598
825,7,1,0,0.5303763151168823,0.4696236848831177
825,8,0,1,0.4156769812107086,0.5843230485916138
825,9,0,0,0.7152031660079956,0.2847968339920044
825,10,0,0,0.816122829914093,0.18387718498706818
825,11,0,0,0.9170699119567871,0.08293014764785767
825,12,1,1,0.2932951748371124,0.7067047953605652
825,13,0,0,0.5485495328903198,0.45145052671432495
825,14,0,0,0.9404263496398926,0.05957366153597832
825,15,0,0,0.5621747374534607,0.4378252625465393
825,16,0,0,0.9641797542572021,0.03582017868757248
825,17,0,0,0.6921820044517517,0.3078179359436035
825,18,0,1,0.45999324321746826,0.5400068163871765
825,19,0,0,0.7481893301010132,0.2518106997013092
826,0,0,1,0.43618085980415344,0.563819169998169
826,1,0,0,0.9497725963592529,0.05022743344306946
826,2,0,0,0.9414910674095154,0.058508969843387604
826,3,1,1,0.1805548071861267,0.8194451928138733
826,4,0,1,0.46208760142326355,0.5379123687744141
826,5,0,0,0.9348196387290955,0.06518037617206573
826,6,0,0,0.9502965807914734,0.049703482538461685
826,7,1,1,0.46208760142326355,0.5379123687744141
826,8,0,1,0.3160705864429474,0.683929443359375
826,9,0,0,0.6370792984962463,0.3629206418991089
826,10,0,0,0.8661879301071167,0.1338120698928833
826,11,0,0,0.9472206830978394,0.05277932435274124
826,12,1,1,0.08177247643470764,0.91822749376297
826,13,0,1,0.31705716252326965,0.682942807674408
826,14,0,0,0.898102879524231,0.10189713537693024
826,15,0,1,0.31891298294067383,0.681087076663971
826,16,0,0,0.9205820560455322,0.07941795885562897
826,17,0,0,0.8790642619132996,0.12093567848205566
826,18,0,1,0.3597116470336914,0.6402882933616638
826,19,0,0,0.9043166041374207,0.09568336606025696
827,0,0,1,0.21680717170238495,0.7831928730010986
827,1,0,0,0.9810360670089722,0.018963908776640892
827,2,0,0,0.9817814826965332,0.018218493089079857
827,3,1,1,0.08098027855157852,0.9190196990966797
827,4,0,1,0.0851818099617958,0.9148181676864624
827,5,0,0,0.9882573485374451,0.011742641218006611
827,6,0,0,0.9813600778579712,0.01863994635641575
827,7,1,1,0.05139496549963951,0.9486050009727478
827,8,0,1,0.24577532708644867,0.7542247176170349
827,9,0,0,0.9730967879295349,0.026903266087174416
827,10,0,0,0.9809103608131409,0.01908959448337555
827,11,0,0,0.9593014717102051,0.04069846123456955
827,12,1,1,0.1237064003944397,0.8762935996055603
827,13,0,1,0.3223239779472351,0.6776760220527649
827,14,0,0,0.9594203233718872,0.040579669177532196
827,15,0,1,0.3439547121524811,0.6560452580451965
827,16,0,0,0.7741523385047913,0.22584769129753113
827,17,0,0,0.7649160027503967,0.23508399724960327
827,18,0,1,0.1783042550086975,0.8216957449913025
827,19,0,0,0.9849648475646973,0.015035098418593407
828,0,0,1,0.41175854206085205,0.588241457939148
828,1,0,0,0.8940218687057495,0.1059780940413475
828,2,0,0,0.9339243173599243,0.0660756528377533
828,3,1,0,0.7769271731376648,0.22307278215885162
828,4,0,1,0.4197789132595062,0.5802211165428162
828,5,0,0,0.8855459690093994,0.114453986287117
828,6,0,0,0.9403452277183533,0.05965479463338852
828,7,1,1,0.4197789132595062,0.5802211165428162
828,8,0,1,0.38652458786964417,0.6134753823280334
828,9,0,0,0.7443211078643799,0.2556789219379425
828,10,0,0,0.9307367205619812,0.06926333159208298
828,11,0,0,0.9014133214950562,0.09858670830726624
828,12,1,1,0.08308126777410507,0.9169187545776367
828,13,0,1,0.19901813566684723,0.800981879234314
828,14,0,0,0.8855177760124207,0.11448226869106293
828,15,0,1,0.12774315476417542,0.8722568154335022
828,16,0,0,0.9035085439682007,0.09649144858121872
828,17,0,0,0.8592402338981628,0.14075967669487
828,18,0,1,0.38652458786964417,0.6134753823280334
828,19,0,0,0.836912214756012,0.16308777034282684
829,0,0,1,0.4325577914714813,0.5674422979354858
829,1,0,1,0.16389200091362,0.8361079692840576
829,2,0,1,0.47495126724243164,0.5250487923622131
829,3,1,1,0.10502089560031891,0.8949791193008423
829,4,0,1,0.4144205152988434,0.5855794548988342
829,5,0,1,0.41704076528549194,0.5829592347145081
829,6,0,0,0.7401507496833801,0.2598492503166199
829,7,1,1,0.4144205152988434,0.5855794548988342
829,8,0,1,0.40601402521133423,0.5939859747886658
829,9,0,1,0.06140900030732155,0.938590943813324
829,10,0,0,0.7019515037536621,0.2980485260486603
829,11,0,0,0.9759162068367004,0.024083759635686874
829,12,1,1,0.17527438700199127,0.8247255682945251
829,13,0,1,0.17527441680431366,0.8247255682945251
829,14,0,0,0.9824888706207275,0.01751108095049858
829,15,0,1,0.2850275933742523,0.7149723768234253
829,16,0,0,0.9843303561210632,0.01566961221396923
829,17,0,1,0.18728971481323242,0.8127102851867676
829,18,0,1,0.40440571308135986,0.5955942273139954
829,19,0,1,0.1232619658112526,0.8767380118370056
830,0,0,1,0.48965173959732056,0.5103482007980347
830,1,0,0,0.8895375728607178,0.11046241223812103
830,2,0,0,0.7618141770362854,0.2381858080625534
830,3,1,1,0.058632463216781616,0.941367506980896
830,4,0,0,0.5079061388969421,0.49209386110305786
830,5,0,0,0.6964468955993652,0.30355316400527954
830,6,0,0,0.8992664217948914,0.10073357075452805
830,7,1,0,0.5079061388969421,0.49209389090538025
830,8,0,1,0.43250149488449097,0.5674985647201538
830,9,0,0,0.7641084790229797,0.23589153587818146
830,10,0,0,0.8969640731811523,0.10303597897291183
830,11,0,0,0.896205484867096,0.10379447788000107
830,12,1,1,0.43957850337028503,0.5604214668273926
830,13,0,1,0.4395785331726074,0.5604214668273926
830,14,0,0,0.8489207625389099,0.1510792374610901
830,15,0,1,0.39026322960853577,0.6097368001937866
830,16,0,0,0.8757011890411377,0.12429884076118469
830,17,0,0,0.66993647813797,0.3300635814666748
830,18,0,1,0.4058634042739868,0.5941365957260132
830,19,0,1,0.20339526236057281,0.7966047525405884
831,0,0,1,0.4618985056877136,0.5381015539169312
831,1,0,0,0.9764928817749023,0.023507121950387955
831,2,0,0,0.9756103754043579,0.024389641359448433
831,3,1,1,0.044754162430763245,0.955245852470398
831,4,0,1,0.48946261405944824,0.5105373859405518
831,5,0,0,0.9677371382713318,0.03226282820105553
831,6,0,0,0.9768699407577515,0.023130036890506744
831,7,1,1,0.48946264386177063,0.5105373859405518
831,8,0,1,0.3997056186199188,0.6002943515777588
831,9,0,0,0.9770784378051758,0.022921539843082428
831,10,0,0,0.9765065312385559,0.023493487387895584
831,11,0,0,0.98261559009552,0.017384352162480354
831,12,1,1,0.1772759109735489,0.8227240443229675
831,13,0,1,0.2848454713821411,0.7151545286178589
831,14,0,0,0.9618886709213257,0.038111284375190735
831,15,0,1,0.22683396935462952,0.7731659412384033
831,16,0,0,0.8042628765106201,0.19573712348937988
831,17,0,0,0.9685071110725403,0.03149285539984703
831,18,0,1,0.3720870614051819,0.6279129385948181
831,19,0,0,0.9663663506507874,0.03363363817334175
832,0,0,1,0.4875358045101166,0.512464165687561
832,1,0,0,0.9589460492134094,0.04105391725897789
832,2,0,0,0.9238837957382202,0.076116181910038
832,3,1,1,0.08054224401712418,0.9194577932357788
832,4,0,1,0.4457692801952362,0.5542307496070862
832,5,0,0,0.9737992882728577,0.026200735941529274
832,6,0,0,0.9589460492134094,0.04105393961071968
832,7,1,1,0.4457693099975586,0.5542307496070862
832,8,0,0,0.5282450914382935,0.4717549681663513
832,9,0,0,0.8291568160057068,0.17084309458732605
832,10,0,0,0.9586780071258545,0.0413220189511776
832,11,0,0,0.9704917073249817,0.029508275911211967
832,12,1,1,0.4104265868663788,0.5895734429359436
832,13,0,1,0.3774586617946625,0.6225413084030151
832,14,0,0,0.987183690071106,0.012816308997571468
832,15,0,1,0.38474056124687195,0.6152594089508057
832,16,0,0,0.9882845878601074,0.011715402826666832
832,17,0,0,0.938031792640686,0.06196823716163635
832,18,0,0,0.5686676502227783,0.4313323199748993
832,19,0,0,0.9656276106834412,0.034372422844171524
833,0,0,1,0.49469754099845886,0.505302369594574
833,1,0,0,0.9533796310424805,0.04662032797932625
833,2,0,0,0.9639651775360107,0.036034878343343735
833,3,1,0,0.743412435054779,0.25658759474754333
833,4,0,0,0.5044980049133301,0.4955020248889923
833,5,0,0,0.8475800156593323,0.1524200290441513
833,6,0,0,0.9534863829612732,0.04651368036866188
833,7,1,0,0.5044980049133301,0.4955020248889923
833,8,0,1,0.4602562487125397,0.5397437810897827
833,9,0,0,0.9658403992652893,0.034159574657678604
833,10,0,0,0.9493058919906616,0.050694119185209274
833,11,0,0,0.9806333184242249,0.019366715103387833
833,12,1,1,0.1085122749209404,0.891487717628479
833,13,0,1,0.18915653228759766,0.8108434677124023
833,14,0,0,0.9863438606262207,0.01365616824477911
833,15,0,1,0.23816904425621033,0.7618309855461121
833,16,0,0,0.9866374731063843,0.013362539000809193
833,17,0,0,0.9091081023216248,0.09089184552431107
833,18,0,1,0.44902780652046204,0.5509722232818604
833,19,0,0,0.8769521117210388,0.12304791063070297
834,0,0,0,0.5015498995780945,0.49845004081726074
834,1,0,0,0.9473775029182434,0.0526224821805954
834,2,0,0,0.9682351350784302,0.03176487609744072
834,3,1,1,0.07850227504968643,0.9214977622032166
834,4,0,0,0.52060866355896,0.4793913662433624
834,5,0,0,0.9624477624893188,0.03755219653248787
834,6,0,0,0.9609225392341614,0.039077404886484146
834,7,1,0,0.52060866355896,0.47939133644104004
834,8,0,1,0.4109375774860382,0.5890623927116394
834,9,0,0,0.9684241414070129,0.03157591447234154
834,10,0,0,0.9603113532066345,0.039688631892204285
834,11,0,0,0.9874502420425415,0.012549752369523048
834,12,1,1,0.23037709295749664,0.7696229219436646
834,13,0,1,0.2640175223350525,0.7359825372695923
834,14,0,0,0.990673840045929,0.009326105006039143
834,15,0,1,0.2640175521373749,0.7359825372695923
834,16,0,0,0.9925981760025024,0.0074017662554979324
834,17,0,0,0.9444493055343628,0.05555069074034691
834,18,0,1,0.3920758068561554,0.607924222946167
834,19,0,0,0.9539116024971008,0.04608837887644768
835,0,0,1,0.49451446533203125,0.5054855346679688
835,1,0,0,0.9541877508163452,0.045812301337718964
835,2,0,0,0.9461695551872253,0.053830455988645554
835,3,1,1,0.11035342514514923,0.8896465301513672
835,4,0,1,0.4779782295227051,0.5220217704772949
835,5,0,1,0.3189653754234314,0.6810345649719238
835,6,0,0,0.8974456787109375,0.10255435854196548
835,7,1,1,0.4779782295227051,0.5220217704772949
835,8,0,0,0.5065434575080872,0.49345654249191284
835,9,0,0,0.930672287940979,0.0693277046084404
835,10,0,0,0.9535616636276245,0.046438295394182205
835,11,0,0,0.9471027851104736,0.05289723724126816
835,12,1,1,0.22743192315101624,0.7725680470466614
835,13,0,1,0.2360478639602661,0.7639520764350891
835,14,0,0,0.9412030577659607,0.0587969645857811
835,15,0,1,0.24246129393577576,0.7575387358665466
835,16,0,0,0.9412030577659607,0.0587969645857811
835,17,0,0,0.7779902815818787,0.22200967371463776
835,18,0,0,0.5146426558494568,0.4853573739528656
835,19,0,0,0.9676961898803711,0.032303761690855026
836,0,0,1,0.2878885865211487,0.7121113538742065
836,1,0,1,0.47970569133758545,0.5202943682670593
836,2,0,0,0.6568370461463928,0.3431629538536072
836,3,1,1,0.18794263899326324,0.812057375907898
836,4,0,0,0.5930413603782654,0.4069586396217346
836,5,0,1,0.24718104302883148,0.7528189420700073
836,6,0,1,0.47970569133758545,0.5202943682670593
836,7,1,0,0.6063741445541382,0.39362579584121704
836,8,0,1,0.3098600208759308,0.6901400089263916
836,9,0,0,0.5032384395599365,0.49676162004470825
836,10,0,1,0.4639497697353363,0.5360502004623413
836,11,0,1,0.3477153182029724,0.6522846817970276
836,12,1,1,0.3608613908290863,0.6391386389732361
836,13,0,1,0.3608613610267639,0.6391386389732361
836,14,0,0,0.945641279220581,0.05435873568058014
836,15,0,1,0.3608613610267639,0.6391386389732361
836,16,0,0,0.9453985095024109,0.05460146814584732
836,17,0,1,0.1267937570810318,0.8732062578201294
836,18,0,1,0.25124305486679077,0.7487569451332092
836,19,0,0,0.5278627276420593,0.4721371829509735
837,0,0,1,0.3640069365501404,0.6359931230545044
837,1,0,0,0.8125734925270081,0.18742649257183075
837,2,0,0,0.8102545142173767,0.1897454559803009
837,3,1,0,0.5605365633964539,0.43946343660354614
837,4,0,0,0.5797537565231323,0.4202462136745453
837,5,0,0,0.5610721707344055,0.4389278292655945
837,6,0,0,0.8125734925270081,0.18742649257183075
837,7,1,1,0.07751763612031937,0.9224823713302612
837,8,0,1,0.4394567608833313,0.5605432391166687
837,9,0,0,0.8009212613105774,0.1990787386894226
837,10,0,0,0.8015978932380676,0.19840213656425476
837,11,0,0,0.7967057228088379,0.20329424738883972
837,12,1,1,0.18193425238132477,0.8180657029151917
837,13,0,1,0.21466203033924103,0.7853379845619202
837,14,0,0,0.9335806965827942,0.066419318318367
837,15,0,1,0.18193425238132477,0.8180657029151917
837,16,0,0,0.9335806965827942,0.066419318318367
837,17,0,0,0.7966787219047546,0.20332121849060059
837,18,0,1,0.3375099003314972,0.6624901294708252
837,19,0,0,0.700859010219574,0.2991410493850708
838,0,0,0,0.5294115543365479,0.47058847546577454
838,1,0,0,0.6308759450912476,0.36912405490875244
838,2,0,0,0.6690041422843933,0.3309958875179291
838,3,1,1,0.08149953186511993,0.9185004830360413
838,4,0,0,0.5391385555267334,0.4608614444732666
838,5,0,1,0.22789333760738373,0.7721066474914551
838,6,0,1,0.33859044313430786,0.6614094972610474
838,7,1,0,0.553711473941803,0.44628846645355225
838,8,0,0,0.5076366066932678,0.4923633933067322
838,9,0,1,0.42206165194511414,0.5779383182525635
838,10,0,0,0.6237797141075134,0.3762202560901642
838,11,0,0,0.5066539645195007,0.49334606528282166
838,12,1,1,0.17301391065120697,0.8269861340522766
838,13,0,1,0.18820582330226898,0.811794102191925
838,14,0,0,0.9069372415542603,0.09306279569864273
838,15,0,1,0.20589333772659302,0.7941067218780518
838,16,0,0,0.9069372415542603,0.09306279569864273
838,17,0,1,0.2549383044242859,0.7450616955757141
838,18,0,0,0.5049118399620056,0.49508821964263916
838,19,0,1,0.3557100296020508,0.6442899703979492
839,0,0,1,0.4609580934047699,0.5390419363975525
839,1,0,0,0.8283552527427673,0.17164471745491028
839,2,0,0,0.8241215348243713,0.17587845027446747
839,3,1,0,0.543326199054718,0.4566737711429596
839,4,0,0,0.5194641947746277,0.48053574562072754
839,5,0,0,0.5491282939910889,0.45087167620658875
839,6,0,0,0.8283552527427673,0.17164471745491028
839,7,1,1,0.49855557084083557,0.5014444589614868
839,8,0,1,0.45532575249671936,0.5446742177009583
839,9,0,1,0.17992526292800903,0.8200746774673462
839,10,0,0,0.7443464994430542,0.2556535005569458
839,11,0,0,0.7799630165100098,0.22003699839115143
839,12,1,1,0.37386229634284973,0.6261377334594727
839,13,0,1,0.37386229634284973,0.6261377334594727
839,14,0,0,0.9387397170066833,0.061260320246219635
839,15,0,1,0.37386229634284973,0.6261377334594727
839,16,0,0,0.9394913911819458,0.060508593916893005
839,17,0,1,0.2640743553638458,0.7359256744384766
839,18,0,1,0.4034830927848816,0.5965169072151184
839,19,0,0,0.6202839612960815,0.37971603870391846
840,0,0,0,0.568016767501831,0.43198320269584656
840,1,0,0,0.9195047616958618,0.08049521595239639
840,2,0,0,0.9039893746376038,0.09601063281297684
840,3,1,0,0.5951249003410339,0.40487509965896606
840,4,0,0,0.6414743065834045,0.3585256338119507
840,5,0,0,0.5951249003410339,0.40487509965896606
840,6,0,0,0.8305643796920776,0.16943559050559998
840,7,1,0,0.6375755071640015,0.36242446303367615
840,8,0,1,0.3921221196651459,0.6078779101371765
840,9,0,0,0.9039893746376038,0.09601063281297684
840,10,0,0,0.9065233469009399,0.09347670525312424
840,11,0,0,0.6939519047737122,0.30604809522628784
840,12,1,1,0.37301701307296753,0.6269829869270325
840,13,0,1,0.37301701307296753,0.6269829273223877
840,14,0,0,0.9268679022789001,0.07313206791877747
840,15,0,1,0.37301701307296753,0.6269829869270325
840,16,0,0,0.9268679022789001,0.07313206791877747
840,17,0,0,0.90655118227005,0.09344878792762756
840,18,0,1,0.25702235102653503,0.7429776787757874
840,19,0,0,0.679914116859436,0.3200858533382416
841,0,0,0,0.5630123615264893,0.43698763847351074
841,1,0,0,0.9329413175582886,0.06705870479345322
841,2,0,0,0.9226328134536743,0.07736723124980927
841,3,1,1,0.07873744517564774,0.9212625622749329
841,4,0,0,0.6200213432312012,0.37997865676879883
841,5,0,1,0.1607145369052887,0.8392854928970337
841,6,0,0,0.9269381761550903,0.07306176424026489
841,7,1,0,0.6449734568595886,0.3550265431404114
841,8,0,1,0.48486703634262085,0.5151329040527344
841,9,0,0,0.9226328134536743,0.07736723124980927
841,10,0,0,0.9303584098815918,0.06964157521724701
841,11,0,0,0.9021750092506409,0.09782504290342331
841,12,1,1,0.34685811400413513,0.6531418561935425
841,13,0,1,0.34685811400413513,0.6531418561935425
841,14,0,0,0.9099168181419373,0.09008313715457916
841,15,0,1,0.3468581736087799,0.6531418561935425
841,16,0,0,0.9099168181419373,0.09008313715457916
841,17,0,0,0.934688925743103,0.0653110221028328
841,18,0,0,0.7508244514465332,0.249175563454628
841,19,0,0,0.9435076713562012,0.05649234727025032
842,0,0,1,0.24869608879089355,0.7513039112091064
842,1,0,0,0.9753965139389038,0.02460346184670925
842,2,0,0,0.9728443026542664,0.027155691757798195
842,3,1,0,0.6280581951141357,0.3719417452812195
842,4,0,1,0.2865605652332306,0.713439404964447
842,5,0,0,0.6271257996559143,0.3728742003440857
842,6,0,0,0.9677286744117737,0.03227132558822632
842,7,1,1,0.27462300658226013,0.7253770232200623
842,8,0,0,0.6306608319282532,0.3693391680717468
842,9,0,0,0.9728443026542664,0.027155691757798195
842,10,0,0,0.9734270572662354,0.026572970673441887
842,11,0,0,0.9662793278694153,0.03372065722942352
842,12,1,1,0.25426286458969116,0.7457371950149536
842,13,0,1,0.25613918900489807,0.7438608407974243
842,14,0,0,0.91037917137146,0.08962082117795944
842,15,0,1,0.25426286458969116,0.7457371950149536
842,16,0,0,0.91037917137146,0.08962082117795944
842,17,0,0,0.9795437455177307,0.020456288009881973
842,18,0,0,0.7962159514427185,0.2037840485572815
842,19,0,0,0.9462612867355347,0.053738728165626526
843,0,0,1,0.3034822940826416,0.6965176463127136
843,1,0,0,0.9904932379722595,0.009506803005933762
843,2,0,0,0.9889578819274902,0.011042063124477863
843,3,1,1,0.09786844998598099,0.9021314978599548
843,4,0,1,0.4211374819278717,0.5788624882698059
843,5,0,1,0.22283560037612915,0.7771644592285156
843,6,0,0,0.9881128668785095,0.011887096799910069
843,7,1,1,0.3354034125804901,0.664596676826477
843,8,0,0,0.7139229774475098,0.28607699275016785
843,9,0,0,0.9889578819274902,0.011042074300348759
843,10,0,0,0.9904062151908875,0.00959378108382225
843,11,0,0,0.9809091091156006,0.019090889021754265
843,12,1,1,0.37534570693969727,0.6246542930603027
843,13,0,1,0.37534570693969727,0.624654233455658
843,14,0,0,0.9097134470939636,0.09028658270835876
843,15,0,1,0.37534570693969727,0.624654233455658
843,16,0,0,0.9097134470939636,0.09028658270835876
843,17,0,0,0.990432858467102,0.009567067958414555
843,18,0,0,0.9848045110702515,0.015195513144135475
843,19,0,0,0.9894793629646301,0.0105206947773695
844,0,0,0,0.5598151087760925,0.4401848614215851
844,1,0,0,0.8473798632621765,0.1526201218366623
844,2,0,0,0.8502649068832397,0.14973515272140503
844,3,1,1,0.11606670916080475,0.8839332461357117
844,4,0,0,0.6107866764068604,0.38921335339546204
844,5,0,1,0.3363252282142639,0.6636748313903809
844,6,0,0,0.8119602203369141,0.18803976476192474
844,7,1,1,0.3420584797859192,0.6579415202140808
844,8,0,0,0.6655773520469666,0.33442261815071106
844,9,0,0,0.8502649068832397,0.14973513782024384
844,10,0,0,0.8096545338630676,0.19034546613693237
844,11,0,0,0.812303900718689,0.18769612908363342
844,12,1,1,0.374245285987854,0.6257547736167908
844,13,0,1,0.374245285987854,0.625754714012146
844,14,0,0,0.9055420160293579,0.09445802122354507
844,15,0,1,0.374245285987854,0.625754714012146
844,16,0,0,0.9055420160293579,0.09445802122354507
844,17,0,0,0.7777270674705505,0.22227294743061066
844,18,0,0,0.8528823852539062,0.14711761474609375
844,19,0,0,0.7042760252952576,0.29572391510009766
845,0,0,0,0.5295335054397583,0.4704665243625641
845,1,0,0,0.9627857804298401,0.03721423074603081
845,2,0,0,0.9555218815803528,0.044478077441453934
845,3,1,0,0.5434197187423706,0.4565803110599518
845,4,0,1,0.4831375777721405,0.5168624520301819
845,5,0,0,0.5435130000114441,0.4564870297908783
845,6,0,0,0.849956750869751,0.15004323422908783
845,7,1,1,0.27837035059928894,0.7216296792030334
845,8,0,0,0.6679810285568237,0.33201897144317627
845,9,0,0,0.9555218815803528,0.044478077441453934
845,10,0,0,0.9615107178688049,0.03848933055996895
845,11,0,0,0.6470903754234314,0.352909654378891
845,12,1,1,0.30432403087615967,0.6956759691238403
845,13,0,1,0.30432403087615967,0.6956759691238403
845,14,0,0,0.9061273336410522,0.09387262910604477
845,15,0,1,0.30432406067848206,0.6956759691238403
845,16,0,0,0.9061273336410522,0.09387262910604477
845,17,0,0,0.9650048613548279,0.03499506786465645
845,18,0,1,0.4347630739212036,0.5652369260787964
845,19,0,0,0.9245832562446594,0.07541672885417938
846,0,0,0,0.5025784969329834,0.4974214434623718
846,1,0,0,0.931278645992279,0.06872129440307617
846,2,0,0,0.9201102256774902,0.07988978177309036
846,3,1,1,0.048135288059711456,0.9518647789955139
846,4,0,0,0.5307604074478149,0.46923959255218506
846,5,0,1,0.17186933755874634,0.8281306028366089
846,6,0,0,0.9172402620315552,0.08275974541902542
846,7,1,0,0.5120033025741577,0.4879967272281647
846,8,0,0,0.5007664561271667,0.49923351407051086
846,9,0,0,0.8376256227493286,0.1623743325471878
846,10,0,0,0.9313915967941284,0.06860843300819397
846,11,0,0,0.9163649082183838,0.08363505452871323
846,12,1,1,0.38375261425971985,0.6162474751472473
846,13,0,1,0.38375261425971985,0.6162474751472473
846,14,0,0,0.9142429828643799,0.0857570469379425
846,15,0,1,0.38375261425971985,0.6162474751472473
846,16,0,0,0.9142429828643799,0.0857570469379425
846,17,0,0,0.9190957546234131,0.08090426027774811
846,18,0,1,0.10752322524785995,0.8924767971038818
846,19,0,0,0.8443108201026917,0.15568922460079193
847,0,0,1,0.44694313406944275,0.5530568957328796
847,1,0,0,0.9657766222953796,0.03422338142991066
847,2,0,0,0.9610655903816223,0.038934376090765
847,3,1,1,0.06550227105617523,0.9344977736473083
847,4,0,1,0.47041574120521545,0.5295842885971069
847,5,0,1,0.20710104703903198,0.7928990125656128
847,6,0,0,0.9402911067008972,0.059708885848522186
847,7,1,0,0.5124939680099487,0.4875060021877289
847,8,0,1,0.38774004578590393,0.6122599840164185
847,9,0,0,0.9410368800163269,0.05896308645606041
847,10,0,0,0.9666233658790588,0.033376630395650864
847,11,0,0,0.9517392516136169,0.048260681331157684
847,12,1,1,0.3671398162841797,0.6328601837158203
847,13,0,1,0.3671398162841797,0.6328601837158203
847,14,0,0,0.9103145003318787,0.08968549966812134
847,15,0,1,0.3671398162841797,0.6328601837158203
847,16,0,0,0.9103145003318787,0.08968549966812134
847,17,0,0,0.9678419232368469,0.03215809166431427
847,18,0,1,0.3421975076198578,0.6578025221824646
847,19,0,0,0.968176007270813,0.031823981553316116
848,0,0,1,0.4655008316040039,0.5344991683959961
848,1,0,0,0.9504159688949585,0.04958406835794449
848,2,0,0,0.9436764717102051,0.05632350593805313
848,3,1,0,0.8178714513778687,0.18212853372097015
848,4,0,1,0.4876578450202942,0.512342095375061
848,5,0,0,0.8178714513778687,0.18212853372097015
848,6,0,0,0.9362954497337341,0.06370449811220169
848,7,1,0,0.5180261135101318,0.48197394609451294
848,8,0,1,0.4655008018016815,0.5344991087913513
848,9,0,0,0.9436764717102051,0.056323517113924026
848,10,0,0,0.9442652463912964,0.0557347796857357
848,11,0,0,0.9079732894897461,0.09202674776315689
848,12,1,1,0.3749105930328369,0.6250894665718079
848,13,0,1,0.3749105632305145,0.6250894665718079
848,14,0,0,0.9064404964447021,0.09355956315994263
848,15,0,1,0.3749105632305145,0.6250894665718079
848,16,0,0,0.9064404964447021,0.09355956315994263
848,17,0,0,0.9486038088798523,0.05139613896608353
848,18,0,1,0.49276965856552124,0.5072303414344788
848,19,0,0,0.9016647934913635,0.0983351469039917
849,0,0,1,0.4568096101284027,0.5431903600692749
849,1,0,0,0.8993715047836304,0.10062850266695023
849,2,0,0,0.8916614055633545,0.10833854228258133
849,3,1,0,0.6579397916793823,0.3420602083206177
849,4,0,1,0.4763790965080261,0.5236209630966187
849,5,0,0,0.6579397320747375,0.3420602083206177
849,6,0,0,0.810185432434082,0.18981461226940155
849,7,1,1,0.49837520718574524,0.5016247630119324
849,8,0,1,0.4568096101284027,0.5431903600692749
849,9,0,0,0.8507688641548157,0.14923112094402313
849,10,0,0,0.8852017521858215,0.11479823291301727
849,11,0,0,0.836909294128418,0.1630907505750656
849,12,1,1,0.3636274039745331,0.6363725662231445
849,13,0,1,0.3636274039745331,0.6363725662231445
849,14,0,0,0.9140774011611938,0.08592262119054794
849,15,0,1,0.3636274039745331,0.6363725662231445
849,16,0,0,0.9140774011611938,0.08592262119054794
849,17,0,0,0.8465743064880371,0.15342572331428528
849,18,0,1,0.4649870991706848,0.53501296043396
849,19,0,0,0.7101250886917114,0.2898749113082886
850,0,0,1,0.4526080787181854,0.547391951084137
850,1,0,0,0.8361066579818726,0.16389338672161102
850,2,0,0,0.815397322177887,0.18460269272327423
850,3,1,0,0.642867386341095,0.35713261365890503
850,4,0,1,0.4526080787181854,0.547391951084137
850,5,0,0,0.642867386341095,0.35713261365890503
850,6,0,0,0.7346466183662415,0.26535332202911377
850,7,1,1,0.4999370872974396,0.500062882900238
850,8,0,1,0.4526080787181854,0.547391951084137
850,9,0,0,0.7858312726020813,0.21416877210140228
850,10,0,0,0.8209834694862366,0.17901656031608582
850,11,0,0,0.681389570236206,0.31861045956611633
850,12,1,1,0.37884005904197693,0.6211599707603455
850,13,0,1,0.37884005904197693,0.6211599707603455
850,14,0,0,0.9176029562950134,0.08239703625440598
850,15,0,1,0.37884005904197693,0.6211599707603455
850,16,0,0,0.9176029562950134,0.08239703625440598
850,17,0,0,0.8153613805770874,0.18463866412639618
850,18,0,1,0.4858334958553314,0.5141665935516357
850,19,0,0,0.642867386341095,0.35713261365890503
851,0,0,1,0.47517651319503784,0.5248234272003174
851,1,0,0,0.7571392059326172,0.2428607940673828
851,2,0,0,0.7252012491226196,0.27479875087738037
851,3,1,0,0.6374552845954895,0.3625447750091553
851,4,0,1,0.47517651319503784,0.5248234272003174
851,5,0,0,0.6374552249908447,0.3625447750091553
851,6,0,0,0.7108092904090881,0.2891906797885895
851,7,1,1,0.47086259722709656,0.5291374325752258
851,8,0,1,0.475176602602005,0.5248234272003174
851,9,0,0,0.72444748878479,0.2755524814128876
851,10,0,0,0.7562456727027893,0.24375437200069427
851,11,0,0,0.6357222199440002,0.36427775025367737
851,12,1,1,0.35750776529312134,0.6424922943115234
851,13,0,1,0.35750776529312134,0.6424922943115234
851,14,0,0,0.9062662720680237,0.09373370558023453
851,15,0,1,0.35750776529312134,0.6424922943115234
851,16,0,0,0.9062662720680237,0.09373370558023453
851,17,0,0,0.7562456727027893,0.24375437200069427
851,18,0,1,0.46280285716056824,0.5371971130371094
851,19,0,0,0.6382163166999817,0.3617836833000183
852,0,0,0,0.5480082035064697,0.4519917964935303
852,1,0,0,0.8045435547828674,0.19545647501945496
852,2,0,0,0.778649091720581,0.22135083377361298
852,3,1,0,0.629964292049408,0.3700357675552368
852,4,0,0,0.5480082035064697,0.45199182629585266
852,5,0,0,0.629964292049408,0.3700357675552368
852,6,0,0,0.733366847038269,0.26663318276405334
852,7,1,1,0.469335675239563,0.530664324760437
852,8,0,0,0.5480082035064697,0.45199185609817505
852,9,0,0,0.7563292980194092,0.24367065727710724
852,10,0,0,0.8180311322212219,0.18196885287761688
852,11,0,0,0.781078577041626,0.2189214676618576
852,12,1,1,0.35595977306365967,0.6440401673316956
852,13,0,1,0.3559597432613373,0.6440402269363403
852,14,0,0,0.9105086326599121,0.08949139714241028
852,15,0,1,0.35595977306365967,0.6440401673316956
852,16,0,0,0.9105086326599121,0.08949139714241028
852,17,0,0,0.7881358861923218,0.2118641436100006
852,18,0,1,0.4621601700782776,0.5378398299217224
852,19,0,0,0.6299642324447632,0.3700357973575592
853,0,0,0,0.5275171399116516,0.47248291969299316
853,1,0,0,0.8826802372932434,0.11731979250907898
853,2,0,0,0.8363949656486511,0.16360506415367126
853,3,1,1,0.17633874714374542,0.8236612677574158
853,4,0,0,0.5275171399116516,0.47248291969299316
853,5,0,1,0.2072097212076187,0.7927902340888977
853,6,0,0,0.8887076377868652,0.11129236966371536
853,7,1,0,0.5254283547401428,0.4745716452598572
853,8,0,0,0.5275171399116516,0.47248291969299316
853,9,0,0,0.858317494392395,0.14168256521224976
853,10,0,0,0.8521726131439209,0.1478273868560791
853,11,0,0,0.7823885679244995,0.21761144697666168
853,12,1,1,0.3812636137008667,0.6187363862991333
853,13,0,1,0.3812636137008667,0.6187363862991333
853,14,0,0,0.9179027676582336,0.08209719508886337
853,15,0,1,0.3812636137008667,0.6187363862991333
853,16,0,0,0.9179027676582336,0.08209719508886337
853,17,0,0,0.7985235452651978,0.20147648453712463
853,18,0,1,0.4831514060497284,0.5168485641479492
853,19,0,1,0.2072097212076187,0.7927903532981873
854,0,0,0,0.537148118019104,0.4628518521785736
854,1,0,0,0.890385627746582,0.1096143126487732
854,2,0,0,0.8979852199554443,0.10201475024223328
854,3,1,0,0.5715946555137634,0.42840537428855896
854,4,0,0,0.537148118019104,0.4628518521785736
854,5,0,0,0.5715946555137634,0.42840537428855896
854,6,0,0,0.9263808131217957,0.07361923158168793
854,7,1,1,0.3037640154361725,0.6962360143661499
854,8,0,0,0.537148118019104,0.4628518521785736
854,9,0,0,0.8979852199554443,0.10201477259397507
854,10,0,0,0.7495558857917786,0.2504441738128662
854,11,0,0,0.8098889589309692,0.19011099636554718
854,12,1,1,0.3724217712879181,0.6275781989097595
854,13,0,1,0.3724217712879181,0.6275781989097595
854,14,0,0,0.9180024266242981,0.08199756592512131
854,15,0,1,0.3724218010902405,0.6275781989097595
854,16,0,0,0.9180024266242981,0.08199756592512131
854,17,0,0,0.6384237408638,0.36157625913619995
854,18,0,0,0.5075829029083252,0.49241718649864197
854,19,0,0,0.5715945959091187,0.42840540409088135
855,0,0,0,0.5357203483581543,0.4642795920372009
855,1,0,0,0.8784727454185486,0.12152732908725739
855,2,0,0,0.8707852959632874,0.12921473383903503
855,3,1,0,0.602889895439148,0.39711010456085205
855,4,0,0,0.5357203483581543,0.4642796516418457
855,5,0,0,0.602889895439148,0.3971100449562073
855,6,0,0,0.8982995748519897,0.10170038044452667
855,7,1,0,0.5045936703681946,0.4954063594341278
855,8,0,0,0.5357203483581543,0.4642795920372009
855,9,0,0,0.8751805424690247,0.12481945008039474
855,10,0,0,0.8512036800384521,0.14879631996154785
855,11,0,0,0.8538675308227539,0.14613249897956848
855,12,1,1,0.22173663973808289,0.7782633304595947
855,13,0,1,0.22520408034324646,0.7747958898544312
855,14,0,0,0.920375406742096,0.07962454855442047
855,15,0,1,0.27316996455192566,0.726830005645752
855,16,0,0,0.920375406742096,0.07962454855442047
855,17,0,0,0.7976600527763367,0.20233997702598572
855,18,0,1,0.46034106612205505,0.5396589040756226
855,19,0,0,0.602812647819519,0.39718738198280334
856,0,0,1,0.49146223068237305,0.508537769317627
856,1,0,0,0.9504525661468506,0.0495474673807621
856,2,0,0,0.9418420195579529,0.0581580251455307
856,3,1,0,0.647543728351593,0.35245630145072937
856,4,0,1,0.49146223068237305,0.508537769317627
856,5,0,0,0.6474887132644653,0.35251128673553467
856,6,0,0,0.94221031665802,0.05778969079256058
856,7,1,1,0.009794955141842365,0.9902050495147705
856,8,0,1,0.49146223068237305,0.508537769317627
856,9,0,0,0.9380139112472534,0.06198611482977867
856,10,0,0,0.9367523789405823,0.06324765831232071
856,11,0,0,0.9175121188163757,0.08248784393072128
856,12,1,1,0.2663244307041168,0.7336756587028503
856,13,0,1,0.2663244307041168,0.7336756587028503
856,14,0,0,0.902178168296814,0.09782180935144424
856,15,0,1,0.29851338267326355,0.7014865875244141
856,16,0,0,0.902178168296814,0.09782180935144424
856,17,0,0,0.792361855506897,0.20763815939426422
856,18,0,1,0.45974448323249817,0.5402554273605347
856,19,0,0,0.647543728351593,0.35245630145072937
857,0,0,1,0.4571625888347626,0.542837381362915
857,1,0,0,0.9256189465522766,0.07438100874423981
857,2,0,0,0.9065864086151123,0.09341356158256531
857,3,1,0,0.6748663187026978,0.32513368129730225
857,4,0,1,0.4571625888347626,0.542837381362915
857,5,0,0,0.6748663187026978,0.32513368129730225
857,6,0,0,0.9234917163848877,0.07650832831859589
857,7,1,1,0.009600344114005566,0.9903996586799622
857,8,0,1,0.45716261863708496,0.542837381362915
857,9,0,0,0.8104649186134338,0.1895350068807602
857,10,0,0,0.9300623536109924,0.06993763893842697
857,11,0,0,0.8386929035186768,0.16130712628364563
857,12,1,1,0.3764229118824005,0.6235771179199219
857,13,0,1,0.3764229118824005,0.6235771179199219
857,14,0,0,0.906741738319397,0.09325825423002243
857,15,0,1,0.4327501654624939,0.5672498941421509
857,16,0,0,0.906741738319397,0.09325825423002243
857,17,0,0,0.8929862976074219,0.10701366513967514
857,18,0,1,0.45915159583091736,0.5408483743667603
857,19,0,0,0.6749014258384705,0.3250986337661743
858,0,0,0,0.5334973931312561,0.4665026068687439
858,1,0,0,0.9459114670753479,0.05408848449587822
858,2,0,0,0.9453011155128479,0.054698873311281204
858,3,1,0,0.6121307015419006,0.38786929845809937
858,4,0,0,0.5334973931312561,0.4665026068687439
858,5,0,0,0.6119204163551331,0.38807961344718933
858,6,0,0,0.9340339303016663,0.06596614420413971
858,7,1,0,0.8369038701057434,0.1630961149930954
858,8,0,0,0.5334973931312561,0.4665026068687439
858,9,0,0,0.9453011155128479,0.05469886213541031
858,10,0,0,0.9588878750801086,0.04111212491989136
858,11,0,0,0.9493682980537415,0.05063169449567795
858,12,1,1,0.21753661334514618,0.7824634313583374
858,13,0,1,0.2606692314147949,0.7393307685852051
858,14,0,0,0.9114396572113037,0.08856038004159927
858,15,0,0,0.7767372131347656,0.22326280176639557
858,16,0,0,0.9114396572113037,0.08856038004159927
858,17,0,0,0.9486902952194214,0.05130969360470772
858,18,0,1,0.45856210589408875,0.5414378643035889
858,19,0,0,0.6121307015419006,0.38786929845809937
859,0,0,1,0.48911231756210327,0.5108876824378967
859,1,0,0,0.9622030258178711,0.0377969928085804
859,2,0,0,0.9633452296257019,0.03665481507778168
859,3,1,0,0.6383287906646729,0.36167117953300476
859,4,0,1,0.48911231756210327,0.5108876824378967
859,5,0,0,0.6383287906646729,0.36167117953300476
859,6,0,0,0.9598584175109863,0.04014156013727188
859,7,1,1,0.41888707876205444,0.5811129212379456
859,8,0,1,0.48911231756210327,0.5108876824378967
859,9,0,0,0.9633452296257019,0.03665481507778168
859,10,0,0,0.9710196852684021,0.028980368748307228
859,11,0,0,0.9596829414367676,0.040316998958587646
859,12,1,1,0.14982010424137115,0.85017991065979
859,13,0,1,0.20412833988666534,0.7958716154098511
859,14,0,0,0.9023971557617188,0.09760287404060364
859,15,0,1,0.267141729593277,0.7328583002090454
859,16,0,0,0.9023971557617188,0.09760287404060364
859,17,0,0,0.9638224840164185,0.03617754578590393
859,18,0,1,0.47838670015335083,0.521613359451294
859,19,0,0,0.6383287906646729,0.36167117953300476
860,0,0,1,0.4795304238796234,0.5204696655273438
860,1,0,0,0.8959679007530212,0.10403204709291458
860,2,0,0,0.9238993525505066,0.076100654900074
860,3,1,1,0.17787742614746094,0.8221225738525391
860,4,0,1,0.479530394077301,0.5204696655273438
860,5,0,1,0.20605356991291046,0.7939464449882507
860,6,0,0,0.8021564483642578,0.19784356653690338
860,7,1,0,0.7514988780021667,0.24850109219551086
860,8,0,1,0.4795304238796234,0.5204696655273438
860,9,0,0,0.9091054797172546,0.09089452773332596
860,10,0,0,0.9133123755455017,0.0866875872015953
860,11,0,0,0.9330071210861206,0.06699293106794357
860,12,1,1,0.29204389452934265,0.7079561352729797
860,13,0,1,0.33759716153144836,0.662402868270874
860,14,0,0,0.7498643398284912,0.250135600566864
860,15,0,0,0.8972234129905701,0.10277663916349411
860,16,0,0,0.7498643398284912,0.250135600566864
860,17,0,0,0.9305525422096252,0.06944746524095535
860,18,0,0,0.749864399433136,0.2501355707645416
860,19,0,1,0.20605352520942688,0.7939464449882507
861,0,0,0,0.5191565155982971,0.4808434545993805
861,1,0,0,0.8257281184196472,0.17427195608615875
861,2,0,0,0.764525830745697,0.23547424376010895
861,3,1,0,0.5791059732437134,0.420894056558609
861,4,0,0,0.5191564559936523,0.48084351420402527
861,5,0,0,0.5791059732437134,0.420894056558609
861,6,0,0,0.6264730095863342,0.3735269010066986
861,7,1,1,0.4842092990875244,0.5157906413078308
861,8,0,0,0.5191565155982971,0.4808434545993805
861,9,0,0,0.8586028218269348,0.14139717817306519
861,10,0,0,0.8023843765258789,0.19761553406715393
861,11,0,0,0.7417364716529846,0.2582635283470154
861,12,1,1,0.39858245849609375,0.6014175415039062
861,13,0,1,0.3662749230861664,0.633725106716156
861,14,0,0,0.7491254806518555,0.25087451934814453
861,15,0,1,0.45131975412368774,0.5486802458763123
861,16,0,0,0.7491254806518555,0.2508745789527893
861,17,0,0,0.774529755115509,0.22547024488449097
861,18,0,0,0.7491254806518555,0.25087451934814453
861,19,0,0,0.5791059732437134,0.4208940863609314
862,0,0,1,0.4812778830528259,0.5187221169471741
862,1,0,0,0.8057098388671875,0.1942901313304901
862,2,0,0,0.8535111546516418,0.14648883044719696
862,3,1,0,0.5919478535652161,0.40805211663246155
862,4,0,1,0.48127782344818115,0.5187221169471741
862,5,0,0,0.5919478535652161,0.40805208683013916
862,6,0,0,0.6407551169395447,0.3592448830604553
862,7,1,0,0.6272106170654297,0.3727893531322479
862,8,0,1,0.48127785325050354,0.5187221169471741
862,9,0,0,0.7571247816085815,0.24287520349025726
862,10,0,0,0.7571247816085815,0.24287520349025726
862,11,0,0,0.7675098776817322,0.2324901670217514
862,12,1,1,0.4838349521160126,0.5161649584770203
862,13,0,1,0.4720042645931244,0.5279957056045532
862,14,0,0,0.8013626337051392,0.19863733649253845
862,15,0,0,0.6372016668319702,0.3627983033657074
862,16,0,0,0.8003645539283752,0.19963543117046356
862,17,0,0,0.7681562900543213,0.2318437248468399
862,18,0,0,0.8003645539283752,0.19963546097278595
862,19,0,0,0.5919478535652161,0.40805208683013916
863,0,0,1,0.48338544368743896,0.5166146159172058
863,1,0,0,0.9676101207733154,0.032389912754297256
863,2,0,0,0.9665383100509644,0.03346170857548714
863,3,1,0,0.6344313621520996,0.3655686676502228
863,4,0,1,0.48338544368743896,0.5166146159172058
863,5,0,0,0.6344314217567444,0.3655686676502228
863,6,0,0,0.504813551902771,0.495186448097229
863,7,1,1,0.48053860664367676,0.5194613933563232
863,8,0,1,0.48338544368743896,0.5166146159172058
863,9,0,0,0.9774167537689209,0.022583242505788803
863,10,0,0,0.9776405096054077,0.022359564900398254
863,11,0,1,0.4773907959461212,0.5226092338562012
863,12,1,1,0.4767286479473114,0.5232714414596558
863,13,0,1,0.4483790099620819,0.5516209602355957
863,14,0,0,0.7912018895149231,0.2087981104850769
863,15,0,1,0.4767286479473114,0.5232714414596558
863,16,0,0,0.7912018895149231,0.2087981402873993
863,17,0,0,0.9116891622543335,0.08831086754798889
863,18,0,0,0.7912018895149231,0.2087981402873993
863,19,0,0,0.6344313621520996,0.3655686676502228
864,0,0,1,0.48344194889068604,0.5165581107139587
864,1,0,0,0.9401740431785583,0.05982590094208717
864,2,0,0,0.9376049637794495,0.06239508464932442
864,3,1,0,0.6153838634490967,0.38461607694625854
864,4,0,1,0.48344191908836365,0.516558051109314
864,5,0,0,0.6153838634490967,0.38461607694625854
864,6,0,0,0.8363924622535706,0.16360759735107422
864,7,1,1,0.42919233441352844,0.5708076357841492
864,8,0,1,0.48344194889068604,0.5165581107139587
864,9,0,0,0.9563313722610474,0.043668653815984726
864,10,0,0,0.9610875844955444,0.038912393152713776
864,11,0,0,0.8982404470443726,0.10175963491201401
864,12,1,1,0.15843449532985687,0.8415654897689819
864,13,0,1,0.20233923196792603,0.797660768032074
864,14,0,0,0.8501247763633728,0.14987526834011078
864,15,0,1,0.3146621286869049,0.6853378415107727
864,16,0,0,0.850124716758728,0.14987529814243317
864,17,0,0,0.9013705849647522,0.09862937778234482
864,18,0,0,0.850124716758728,0.14987529814243317
864,19,0,0,0.6153838634490967,0.38461607694625854
865,0,0,1,0.43852758407592773,0.5614723563194275
865,1,0,0,0.9837237596511841,0.016276177018880844
865,2,0,0,0.9738382697105408,0.026161648333072662
865,3,1,0,0.6333907246589661,0.36660921573638916
865,4,0,1,0.4385276138782501,0.5614723563194275
865,5,0,0,0.6334129571914673,0.3665870130062103
865,6,0,1,0.38482823967933655,0.6151717305183411
865,7,1,1,0.42486855387687683,0.5751314759254456
865,8,0,1,0.4385276436805725,0.5614723563194275
865,9,0,0,0.9837639331817627,0.01623602956533432
865,10,0,0,0.9875771999359131,0.012422867119312286
865,11,0,1,0.23067401349544525,0.7693259716033936
865,12,1,1,0.30486786365509033,0.6951321363449097
865,13,0,1,0.28789639472961426,0.7121036648750305
865,14,0,0,0.8765820264816284,0.1234179139137268
865,15,0,1,0.30486786365509033,0.6951321363449097
865,16,0,0,0.8765820264816284,0.1234179437160492
865,17,0,0,0.9832293391227722,0.016770629212260246
865,18,0,0,0.8765820264816284,0.123417928814888
865,19,0,0,0.6333907246589661,0.36660921573638916
866,0,0,1,0.48913851380348206,0.5108614563941956
866,1,0,0,0.9532941579818726,0.04670591279864311
866,2,0,0,0.8936164379119873,0.10638359189033508
866,3,1,1,0.15850278735160828,0.8414971828460693
866,4,0,1,0.48913851380348206,0.5108615159988403
866,5,0,1,0.19602392613887787,0.8039760589599609
866,6,0,0,0.6912194490432739,0.30878058075904846
866,7,1,0,0.7464943528175354,0.2535056173801422
866,8,0,1,0.48913851380348206,0.5108615159988403
866,9,0,0,0.9683024287223816,0.031697627156972885
866,10,0,0,0.9717491269111633,0.02825079672038555
866,11,0,0,0.5941874384880066,0.4058125913143158
866,12,1,0,0.5300131440162659,0.4699868857860565
866,13,0,0,0.5887526869773865,0.41124728322029114
866,14,0,0,0.8130021095275879,0.18699787557125092
866,15,0,0,0.5136299729347229,0.4863700568675995
866,16,0,0,0.8130021095275879,0.18699787557125092
866,17,0,0,0.9018104076385498,0.09818955510854721
866,18,0,0,0.8130021095275879,0.18699787557125092
866,19,0,1,0.19562427699565887,0.8043757677078247
867,0,0,1,0.49918389320373535,0.5008160471916199
867,1,0,0,0.8427221775054932,0.1572778820991516
867,2,0,0,0.8489384651184082,0.1510615199804306
867,3,1,0,0.5888525247573853,0.41114750504493713
867,4,0,1,0.49918389320373535,0.5008160471916199
867,5,0,0,0.5888525247573853,0.41114750504493713
867,6,0,0,0.8469611406326294,0.15303881466388702
867,7,1,0,0.8687366247177124,0.1312633752822876
867,8,0,1,0.49918389320373535,0.5008160471916199
867,9,0,0,0.6483158469200134,0.35168418288230896
867,10,0,0,0.8097372055053711,0.19026276469230652
867,11,0,1,0.43203872442245483,0.5679612159729004
867,12,1,1,0.13345010578632355,0.8665499091148376
867,13,0,1,0.22468894720077515,0.7753110527992249
867,14,0,0,0.7581605911254883,0.2418394237756729
867,15,0,1,0.4222657382488251,0.5777342915534973
867,16,0,0,0.7581605911254883,0.2418394237756729
867,17,0,0,0.8168145418167114,0.18318545818328857
867,18,0,0,0.7581606507301331,0.24183937907218933
867,19,0,0,0.5888525247573853,0.41114744544029236
868,0,0,0,0.5029352307319641,0.4970647394657135
868,1,0,0,0.7367666959762573,0.26323336362838745
868,2,0,0,0.5330455899238586,0.4669543504714966
868,3,1,0,0.5939888954162598,0.40601104497909546
868,4,0,0,0.5029352307319641,0.4970647096633911
868,5,0,0,0.5939888954162598,0.40601104497909546
868,6,0,0,0.7358009219169617,0.26419907808303833
868,7,1,0,0.5830598473548889,0.4169401526451111
868,8,0,0,0.5029352307319641,0.4970647096633911
868,9,0,0,0.6501159071922302,0.3498840928077698
868,10,0,0,0.6768720746040344,0.32312801480293274
868,11,0,0,0.5731360912322998,0.4268638789653778
868,12,1,1,0.42763617634773254,0.5723637938499451
868,13,0,1,0.4988888204097748,0.5011112093925476
868,14,0,0,0.7550160884857178,0.24498392641544342
868,15,0,1,0.4808625280857086,0.519137442111969
868,16,0,0,0.7550160884857178,0.24498392641544342
868,17,0,0,0.6140246391296387,0.3859754204750061
868,18,0,0,0.7550160884857178,0.24498392641544342
868,19,0,0,0.5939888954162598,0.40601110458374023
869,0,0,0,0.5023859739303589,0.4976140856742859
869,1,0,0,0.8909116983413696,0.10908830165863037
869,2,0,0,0.8176929950714111,0.1823069304227829
869,3,1,0,0.5847182273864746,0.4152817726135254
869,4,0,0,0.5023859739303589,0.4976140856742859
869,5,0,0,0.5847182273864746,0.4152817726135254
869,6,0,0,0.7682337164878845,0.23176628351211548
869,7,1,0,0.7898637652397156,0.210136279463768
869,8,0,0,0.5023859739303589,0.4976140260696411
869,9,0,0,0.9002145528793335,0.09978540986776352
869,10,0,0,0.9366681575775146,0.06333182007074356
869,11,0,1,0.4609270393848419,0.5390730500221252
869,12,1,1,0.4681512117385864,0.5318487882614136
869,13,0,1,0.4681512117385864,0.5318487882614136
869,14,0,0,0.8488574624061584,0.15114249289035797
869,15,0,1,0.4670077860355377,0.5329922437667847
869,16,0,0,0.8470057845115662,0.15299423038959503
869,17,0,0,0.535355806350708,0.464644193649292
869,18,0,0,0.8470057845115662,0.15299423038959503
869,19,0,0,0.5847182273864746,0.4152817726135254
870,0,0,0,0.5053413510322571,0.4946586787700653
870,1,0,0,0.7741419672966003,0.22585800290107727
870,2,0,0,0.7933729290962219,0.20662705600261688
870,3,1,0,0.5910006761550903,0.4089992940425873
870,4,0,0,0.5053413510322571,0.4946586787700653
870,5,0,0,0.5910006761550903,0.4089992940425873
870,6,0,0,0.6261054873466492,0.3738945424556732
870,7,1,0,0.5532881021499634,0.4467119574546814
870,8,0,0,0.5053413510322571,0.49465861916542053
870,9,0,0,0.5977460741996765,0.4022538661956787
870,10,0,0,0.7477338314056396,0.25226619839668274
870,11,0,0,0.5695029497146606,0.43049705028533936
870,12,1,1,0.06593656539916992,0.9340634346008301
870,13,0,1,0.4492476284503937,0.5507523417472839
870,14,0,0,0.8119710087776184,0.1880289912223816
870,15,0,0,0.5695029497146606,0.43049708008766174
870,16,0,0,0.8119710087776184,0.1880289912223816
870,17,0,0,0.808483898639679,0.19151614606380463
870,18,0,0,0.8119710087776184,0.1880289912223816
870,19,0,0,0.5910006761550903,0.4089992940425873
871,0,0,0,0.5438225865364075,0.45617741346359253
871,1,0,0,0.7668984532356262,0.23310160636901855
871,2,0,0,0.803046464920044,0.19695352017879486
871,3,1,0,0.621544599533081,0.37845543026924133
871,4,0,0,0.5438225865364075,0.4561774432659149
871,5,0,0,0.621544599533081,0.37845543026924133
871,6,0,0,0.5540910959243774,0.44590887427330017
871,7,1,1,0.39810869097709656,0.6018913388252258
871,8,0,0,0.5438225865364075,0.4561774432659149
871,9,0,0,0.6519961357116699,0.3480038344860077
871,10,0,0,0.7648032903671265,0.23519672453403473
871,11,0,0,0.6105955839157104,0.3894043564796448
871,12,1,1,0.07106555998325348,0.9289344549179077
871,13,0,1,0.4308004081249237,0.5691996216773987
871,14,0,0,0.7497304677963257,0.25026950240135193
871,15,0,0,0.6105955839157104,0.3894043564796448
871,16,0,0,0.7497304677963257,0.25026950240135193
871,17,0,0,0.8263188600540161,0.17368118464946747
871,18,0,0,0.7497304677963257,0.25026950240135193
871,19,0,0,0.621544599533081,0.37845543026924133
872,0,0,1,0.496154248714447,0.503845751285553
872,1,0,0,0.9179481863975525,0.0820518285036087
872,2,0,0,0.6186617612838745,0.3813382685184479
872,3,1,0,0.5989989638328552,0.4010009765625
872,4,0,1,0.49615421891212463,0.503845751285553
872,5,0,0,0.5989989638328552,0.4010009765625
872,6,0,0,0.578660786151886,0.4213392436504364
872,7,1,1,0.4687333106994629,0.5312667489051819
872,8,0,1,0.496154248714447,0.503845751285553
872,9,0,0,0.9534838795661926,0.04651618003845215
872,10,0,0,0.9700548052787781,0.029945172369480133
872,11,0,0,0.5101068019866943,0.48989322781562805
872,12,1,1,0.13488222658634186,0.8651177287101746
872,13,0,0,0.5011402368545532,0.49885979294776917
872,14,0,0,0.7473642826080322,0.2526356875896454
872,15,0,0,0.5101067423820496,0.48989325761795044
872,16,0,0,0.7473642826080322,0.2526356875896454
872,17,0,1,0.24782362580299377,0.7521764039993286
872,18,0,0,0.7473642826080322,0.2526356875896454
872,19,0,0,0.5989989638328552,0.4010010361671448
873,0,0,0,0.506625771522522,0.4933742880821228
873,1,0,0,0.6743993759155273,0.32560059428215027
873,2,0,0,0.6246140599250793,0.37538594007492065
873,3,1,1,0.1721321940422058,0.8278678059577942
873,4,0,0,0.506625771522522,0.4933742880821228
873,5,0,1,0.19667458534240723,0.803325355052948
873,6,0,0,0.6198903322219849,0.380109578371048
873,7,1,0,0.6338045001029968,0.3661954998970032
873,8,0,0,0.506625771522522,0.4933742582798004
873,9,0,0,0.6263480186462402,0.37365198135375977
873,10,0,0,0.752698540687561,0.24730142951011658
873,11,0,1,0.4564041495323181,0.5435958504676819
873,12,1,1,0.13138452172279358,0.8686155080795288
873,13,0,1,0.25607192516326904,0.743928074836731
873,14,0,0,0.7796170711517334,0.2203829437494278
873,15,0,1,0.4564041495323181,0.5435958504676819
873,16,0,0,0.780479907989502,0.21952013671398163
873,17,0,0,0.6611272096633911,0.3388728201389313
873,18,0,0,0.7796170711517334,0.2203829288482666
873,19,0,1,0.19667461514472961,0.803325355052948
874,0,0,0,0.5188814997673035,0.4811185300350189
874,1,0,0,0.7201650738716125,0.27983489632606506
874,2,0,0,0.6467462778091431,0.35325369238853455
874,3,1,0,0.6045046448707581,0.39549529552459717
874,4,0,0,0.5188814997673035,0.4811185300350189
874,5,0,0,0.6045046448707581,0.39549529552459717
874,6,0,0,0.6891031265258789,0.3108968734741211
874,7,1,0,0.7737842798233032,0.22621573507785797
874,8,0,0,0.5188814997673035,0.48111850023269653
874,9,0,0,0.5469673871994019,0.45303258299827576
874,10,0,0,0.6577029824256897,0.3422970175743103
874,11,0,1,0.4552355706691742,0.5447643995285034
874,12,1,0,0.5014767050743103,0.4985232651233673
874,13,0,1,0.4632810950279236,0.5367189645767212
874,14,0,0,0.7592958807945251,0.24070413410663605
874,15,0,1,0.4465394914150238,0.5534604787826538
874,16,0,0,0.7670384049415588,0.23296160995960236
874,17,0,1,0.4809742867946625,0.5190257430076599
874,18,0,0,0.7592958807945251,0.24070410430431366
874,19,0,0,0.6045046448707581,0.39549529552459717
875,0,0,1,0.4853251576423645,0.5146748423576355
875,1,0,0,0.8844073414802551,0.11559265106916428
875,2,0,0,0.7891802191734314,0.2108197659254074
875,3,1,0,0.6264290809631348,0.37357091903686523
875,4,0,1,0.4853251874446869,0.5146748423576355
875,5,0,0,0.6264290809631348,0.37357091903686523
875,6,0,0,0.751776933670044,0.24822309613227844
875,7,1,0,0.7869523167610168,0.21304769814014435
875,8,0,1,0.4853251576423645,0.5146748423576355
875,9,0,0,0.9277665615081787,0.07223348319530487
875,10,0,0,0.9531561136245728,0.04684387147426605
875,11,0,1,0.4377790093421936,0.5622209906578064
875,12,1,1,0.055690426379442215,0.9443095922470093
875,13,0,0,0.5142835974693298,0.48571646213531494
875,14,0,0,0.7668501138687134,0.23314987123012543
875,15,0,1,0.4377790093421936,0.5622209906578064
875,16,0,0,0.7668501138687134,0.23314990103244781
875,17,0,1,0.4331817030906677,0.566818356513977
875,18,0,0,0.7668501138687134,0.23314990103244781
875,19,0,0,0.6266288757324219,0.37337109446525574
876,0,0,0,0.5021253824234009,0.4978746473789215
876,1,0,0,0.7173920273780823,0.2826079726219177
876,2,0,0,0.5423282980918884,0.45767173171043396
876,3,1,0,0.6311403512954712,0.3688596785068512
876,4,0,0,0.5021253824234009,0.4978746175765991
876,5,0,0,0.6311403512954712,0.3688596785068512
876,6,0,0,0.7444582581520081,0.25554171204566956
876,7,1,0,0.749896764755249,0.2501032054424286
876,8,0,0,0.5021253824234009,0.4978746175765991
876,9,0,0,0.765649676322937,0.23435035347938538
876,10,0,0,0.7618970274925232,0.238102987408638
876,11,0,1,0.15927714109420776,0.8407228589057922
876,12,1,1,0.13811807334423065,0.8618819117546082
876,13,0,1,0.22668242454528809,0.7733175754547119
876,14,0,0,0.7535715103149414,0.2464285045862198
876,15,0,1,0.4939426779747009,0.5060573220252991
876,16,0,0,0.7535715699195862,0.2464284747838974
876,17,0,1,0.4939426779747009,0.5060573220252991
876,18,0,0,0.7535715699195862,0.2464284747838974
876,19,0,0,0.6311403512954712,0.3688596785068512
877,0,0,1,0.4836498498916626,0.5163500905036926
877,1,0,0,0.7073100209236145,0.2926899492740631
877,2,0,0,0.6387273669242859,0.3612726032733917
877,3,1,1,0.17656934261322021,0.823430597782135
877,4,0,1,0.483649879693985,0.5163500905036926
877,5,0,1,0.21241416037082672,0.7875857949256897
877,6,0,0,0.7473689317703247,0.2526310682296753
877,7,1,1,0.4658803939819336,0.5341195464134216
877,8,0,1,0.4836498498916626,0.5163500905036926
877,9,0,0,0.5289533138275146,0.47104671597480774
877,10,0,0,0.58512943983078,0.41487058997154236
877,11,0,0,0.5912891030311584,0.4087108373641968
877,12,1,0,0.5008110404014587,0.49918895959854126
877,13,0,1,0.4688047170639038,0.5311952829360962
877,14,0,0,0.7654465436935425,0.2345534861087799
877,15,0,0,0.5803115963935852,0.41968849301338196
877,16,0,0,0.7654465436935425,0.2345534861087799
877,17,0,0,0.501021146774292,0.498978853225708
877,18,0,0,0.7654465436935425,0.2345534861087799
877,19,0,1,0.2124142348766327,0.7875857949256897
878,0,0,1,0.49431881308555603,0.5056811571121216
878,1,0,0,0.7863631248474121,0.2136368751525879
878,2,0,0,0.7473511099815369,0.2526489496231079
878,3,1,1,0.1677647829055786,0.8322352170944214
878,4,0,1,0.49431881308555603,0.5056811571121216
878,5,0,1,0.20473642647266388,0.7952635884284973
878,6,0,0,0.7800922393798828,0.21990779042243958
878,7,1,0,0.8433515429496765,0.1566483974456787
878,8,0,1,0.49431881308555603,0.5056811571121216
878,9,0,0,0.6475533246994019,0.35244670510292053
878,10,0,0,0.6584805250167847,0.34151947498321533
878,11,0,1,0.4352019727230072,0.5647979974746704
878,12,1,1,0.42766520380973816,0.5723347663879395
878,13,0,1,0.46713754534721375,0.5328624844551086
878,14,0,0,0.7571559548377991,0.24284400045871735
878,15,0,1,0.41613179445266724,0.5838682055473328
878,16,0,0,0.7571559548377991,0.24284400045871735
878,17,0,1,0.41613179445266724,0.5838682055473328
878,18,0,0,0.7571560144424438,0.24284400045871735
878,19,0,1,0.20473648607730865,0.7952635288238525
879,0,0,1,0.49153175950050354,0.5084682106971741
879,1,0,0,0.7127500772476196,0.28724995255470276
879,2,0,0,0.7011111974716187,0.29888883233070374
879,3,1,1,0.15918393433094025,0.8408160209655762
879,4,0,1,0.49153172969818115,0.5084682106971741
879,5,0,1,0.19202850759029388,0.8079714775085449
879,6,0,0,0.7313222289085388,0.26867783069610596
879,7,1,0,0.7714932560920715,0.22850674390792847
879,8,0,1,0.49153175950050354,0.5084682106971741
879,9,0,0,0.6078185439109802,0.3921814560890198
879,10,0,0,0.6236375570297241,0.3763624429702759
879,11,0,0,0.5818260312080383,0.4181739389896393
879,12,1,0,0.547873318195343,0.45212671160697937
879,13,0,0,0.6017377376556396,0.39826226234436035
879,14,0,0,0.7664045095443726,0.23359549045562744
879,15,0,0,0.5492728352546692,0.4507271647453308
879,16,0,0,0.7664045095443726,0.23359549045562744
879,17,0,0,0.5285606980323792,0.47143927216529846
879,18,0,0,0.7664045095443726,0.23359549045562744
879,19,0,1,0.19202850759029388,0.8079714775085449
880,0,0,1,0.4935738146305084,0.5064261555671692
880,1,0,0,0.6012392640113831,0.39876073598861694
880,2,0,0,0.5172115564346313,0.48278847336769104
880,3,1,1,0.16733963787555695,0.8326603770256042
880,4,0,1,0.4935738146305084,0.5064261555671692
880,5,0,1,0.20481859147548676,0.795181393623352
880,6,0,1,0.05151328444480896,0.9484866857528687
880,7,1,1,0.0682186633348465,0.9317812919616699
880,8,0,1,0.4935738146305084,0.5064261555671692
880,9,0,1,0.4559001326560974,0.5440999269485474
880,10,0,1,0.4701601266860962,0.5298398733139038
880,11,0,1,0.47713547945022583,0.5228645205497742
880,12,1,1,0.49558791518211365,0.5044119954109192
880,13,0,1,0.4674370586872101,0.5325629115104675
880,14,0,1,0.2887568473815918,0.7112431526184082
880,15,0,1,0.4332961440086365,0.5667038559913635
880,16,0,1,0.28444716334342957,0.7155528664588928
880,17,0,1,0.41021186113357544,0.5897881984710693
880,18,0,1,0.23413367569446564,0.7658663988113403
880,19,0,1,0.20481862127780914,0.7951813340187073
881,0,0,0,0.5062869191169739,0.49371305108070374
881,1,0,0,0.7458947896957397,0.25410521030426025
881,2,0,1,0.41950803995132446,0.5804919600486755
881,3,1,0,0.6104041934013367,0.38959577679634094
881,4,0,0,0.5062869191169739,0.4937130808830261
881,5,0,0,0.6104041934013367,0.38959580659866333
881,6,0,0,0.8387433886528015,0.1612565964460373
881,7,1,1,0.07278687506914139,0.9272130727767944
881,8,0,0,0.5062869191169739,0.4937130808830261
881,9,0,1,0.4140685796737671,0.5859313607215881
881,10,0,0,0.6678208112716675,0.3321791887283325
881,11,0,0,0.5900130867958069,0.4099869728088379
881,12,1,0,0.5062788128852844,0.4937211573123932
881,13,0,0,0.511629045009613,0.48837098479270935
881,14,0,0,0.7469330430030823,0.25306689739227295
881,15,0,1,0.48496976494789124,0.5150302648544312
881,16,0,0,0.7469330430030823,0.25306689739227295
881,17,0,1,0.48496973514556885,0.5150302052497864
881,18,0,0,0.746933102607727,0.25306686758995056
881,19,0,0,0.6104041934013367,0.38959577679634094
882,0,0,0,0.539976179599762,0.4600238502025604
882,1,0,0,0.6312142014503479,0.3687858581542969
882,2,0,0,0.5181553959846497,0.4818446636199951
882,3,1,0,0.6141824722290039,0.3858175277709961
882,4,0,0,0.539976179599762,0.46002382040023804
882,5,0,0,0.6141824722290039,0.3858175277709961
882,6,0,0,0.5696040391921997,0.4303959310054779
882,7,1,1,0.18980276584625244,0.8101972341537476
882,8,0,0,0.539976179599762,0.46002382040023804
882,9,0,1,0.4864547848701477,0.5135451555252075
882,10,0,0,0.5361359715461731,0.4638640284538269
882,11,0,0,0.534767210483551,0.46523281931877136
882,12,1,1,0.49862176179885864,0.5013782978057861
882,13,0,0,0.549985945224762,0.45001402497291565
882,14,0,0,0.7489829659461975,0.2510170042514801
882,15,0,1,0.479140967130661,0.5208590626716614
882,16,0,0,0.7489829659461975,0.2510170042514801
882,17,0,1,0.479140967130661,0.5208590626716614
882,18,0,0,0.7489829659461975,0.2510169744491577
882,19,0,0,0.6141824722290039,0.3858175277709961
883,0,0,1,0.4587535560131073,0.5412464737892151
883,1,0,0,0.7022018432617188,0.29779812693595886
883,2,0,0,0.7037949562072754,0.2962051033973694
883,3,1,0,0.6061989068984985,0.3938010632991791
883,4,0,1,0.4587535560131073,0.5412464141845703
883,5,0,0,0.6061989665031433,0.3938010632991791
883,6,0,0,0.7340406179428101,0.26595941185951233
883,7,1,0,0.6057687401771545,0.39423125982284546
883,8,0,1,0.4587535560131073,0.5412464737892151
883,9,0,1,0.40620407462120056,0.593795895576477
883,10,0,1,0.40367600321769714,0.5963240265846252
883,11,0,0,0.7390514016151428,0.2609485983848572
883,12,1,1,0.04573752358555794,0.9542624354362488
883,13,0,0,0.7460925579071045,0.2539074420928955
883,14,0,0,0.7602388858795166,0.2397611290216446
883,15,0,0,0.7189626693725586,0.28103724122047424
883,16,0,0,0.7602388858795166,0.2397611290216446
883,17,0,1,0.25972238183021545,0.7402775883674622
883,18,0,0,0.7602388858795166,0.2397611290216446
883,19,0,0,0.6061989665031433,0.3938010632991791
884,0,0,1,0.4738650619983673,0.5261349081993103
884,1,0,0,0.6782148480415344,0.32178518176078796
884,2,0,0,0.6339356899261475,0.36606431007385254
884,3,1,0,0.6352836489677429,0.36471638083457947
884,4,0,1,0.4738650918006897,0.5261349081993103
884,5,0,0,0.6352836489677429,0.3647163510322571
884,6,0,0,0.747292697429657,0.252707302570343
884,7,1,0,0.753948986530304,0.24605102837085724
884,8,0,1,0.4738650619983673,0.5261349081993103
884,9,0,0,0.6895232796669006,0.31047675013542175
884,10,0,0,0.6894757151603699,0.3105243146419525
884,11,0,0,0.5640747547149658,0.43592530488967896
884,12,1,0,0.5842317938804626,0.41576820611953735
884,13,0,0,0.6261094212532043,0.3738905191421509
884,14,0,0,0.7589576840400696,0.2410423457622528
884,15,0,0,0.6024935245513916,0.3975064754486084
884,16,0,0,0.7589576840400696,0.2410423457622528
884,17,0,0,0.5306916832923889,0.46930834650993347
884,18,0,0,0.7589576840400696,0.24104231595993042
884,19,0,0,0.6352836489677429,0.36471638083457947
885,0,0,1,0.4760332405567169,0.5239667892456055
885,1,0,1,0.2714127004146576,0.72858726978302
885,2,0,1,0.28590327501296997,0.7140966653823853
885,3,1,1,0.17477719485759735,0.8252228498458862
885,4,0,1,0.4760332405567169,0.5239667892456055
885,5,0,1,0.21131542325019836,0.7886845469474792
885,6,0,0,0.715241014957428,0.28475892543792725
885,7,1,0,0.7134408950805664,0.28655916452407837
885,8,0,1,0.47603321075439453,0.5239667296409607
885,9,0,0,0.6724318265914917,0.3275681436061859
885,10,0,0,0.6724318265914917,0.3275681436061859
885,11,0,0,0.6453068256378174,0.3546931743621826
885,12,1,1,0.13170590996742249,0.8682940602302551
885,13,0,0,0.6411948800086975,0.3588050901889801
885,14,0,0,0.7550250887870789,0.24497497081756592
885,15,0,0,0.5220759510993958,0.4779239892959595
885,16,0,0,0.7550250887870789,0.24497497081756592
885,17,0,0,0.5804661512374878,0.4195338189601898
885,18,0,0,0.7550250887870789,0.24497497081756592
885,19,0,1,0.21131542325019836,0.7886845469474792
886,0,0,0,0.5191206932067871,0.4808792769908905
886,1,0,0,0.7129701375961304,0.28702980279922485
886,2,0,0,0.5861043930053711,0.4138956069946289
886,3,1,0,0.6346567273139954,0.36534327268600464
886,4,0,0,0.5191207528114319,0.4808792769908905
886,5,0,0,0.6346567273139954,0.365343302488327
886,6,0,0,0.7295871376991272,0.2704128921031952
886,7,1,0,0.702211856842041,0.29778817296028137
886,8,0,0,0.5191207528114319,0.4808793067932129
886,9,0,0,0.7370028495788574,0.2629971206188202
886,10,0,0,0.7409778237342834,0.25902214646339417
886,11,0,0,0.5595496892929077,0.4404503405094147
886,12,1,0,0.6524844765663147,0.3475155234336853
886,13,0,1,0.4841024577617645,0.5158975124359131
886,14,0,0,0.7704158425331116,0.2295842319726944
886,15,0,0,0.5502620935440063,0.44973790645599365
886,16,0,0,0.7704158425331116,0.2295842319726944
886,17,0,1,0.4828850328922272,0.5171149969100952
886,18,0,0,0.7704158425331116,0.2295842319726944
886,19,0,0,0.6346567273139954,0.365343302488327
887,0,0,1,0.4681055247783661,0.5318945050239563
887,1,0,0,0.62812739610672,0.37187260389328003
887,2,0,0,0.6278971433639526,0.3721027970314026
887,3,1,0,0.6749199032783508,0.32508012652397156
887,4,0,1,0.4681055247783661,0.5318945050239563
887,5,0,0,0.6749199032783508,0.32508012652397156
887,6,0,0,0.7469039559364319,0.2530960440635681
887,7,1,0,0.6443284153938293,0.35567158460617065
887,8,0,1,0.4681055247783661,0.5318945050239563
887,9,0,0,0.6317287087440491,0.3682713210582733
887,10,0,0,0.6410694718360901,0.3589305579662323
887,11,0,0,0.6001970171928406,0.39980295300483704
887,12,1,0,0.5958670377731323,0.4041329324245453
887,13,0,0,0.5691806077957153,0.43081939220428467
887,14,0,0,0.8121817708015442,0.18781821429729462
887,15,0,0,0.5935907363891602,0.40640929341316223
887,16,0,0,0.8133818507194519,0.1866181641817093
887,17,0,1,0.49221521615982056,0.5077847838401794
887,18,0,0,0.812181830406189,0.18781818449497223
887,19,0,0,0.674919843673706,0.32508009672164917
888,0,0,1,0.4763645529747009,0.5236354470252991
888,1,0,0,0.9187444448471069,0.08125559240579605
888,2,0,0,0.8122916221618652,0.18770837783813477
888,3,1,0,0.6320767402648926,0.36792322993278503
888,4,0,1,0.4763645529747009,0.5236354470252991
888,5,0,0,0.6320767402648926,0.36792322993278503
888,6,0,0,0.7097862958908081,0.2902136445045471
888,7,1,0,0.8614394664764404,0.13856053352355957
888,8,0,1,0.4763645827770233,0.5236354470252991
888,9,0,0,0.9392355680465698,0.06076444685459137
888,10,0,0,0.9392355680465698,0.060764431953430176
888,11,0,0,0.7993897795677185,0.2006101906299591
888,12,1,0,0.9076161980628967,0.09238383173942566
888,13,0,0,0.7455653548240662,0.25443461537361145
888,14,0,0,0.7939966320991516,0.20600338280200958
888,15,0,0,0.8343902230262756,0.16560977697372437
888,16,0,0,0.7939966320991516,0.20600338280200958
888,17,0,0,0.7401196360588074,0.25988030433654785
888,18,0,0,0.7939966320991516,0.20600338280200958
888,19,0,0,0.6320767402648926,0.36792322993278503
889,0,0,1,0.4599020481109619,0.5400979518890381
889,1,0,0,0.7998436093330383,0.2001563161611557
889,2,0,0,0.7733107805252075,0.22668923437595367
889,3,1,0,0.6248881816864014,0.375111848115921
889,4,0,1,0.4599020183086395,0.5400979518890381
889,5,0,0,0.6248881816864014,0.375111848115921
889,6,0,0,0.7450750470161438,0.2549248933792114
889,7,1,0,0.8503313660621643,0.14966866374015808
889,8,0,1,0.4599020183086395,0.5400979518890381
889,9,0,0,0.8370594382286072,0.1629405915737152
889,10,0,0,0.8152390718460083,0.1847609579563141
889,11,0,0,0.6869778037071228,0.3130222260951996
889,12,1,0,0.66838538646698,0.3316146731376648
889,13,0,0,0.6440677046775818,0.3559323251247406
889,14,0,0,0.7801421284675598,0.2198578119277954
889,15,0,0,0.7498990893363953,0.2501009702682495
889,16,0,0,0.7801421284675598,0.2198578417301178
889,17,0,1,0.4978449046611786,0.502155065536499
889,18,0,0,0.7801421284675598,0.2198578119277954
889,19,0,0,0.6248881816864014,0.375111848115921
890,0,0,1,0.4627890884876251,0.5372109413146973
890,1,0,0,0.5948731303215027,0.4051269292831421
890,2,0,0,0.5344957113265991,0.4655042588710785
890,3,1,0,0.6398277878761292,0.36017218232154846
890,4,0,1,0.4627890884876251,0.5372109413146973
890,5,0,0,0.6398278474807739,0.36017218232154846
890,6,0,0,0.6429092288017273,0.35709068179130554
890,7,1,1,0.08614657819271088,0.9138534665107727
890,8,0,1,0.4627890884876251,0.5372109413146973
890,9,0,1,0.2871140241622925,0.7128859758377075
890,10,0,1,0.28711405396461487,0.7128859162330627
890,11,0,1,0.4186984896659851,0.5813015103340149
890,12,1,1,0.09443098306655884,0.9055690169334412
890,13,0,1,0.4848577678203583,0.5151421427726746
890,14,0,0,0.7650209665298462,0.2349790632724762
890,15,0,1,0.41062483191490173,0.5893751978874207
890,16,0,0,0.7650209665298462,0.234979048371315
890,17,0,1,0.4186984896659851,0.5813015103340149
890,18,0,0,0.7650209665298462,0.23497901856899261
890,19,0,0,0.6398277878761292,0.36017218232154846
891,0,0,1,0.4646083116531372,0.5353917479515076
891,1,0,0,0.8121098279953003,0.1878901720046997
891,2,0,0,0.7315566539764404,0.2684433162212372
891,3,1,0,0.6192361116409302,0.3807639181613922
891,4,0,1,0.4646083116531372,0.5353917479515076
891,5,0,0,0.6192361116409302,0.3807639181613922
891,6,0,0,0.8865151405334473,0.11348488181829453
891,7,1,0,0.8622593283653259,0.13774065673351288
891,8,0,1,0.4646083116531372,0.5353917479515076
891,9,0,0,0.7506611347198486,0.24933890998363495
891,10,0,0,0.7573270201683044,0.24267295002937317
891,11,0,1,0.4774220287799835,0.5225779414176941
891,12,1,1,0.1064876839518547,0.8935123085975647
891,13,0,1,0.4428834915161133,0.5571165084838867
891,14,0,0,0.8022410869598389,0.1977589875459671
891,15,0,0,0.5222700834274292,0.4777299165725708
891,16,0,0,0.8022410869598389,0.1977589875459671
891,17,0,1,0.45017126202583313,0.5498287677764893
891,18,0,0,0.8022410869598389,0.1977589875459671
891,19,0,0,0.6192361116409302,0.3807639181613922
892,0,0,1,0.46464332938194275,0.5353567004203796
892,1,0,0,0.8746781945228577,0.12532183527946472
892,2,0,0,0.8044872283935547,0.19551274180412292
892,3,1,0,0.6256486773490906,0.3743513226509094
892,4,0,1,0.46464329957962036,0.5353566408157349
892,5,0,0,0.6256487369537354,0.3743513226509094
892,6,0,0,0.9196234941482544,0.08037643879652023
892,7,1,0,0.630148708820343,0.3698512613773346
892,8,0,1,0.46464332938194275,0.5353567004203796
892,9,0,1,0.10497775673866272,0.8950222134590149
892,10,0,1,0.10128553956747055,0.8987144827842712
892,11,0,0,0.6578392386436462,0.34216082096099854
892,12,1,1,0.11477778851985931,0.8852221965789795
892,13,0,0,0.6713417172431946,0.3286582827568054
892,14,0,0,0.7770769000053406,0.2229231297969818
892,15,0,1,0.4607126712799072,0.5392873287200928
892,16,0,0,0.7770769000053406,0.2229231297969818
892,17,0,0,0.5075159072875977,0.49248403310775757
892,18,0,0,0.7770769000053406,0.22292311489582062
892,19,0,0,0.6255427598953247,0.3744572103023529
893,0,0,1,0.48376575112342834,0.516234278678894
893,1,0,0,0.7126061320304871,0.28739383816719055
893,2,0,0,0.6679383516311646,0.3320615887641907
893,3,1,0,0.6560410261154175,0.34395894408226013
893,4,0,1,0.48376575112342834,0.516234278678894
893,5,0,0,0.6560410261154175,0.3439589738845825
893,6,0,0,0.7990820407867432,0.2009180337190628
893,7,1,0,0.6935104727745056,0.306489497423172
893,8,0,1,0.48376575112342834,0.516234278678894
893,9,0,0,0.56977778673172,0.4302222728729248
893,10,0,0,0.56977778673172,0.4302222430706024
893,11,0,0,0.5211274027824402,0.4788725674152374
893,12,1,1,0.12272411584854126,0.8772759437561035
893,13,0,1,0.4502199590206146,0.5497800707817078
893,14,0,0,0.7711153626441956,0.22888459265232086
893,15,0,0,0.5809094905853271,0.41909050941467285
893,16,0,0,0.7711153626441956,0.22888459265232086
893,17,0,1,0.47663819789886475,0.52336186170578
893,18,0,0,0.7711153626441956,0.22888459265232086
893,19,0,0,0.6560410261154175,0.34395894408226013
894,0,0,1,0.4929550290107727,0.5070449709892273
894,1,0,0,0.6811082363128662,0.3188917934894562
894,2,0,0,0.6545657515525818,0.3454342484474182
894,3,1,0,0.6113060116767883,0.38869401812553406
894,4,0,1,0.4929550588130951,0.5070449709892273
894,5,0,0,0.6113060116767883,0.38869401812553406
894,6,0,0,0.7198498249053955,0.2801501452922821
894,7,1,0,0.6947104334831238,0.305289626121521
894,8,0,1,0.4929550290107727,0.5070449709892273
894,9,0,0,0.6606714129447937,0.33932867646217346
894,10,0,0,0.665567934513092,0.33443206548690796
894,11,0,0,0.5681971311569214,0.4318028688430786
894,12,1,0,0.6253116130828857,0.37468835711479187
894,13,0,1,0.4518844783306122,0.5481155514717102
894,14,0,0,0.7702484726905823,0.2297516018152237
894,15,0,0,0.5916311144828796,0.40836888551712036
894,16,0,0,0.7701175212860107,0.22988255321979523
894,17,0,0,0.5263873934745789,0.47361260652542114
894,18,0,0,0.7701175212860107,0.22988255321979523
894,19,0,0,0.6113060116767883,0.38869401812553406
895,0,0,1,0.47905558347702026,0.520944356918335
895,1,0,0,0.6245858669281006,0.3754141628742218
895,2,0,1,0.4326772689819336,0.5673227310180664
895,3,1,0,0.6201865077018738,0.37981346249580383
895,4,0,0,0.5363749265670776,0.4636250436306
895,5,0,0,0.6201865077018738,0.37981346249580383
895,6,0,0,0.6842454075813293,0.3157545328140259
895,7,1,1,0.09096546471118927,0.9090345501899719
895,8,0,0,0.500626266002655,0.49937376379966736
895,9,0,1,0.10191401839256287,0.8980859518051147
895,10,0,1,0.10191401839256287,0.8980859518051147
895,11,0,1,0.3869755268096924,0.6130244731903076
895,12,1,1,0.12395209819078445,0.8760479092597961
895,13,0,1,0.39241477847099304,0.6075851917266846
895,14,0,0,0.7985808849334717,0.2014191895723343
895,15,0,1,0.43347159028053284,0.5665283799171448
895,16,0,0,0.7985808849334717,0.2014191746711731
895,17,0,1,0.361463725566864,0.638536274433136
895,18,0,0,0.7985808849334717,0.2014191895723343
895,19,0,0,0.6201865673065186,0.37981346249580383
896,0,0,1,0.4332672953605652,0.5667327046394348
896,1,0,0,0.8515424132347107,0.14845764636993408
896,2,0,0,0.8088539242744446,0.19114606082439423
896,3,1,0,0.6800848841667175,0.3199150562286377
896,4,0,1,0.49479904770851135,0.505200982093811
896,5,0,0,0.6808775067329407,0.3191225230693817
896,6,0,0,0.7888404130935669,0.21115952730178833
896,7,1,0,0.8194871544837952,0.1805129051208496
896,8,0,1,0.4584321081638336,0.5415679216384888
896,9,0,1,0.24288031458854675,0.7571197152137756
896,10,0,1,0.376164972782135,0.6238350868225098
896,11,0,0,0.6955945491790771,0.30440542101860046
896,12,1,1,0.3112097382545471,0.6887902617454529
896,13,0,0,0.5289473533630371,0.4710526168346405
896,14,0,0,0.7843172550201416,0.215682715177536
896,15,0,0,0.7582371830940247,0.24176278710365295
896,16,0,0,0.7843173146247864,0.215682715177536
896,17,0,0,0.6925241947174072,0.3074757754802704
896,18,0,0,0.7843173146247864,0.215682715177536
896,19,0,0,0.6800848841667175,0.3199150562286377
897,0,0,1,0.46242833137512207,0.5375717282295227
897,1,0,0,0.7103466391563416,0.28965333104133606
897,2,0,0,0.6841645240783691,0.31583550572395325
897,3,1,0,0.6465380787849426,0.3534618616104126
897,4,0,0,0.5646272301673889,0.43537279963493347
897,5,0,0,0.6465380787849426,0.3534618616104126
897,6,0,0,0.7030670642852783,0.2969329059123993
897,7,1,1,0.09946105629205704,0.900538980960846
897,8,0,1,0.4958334267139435,0.5041665434837341
897,9,0,0,0.6655205488204956,0.3344794511795044
897,10,0,0,0.7018664479255676,0.2981335520744324
897,11,0,1,0.4153349995613098,0.584665060043335
897,12,1,0,0.5780170559883118,0.42198291420936584
897,13,0,1,0.42413684725761414,0.5758631825447083
897,14,0,0,0.8579776287078857,0.14202234148979187
897,15,0,1,0.4510708153247833,0.5489292144775391
897,16,0,0,0.8579776287078857,0.14202234148979187
897,17,0,1,0.38466840982437134,0.6153316497802734
897,18,0,0,0.8579776287078857,0.14202232658863068
897,19,0,0,0.6465380787849426,0.3534618616104126
898,0,0,1,0.46193376183509827,0.5380662679672241
898,1,0,1,0.49147704243659973,0.5085230469703674
898,2,0,0,0.9475229382514954,0.05247703567147255
898,3,1,0,0.621071994304657,0.37892797589302063
898,4,0,0,0.5544242262840271,0.4455757439136505
898,5,0,0,0.621071994304657,0.37892797589302063
898,6,0,0,0.9119141697883606,0.08808580040931702
898,7,1,1,0.08514000475406647,0.91485995054245
898,8,0,0,0.5000302195549011,0.49996984004974365
898,9,0,0,0.6292119026184082,0.370788037776947
898,10,0,0,0.624775230884552,0.375224769115448
898,11,0,1,0.393857479095459,0.6061425805091858
898,12,1,1,0.16708903014659882,0.83291095495224
898,13,0,1,0.3956230878829956,0.6043769121170044
898,14,0,0,0.8740299940109253,0.12596994638442993
898,15,0,1,0.40085291862487793,0.5991470813751221
898,16,0,0,0.8740299940109253,0.12596994638442993
898,17,0,1,0.35209494829177856,0.6479050517082214
898,18,0,0,0.8740299940109253,0.12596994638442993
898,19,0,0,0.621071994304657,0.37892797589302063
899,0,0,1,0.4400460422039032,0.5599539875984192
899,1,0,0,0.8215397596359253,0.17846021056175232
899,2,0,0,0.6775090098381042,0.32249099016189575
899,3,1,0,0.620587170124054,0.37941285967826843
899,4,0,1,0.49922725558280945,0.5007727742195129
899,5,0,0,0.620587170124054,0.37941285967826843
899,6,0,0,0.6350099444389343,0.36499014496803284
899,7,1,0,0.5597802400588989,0.4402197599411011
899,8,0,1,0.46334198117256165,0.536657989025116
899,9,0,0,0.8823547959327698,0.11764521896839142
899,10,0,0,0.8688437342643738,0.13115626573562622
899,11,0,1,0.485036700963974,0.5149633288383484
899,12,1,0,0.8688437342643738,0.13115628063678741
899,13,0,1,0.22587749361991882,0.7741224765777588
899,14,0,0,0.8255752325057983,0.17442481219768524
899,15,0,0,0.6590361595153809,0.34096384048461914
899,16,0,0,0.8255751729011536,0.17442482709884644
899,17,0,1,0.12774096429347992,0.8722589612007141
899,18,0,0,0.8255751729011536,0.17442482709884644
899,19,0,0,0.620587170124054,0.37941282987594604
900,0,0,0,0.5263174176216125,0.4736825227737427
900,1,0,0,0.9096179008483887,0.09038212895393372
900,2,0,0,0.941100001335144,0.058900002390146255
900,3,1,0,0.6275464296340942,0.3724535405635834
900,4,0,0,0.5073843598365784,0.492615669965744
900,5,0,0,0.6275464296340942,0.3724534809589386
900,6,0,0,0.9450991153717041,0.05490091070532799
900,7,1,0,0.9369814991950989,0.06301845610141754
900,8,0,0,0.5131731033325195,0.48682689666748047
900,9,0,0,0.7378354668617249,0.26216447353363037
900,10,0,0,0.7347952723503113,0.26520469784736633
900,11,0,0,0.8934022784233093,0.10659769177436829
900,12,1,0,0.6978912353515625,0.3021087348461151
900,13,0,1,0.235238716006279,0.7647612690925598
900,14,0,0,0.7838687896728516,0.21613124012947083
900,15,0,0,0.9339463710784912,0.06605362892150879
900,16,0,0,0.7838687896728516,0.21613124012947083
900,17,0,1,0.1911066323518753,0.8088933825492859
900,18,0,0,0.7838687896728516,0.21613124012947083
900,19,0,0,0.6275464296340942,0.3724534809589386
901,0,0,1,0.4891033172607422,0.510896623134613
901,1,0,0,0.7803983688354492,0.21960166096687317
901,2,0,0,0.778296172618866,0.22170381247997284
901,3,1,0,0.6051290035247803,0.39487096667289734
901,4,0,0,0.5614700317382812,0.43852996826171875
901,5,0,0,0.6051290035247803,0.39487096667289734
901,6,0,0,0.66368567943573,0.33631432056427
901,7,1,0,0.6261069774627686,0.37389305233955383
901,8,0,0,0.5250336527824402,0.47496628761291504
901,9,0,0,0.5181504487991333,0.4818495512008667
901,10,0,0,0.5608717203140259,0.43912824988365173
901,11,0,1,0.4821312725543976,0.51786869764328
901,12,1,1,0.42459285259246826,0.575407087802887
901,13,0,1,0.40622642636299133,0.593773603439331
901,14,0,0,0.7784985303878784,0.22150151431560516
901,15,0,0,0.7292224764823914,0.27077746391296387
901,16,0,0,0.7784985303878784,0.22150151431560516
901,17,0,1,0.4056454002857208,0.5943546295166016
901,18,0,0,0.7784985303878784,0.22150151431560516
901,19,0,0,0.605129063129425,0.39487096667289734
902,0,0,0,0.5777478218078613,0.42225217819213867
902,1,0,0,0.7765229344367981,0.22347703576087952
902,2,0,0,0.8253787159919739,0.17462126910686493
902,3,1,0,0.6181033253669739,0.38189664483070374
902,4,0,0,0.6709082722663879,0.3290916681289673
902,5,0,0,0.6181033253669739,0.38189664483070374
902,6,0,0,0.7348505258560181,0.2651495337486267
902,7,1,1,0.28523990511894226,0.7147601246833801
902,8,0,0,0.64888596534729,0.35111409425735474
902,9,0,0,0.6923261880874634,0.30767378211021423
902,10,0,0,0.686638355255127,0.31336161494255066
902,11,0,1,0.3449917137622833,0.6550083160400391
902,12,1,1,0.16824865341186523,0.8317513465881348
902,13,0,1,0.34710925817489624,0.6528907418251038
902,14,0,0,0.75626540184021,0.24373452365398407
902,15,0,0,0.6725711822509766,0.32742881774902344
902,16,0,0,0.7527379393577576,0.24726201593875885
902,17,0,1,0.32575222849845886,0.6742478013038635
902,18,0,0,0.7527379989624023,0.24726198613643646
902,19,0,0,0.6181033253669739,0.38189664483070374
903,0,0,1,0.4529331922531128,0.5470667481422424
903,1,0,0,0.6820627450942993,0.31793728470802307
903,2,0,0,0.9725780487060547,0.02742203325033188
903,3,1,0,0.6029084324836731,0.3970915675163269
903,4,0,0,0.9557351469993591,0.0442647859454155
903,5,0,0,0.6029084324836731,0.3970915675163269
903,6,0,0,0.9686890840530396,0.03131095692515373
903,7,1,1,0.034097641706466675,0.9659023880958557
903,8,0,1,0.4936998188495636,0.5063002109527588
903,9,0,0,0.6374590396881104,0.36254099011421204
903,10,0,0,0.6690322160720825,0.3309677839279175
903,11,0,1,0.398907870054245,0.6010921001434326
903,12,1,0,0.526707649230957,0.47329238057136536
903,13,0,1,0.398907870054245,0.6010921001434326
903,14,0,0,0.8199011087417603,0.18009892106056213
903,15,0,1,0.28962862491607666,0.7103713750839233
903,16,0,0,0.8199011087417603,0.18009892106056213
903,17,0,1,0.398907870054245,0.6010921001434326
903,18,0,0,0.8199011087417603,0.18009892106056213
903,19,0,0,0.6029084324836731,0.3970915675163269
904,0,0,1,0.3093176484107971,0.6906823515892029
904,1,0,0,0.7296169400215149,0.2703830599784851
904,2,0,0,0.746144711971283,0.2538553476333618
904,3,1,1,0.17249464988708496,0.827505350112915
904,4,0,0,0.8018866777420044,0.19811329245567322
904,5,0,1,0.20380067825317383,0.7961993217468262
904,6,0,0,0.7674102783203125,0.23258967697620392
904,7,1,0,0.6333622336387634,0.36663779616355896
904,8,0,0,0.6882163882255554,0.31178364157676697
904,9,0,0,0.720182478427887,0.27981749176979065
904,10,0,0,0.7352124452590942,0.26478755474090576
904,11,0,1,0.3809550702571869,0.6190449595451355
904,12,1,0,0.6737829446792603,0.32621702551841736
904,13,0,1,0.3809550702571869,0.6190449595451355
904,14,0,0,0.8142325282096863,0.18576745688915253
904,15,0,0,0.6333622336387634,0.36663779616355896
904,16,0,0,0.8142325282096863,0.18576745688915253
904,17,0,1,0.3809550702571869,0.6190449595451355
904,18,0,0,0.8142325282096863,0.1857675015926361
904,19,0,1,0.20380064845085144,0.7961993217468262
905,0,0,0,0.5916133522987366,0.40838655829429626
905,1,0,1,0.4880598783493042,0.5119401216506958
905,2,0,0,0.6069032549858093,0.39309677481651306
905,3,1,1,0.1335081309080124,0.8664918541908264
905,4,0,0,0.6510071754455566,0.34899279475212097
905,5,0,1,0.16628196835517883,0.8337180018424988
905,6,0,0,0.6353068351745605,0.36469316482543945
905,7,1,1,0.06650032848119736,0.9334996342658997
905,8,0,0,0.623551070690155,0.37644895911216736
905,9,0,1,0.4543694257736206,0.5456305742263794
905,10,0,0,0.5154374241828918,0.48456260561943054
905,11,0,1,0.23410382866859436,0.7658961415290833
905,12,1,1,0.1950540393590927,0.8049459457397461
905,13,0,1,0.23338276147842407,0.7666172385215759
905,14,0,0,0.8565424084663391,0.1434575766324997
905,15,0,1,0.4079541563987732,0.592045783996582
905,16,0,0,0.8565424084663391,0.1434575766324997
905,17,0,1,0.23338273167610168,0.7666172385215759
905,18,0,0,0.8565424680709839,0.1434575468301773
905,19,0,1,0.16628196835517883,0.8337180018424988
906,0,0,0,0.5147535800933838,0.48524636030197144
906,1,0,0,0.8167915940284729,0.18320845067501068
906,2,0,0,0.7728809714317322,0.2271190732717514
906,3,1,0,0.6305397152900696,0.3694603741168976
906,4,0,0,0.6021592020988464,0.3978407084941864
906,5,0,0,0.6315949559211731,0.3684050440788269
906,6,0,0,0.602159321308136,0.3978407084941864
906,7,1,0,0.7876128554344177,0.2123870700597763
906,8,0,0,0.5628938674926758,0.43710610270500183
906,9,0,1,0.4165840148925781,0.5834159851074219
906,10,0,1,0.4755750596523285,0.5244248509407043
906,11,0,1,0.37537434697151184,0.624625563621521
906,12,1,1,0.16418085992336273,0.8358190655708313
906,13,0,1,0.37537434697151184,0.624625563621521
906,14,0,0,0.8110669255256653,0.1889331042766571
906,15,0,0,0.7386638522148132,0.2613361179828644
906,16,0,0,0.8110669255256653,0.1889331042766571
906,17,0,1,0.37537434697151184,0.6246256232261658
906,18,0,0,0.8110669255256653,0.1889331191778183
906,19,0,0,0.6304550766944885,0.36954495310783386
907,0,0,1,0.45283105969429016,0.5471689701080322
907,1,0,0,0.6058619022369385,0.3941381275653839
907,2,0,0,0.63803631067276,0.36196368932724
907,3,1,0,0.6508886814117432,0.34911128878593445
907,4,0,0,0.5342358946800232,0.4657641053199768
907,5,0,0,0.6508886814117432,0.34911128878593445
907,6,0,0,0.5342358946800232,0.4657641053199768
907,7,1,0,0.63803631067276,0.36196368932724
907,8,0,1,0.49533194303512573,0.5046679973602295
907,9,0,0,0.5953285694122314,0.40467149019241333
907,10,0,0,0.5688716769218445,0.4311283230781555
907,11,0,1,0.35179221630096436,0.6482077240943909
907,12,1,0,0.5690032839775085,0.43099677562713623
907,13,0,1,0.35179221630096436,0.6482077240943909
907,14,0,1,0.2841164171695709,0.7158836126327515
907,15,0,0,0.63803631067276,0.36196368932724
907,16,0,1,0.2820431888103485,0.7179567813873291
907,17,0,1,0.35179221630096436,0.6482077240943909
907,18,0,1,0.24380099773406982,0.7561990022659302
907,19,0,0,0.6508886814117432,0.34911128878593445
908,0,0,1,0.4935368597507477,0.5064631104469299
908,1,0,0,0.6675664782524109,0.3324335217475891
908,2,0,0,0.5361555814743042,0.4638444185256958
908,3,1,0,0.606031596660614,0.3939684331417084
908,4,0,0,0.5506729483604431,0.4493270516395569
908,5,0,0,0.606031596660614,0.3939684331417084
908,6,0,0,0.5506729483604431,0.4493270218372345
908,7,1,0,0.5361555814743042,0.4638443887233734
908,8,0,0,0.518400251865387,0.4815997779369354
908,9,0,0,0.740740180015564,0.25925981998443604
908,10,0,0,0.7383238077163696,0.261676162481308
908,11,0,1,0.38940340280532837,0.6105965971946716
908,12,1,0,0.6872519254684448,0.3127480745315552
908,13,0,1,0.38940340280532837,0.6105965971946716
908,14,0,0,0.755438506603241,0.24456152319908142
908,15,0,0,0.5361555814743042,0.4638443887233734
908,16,0,0,0.755438506603241,0.24456152319908142
908,17,0,1,0.38940340280532837,0.6105965971946716
908,18,0,0,0.755438506603241,0.24456150829792023
908,19,0,0,0.606031596660614,0.3939684331417084
909,0,0,1,0.44653791189193726,0.5534620881080627
909,1,0,1,0.42457863688468933,0.5754213929176331
909,2,0,1,0.28969988226890564,0.7103001475334167
909,3,1,0,0.5740340948104858,0.42596593499183655
909,4,0,0,0.5405851602554321,0.45941483974456787
909,5,0,0,0.6224076747894287,0.3775923550128937
909,6,0,0,0.5405851602554321,0.45941486954689026
909,7,1,1,0.1681620180606842,0.8318380117416382
909,8,0,1,0.4985390603542328,0.5014609098434448
909,9,0,0,0.8361599445343018,0.16384011507034302
909,10,0,0,0.8162664771080017,0.18373353779315948
909,11,0,1,0.3803199231624603,0.6196801066398621
909,12,1,0,0.8333497643470764,0.16665023565292358
909,13,0,1,0.38031989336013794,0.6196801066398621
909,14,0,0,0.767661988735199,0.23233796656131744
909,15,0,1,0.1681620180606842,0.8318380117416382
909,16,0,0,0.767661988735199,0.23233796656131744
909,17,0,1,0.3803199231624603,0.6196801066398621
909,18,0,0,0.7676620483398438,0.23233795166015625
909,19,0,0,0.5682221055030823,0.43177786469459534
910,0,0,0,0.5917390584945679,0.40826088190078735
910,1,0,0,0.523792028427124,0.476207971572876
910,2,0,0,0.5263000726699829,0.47370001673698425
910,3,1,1,0.18396009504795074,0.8160399198532104
910,4,0,0,0.6103640794754028,0.38963592052459717
910,5,0,1,0.4603411853313446,0.539658784866333
910,6,0,0,0.6103640794754028,0.38963595032691956
910,7,1,0,0.5263000726699829,0.47369998693466187
910,8,0,0,0.5795770287513733,0.4204230308532715
910,9,0,0,0.7120539546012878,0.28794604539871216
910,10,0,0,0.6793039441108704,0.320696085691452
910,11,0,1,0.35396644473075867,0.646033525466919
910,12,1,0,0.5820308327674866,0.4179692268371582
910,13,0,1,0.35396644473075867,0.646033525466919
910,14,0,0,0.7666547298431396,0.23334529995918274
910,15,0,0,0.5263000726699829,0.47369998693466187
910,16,0,0,0.7666547298431396,0.23334529995918274
910,17,0,1,0.35396644473075867,0.646033525466919
910,18,0,0,0.7666547298431396,0.23334529995918274
910,19,0,1,0.47776108980178833,0.5222389101982117
911,0,0,1,0.4633079469203949,0.5366920828819275
911,1,0,1,0.4164208769798279,0.5835791230201721
911,2,0,1,0.42825838923454285,0.5717416405677795
911,3,1,1,0.09296291321516037,0.907037079334259
911,4,0,0,0.6360841393470764,0.36391589045524597
911,5,0,1,0.2312416434288025,0.7687583565711975
911,6,0,0,0.6360841393470764,0.36391589045524597
911,7,1,1,0.08635027706623077,0.9136496782302856
911,8,0,0,0.5822374224662781,0.4177626073360443
911,9,0,0,0.7167364954948425,0.28326353430747986
911,10,0,0,0.7350151538848877,0.2649848461151123
911,11,0,1,0.35958170890808105,0.6404182314872742
911,12,1,0,0.6904030442237854,0.3095969557762146
911,13,0,1,0.35958170890808105,0.6404182314872742
911,14,0,0,0.7631532549858093,0.23684678971767426
911,15,0,1,0.3948669731616974,0.6051329970359802
911,16,0,0,0.7631532549858093,0.23684678971767426
911,17,0,1,0.35958170890808105,0.6404182314872742
911,18,0,0,0.7631532549858093,0.23684678971767426
911,19,0,1,0.23124168813228607,0.7687583565711975
912,0,0,1,0.4059022068977356,0.5940978527069092
912,1,0,0,0.9211947917938232,0.07880516350269318
912,2,0,0,0.9017031192779541,0.09829689562320709
912,3,1,1,0.08471444994211197,0.9152854681015015
912,4,0,0,0.5670921802520752,0.4329078793525696
912,5,0,1,0.3525210916996002,0.6474789381027222
912,6,0,0,0.5670921802520752,0.4329078793525696
912,7,1,0,0.9243677854537964,0.07563219219446182
912,8,0,0,0.5147600769996643,0.4852399528026581
912,9,0,1,0.3941252827644348,0.6058747172355652
912,10,0,0,0.9311027526855469,0.0688973069190979
912,11,0,1,0.36435747146606445,0.6356425881385803
912,12,1,1,0.133131742477417,0.866868257522583
912,13,0,1,0.36435750126838684,0.6356425285339355
912,14,0,0,0.8607279658317566,0.1392720341682434
912,15,0,0,0.9243677854537964,0.07563219219446182
912,16,0,0,0.8607279658317566,0.1392720639705658
912,17,0,1,0.45631879568099976,0.543681263923645
912,18,0,0,0.8607279658317566,0.13927209377288818
912,19,0,1,0.3597733974456787,0.6402266025543213
913,0,0,1,0.28114038705825806,0.7188595533370972
913,1,0,1,0.3669097423553467,0.6330902576446533
913,2,0,0,0.715694010257721,0.28430601954460144
913,3,1,1,0.09869595617055893,0.9013040661811829
913,4,0,0,0.5447220206260681,0.4552779495716095
913,5,0,1,0.3078005909919739,0.6921994090080261
913,6,0,0,0.5447220206260681,0.4552779495716095
913,7,1,1,0.181181862950325,0.8188180923461914
913,8,0,1,0.48824021220207214,0.5117598176002502
913,9,0,1,0.2162056267261505,0.7837944030761719
913,10,0,1,0.32043546438217163,0.6795645356178284
913,11,0,0,0.625164806842804,0.37483519315719604
913,12,1,1,0.2162056267261505,0.7837944030761719
913,13,0,0,0.625164806842804,0.37483519315719604
913,14,0,0,0.8010050058364868,0.19899505376815796
913,15,0,1,0.181181862950325,0.8188180923461914
913,16,0,0,0.8008204698562622,0.1991795003414154
913,17,0,0,0.603435218334198,0.39656469225883484
913,18,0,0,0.8008204698562622,0.1991795003414154
913,19,0,1,0.2864517867565155,0.7135482430458069
914,0,0,1,0.4028608798980713,0.5971391201019287
914,1,0,1,0.3034057021141052,0.69659423828125
914,2,0,1,0.48114922642707825,0.5188507437705994
914,3,1,1,0.08492311090230942,0.9150769114494324
914,4,0,0,0.573746383190155,0.4262535572052002
914,5,0,1,0.08492311090230942,0.9150769114494324
914,6,0,0,0.573746383190155,0.4262535572052002
914,7,1,1,0.05924705043435097,0.9407529830932617
914,8,0,0,0.5193637013435364,0.480636328458786
914,9,0,0,0.5644669532775879,0.4355330169200897
914,10,0,0,0.6281371712684631,0.37186282873153687
914,11,0,1,0.40994104743003845,0.5900589823722839
914,12,1,1,0.4697040617465973,0.5302959084510803
914,13,0,1,0.40994104743003845,0.5900589227676392
914,14,0,0,0.8490562438964844,0.15094375610351562
914,15,0,1,0.29765254259109497,0.702347457408905
914,16,0,0,0.8494094610214233,0.15059056878089905
914,17,0,1,0.3628973960876465,0.6371026039123535
914,18,0,0,0.8490562438964844,0.15094375610351562
914,19,0,1,0.14982973039150238,0.8501702547073364
915,0,0,1,0.3169507682323456,0.683049201965332
915,1,0,0,0.7238320112228394,0.27616798877716064
915,2,0,0,0.6763060092926025,0.32369399070739746
915,3,1,1,0.10140267759561539,0.8985973000526428
915,4,0,0,0.5333446860313416,0.46665534377098083
915,5,0,1,0.4962460398674011,0.5037539005279541
915,6,0,0,0.5333446860313416,0.4666553735733032
915,7,1,0,0.6649736762046814,0.3350262939929962
915,8,0,1,0.46569356322288513,0.5343064665794373
915,9,0,1,0.31162774562835693,0.6883722543716431
915,10,0,1,0.47669029235839844,0.5233096480369568
915,11,0,1,0.44635477662086487,0.5536451935768127
915,12,1,1,0.4710664749145508,0.5289335250854492
915,13,0,1,0.44635480642318726,0.5536451935768127
915,14,0,0,0.8162350058555603,0.1837649941444397
915,15,0,0,0.5857563018798828,0.41424375772476196
915,16,0,0,0.8162350058555603,0.1837649792432785
915,17,0,1,0.35552623867988586,0.6444737315177917
915,18,0,0,0.8162350058555603,0.1837649941444397
915,19,0,0,0.5666339993476868,0.433366060256958
916,0,0,1,0.3123525083065033,0.6876475214958191
916,1,0,0,0.9206104278564453,0.0793895497918129
916,2,0,0,0.9078788161277771,0.0921211987733841
916,3,1,1,0.11561641097068787,0.8843835592269897
916,4,0,0,0.5524179339408875,0.44758206605911255
916,5,0,1,0.21538971364498138,0.7846103310585022
916,6,0,0,0.5524179339408875,0.44758206605911255
916,7,1,0,0.9216135144233704,0.07838653773069382
916,8,0,1,0.47342967987060547,0.5265703201293945
916,9,0,1,0.18411414325237274,0.8158858418464661
916,10,0,0,0.8999710083007812,0.10002896189689636
916,11,0,1,0.47364816069602966,0.5263518691062927
916,12,1,1,0.12877070903778076,0.871229350566864
916,13,0,1,0.4939773976802826,0.5060226321220398
916,14,0,0,0.9524517059326172,0.04754822701215744
916,15,0,0,0.9216135144233704,0.07838653773069382
916,16,0,0,0.9424489736557007,0.05755101516842842
916,17,0,0,0.5495808124542236,0.45041918754577637
916,18,0,0,0.9524517059326172,0.04754822701215744
916,19,0,1,0.19110898673534393,0.8088909983634949
917,0,0,1,0.47403812408447266,0.5259619355201721
917,1,0,1,0.48005521297454834,0.5199448466300964
917,2,0,0,0.9171629548072815,0.0828370749950409
917,3,1,1,0.06575502455234528,0.9342449903488159
917,4,0,1,0.4934944808483124,0.50650554895401
917,5,0,1,0.2928989827632904,0.7071009874343872
917,6,0,1,0.49349445104599,0.50650554895401
917,7,1,1,0.44178345799446106,0.5582165122032166
917,8,0,1,0.45714280009269714,0.5428572297096252
917,9,0,1,0.3129928708076477,0.6870070695877075
917,10,0,1,0.2518659830093384,0.7481340765953064
917,11,0,0,0.8085463643074036,0.19145365059375763
917,12,1,1,0.08671596646308899,0.9132840633392334
917,13,0,0,0.8085463643074036,0.19145365059375763
917,14,0,0,0.9825555086135864,0.01744447834789753
917,15,0,1,0.4373331367969513,0.5626667737960815
917,16,0,0,0.9813364148139954,0.01866360567510128
917,17,0,0,0.8003207445144653,0.19967928528785706
917,18,0,0,0.9825555086135864,0.01744447834789753
917,19,0,1,0.3433521091938019,0.6566479802131653
918,0,0,1,0.22383606433868408,0.7761639952659607
918,1,0,0,0.5742408037185669,0.4257591664791107
918,2,0,0,0.9211107492446899,0.07888925820589066
918,3,1,1,0.060786306858062744,0.9392136931419373
918,4,0,1,0.1511254757642746,0.848874568939209
918,5,0,1,0.26518166065216064,0.7348183393478394
918,6,0,1,0.1511254608631134,0.848874568939209
918,7,1,1,0.24859225749969482,0.7514077425003052
918,8,0,1,0.24919575452804565,0.7508042454719543
918,9,0,1,0.15939010679721832,0.8406099677085876
918,10,0,1,0.16799744963645935,0.8320025205612183
918,11,0,0,0.765785276889801,0.23421473801136017
918,12,1,1,0.0826464593410492,0.9173535108566284
918,13,0,0,0.765785276889801,0.23421472311019897
918,14,0,0,0.9865614771842957,0.013438543304800987
918,15,0,1,0.4341336488723755,0.5658662915229797
918,16,0,0,0.986236035823822,0.013764034025371075
918,17,0,0,0.7578105330467224,0.2421894669532776
918,18,0,0,0.9865614771842957,0.013438543304800987
918,19,0,1,0.32622089982032776,0.6737791299819946
919,0,0,0,0.6590835452079773,0.3409164249897003
919,1,0,0,0.6413131356239319,0.3586868345737457
919,2,0,0,0.6969349980354309,0.3030650019645691
919,3,1,1,0.10632575303316116,0.8936741948127747
919,4,0,0,0.8023763298988342,0.19762367010116577
919,5,0,1,0.11886370182037354,0.8811362981796265
919,6,0,0,0.8023763298988342,0.19762367010116577
919,7,1,0,0.5264254808425903,0.4735744893550873
919,8,0,0,0.7381170988082886,0.2618829309940338
919,9,0,1,0.22033904492855072,0.7796609997749329
919,10,0,1,0.1399058699607849,0.8600941300392151
919,11,0,0,0.6607754826545715,0.33922457695007324
919,12,1,1,0.10632575303316116,0.8936741948127747
919,13,0,0,0.6607754826545715,0.33922457695007324
919,14,0,1,0.3909101188182831,0.6090899109840393
919,15,0,0,0.6251134276390076,0.3748866617679596
919,16,0,0,0.5105506181716919,0.48944932222366333
919,17,0,0,0.6613535284996033,0.3386465311050415
919,18,0,0,0.5607975125312805,0.4392024576663971
919,19,0,1,0.2351357787847519,0.7648641467094421
920,0,0,1,0.2749062478542328,0.7250937223434448
920,1,0,1,0.14429570734500885,0.8557043075561523
920,2,0,0,0.941275417804718,0.05872458592057228
920,3,1,1,0.14217489957809448,0.8578251004219055
920,4,0,0,0.7386628985404968,0.26133716106414795
920,5,0,0,0.5471551418304443,0.45284485816955566
920,6,0,0,0.7133319973945618,0.28666800260543823
920,7,1,1,0.06925147026777267,0.930748462677002
920,8,0,1,0.4862440228462219,0.5137559771537781
920,9,0,0,0.5478488802909851,0.4521510899066925
920,10,0,0,0.5478489398956299,0.4521511197090149
920,11,0,1,0.4245566427707672,0.5754433870315552
920,12,1,1,0.14217491447925568,0.8578251004219055
920,13,0,1,0.4245566427707672,0.5754433870315552
920,14,0,0,0.9801964163780212,0.019803546369075775
920,15,0,1,0.4989009499549866,0.5010989904403687
920,16,0,0,0.9799111485481262,0.02008882723748684
920,17,0,1,0.41735154390335083,0.5826484560966492
920,18,0,0,0.9801964163780212,0.019803546369075775
920,19,0,0,0.570348858833313,0.4296511709690094
921,0,0,1,0.47578302025794983,0.5242170095443726
921,1,0,1,0.2542788088321686,0.7457212209701538
921,2,0,0,0.7230834364891052,0.27691662311553955
921,3,1,1,0.09137587249279022,0.9086241722106934
921,4,0,0,0.7515212297439575,0.2484786957502365
921,5,0,0,0.5795493721961975,0.4204506278038025
921,6,0,0,0.729636013507843,0.270363986492157
921,7,1,1,0.0667998343706131,0.9332001209259033
921,8,0,0,0.6662619709968567,0.3337380290031433
921,9,0,0,0.5618813633918762,0.4381186068058014
921,10,0,0,0.5618813633918762,0.4381186068058014
921,11,0,1,0.49673402309417725,0.5032660365104675
921,12,1,1,0.09137589484453201,0.9086241722106934
921,13,0,1,0.49673402309417725,0.5032660365104675
921,14,0,0,0.888982355594635,0.11101765930652618
921,15,0,0,0.601297914981842,0.39870208501815796
921,16,0,0,0.8665292263031006,0.13347069919109344
921,17,0,1,0.4908466935157776,0.5091533660888672
921,18,0,0,0.8784211874008179,0.12157884985208511
921,19,0,0,0.589199960231781,0.410800039768219
922,0,0,1,0.22282013297080994,0.7771798372268677
922,1,0,0,0.9415763020515442,0.058423712849617004
922,2,0,0,0.9163733124732971,0.08362667262554169
922,3,1,1,0.15204647183418274,0.8479535579681396
922,4,0,0,0.8040544390678406,0.1959455907344818
922,5,0,0,0.5791839957237244,0.42081597447395325
922,6,0,0,0.7863199710845947,0.2136799544095993
922,7,1,0,0.6148861050605774,0.385113924741745
922,8,0,0,0.7104359865188599,0.28956395387649536
922,9,0,0,0.5497620701789856,0.450237900018692
922,10,0,0,0.5497620701789856,0.450237900018692
922,11,0,0,0.5848513841629028,0.4151485562324524
922,12,1,1,0.15204644203186035,0.8479535579681396
922,13,0,0,0.5792578458786011,0.4207422137260437
922,14,0,0,0.8559778928756714,0.1440221220254898
922,15,0,0,0.8460819125175476,0.1539180874824524
922,16,0,0,0.8458945751190186,0.15410546958446503
922,17,0,0,0.8126705288887024,0.1873294711112976
922,18,0,0,0.7818875908851624,0.21811236441135406
922,19,0,0,0.5971390604972839,0.40286096930503845
923,0,0,0,0.6804038882255554,0.3195960819721222
923,1,0,0,0.8211758136749268,0.17882417142391205
923,2,0,0,0.7655781507492065,0.23442183434963226
923,3,1,1,0.06274797022342682,0.9372520446777344
923,4,0,0,0.75164395570755,0.24835601449012756
923,5,0,1,0.3775401711463928,0.622459888458252
923,6,0,0,0.7441819310188293,0.2558180093765259
923,7,1,0,0.7267521023750305,0.2732478976249695
923,8,0,0,0.7144014835357666,0.2855984568595886
923,9,0,0,0.7938997745513916,0.20610018074512482
923,10,0,0,0.7893635034561157,0.21063649654388428
923,11,0,0,0.5101757645606995,0.48982417583465576
923,12,1,1,0.06274799257516861,0.9372520446777344
923,13,0,1,0.4767242968082428,0.5232756733894348
923,14,0,0,0.6897682547569275,0.3102318048477173
923,15,0,0,0.727576494216919,0.27242350578308105
923,16,0,0,0.6552574038505554,0.3447425961494446
923,17,0,0,0.5643813610076904,0.4356186091899872
923,18,0,0,0.6214953064918518,0.3785046637058258
923,19,0,1,0.35963040590286255,0.6403695344924927
924,0,0,0,0.6445688009262085,0.35543113946914673
924,1,0,1,0.42316174507141113,0.5768382549285889
924,2,0,0,0.9077034592628479,0.09229651093482971
924,3,1,1,0.07465615123510361,0.9253438115119934
924,4,0,0,0.7080995440483093,0.29190048575401306
924,5,0,0,0.689410388469696,0.3105895519256592
924,6,0,0,0.6988222002983093,0.3011777997016907
924,7,1,1,0.0563163198530674,0.9436836838722229
924,8,0,0,0.6508819460868835,0.34911811351776123
924,9,0,0,0.6806711554527283,0.31932881474494934
924,10,0,0,0.6806711554527283,0.31932881474494934
924,11,0,0,0.530453622341156,0.4695464074611664
924,12,1,1,0.07465615123510361,0.9253438115119934
924,13,0,0,0.7137859463691711,0.28621411323547363
924,14,0,0,0.9683228731155396,0.03167712315917015
924,15,0,0,0.6435829401016235,0.35641705989837646
924,16,0,0,0.9677553772926331,0.03224463760852814
924,17,0,0,0.7296242117881775,0.27037572860717773
924,18,0,0,0.9683228731155396,0.03167712315917015
924,19,0,0,0.689410388469696,0.3105895519256592
925,0,0,1,0.31385350227355957,0.6861465573310852
925,1,0,0,0.7045831680297852,0.29541686177253723
925,2,0,0,0.7003834247589111,0.2996165454387665
925,3,1,1,0.11803530156612396,0.8819646835327148
925,4,0,0,0.6872881650924683,0.31271177530288696
925,5,0,1,0.42869871854782104,0.5713012218475342
925,6,0,0,0.892668604850769,0.10733136534690857
925,7,1,1,0.49965745210647583,0.5003424882888794
925,8,0,0,0.5849039554595947,0.4150960445404053
925,9,0,0,0.6481017470359802,0.351898193359375
925,10,0,0,0.6344138383865356,0.36558613181114197
925,11,0,1,0.4599120318889618,0.5400879979133606
925,12,1,1,0.11803527176380157,0.8819646835327148
925,13,0,1,0.388959676027298,0.6110402941703796
925,14,0,0,0.9503752589225769,0.0496247224509716
925,15,0,0,0.667281985282898,0.33271804451942444
925,16,0,0,0.9343672394752502,0.06563276052474976
925,17,0,0,0.5814659595489502,0.4185340702533722
925,18,0,0,0.941583514213562,0.05841651186347008
925,19,0,1,0.4356817901134491,0.5643181800842285
926,0,0,1,0.4270384609699249,0.5729615092277527
926,1,0,1,0.49809136986732483,0.5019086599349976
926,2,0,1,0.4172634482383728,0.5827365517616272
926,3,1,0,0.5648401975631714,0.4351597726345062
926,4,0,1,0.49603158235549927,0.5039684176445007
926,5,0,0,0.6155203580856323,0.3844796419143677
926,6,0,0,0.867266833782196,0.13273313641548157
926,7,1,1,0.06801370531320572,0.9319862723350525
926,8,0,0,0.551577091217041,0.4484228789806366
926,9,0,0,0.6021376252174377,0.39786237478256226
926,10,0,0,0.5795329809188843,0.4204670190811157
926,11,0,1,0.45450204610824585,0.5454979538917542
926,12,1,1,0.24744169414043427,0.7525582909584045
926,13,0,1,0.13444960117340088,0.8655503988265991
926,14,0,0,0.8595927357673645,0.14040729403495789
926,15,0,1,0.43084511160850525,0.5691548585891724
926,16,0,0,0.8632833361625671,0.13671661913394928
926,17,0,1,0.4082813262939453,0.5917186141014099
926,18,0,0,0.8050177097320557,0.19498227536678314
926,19,0,0,0.6155203580856323,0.38447970151901245
927,0,0,1,0.19791634380817413,0.8020836710929871
927,1,0,1,0.3679783046245575,0.6320217251777649
927,2,0,1,0.3541504442691803,0.6458495855331421
927,3,1,1,0.11670361459255219,0.8832963705062866
927,4,0,0,0.6475798487663269,0.3524201214313507
927,5,0,1,0.38916370272636414,0.6108362674713135
927,6,0,0,0.6451115012168884,0.35488855838775635
927,7,1,1,0.13453248143196106,0.8654675483703613
927,8,0,1,0.49896982312202454,0.5010302662849426
927,9,0,1,0.27955397963523865,0.720445990562439
927,10,0,1,0.27955397963523865,0.7204460501670837
927,11,0,1,0.4665502607822418,0.5334498286247253
927,12,1,1,0.11670361459255219,0.8832963705062866
927,13,0,1,0.22939389944076538,0.7706061601638794
927,14,0,0,0.5918785929679871,0.40812134742736816
927,15,0,1,0.2646980881690979,0.7353019118309021
927,16,0,0,0.5920426845550537,0.4079572856426239
927,17,0,1,0.3469269275665283,0.6530730128288269
927,18,0,1,0.49870970845222473,0.5012902617454529
927,19,0,1,0.38869649171829224,0.611303448677063
928,0,0,0,0.5927411317825317,0.4072587788105011
928,1,0,0,0.544498860836029,0.45550110936164856
928,2,0,0,0.7726821303367615,0.22731783986091614
928,3,1,0,0.7850059866905212,0.21499395370483398
928,4,0,0,0.7317395210266113,0.26826047897338867
928,5,0,0,0.7850061058998108,0.2149939388036728
928,6,0,0,0.9412741661071777,0.05872579291462898
928,7,1,1,0.45826414227485657,0.541735827922821
928,8,0,0,0.6145693063735962,0.3854307234287262
928,9,0,0,0.6647573113441467,0.3352426588535309
928,10,0,0,0.6647573113441467,0.3352426588535309
928,11,0,1,0.4466930329799652,0.5533069968223572
928,12,1,1,0.05728702247142792,0.9427129626274109
928,13,0,0,0.6056927442550659,0.3943072259426117
928,14,0,0,0.9699048399925232,0.030095145106315613
928,15,0,0,0.5710796117782593,0.42892032861709595
928,16,0,0,0.9575583934783936,0.04244160279631615
928,17,0,0,0.5641540288925171,0.4358460009098053
928,18,0,0,0.9628769159317017,0.037123095244169235
928,19,0,0,0.7850061058998108,0.21499396860599518
929,0,0,1,0.4829002916812897,0.5170996785163879
929,1,0,0,0.5797868967056274,0.42021307349205017
929,2,0,0,0.5825481414794922,0.4174518883228302
929,3,1,1,0.3420010209083557,0.6579989790916443
929,4,0,0,0.9208756685256958,0.0791243240237236
929,5,0,0,0.7983812093734741,0.20161883533000946
929,6,0,0,0.8812721967697144,0.11872777342796326
929,7,1,0,0.5179964303970337,0.4820036292076111
929,8,0,0,0.5372236967086792,0.4627763330936432
929,9,0,0,0.8156124353408813,0.18438759446144104
929,10,0,0,0.8156124353408813,0.18438762426376343
929,11,0,1,0.46525153517723083,0.5347484350204468
929,12,1,1,0.3420010209083557,0.6579989790916443
929,13,0,1,0.39469635486602783,0.6053035855293274
929,14,0,0,0.9202694892883301,0.07973051816225052
929,15,0,0,0.565606951713562,0.4343930184841156
929,16,0,0,0.9011759161949158,0.09882404655218124
929,17,0,1,0.35225871205329895,0.6477413177490234
929,18,0,0,0.906116783618927,0.0938832014799118
929,19,0,0,0.7983812093734741,0.20161880552768707
930,0,0,0,0.7075900435447693,0.2924099266529083
930,1,0,0,0.8345247507095337,0.16547517478466034
930,2,0,0,0.826814591884613,0.17318536341190338
930,3,1,1,0.10554365813732147,0.8944563865661621
930,4,0,0,0.8395980596542358,0.16040197014808655
930,5,0,0,0.6528499722480774,0.34714993834495544
930,6,0,0,0.8951928019523621,0.10480721294879913
930,7,1,0,0.8565583825111389,0.14344161748886108
930,8,0,0,0.5676109194755554,0.43238911032676697
930,9,0,0,0.7046967148780823,0.2953033447265625
930,10,0,0,0.7515522241592407,0.24844782054424286
930,11,0,1,0.464857280254364,0.535142719745636
930,12,1,1,0.10554368793964386,0.8944563865661621
930,13,0,0,0.8989930152893066,0.10100704431533813
930,14,0,0,0.9237790107727051,0.07622094452381134
930,15,0,0,0.7001972198486328,0.2998027801513672
930,16,0,0,0.9131315350532532,0.08686850219964981
930,17,0,0,0.8470960855484009,0.15290391445159912
930,18,0,0,0.8046995997428894,0.1953004151582718
930,19,0,0,0.6528500914573669,0.34714993834495544
931,0,0,1,0.3955850601196289,0.6044149994850159
931,1,0,0,0.540873110294342,0.45912685990333557
931,2,0,1,0.48475536704063416,0.5152446627616882
931,3,1,1,0.1607898324728012,0.8392101526260376
931,4,0,0,0.9007042050361633,0.09929575771093369
931,5,0,0,0.6575376987457275,0.34246230125427246
931,6,0,0,0.865024745464325,0.13497525453567505
931,7,1,1,0.45355314016342163,0.5464468598365784
931,8,0,1,0.460761696100235,0.5392383337020874
931,9,0,0,0.5358085632324219,0.4641914963722229
931,10,0,1,0.4773079454898834,0.522692084312439
931,11,0,1,0.4462973177433014,0.5537025928497314
931,12,1,1,0.06837153434753418,0.9316284656524658
931,13,0,1,0.3216133713722229,0.6783866882324219
931,14,0,0,0.8951562643051147,0.10484372079372406
931,15,0,1,0.460761696100235,0.5392383337020874
931,16,0,0,0.8043838739395142,0.19561614096164703
931,17,0,1,0.44919702410697937,0.5508029460906982
931,18,0,0,0.7673859596252441,0.23261407017707825
931,19,0,0,0.6575376391410828,0.34246236085891724
932,0,0,0,0.7985647320747375,0.20143520832061768
932,1,0,0,0.7771511673927307,0.2228487879037857
932,2,0,0,0.6806691288948059,0.3193308413028717
932,3,1,0,0.7474557757377625,0.2525441646575928
932,4,0,0,0.6983781456947327,0.3016219139099121
932,5,0,0,0.7474558353424072,0.2525441646575928
932,6,0,0,0.660133957862854,0.339866042137146
932,7,1,0,0.6395449638366699,0.36045509576797485
932,8,0,1,0.3447515070438385,0.6552485227584839
932,9,0,0,0.8360013961791992,0.1639985889196396
932,10,0,0,0.7474558353424072,0.2525441646575928
932,11,0,1,0.45078882575035095,0.5492112040519714
932,12,1,1,0.07225517928600311,0.9277448058128357
932,13,0,0,0.6587544679641724,0.34124550223350525
932,14,0,0,0.6732286214828491,0.3267713487148285
932,15,0,0,0.5570000410079956,0.4429999589920044
932,16,0,0,0.6833652853965759,0.31663477420806885
932,17,0,0,0.7212739586830139,0.2787260115146637
932,18,0,1,0.48200684785842896,0.517993152141571
932,19,0,0,0.7470710873603821,0.2529289424419403
933,0,0,0,0.8917021751403809,0.10829780995845795
933,1,0,0,0.8551634550094604,0.14483648538589478
933,2,0,0,0.827377438545227,0.17262248694896698
933,3,1,0,0.8934910893440247,0.10650894790887833
933,4,0,0,0.8793904781341553,0.12060955166816711
933,5,0,0,0.8959923982620239,0.10400757938623428
933,6,0,0,0.9102762341499329,0.08972373604774475
933,7,1,1,0.20152778923511505,0.7984721660614014
933,8,0,1,0.4521934390068054,0.5478065609931946
933,9,0,0,0.9051469564437866,0.09485304355621338
933,10,0,0,0.8959923982620239,0.10400757938623428
933,11,0,1,0.45614683628082275,0.5438531637191772
933,12,1,0,0.889528214931488,0.11047175526618958
933,13,0,0,0.6584499478340149,0.3415500819683075
933,14,0,0,0.9532099366188049,0.046790044754743576
933,15,0,0,0.8111242651939392,0.18887577950954437
933,16,0,0,0.7603718638420105,0.23962818086147308
933,17,0,0,0.8480076789855957,0.1519923061132431
933,18,0,0,0.9135925769805908,0.0864073783159256
933,19,0,0,0.8959923982620239,0.10400757938623428
934,0,0,0,0.9612948894500732,0.03870512917637825
934,1,0,0,0.9601840972900391,0.039815910160541534
934,2,0,0,0.7117406129837036,0.2882594168186188
934,3,1,1,0.18663647770881653,0.8133634924888611
934,4,0,1,0.3196944296360016,0.6803056001663208
934,5,0,0,0.7432182431221008,0.256781667470932
934,6,0,0,0.7168657183647156,0.28313422203063965
934,7,1,0,0.5350132584571838,0.4649867117404938
934,8,0,1,0.44465017318725586,0.5553498268127441
934,9,0,0,0.9629800915718079,0.03701991215348244
934,10,0,0,0.7432183623313904,0.256781667470932
934,11,0,1,0.4504750072956085,0.5495250225067139
934,12,1,1,0.18663649260997772,0.8133634924888611
934,13,0,1,0.34407204389572144,0.6559280157089233
934,14,0,1,0.38503411412239075,0.6149658560752869
934,15,0,0,0.9330118894577026,0.06698816269636154
934,16,0,1,0.24748967587947845,0.7525103092193604
934,17,0,0,0.6458218693733215,0.35417813062667847
934,18,0,1,0.3498902916908264,0.6501096487045288
934,19,0,0,0.7432182431221008,0.2567817270755768
935,0,0,0,0.9232328534126282,0.0767672136425972
935,1,0,0,0.9389612078666687,0.061038799583911896
935,2,0,0,0.7308133840560913,0.2691865861415863
935,3,1,1,0.3494797646999359,0.6505202054977417
935,4,0,0,0.8811737298965454,0.11882627010345459
935,5,0,0,0.5954996347427368,0.40450039505958557
935,6,0,0,0.8299347758293152,0.17006519436836243
935,7,1,0,0.931652843952179,0.06834717094898224
935,8,0,0,0.6632980108261108,0.3367019295692444
935,9,0,0,0.9216498136520386,0.07835014164447784
935,10,0,0,0.6172338724136353,0.3827661871910095
935,11,0,1,0.463098406791687,0.5369015336036682
935,12,1,1,0.3494797646999359,0.6505202054977417
935,13,0,1,0.057254478335380554,0.9427455067634583
935,14,0,0,0.9494163393974304,0.05058370903134346
935,15,0,0,0.7969855666160583,0.20301446318626404
935,16,0,0,0.9154238104820251,0.08457621186971664
935,17,0,0,0.9307247400283813,0.06927525252103806
935,18,0,0,0.8990930318832397,0.10090702027082443
935,19,0,0,0.6192677021026611,0.3807322680950165
936,0,0,0,0.6202288269996643,0.3797711730003357
936,1,0,1,0.4751513600349426,0.5248486399650574
936,2,0,0,0.8348392248153687,0.16516079008579254
936,3,1,1,0.10686866194009781,0.8931313157081604
936,4,0,0,0.9221028089523315,0.07789716124534607
936,5,0,1,0.43583616614341736,0.564163863658905
936,6,0,0,0.8838421702384949,0.11615777760744095
936,7,1,1,0.09408802539110184,0.9059119820594788
936,8,0,0,0.7940040826797485,0.20599587261676788
936,9,0,1,0.3678527772426605,0.6321471333503723
936,10,0,1,0.43583616614341736,0.564163863658905
936,11,0,1,0.4554367959499359,0.5445631742477417
936,12,1,1,0.12020537257194519,0.8797946572303772
936,13,0,0,0.8281708359718323,0.17182914912700653
936,14,0,0,0.9542593955993652,0.04574058577418327
936,15,0,0,0.7537760138511658,0.24622400104999542
936,16,0,0,0.9137315154075623,0.08626849204301834
936,17,0,0,0.8245764374732971,0.17542362213134766
936,18,0,0,0.9327731728553772,0.06722688674926758
936,19,0,1,0.43583616614341736,0.564163863658905
937,0,0,0,0.8343400955200195,0.16565990447998047
937,1,0,0,0.7278290390968323,0.27217093110084534
937,2,0,0,0.7741746306419373,0.22582538425922394
937,3,1,1,0.017297549173235893,0.9827024936676025
937,4,0,0,0.8920274376869202,0.10797256231307983
937,5,0,1,0.27271631360054016,0.7272837162017822
937,6,0,0,0.885009229183197,0.1149907186627388
937,7,1,0,0.7557192444801331,0.24428078532218933
937,8,0,1,0.36445239186286926,0.6355475783348083
937,9,0,0,0.863069474697113,0.13693051040172577
937,10,0,1,0.2727162539958954,0.7272837162017822
937,11,0,1,0.45006227493286133,0.5499377250671387
937,12,1,1,0.027247494086623192,0.9727525115013123
937,13,0,1,0.49960532784461975,0.5003947019577026
937,14,0,0,0.8420667052268982,0.1579333245754242
937,15,0,0,0.7860896587371826,0.21391038596630096
937,16,0,0,0.8394245505332947,0.16057546436786652
937,17,0,0,0.7908703088760376,0.2091296762228012
937,18,0,0,0.7395140528678894,0.2604859471321106
937,19,0,1,0.27271634340286255,0.7272837162017822
938,0,0,0,0.916485071182251,0.08351488411426544
938,1,0,0,0.701869785785675,0.29813018441200256
938,2,0,0,0.8952475190162659,0.10475251078605652
938,3,1,1,0.042853545397520065,0.9571464657783508
938,4,0,0,0.8083178400993347,0.1916821151971817
938,5,0,1,0.43430739641189575,0.5656926035881042
938,6,0,0,0.8741834163665771,0.12581664323806763
938,7,1,1,0.037419117987155914,0.9625808596611023
938,8,0,0,0.8643469214439392,0.1356530636548996
938,9,0,1,0.41517364978790283,0.5848263502120972
938,10,0,1,0.4365256130695343,0.5634744167327881
938,11,0,1,0.44993993639945984,0.5500600337982178
938,12,1,1,0.06324829161167145,0.9367517232894897
938,13,0,0,0.5541887879371643,0.4458112120628357
938,14,0,0,0.7684228420257568,0.23157714307308197
938,15,0,0,0.9007908701896667,0.09920909255743027
938,16,0,0,0.8479607701301575,0.15203922986984253
938,17,0,0,0.8546949625015259,0.1453050673007965
938,18,0,0,0.6728842258453369,0.32711583375930786
938,19,0,1,0.4283997416496277,0.5716001987457275
939,0,0,0,0.6790897250175476,0.3209102749824524
939,1,0,0,0.7523229122161865,0.24767710268497467
939,2,0,0,0.8502417206764221,0.14975832402706146
939,3,1,0,0.750964343547821,0.24903570115566254
939,4,0,1,0.3469286262989044,0.653071403503418
939,5,0,0,0.8000717163085938,0.19992825388908386
939,6,0,0,0.7787114977836609,0.2212885320186615
939,7,1,1,0.06078874692320824,0.9392111897468567
939,8,0,0,0.531424343585968,0.468575656414032
939,9,0,0,0.7042973041534424,0.29570263624191284
939,10,0,0,0.7392769455909729,0.2607230246067047
939,11,0,1,0.47089338302612305,0.5291065573692322
939,12,1,0,0.7392769455909729,0.2607231140136719
939,13,0,1,0.15940193831920624,0.8405980467796326
939,14,0,1,0.17698071897029877,0.8230193257331848
939,15,0,0,0.6968591809272766,0.30314087867736816
939,16,0,0,0.8250550031661987,0.17494504153728485
939,17,0,0,0.8619235754013062,0.13807649910449982
939,18,0,1,0.49893200397491455,0.5010679960250854
939,19,0,0,0.8039581775665283,0.19604183733463287
940,0,0,1,0.48054948449134827,0.5194505453109741
940,1,0,1,0.31383299827575684,0.6861670017242432
940,2,0,0,0.8893977403640747,0.11060231178998947
940,3,1,1,0.2744698226451874,0.725530207157135
940,4,0,0,0.8604904413223267,0.13950957357883453
940,5,0,0,0.58671635389328,0.41328367590904236
940,6,0,0,0.8707054853439331,0.1292944997549057
940,7,1,1,0.044313590973615646,0.9556863903999329
940,8,0,0,0.7949945330619812,0.2050054967403412
940,9,0,0,0.5524196624755859,0.44758033752441406
940,10,0,0,0.5545036792755127,0.4454962909221649
940,11,0,1,0.44971829652786255,0.5502817034721375
940,12,1,1,0.29812952876091003,0.7018704414367676
940,13,0,1,0.33362412452697754,0.6663758754730225
940,14,0,0,0.9271063208580017,0.0728936493396759
940,15,0,0,0.9171125888824463,0.0828874334692955
940,16,0,0,0.9012447595596313,0.09875518083572388
940,17,0,0,0.888883113861084,0.11111687868833542
940,18,0,0,0.8861427307128906,0.11385726928710938
940,19,0,1,0.4657105505466461,0.5342894792556763
941,0,0,0,0.753527045249939,0.2464730143547058
941,1,0,0,0.5715932250022888,0.4284067451953888
941,2,0,0,0.8549420237541199,0.14505796134471893
941,3,1,1,0.16054055094718933,0.8394594192504883
941,4,0,0,0.6998574137687683,0.3001425564289093
941,5,0,0,0.8320272564888,0.16797272861003876
941,6,0,0,0.8308573961257935,0.16914260387420654
941,7,1,1,0.08768874406814575,0.9123112559318542
941,8,0,0,0.7730013132095337,0.22699865698814392
941,9,0,0,0.8142685890197754,0.18573139607906342
941,10,0,0,0.8247891664505005,0.1752108782529831
941,11,0,1,0.4496189057826996,0.550381064414978
941,12,1,1,0.21506081521511078,0.784939169883728
941,13,0,0,0.8207544684410095,0.1792454868555069
941,14,0,0,0.9318899512290955,0.06811002641916275
941,15,0,0,0.8212378621101379,0.17876209318637848
941,16,0,0,0.8529518842697144,0.14704810082912445
941,17,0,0,0.8525903224945068,0.14740967750549316
941,18,0,0,0.853060245513916,0.1469397246837616
941,19,0,0,0.8247891664505005,0.1752108782529831
942,0,0,0,0.8386567831039429,0.1613432615995407
942,1,0,0,0.7919027209281921,0.20809730887413025
942,2,0,0,0.7605004906654358,0.23949947953224182
942,3,1,1,0.04648454487323761,0.9535154104232788
942,4,0,0,0.8569185733795166,0.1430814117193222
942,5,0,0,0.6122813820838928,0.3877186179161072
942,6,0,0,0.8886086940765381,0.11139136552810669
942,7,1,0,0.772081732749939,0.22791823744773865
942,8,0,0,0.7907741665840149,0.2092258483171463
942,9,0,0,0.837913453578949,0.1620865911245346
942,10,0,0,0.6122813820838928,0.38771864771842957
942,11,0,1,0.4609951078891754,0.5390048623085022
942,12,1,1,0.11701829731464386,0.8829817175865173
942,13,0,0,0.5437409281730652,0.45625901222229004
942,14,0,0,0.8538267016410828,0.1461733877658844
942,15,0,0,0.8595232963562012,0.14047670364379883
942,16,0,0,0.800620436668396,0.19937950372695923
942,17,0,0,0.6866444945335388,0.3133554756641388
942,18,0,1,0.12714339792728424,0.872856616973877
942,19,0,0,0.6122813820838928,0.38771864771842957
943,0,0,1,0.4981805384159088,0.5018194317817688
943,1,0,0,0.7496335506439209,0.2503664493560791
943,2,0,0,0.7076546549797058,0.2923453748226166
943,3,1,1,0.03778082877397537,0.9622191190719604
943,4,0,0,0.8793371319770813,0.12066289782524109
943,5,0,1,0.4582476317882538,0.5417523384094238
943,6,0,0,0.8180487155914307,0.18195128440856934
943,7,1,0,0.6493858098983765,0.35061419010162354
943,8,0,1,0.4533963203430176,0.5466037392616272
943,9,0,0,0.5181742310523987,0.48182570934295654
943,10,0,1,0.4582476317882538,0.5417523384094238
943,11,0,0,0.6383739709854126,0.3616260290145874
943,12,1,1,0.07768350094556808,0.9223164916038513
943,13,0,0,0.7232595682144165,0.27674049139022827
943,14,0,0,0.7395884394645691,0.2604115605354309
943,15,0,1,0.1727953553199768,0.8272046446800232
943,16,0,0,0.6790804266929626,0.32091954350471497
943,17,0,0,0.6965020895004272,0.30349788069725037
943,18,0,0,0.5737082362174988,0.4262917637825012
943,19,0,1,0.45824766159057617,0.5417523980140686
944,0,0,0,0.8681171536445618,0.13188286125659943
944,1,0,0,0.6586050987243652,0.34139490127563477
944,2,0,0,0.8177805542945862,0.1822194755077362
944,3,1,1,0.06121787056326866,0.9387821555137634
944,4,0,0,0.5713499784469604,0.4286500811576843
944,5,0,0,0.6903052926063538,0.30969467759132385
944,6,0,0,0.6387090682983398,0.36129099130630493
944,7,1,0,0.6383957266807556,0.361604243516922
944,8,0,0,0.5841002464294434,0.41589978337287903
944,9,0,0,0.8681171536445618,0.13188286125659943
944,10,0,0,0.6903052926063538,0.30969467759132385
944,11,0,1,0.38898909091949463,0.6110109090805054
944,12,1,1,0.14548879861831665,0.8545112013816833
944,13,0,0,0.8592588901519775,0.14074109494686127
944,14,0,0,0.7809305787086487,0.21906936168670654
944,15,0,0,0.6339203119277954,0.3660796284675598
944,16,0,0,0.8170777559280396,0.18292228877544403
944,17,0,0,0.8340378999710083,0.1659621149301529
944,18,0,0,0.6327592730522156,0.3672407269477844
944,19,0,0,0.6903052926063538,0.30969470739364624
945,0,0,0,0.7828637957572937,0.2171362340450287
945,1,0,0,0.8378317952156067,0.16216827929019928
945,2,0,0,0.6853254437446594,0.31467458605766296
945,3,1,1,0.09697086364030838,0.9030291438102722
945,4,0,0,0.6796296834945679,0.32037028670310974
945,5,0,1,0.4501858651638031,0.5498141646385193
945,6,0,0,0.6789359450340271,0.3210640549659729
945,7,1,0,0.7272316217422485,0.27276837825775146
945,8,0,0,0.6875529885292053,0.3124470114707947
945,9,0,0,0.7828637957572937,0.2171362340450287
945,10,0,1,0.4501858651638031,0.5498141050338745
945,11,0,0,0.7012988924980164,0.29870104789733887
945,12,1,1,0.17395173013210297,0.8260483145713806
945,13,0,0,0.7732568979263306,0.22674313187599182
945,14,0,0,0.7219553589820862,0.27804461121559143
945,15,0,0,0.5577026605606079,0.4422972798347473
945,16,0,0,0.7501837015151978,0.24981635808944702
945,17,0,0,0.8426445126533508,0.15735545754432678
945,18,0,0,0.6795076131820679,0.32049232721328735
945,19,0,1,0.3925550580024719,0.6074449419975281
946,0,0,0,0.7457157373428345,0.2542842626571655
946,1,0,0,0.6581268310546875,0.34187325835227966
946,2,0,1,0.4807557165622711,0.5192442536354065
946,3,1,0,0.5257226228713989,0.47427743673324585
946,4,0,0,0.9240636229515076,0.07593637704849243
946,5,0,0,0.793587327003479,0.2064126431941986
946,6,0,0,0.9216955900192261,0.07830434292554855
946,7,1,1,0.12310095131397247,0.8768991231918335
946,8,0,1,0.2695962190628052,0.73040372133255
946,9,0,1,0.31875795125961304,0.6812421083450317
946,10,0,0,0.793587327003479,0.2064126580953598
946,11,0,1,0.35013139247894287,0.6498686075210571
946,12,1,0,0.5316295623779297,0.4683704376220703
946,13,0,1,0.4823966324329376,0.51760333776474
946,14,0,0,0.931952714920044,0.06804728507995605
946,15,0,1,0.41400161385536194,0.5859984159469604
946,16,0,0,0.8929699659347534,0.10703007876873016
946,17,0,1,0.4627365469932556,0.5372635126113892
946,18,0,0,0.9216957092285156,0.07830431312322617
946,19,0,0,0.7935872673988342,0.206412672996521
947,0,0,1,0.3020173907279968,0.6979826092720032
947,1,0,0,0.6073507070541382,0.39264923334121704
947,2,0,0,0.7285588979721069,0.2714410722255707
947,3,1,1,0.0751802995800972,0.9248197674751282
947,4,0,0,0.83775395154953,0.16224601864814758
947,5,0,1,0.43271565437316895,0.567284345626831
947,6,0,0,0.816314697265625,0.18368534743785858
947,7,1,1,0.2892049252986908,0.710794985294342
947,8,0,0,0.8186253905296326,0.18137462437152863
947,9,0,1,0.3020174205303192,0.6979825496673584
947,10,0,1,0.4327157437801361,0.567284345626831
947,11,0,0,0.6183407306671143,0.38165926933288574
947,12,1,1,0.11737406253814697,0.8826258778572083
947,13,0,0,0.8550411462783813,0.14495880901813507
947,14,0,0,0.7929450273513794,0.207055002450943
947,15,0,0,0.6050981879234314,0.3949018120765686
947,16,0,0,0.8423581719398499,0.15764179825782776
947,17,0,0,0.8246440887451172,0.17535585165023804
947,18,0,0,0.7876834273338318,0.2123165875673294
947,19,0,1,0.43271568417549133,0.567284345626831
948,0,0,1,0.26903843879699707,0.7309615612030029
948,1,0,0,0.5979440212249756,0.402055948972702
948,2,0,0,0.8475409150123596,0.15245908498764038
948,3,1,1,0.033572204411029816,0.9664278030395508
948,4,0,0,0.8062286972999573,0.19377131760120392
948,5,0,1,0.38183480501174927,0.6181651949882507
948,6,0,0,0.7841861844062805,0.21581384539604187
948,7,1,1,0.3146122992038727,0.6853876709938049
948,8,0,0,0.6995885372161865,0.30041149258613586
948,9,0,1,0.2690384089946747,0.7309615612030029
948,10,0,1,0.38183480501174927,0.6181651949882507
948,11,0,0,0.5934271812438965,0.40657278895378113
948,12,1,1,0.06856180727481842,0.9314382076263428
948,13,0,0,0.8437138199806213,0.15628618001937866
948,14,0,0,0.7210610508918762,0.27893897891044617
948,15,0,0,0.8076261281967163,0.19237388670444489
948,16,0,0,0.8312042355537415,0.16879573464393616
948,17,0,0,0.8221690654754639,0.17783097922801971
948,18,0,0,0.7210610508918762,0.27893897891044617
948,19,0,1,0.38183480501174927,0.6181651949882507
949,0,0,1,0.18141251802444458,0.8185874819755554
949,1,0,0,0.5983096957206726,0.4016903042793274
949,2,0,0,0.9253768920898438,0.07462317496538162
949,3,1,1,0.017698997631669044,0.9823009967803955
949,4,0,0,0.8458975553512573,0.1541023999452591
949,5,0,1,0.23025794327259064,0.7697420716285706
949,6,0,0,0.827562153339386,0.17243778705596924
949,7,1,1,0.2271491140127182,0.7728508114814758
949,8,0,1,0.43609893321990967,0.5639011263847351
949,9,0,1,0.18141253292560577,0.8185874819755554
949,10,0,1,0.2456343024969101,0.7543656826019287
949,11,0,0,0.5982008576393127,0.40179917216300964
949,12,1,1,0.043392471969127655,0.9566075205802917
949,13,0,0,0.9253768920898438,0.07462317496538162
949,14,0,0,0.8248514533042908,0.17514853179454803
949,15,0,1,0.4959039092063904,0.5040960311889648
949,16,0,0,0.8993749618530273,0.10062505304813385
949,17,0,0,0.8514182567596436,0.14858168363571167
949,18,0,0,0.6748904585838318,0.3251095116138458
949,19,0,1,0.2456342726945877,0.7543657422065735
950,0,0,0,0.791153073310852,0.20884694159030914
950,1,0,0,0.7099831104278564,0.29001685976982117
950,2,0,1,0.2419213503599167,0.7580786347389221
950,3,1,1,0.04187655448913574,0.9581233859062195
950,4,0,0,0.7568684220314026,0.2431316077709198
950,5,0,0,0.8048824667930603,0.1951175332069397
950,6,0,0,0.7568684220314026,0.2431316077709198
950,7,1,0,0.667891263961792,0.3321087658405304
950,8,0,1,0.2419213503599167,0.7580786347389221
950,9,0,0,0.791153073310852,0.20884691178798676
950,10,0,0,0.8048824667930603,0.1951175183057785
950,11,0,0,0.6735084652900696,0.3264915347099304
950,12,1,0,0.674485445022583,0.3255144953727722
950,13,0,1,0.4959425926208496,0.5040573477745056
950,14,0,0,0.8383512496948242,0.16164878010749817
950,15,0,1,0.4590591490268707,0.5409408807754517
950,16,0,0,0.8301143646240234,0.16988559067249298
950,17,0,0,0.7395092248916626,0.2604908347129822
950,18,0,0,0.8009392023086548,0.19906076788902283
950,19,0,0,0.8048824667930603,0.1951175183057785
951,0,0,0,0.7756910920143127,0.22430895268917084
951,1,0,0,0.7445671558380127,0.25543278455734253
951,2,0,0,0.8616543412208557,0.1383456587791443
951,3,1,1,0.05601709336042404,0.9439828991889954
951,4,0,1,0.3121224641799927,0.6878775358200073
951,5,0,1,0.19568459689617157,0.8043153882026672
951,6,0,1,0.2115170806646347,0.7884829044342041
951,7,1,0,0.6359376907348633,0.36406227946281433
951,8,0,0,0.6566258072853088,0.34337419271469116
951,9,0,1,0.18237528204917908,0.8176246881484985
951,10,0,1,0.05601709336042404,0.9439828991889954
951,11,0,0,0.6262727975845337,0.3737271726131439
951,12,1,1,0.10130318254232407,0.8986968398094177
951,13,0,0,0.6232337355613708,0.37676623463630676
951,14,0,0,0.5834159851074219,0.4165840446949005
951,15,0,1,0.4484541118144989,0.5515458583831787
951,16,0,0,0.8294222950935364,0.170577734708786
951,17,0,0,0.7991431355476379,0.20085684955120087
951,18,0,0,0.6112142205238342,0.38878577947616577
951,19,0,1,0.19568461179733276,0.8043153882026672
952,0,0,1,0.4348194897174835,0.5651804804801941
952,1,0,1,0.4308183193206787,0.5691816210746765
952,2,0,0,0.7922581434249878,0.20774191617965698
952,3,1,1,0.20043915510177612,0.7995608448982239
952,4,0,0,0.6679924726486206,0.332007497549057
952,5,0,1,0.4244408905506134,0.5755590796470642
952,6,0,0,0.8414557576179504,0.15854419767856598
952,7,1,1,0.10637912154197693,0.8936209082603455
952,8,0,1,0.04809460788965225,0.951905369758606
952,9,0,1,0.18591704964637756,0.8140829801559448
952,10,0,1,0.44315105676651,0.5568488836288452
952,11,0,1,0.46541541814804077,0.5345845818519592
952,12,1,1,0.301580548286438,0.698419451713562
952,13,0,0,0.7922581434249878,0.20774193108081818
952,14,0,0,0.84145587682724,0.15854418277740479
952,15,0,1,0.4284317195415497,0.5715682506561279
952,16,0,0,0.8373028039932251,0.16269715130329132
952,17,0,0,0.620459258556366,0.37954068183898926
952,18,0,0,0.8089498281478882,0.19105017185211182
952,19,0,1,0.2736351191997528,0.7263649106025696
953,0,0,0,0.5513409376144409,0.4486590623855591
953,1,0,0,0.582189679145813,0.417810320854187
953,2,0,0,0.9057795405387878,0.09422051161527634
953,3,1,1,0.028558999300003052,0.9714410305023193
953,4,0,0,0.8032007217407227,0.19679929316043854
953,5,0,0,0.5648424625396729,0.43515756726264954
953,6,0,0,0.8243642449378967,0.17563574016094208
953,7,1,1,0.20960268378257751,0.7903972864151001
953,8,0,0,0.8945193886756897,0.10548058152198792
953,9,0,1,0.14659366011619568,0.8534063696861267
953,10,0,0,0.569732666015625,0.430267333984375
953,11,0,0,0.585548460483551,0.414451539516449
953,12,1,0,0.5228992700576782,0.47710078954696655
953,13,0,0,0.9009094834327698,0.09909049421548843
953,14,0,0,0.8032007217407227,0.19679929316043854
953,15,0,0,0.5024658441543579,0.4975341856479645
953,16,0,0,0.8696467280387878,0.13035327196121216
953,17,0,0,0.8942446708679199,0.1057552769780159
953,18,0,0,0.8182083368301392,0.18179166316986084
953,19,0,0,0.5648424029350281,0.43515753746032715
954,0,0,1,0.49999019503593445,0.5000097751617432
954,1,0,0,0.6743361353874207,0.32566389441490173
954,2,0,0,0.862711489200592,0.13728855550289154
954,3,1,1,0.08695860207080841,0.9130414128303528
954,4,0,0,0.8751012682914734,0.12489873915910721
954,5,0,1,0.4450265169143677,0.5549734830856323
954,6,0,0,0.8751012682914734,0.12489873915910721
954,7,1,0,0.563042938709259,0.4369570016860962
954,8,0,0,0.7808743715286255,0.2191256284713745
954,9,0,1,0.07548576593399048,0.9245142936706543
954,10,0,1,0.40797197818756104,0.5920279622077942
954,11,0,0,0.5520911812782288,0.44790878891944885
954,12,1,1,0.0803367868065834,0.9196632504463196
954,13,0,0,0.7808743715286255,0.2191256284713745
954,14,0,0,0.8751012682914734,0.12489873915910721
954,15,0,1,0.4135526120662689,0.5864474177360535
954,16,0,0,0.8783317804336548,0.1216682493686676
954,17,0,0,0.8467239737510681,0.1532759666442871
954,18,0,0,0.8751012682914734,0.12489873915910721
954,19,0,1,0.4450264871120453,0.5549735426902771
955,0,0,0,0.7767696976661682,0.22323033213615417
955,1,0,0,0.7716864347457886,0.228313609957695
955,2,0,0,0.8852922320365906,0.11470779776573181
955,3,1,1,0.07018027454614639,0.929819643497467
955,4,0,0,0.9137421250343323,0.08625780791044235
955,5,0,0,0.5317801237106323,0.4682198166847229
955,6,0,0,0.9137421250343323,0.08625780791044235
955,7,1,0,0.6931326389312744,0.306867390871048
955,8,0,0,0.5910902619361877,0.40890976786613464
955,9,0,0,0.5749980211257935,0.42500191926956177
955,10,0,0,0.5749980211257935,0.42500191926956177
955,11,0,0,0.6651372313499451,0.3348627984523773
955,12,1,1,0.20356351137161255,0.7964365482330322
955,13,0,0,0.8852922320365906,0.11470779776573181
955,14,0,0,0.9137421250343323,0.08625783026218414
955,15,0,1,0.4780814051628113,0.521918535232544
955,16,0,0,0.9088867902755737,0.09111317247152328
955,17,0,0,0.8738328814506531,0.12616711854934692
955,18,0,0,0.9137421250343323,0.08625780791044235
955,19,0,1,0.44029441475868225,0.5597056150436401
956,0,0,1,0.4615592658519745,0.5384407639503479
956,1,0,0,0.8453083634376526,0.15469157695770264
956,2,0,0,0.9667598605155945,0.03324021399021149
956,3,1,1,0.06898771971464157,0.9310123324394226
956,4,0,0,0.6560284495353699,0.3439715504646301
956,5,0,1,0.22628243267536163,0.7737175822257996
956,6,0,0,0.8370052576065063,0.16299472749233246
956,7,1,1,0.4761572480201721,0.5238428115844727
956,8,0,0,0.9650681614875793,0.03493177518248558
956,9,0,1,0.12717792391777039,0.8728220462799072
956,10,0,1,0.2517109811306,0.7482889294624329
956,11,0,0,0.5310351848602295,0.4689647853374481
956,12,1,1,0.14742626249790192,0.8525737524032593
956,13,0,0,0.9667598605155945,0.03324021399021149
956,14,0,0,0.8370052576065063,0.16299472749233246
956,15,0,1,0.4550861418247223,0.5449138879776001
956,16,0,0,0.9557901620864868,0.04420987516641617
956,17,0,0,0.9620564579963684,0.037943486124277115
956,18,0,0,0.8370053172111511,0.16299471259117126
956,19,0,1,0.2171728014945984,0.7828271985054016
957,0,0,1,0.3755686283111572,0.624431312084198
957,1,0,0,0.9125757217407227,0.08742429316043854
957,2,0,0,0.8995916843414307,0.10040830075740814
957,3,1,1,0.05867752432823181,0.9413224458694458
957,4,0,0,0.8725438117980957,0.12745624780654907
957,5,0,1,0.36572811007499695,0.6342718601226807
957,6,0,0,0.8151767253875732,0.18482330441474915
957,7,1,1,0.14138053357601166,0.8586194515228271
957,8,0,0,0.7480218410491943,0.25197815895080566
957,9,0,1,0.4509391784667969,0.5490608811378479
957,10,0,1,0.44778934121131897,0.5522106885910034
957,11,0,1,0.34462323784828186,0.6553767323493958
957,12,1,1,0.1322183758020401,0.8677816390991211
957,13,0,0,0.8953812122344971,0.10461883991956711
957,14,0,0,0.8151767253875732,0.18482327461242676
957,15,0,1,0.4572126865386963,0.5427873730659485
957,16,0,0,0.8929786086082458,0.10702142119407654
957,17,0,0,0.6210706233978271,0.37892937660217285
957,18,0,0,0.8695318698883057,0.13046810030937195
957,19,0,1,0.3657281696796417,0.6342718601226807
958,0,0,0,0.7503666281700134,0.24963338673114777
958,1,0,0,0.5328076481819153,0.46719232201576233
958,2,0,0,0.8652857542037964,0.13471420109272003
958,3,1,1,0.056778013706207275,0.9432219862937927
958,4,0,0,0.7759849429130554,0.22401514649391174
958,5,0,1,0.4646734893321991,0.5353264808654785
958,6,0,0,0.7759848237037659,0.22401513159275055
958,7,1,1,0.4502357840538025,0.5497642159461975
958,8,0,0,0.6204922199249268,0.37950778007507324
958,9,0,0,0.5150203704833984,0.48497962951660156
958,10,0,1,0.4807766377925873,0.5192232728004456
958,11,0,1,0.35043826699256897,0.6495617628097534
958,12,1,1,0.11836688220500946,0.8816331624984741
958,13,0,0,0.6150882244110107,0.38491180539131165
958,14,0,0,0.8011206388473511,0.19887933135032654
958,15,0,1,0.48625266551971436,0.5137473940849304
958,16,0,0,0.8161681294441223,0.1838318407535553
958,17,0,0,0.8344233632087708,0.16557666659355164
958,18,0,0,0.7759848237037659,0.22401513159275055
958,19,0,1,0.4646734595298767,0.5353264808654785
959,0,0,1,0.22154709696769714,0.7784529328346252
959,1,0,0,0.9052724838256836,0.09472756087779999
959,2,0,0,0.9297525882720947,0.07024739682674408
959,3,1,1,0.046505898237228394,0.9534940719604492
959,4,0,0,0.8396528363227844,0.16034716367721558
959,5,0,1,0.32329800724983215,0.6767020225524902
959,6,0,0,0.8396528363227844,0.16034716367721558
959,7,1,1,0.19437111914157867,0.8056289553642273
959,8,0,0,0.927370011806488,0.07262999564409256
959,9,0,1,0.3985248804092407,0.6014750599861145
959,10,0,1,0.3519541621208191,0.6480458378791809
959,11,0,1,0.28552019596099854,0.7144798636436462
959,12,1,1,0.0986117273569107,0.9013882875442505
959,13,0,0,0.9192774295806885,0.08072251081466675
959,14,0,0,0.855749785900116,0.14425022900104523
959,15,0,1,0.46165725588798523,0.5383427143096924
959,16,0,0,0.9034841060638428,0.09651589393615723
959,17,0,0,0.9206610918045044,0.07933889329433441
959,18,0,0,0.7924338579177856,0.20756620168685913
959,19,0,1,0.34232205152511597,0.657677948474884
960,0,0,0,0.605280876159668,0.3947191536426544
960,1,0,0,0.8719270825386047,0.12807288765907288
960,2,0,0,0.8284732103347778,0.17152675986289978
960,3,1,1,0.04639489948749542,0.953605055809021
960,4,0,0,0.8042289614677429,0.1957710236310959
960,5,0,0,0.5635995268821716,0.43640047311782837
960,6,0,0,0.8001391291618347,0.19986087083816528
960,7,1,1,0.09626148641109467,0.9037384390830994
960,8,0,0,0.7425580620765686,0.257441908121109
960,9,0,0,0.6196818351745605,0.38031819462776184
960,10,0,0,0.5775267481803894,0.42247334122657776
960,11,0,1,0.26275506615638733,0.7372450232505798
960,12,1,1,0.10387368500232697,0.8961263298988342
960,13,0,0,0.8189240097999573,0.18107596039772034
960,14,0,0,0.7817764282226562,0.21822355687618256
960,15,0,1,0.463978111743927,0.536021888256073
960,16,0,0,0.7939227223396301,0.20607724785804749
960,17,0,0,0.7890095710754395,0.21099036931991577
960,18,0,0,0.8042290210723877,0.1957710236310959
960,19,0,0,0.5635995864868164,0.43640050292015076
961,0,0,0,0.8694584369659424,0.13054154813289642
961,1,0,0,0.8721001744270325,0.12789979577064514
961,2,0,0,0.5416821837425232,0.4583178758621216
961,3,1,0,0.9089095592498779,0.09109041094779968
961,4,0,0,0.7862045168876648,0.21379545331001282
961,5,0,0,0.9178471565246582,0.08215285837650299
961,6,0,0,0.7862045168876648,0.21379545331001282
961,7,1,0,0.5196430683135986,0.48035696148872375
961,8,0,0,0.5416821837425232,0.4583177864551544
961,9,0,0,0.9317820072174072,0.06821803748607635
961,10,0,0,0.9305232763290405,0.06947670131921768
961,11,0,1,0.4647885262966156,0.5352115631103516
961,12,1,0,0.6008355617523193,0.39916443824768066
961,13,0,0,0.614798367023468,0.38520166277885437
961,14,0,0,0.7662381529808044,0.23376192152500153
961,15,0,1,0.4426235556602478,0.5573764443397522
961,16,0,0,0.7404356598854065,0.2595643699169159
961,17,0,0,0.5416821837425232,0.4583178162574768
961,18,0,0,0.6538811326026917,0.34611889719963074
961,19,0,0,0.9002837538719177,0.09971627593040466
962,0,0,0,0.5851130485534668,0.414887011051178
962,1,0,0,0.6456241607666016,0.3543757498264313
962,2,0,0,0.7957479953765869,0.20425200462341309
962,3,1,1,0.13070838153362274,0.8692915439605713
962,4,0,0,0.7222227454185486,0.2777772545814514
962,5,0,1,0.3563040494918823,0.6436959505081177
962,6,0,0,0.7222227454185486,0.27777719497680664
962,7,1,0,0.5661720037460327,0.4338279664516449
962,8,0,0,0.7957479953765869,0.20425200462341309
962,9,0,1,0.37832581996917725,0.621674120426178
962,10,0,1,0.39186474680900574,0.6081352829933167
962,11,0,0,0.5609257221221924,0.43907424807548523
962,12,1,1,0.1830979436635971,0.8169020414352417
962,13,0,0,0.7754820585250854,0.22451795637607574
962,14,0,0,0.6742176413536072,0.32578232884407043
962,15,0,1,0.44453343749046326,0.5554665327072144
962,16,0,0,0.7725469470024109,0.22745314240455627
962,17,0,0,0.7957479953765869,0.20425203442573547
962,18,0,0,0.6195464730262756,0.380453497171402
962,19,0,1,0.3563040792942047,0.6436959505081177
963,0,0,0,0.9022884964942932,0.09771144390106201
963,1,0,0,0.8576402068138123,0.14235977828502655
963,2,0,0,0.6140431761741638,0.38595691323280334
963,3,1,1,0.050840798765420914,0.9491591453552246
963,4,0,0,0.7400858402252197,0.2599141299724579
963,5,0,0,0.6200082898139954,0.37999168038368225
963,6,0,0,0.7400858402252197,0.2599141299724579
963,7,1,0,0.8051267862319946,0.19487319886684418
963,8,0,0,0.6140431761741638,0.38595688343048096
963,9,0,0,0.6710653901100159,0.32893458008766174
963,10,0,0,0.6285006403923035,0.37149932980537415
963,11,0,0,0.7190656065940857,0.28093433380126953
963,12,1,1,0.41301989555358887,0.5869801044464111
963,13,0,0,0.6134740710258484,0.3865258991718292
963,14,0,0,0.6570239663124084,0.34297603368759155
963,15,0,1,0.4465029239654541,0.5534970164299011
963,16,0,0,0.7066241502761841,0.2933758497238159
963,17,0,0,0.6140431761741638,0.3859568238258362
963,18,0,0,0.6448799967765808,0.3551200032234192
963,19,0,0,0.6200082898139954,0.37999168038368225
964,0,0,0,0.8080201148986816,0.19197985529899597
964,1,0,0,0.9062056541442871,0.09379429370164871
964,2,0,0,0.5431268811225891,0.4568731188774109
964,3,1,0,0.8734002709388733,0.1265997588634491
964,4,0,0,0.649526059627533,0.35047397017478943
964,5,0,0,0.8848589658737183,0.11514099687337875
964,6,0,0,0.649526059627533,0.35047397017478943
964,7,1,1,0.3535401523113251,0.6464598774909973
964,8,0,0,0.5431268811225891,0.4568730890750885
964,9,0,0,0.8888674378395081,0.11113259196281433
964,10,0,0,0.8928495645523071,0.10715045034885406
964,11,0,1,0.4934743344783783,0.5065257549285889
964,12,1,0,0.788516640663147,0.2114834189414978
964,13,0,0,0.5500310063362122,0.44996896386146545
964,14,0,0,0.6539685726165771,0.34603145718574524
964,15,0,1,0.4269315302371979,0.5730684995651245
964,16,0,0,0.6257738471031189,0.3742261528968811
964,17,0,0,0.5431268811225891,0.4568731486797333
964,18,0,0,0.6495260000228882,0.3504740297794342
964,19,0,0,0.8542094826698303,0.1457904875278473
965,0,0,0,0.7096951603889465,0.2903048098087311
965,1,0,1,0.4135684669017792,0.5864315629005432
965,2,0,0,0.685985267162323,0.314014732837677
965,3,1,1,0.08206477016210556,0.9179352521896362
965,4,0,0,0.7712238430976868,0.22877614200115204
965,5,0,0,0.7124273180961609,0.28757262229919434
965,6,0,0,0.771223783493042,0.228776216506958
965,7,1,1,0.22679322957992554,0.7732067108154297
965,8,0,0,0.5929446816444397,0.4070553779602051
965,9,0,0,0.7462202310562134,0.25377970933914185
965,10,0,0,0.7179534435272217,0.2820466160774231
965,11,0,1,0.42859506607055664,0.5714049935340881
965,12,1,0,0.7322126030921936,0.2677874267101288
965,13,0,0,0.5531495213508606,0.4468504786491394
965,14,0,0,0.7774966955184937,0.22250330448150635
965,15,0,1,0.47663643956184387,0.5233635902404785
965,16,0,0,0.7393896579742432,0.26061031222343445
965,17,0,0,0.5353974103927612,0.46460258960723877
965,18,0,0,0.6776689291000366,0.3223310708999634
965,19,0,0,0.7124273180961609,0.2875726521015167
966,0,0,0,0.9047598838806152,0.09524009376764297
966,1,0,0,0.8205862641334534,0.17941376566886902
966,2,0,0,0.5755663514137268,0.4244336485862732
966,3,1,1,0.09093979746103287,0.9090602397918701
966,4,0,0,0.8433053493499756,0.156694695353508
966,5,0,0,0.6980546712875366,0.30194535851478577
966,6,0,0,0.8058577179908752,0.19414234161376953
966,7,1,0,0.7236166000366211,0.2763833999633789
966,8,0,0,0.5755663514137268,0.4244335889816284
966,9,0,0,0.7309706807136536,0.26902931928634644
966,10,0,0,0.7051514387130737,0.29484856128692627
966,11,0,1,0.34196600317955017,0.6580339670181274
966,12,1,0,0.718002438545227,0.28199756145477295
966,13,0,0,0.6011743545532227,0.3988257050514221
966,14,0,0,0.8195398449897766,0.18046016991138458
966,15,0,1,0.47939202189445496,0.5206080079078674
966,16,0,0,0.7622385025024414,0.2377614974975586
966,17,0,0,0.5366718173027039,0.46332821249961853
966,18,0,0,0.8433053493499756,0.15669463574886322
966,19,0,0,0.6865603923797607,0.3134395182132721
967,0,0,1,0.36812010407447815,0.6318799257278442
967,1,0,0,0.5124967098236084,0.4875032901763916
967,2,0,0,0.6854550838470459,0.3145449757575989
967,3,1,1,0.20274503529071808,0.7972549200057983
967,4,0,0,0.6957218647003174,0.3042781352996826
967,5,0,1,0.37736475467681885,0.6226352453231812
967,6,0,0,0.6957218647003174,0.30427807569503784
967,7,1,1,0.40948987007141113,0.5905101299285889
967,8,0,0,0.5824705958366394,0.417529433965683
967,9,0,1,0.14250485599040985,0.8574951887130737
967,10,0,1,0.16437116265296936,0.835628867149353
967,11,0,1,0.48801225423812866,0.5119877457618713
967,12,1,1,0.19687238335609436,0.8031275868415833
967,13,0,0,0.5441447496414185,0.4558553099632263
967,14,0,0,0.7855185866355896,0.21448136866092682
967,15,0,1,0.45500490069389343,0.5449950695037842
967,16,0,0,0.7299207448959351,0.27007925510406494
967,17,0,0,0.5113313794136047,0.4886685609817505
967,18,0,0,0.6957219243049622,0.30427810549736023
967,19,0,1,0.3773648142814636,0.6226352453231812
968,0,0,0,0.8259316086769104,0.17406845092773438
968,1,0,0,0.80769944190979,0.19230058789253235
968,2,0,0,0.6775664687156677,0.32243359088897705
968,3,1,1,0.1611873060464859,0.8388126492500305
968,4,0,0,0.5818060040473938,0.4181939661502838
968,5,0,1,0.294815331697464,0.7051846385002136
968,6,0,0,0.6211023926734924,0.3788975775241852
968,7,1,0,0.7893471121788025,0.21065284311771393
968,8,0,0,0.5543690919876099,0.44563084840774536
968,9,0,1,0.17478562891483307,0.8252143859863281
968,10,0,1,0.28858017921447754,0.7114198207855225
968,11,0,1,0.29156994819641113,0.7084300518035889
968,12,1,1,0.24630019068717957,0.753699779510498
968,13,0,1,0.4529666602611542,0.5470333695411682
968,14,0,0,0.6162483096122742,0.38375169038772583
968,15,0,1,0.4851441979408264,0.5148558020591736
968,16,0,0,0.6455408334732056,0.3544591963291168
968,17,0,1,0.47181087732315063,0.5281891226768494
968,18,0,0,0.5484879612922668,0.4515119791030884
968,19,0,1,0.2948153614997864,0.7051846385002136
969,0,0,0,0.6679263114929199,0.3320736885070801
969,1,0,0,0.5374473333358765,0.46255263686180115
969,2,0,0,0.5001782178878784,0.4998217523097992
969,3,1,1,0.23324723541736603,0.7667527794837952
969,4,0,0,0.8184337615966797,0.18156620860099792
969,5,0,0,0.7607932686805725,0.2392066866159439
969,6,0,0,0.8586909174919128,0.14130915701389313
969,7,1,1,0.33956560492515564,0.6604344248771667
969,8,0,1,0.3628629744052887,0.6371369957923889
969,9,0,0,0.783731997013092,0.21626804769039154
969,10,0,0,0.7702000737190247,0.22979989647865295
969,11,0,0,0.5134023427963257,0.4865976572036743
969,12,1,1,0.3869047462940216,0.6130953431129456
969,13,0,0,0.6535210013389587,0.34647899866104126
969,14,0,0,0.8445868492126465,0.1554131954908371
969,15,0,1,0.4881448745727539,0.5118551850318909
969,16,0,0,0.7501099109649658,0.2498900592327118
969,17,0,0,0.6937971115112305,0.30620285868644714
969,18,0,0,0.8741573691368103,0.12584270536899567
969,19,0,0,0.7607933878898621,0.23920667171478271
970,0,0,0,0.8328666687011719,0.1671333760023117
970,1,0,0,0.7722733616828918,0.22772659361362457
970,2,0,0,0.9499683380126953,0.05003167688846588
970,3,1,1,0.026844816282391548,0.97315514087677
970,4,0,0,0.8559237122535706,0.14407631754875183
970,5,0,1,0.4019380211830139,0.5980619788169861
970,6,0,0,0.8806779384613037,0.11932208389043808
970,7,1,0,0.7038453221321106,0.2961546778678894
970,8,0,0,0.8707423210144043,0.12925761938095093
970,9,0,0,0.9928297400474548,0.007170307449996471
970,10,0,1,0.40473297238349915,0.5952670574188232
970,11,0,0,0.6035490036010742,0.3964509963989258
970,12,1,1,0.0527094267308712,0.9472905993461609
970,13,0,0,0.8853940963745117,0.11460588127374649
970,14,0,0,0.8855664730072021,0.11443355679512024
970,15,0,1,0.4620853066444397,0.5379147529602051
970,16,0,0,0.9428821802139282,0.05711780861020088
970,17,0,0,0.9708954095840454,0.029104605317115784
970,18,0,0,0.7067520022392273,0.29324793815612793
970,19,0,1,0.4034719169139862,0.5965280532836914
971,0,0,0,0.9331578016281128,0.06684219092130661
971,1,0,0,0.9013964533805847,0.09860354661941528
971,2,0,0,0.8831692934036255,0.11683068424463272
971,3,1,1,0.04733903333544731,0.9526609182357788
971,4,0,0,0.83786541223526,0.1621345728635788
971,5,0,0,0.5019611120223999,0.4980388879776001
971,6,0,0,0.8309581279754639,0.16904182732105255
971,7,1,0,0.8479343056678772,0.152065709233284
971,8,0,0,0.8527761697769165,0.14722388982772827
971,9,0,0,0.91457599401474,0.08542396128177643
971,10,0,1,0.4692525565624237,0.5307474136352539
971,11,0,0,0.7720698714256287,0.22793012857437134
971,12,1,1,0.10255328565835953,0.8974466323852539
971,13,0,0,0.8471221327781677,0.15287795662879944
971,14,0,0,0.8617475032806396,0.13825245201587677
971,15,0,1,0.4645892381668091,0.5354107618331909
971,16,0,0,0.8729836344718933,0.12701630592346191
971,17,0,0,0.8791903853416443,0.12080961465835571
971,18,0,0,0.8381691575050354,0.16183090209960938
971,19,0,0,0.5019611120223999,0.4980388879776001
972,0,0,1,0.30767905712127686,0.6923208832740784
972,1,0,1,0.4128744304180145,0.5871255397796631
972,2,0,0,0.8695427179336548,0.1304573118686676
972,3,1,1,0.04773798584938049,0.9522619843482971
972,4,0,0,0.8567506074905396,0.14324943721294403
972,5,0,1,0.3039516806602478,0.6960483193397522
972,6,0,0,0.8837608695030212,0.11623909324407578
972,7,1,1,0.18702684342861176,0.812973141670227
972,8,0,0,0.5582842230796814,0.44171571731567383
972,9,0,0,0.9620661735534668,0.03793388605117798
972,10,0,1,0.3241361677646637,0.6758638024330139
972,11,0,1,0.4214126765727997,0.5785873532295227
972,12,1,1,0.10196448862552643,0.8980355262756348
972,13,0,0,0.81629878282547,0.18370120227336884
972,14,0,0,0.850397527217865,0.14960245788097382
972,15,0,1,0.4974353313446045,0.5025646686553955
972,16,0,0,0.7985067367553711,0.2014932483434677
972,17,0,0,0.8752177953720093,0.12478222697973251
972,18,0,0,0.8855097889900208,0.11449019610881805
972,19,0,1,0.3111398220062256,0.6888601779937744
973,0,0,1,0.4772310256958008,0.5227689743041992
973,1,0,1,0.47840091586112976,0.5215991139411926
973,2,0,0,0.7911272048950195,0.20887285470962524
973,3,1,1,0.02907886728644371,0.9709210991859436
973,4,0,0,0.7236753106117249,0.27632471919059753
973,5,0,0,0.5476693511009216,0.45233067870140076
973,6,0,0,0.6740460991859436,0.3259539306163788
973,7,1,1,0.23216713964939117,0.76783287525177
973,8,0,1,0.2543148994445801,0.7456851601600647
973,9,0,0,0.9313609600067139,0.06863903999328613
973,10,0,0,0.5492205023765564,0.4507794976234436
973,11,0,1,0.4749443233013153,0.5250557065010071
973,12,1,1,0.07691758126020432,0.9230823516845703
973,13,0,1,0.3965279161930084,0.603472113609314
973,14,0,0,0.7275503873825073,0.2724496126174927
973,15,0,1,0.46982452273368835,0.5301754474639893
973,16,0,0,0.8041938543319702,0.1958061158657074
973,17,0,0,0.8671377897262573,0.1328621506690979
973,18,0,0,0.7997729182243347,0.2002270519733429
973,19,0,0,0.5476692914962769,0.45233064889907837
974,0,0,0,0.5152332186698914,0.48476675152778625
974,1,0,1,0.3499946594238281,0.6500054001808167
974,2,0,0,0.8817835450172424,0.11821643263101578
974,3,1,1,0.06496473401784897,0.935035228729248
974,4,0,0,0.7045080661773682,0.29549190402030945
974,5,0,1,0.4972248077392578,0.5027751326560974
974,6,0,0,0.7575892806053162,0.24241073429584503
974,7,1,1,0.19630596041679382,0.8036940693855286
974,8,0,0,0.6416992545127869,0.3583008348941803
974,9,0,0,0.987612783908844,0.012387272901833057
974,10,0,0,0.541085958480835,0.4589140713214874
974,11,0,1,0.36523494124412537,0.6347650289535522
974,12,1,1,0.15290190279483795,0.8470980525016785
974,13,0,0,0.6857424974441528,0.3142574727535248
974,14,0,0,0.7500038743019104,0.2499961405992508
974,15,0,0,0.5035867094993591,0.49641332030296326
974,16,0,0,0.8724250793457031,0.12757493555545807
974,17,0,0,0.95871502161026,0.041284989565610886
974,18,0,0,0.786780595779419,0.21321943402290344
974,19,0,0,0.5058446526527405,0.49415531754493713
975,0,0,0,0.9466347694396973,0.05336526036262512
975,1,0,0,0.9052640795707703,0.09473592042922974
975,2,0,0,0.8336493372917175,0.16635066270828247
975,3,1,1,0.028476644307374954,0.9715234041213989
975,4,0,0,0.7996781468391418,0.20032186806201935
975,5,0,1,0.3491838872432709,0.6508160829544067
975,6,0,0,0.8381671905517578,0.1618327796459198
975,7,1,0,0.8519502282142639,0.1480497419834137
975,8,0,0,0.7425282597541809,0.2574717700481415
975,9,0,0,0.9082629084587097,0.09173713624477386
975,10,0,1,0.3416563868522644,0.6583436131477356
975,11,0,0,0.7574124336242676,0.24258749186992645
975,12,1,1,0.07149497419595718,0.928505003452301
975,13,0,0,0.8158465623855591,0.18415339291095734
975,14,0,0,0.8167316913604736,0.18326829373836517
975,15,0,1,0.4753760099411011,0.5246240496635437
975,16,0,0,0.8246235847473145,0.17537644505500793
975,17,0,0,0.8145242929458618,0.18547570705413818
975,18,0,1,0.3470452129840851,0.6529547572135925
975,19,0,1,0.35572370886802673,0.6442763209342957
976,0,0,0,0.607045590877533,0.39295443892478943
976,1,0,1,0.27200430631637573,0.7279956340789795
976,2,0,0,0.870778501033783,0.12922152876853943
976,3,1,1,0.032600417733192444,0.9673995971679688
976,4,0,0,0.8081149458885193,0.1918850541114807
976,5,0,0,0.5926969051361084,0.4073030948638916
976,6,0,0,0.8370227813720703,0.1629772037267685
976,7,1,1,0.19220785796642303,0.8077921271324158
976,8,0,0,0.6508226990699768,0.3491773009300232
976,9,0,0,0.970037043094635,0.029962977394461632
976,10,0,0,0.5959429144859314,0.4040571451187134
976,11,0,1,0.26678913831710815,0.7332108616828918
976,12,1,1,0.07541429996490479,0.9245857000350952
976,13,0,0,0.6940301656723022,0.30596983432769775
976,14,0,0,0.6397141814231873,0.36028581857681274
976,15,0,0,0.627865731716156,0.372134268283844
976,16,0,0,0.8613669276237488,0.13863305747509003
976,17,0,0,0.9103003740310669,0.0896996334195137
976,18,0,0,0.5093976259231567,0.49060243368148804
976,19,0,0,0.5982561111450195,0.40174394845962524
977,0,0,1,0.4799310863018036,0.520068883895874
977,1,0,1,0.28083449602127075,0.7191655039787292
977,2,0,0,0.9755724668502808,0.024427607655525208
977,3,1,1,0.2504483461380005,0.7495516538619995
977,4,0,0,0.9491967558860779,0.050803277641534805
977,5,0,1,0.45151036977767944,0.5484896302223206
977,6,0,0,0.9504328966140747,0.04956711828708649
977,7,1,1,0.08740755915641785,0.9125924110412598
977,8,0,1,0.020780468359589577,0.9792196154594421
977,9,0,0,0.9758844375610352,0.024115566164255142
977,10,0,0,0.5137026906013489,0.48629727959632874
977,11,0,1,0.23578615486621857,0.7642138600349426
977,12,1,1,0.2919372618198395,0.7080627679824829
977,13,0,0,0.9648107886314392,0.03518924489617348
977,14,0,0,0.954477071762085,0.04552287235856056
977,15,0,1,0.45215263962745667,0.547847330570221
977,16,0,0,0.9690086245536804,0.03099134750664234
977,17,0,0,0.9819700717926025,0.018029896542429924
977,18,0,0,0.8474846482276917,0.15251533687114716
977,19,0,1,0.4025883376598358,0.5974116325378418
978,0,0,0,0.8220623731613159,0.17793764173984528
978,1,0,0,0.8048602938652039,0.19513970613479614
978,2,0,0,0.9502153992652893,0.04978455603122711
978,3,1,1,0.1910908818244934,0.8089090585708618
978,4,0,0,0.7317267656326294,0.2682732045650482
978,5,0,0,0.9832170009613037,0.01678301952779293
978,6,0,0,0.7736536264419556,0.22634635865688324
978,7,1,0,0.8089736104011536,0.19102643430233002
978,8,0,0,0.6151119470596313,0.38488802313804626
978,9,0,0,0.9912604689598083,0.008739503100514412
978,10,0,0,0.6309154033660889,0.36908459663391113
978,11,0,0,0.8089736104011536,0.19102643430233002
978,12,1,1,0.1910908818244934,0.8089090585708618
978,13,0,0,0.7660847306251526,0.23391525447368622
978,14,0,0,0.6235034465789795,0.3764965832233429
978,15,0,1,0.4843074679374695,0.5156925320625305
978,16,0,0,0.9591379165649414,0.040862102061510086
978,17,0,0,0.985889196395874,0.01411082036793232
978,18,0,1,0.2703903913497925,0.7296095490455627
978,19,0,0,0.9837266206741333,0.01627335324883461
979,0,0,0,0.8324753642082214,0.16752462089061737
979,1,0,1,0.22327466309070587,0.7767253518104553
979,2,0,0,0.8709924221038818,0.12900754809379578
979,3,1,1,0.13833236694335938,0.8616675734519958
979,4,0,0,0.7878590822219849,0.21214091777801514
979,5,0,0,0.963567852973938,0.036432113498449326
979,6,0,0,0.8166505694389343,0.1833494007587433
979,7,1,1,0.1529044210910797,0.8470956087112427
979,8,0,1,0.25969547033309937,0.7403045296669006
979,9,0,0,0.9773183465003967,0.02268165349960327
979,10,0,0,0.8369466066360474,0.16305337846279144
979,11,0,1,0.22710943222045898,0.772890567779541
979,12,1,0,0.7789986729621887,0.22100134193897247
979,13,0,0,0.7400644421577454,0.25993555784225464
979,14,0,0,0.8006589412689209,0.19934101402759552
979,15,0,1,0.48734620213508606,0.5126538276672363
979,16,0,0,0.8965407609939575,0.10345923155546188
979,17,0,0,0.9677373766899109,0.032262664288282394
979,18,0,0,0.8040461540222168,0.19595381617546082
979,19,0,0,0.9646683931350708,0.03533155098557472
980,0,0,0,0.6294369697570801,0.37056300044059753
980,1,0,0,0.7444653511047363,0.2555346190929413
980,2,0,0,0.9383712410926819,0.061628732830286026
980,3,1,1,0.22589156031608582,0.7741084694862366
980,4,0,0,0.8101164102554321,0.18988361954689026
980,5,0,0,0.9594628810882568,0.04053707420825958
980,6,0,0,0.913698673248291,0.08630134910345078
980,7,1,0,0.751249372959137,0.248750701546669
980,8,0,0,0.6712624430656433,0.3287375271320343
980,9,0,0,0.9911275506019592,0.00887247547507286
980,10,0,0,0.6264623999595642,0.3735375702381134
980,11,0,0,0.751249372959137,0.248750701546669
980,12,1,1,0.22589153051376343,0.7741084694862366
980,13,0,0,0.8827187418937683,0.11728125065565109
980,14,0,0,0.9073183536529541,0.09268162399530411
980,15,0,1,0.4903712272644043,0.5096287727355957
980,16,0,0,0.951846718788147,0.04815329238772392
980,17,0,0,0.9815861582756042,0.01841377280652523
980,18,0,1,0.2332170158624649,0.7667830586433411
980,19,0,0,0.9622476100921631,0.037752360105514526
981,0,0,1,0.36140677332878113,0.6385932564735413
981,1,0,1,0.2666473090648651,0.7333526015281677
981,2,0,0,0.8510227799415588,0.14897723495960236
981,3,1,1,0.04288797825574875,0.9571120142936707
981,4,0,0,0.8630020618438721,0.13699793815612793
981,5,0,1,0.3957521319389343,0.6042478680610657
981,6,0,0,0.8625852465629578,0.13741478323936462
981,7,1,1,0.17565040290355682,0.824349582195282
981,8,0,1,0.4878920912742615,0.5121079087257385
981,9,0,0,0.804912805557251,0.1950872391462326
981,10,0,1,0.40639886260032654,0.5936011672019958
981,11,0,1,0.24442796409130096,0.7555719614028931
981,12,1,1,0.04288797825574875,0.9571120142936707
981,13,0,0,0.8630020618438721,0.13699793815612793
981,14,0,0,0.8406020402908325,0.15939797461032867
981,15,0,1,0.4933825135231018,0.5066174864768982
981,16,0,0,0.861881673336029,0.13811829686164856
981,17,0,0,0.7830349206924438,0.21696506440639496
981,18,0,0,0.639407217502594,0.3605927526950836
981,19,0,0,0.5788556933403015,0.4211443066596985
982,0,0,1,0.17529261112213135,0.8247074484825134
982,1,0,0,0.5599875450134277,0.44001251459121704
982,2,0,1,0.2397274672985077,0.7602725028991699
982,3,1,1,0.08676457405090332,0.9132354259490967
982,4,0,0,0.6767656207084656,0.32323434948921204
982,5,0,1,0.27166998386383057,0.7283300161361694
982,6,0,1,0.18948788940906525,0.8105121850967407
982,7,1,1,0.4860592782497406,0.513940691947937
982,8,0,1,0.2257883995771408,0.7742116451263428
982,9,0,1,0.34331148862838745,0.6566884517669678
982,10,0,1,0.2726314961910248,0.7273684740066528
982,11,0,0,0.5672067403793335,0.43279320001602173
982,12,1,1,0.08676453679800034,0.9132354259490967
982,13,0,0,0.6767656207084656,0.32323434948921204
982,14,0,0,0.6767656207084656,0.32323434948921204
982,15,0,1,0.49638012051582336,0.503619909286499
982,16,0,0,0.5520030856132507,0.44799691438674927
982,17,0,0,0.6257890462875366,0.37421098351478577
982,18,0,0,0.7123542428016663,0.2876458168029785
982,19,0,0,0.6622677445411682,0.3377322554588318
983,0,0,1,0.47902873158454895,0.5209712386131287
983,1,0,1,0.4628293514251709,0.5371706485748291
983,2,0,0,0.8189511299133301,0.1810489296913147
983,3,1,1,0.020717795938253403,0.9792822599411011
983,4,0,0,0.8569998741149902,0.14300011098384857
983,5,0,1,0.42308253049850464,0.5769174098968506
983,6,0,0,0.8475157022476196,0.15248431265354156
983,7,1,1,0.48482760787010193,0.5151724219322205
983,8,0,0,0.6075310111045837,0.39246895909309387
983,9,0,0,0.9118534922599792,0.08814647048711777
983,10,0,1,0.42362895607948303,0.5763710737228394
983,11,0,1,0.48482760787010193,0.5151724219322205
983,12,1,1,0.020717792212963104,0.9792822599411011
983,13,0,0,0.8563196063041687,0.1436803638935089
983,14,0,0,0.8241543173789978,0.1758456528186798
983,15,0,1,0.4993637204170227,0.5006362795829773
983,16,0,0,0.8770536184310913,0.12294645607471466
983,17,0,0,0.8917376399040222,0.10826241225004196
983,18,0,1,0.15537495911121368,0.8446250557899475
983,19,0,0,0.8575599193572998,0.142440065741539
984,0,0,0,0.8320068717002869,0.16799312829971313
984,1,0,0,0.5857502818107605,0.4142497479915619
984,2,0,0,0.8806902170181274,0.11930976063013077
984,3,1,1,0.04453406110405922,0.9554659724235535
984,4,0,0,0.8643052577972412,0.13569478690624237
984,5,0,1,0.31867969036102295,0.6813202500343323
984,6,0,0,0.8708208203315735,0.1291792392730713
984,7,1,1,0.3316749334335327,0.6683250665664673
984,8,0,1,0.4326653480529785,0.5673346519470215
984,9,0,0,0.8079776167869568,0.19202236831188202
984,10,0,1,0.320743590593338,0.6792564392089844
984,11,0,0,0.6176456212997437,0.38235437870025635
984,12,1,1,0.04453406110405922,0.9554659724235535
984,13,0,0,0.8806902170181274,0.11930976063013077
984,14,0,0,0.8643052577972412,0.13569478690624237
984,15,0,0,0.5023329854011536,0.49766701459884644
984,16,0,0,0.8794326186180115,0.12056735157966614
984,17,0,0,0.7835570573806763,0.21644295752048492
984,18,0,0,0.8284660577774048,0.1715339720249176
984,19,0,0,0.6695446968078613,0.33045533299446106
985,0,0,0,0.9776861667633057,0.02231377735733986
985,1,0,0,0.945845901966095,0.05415411293506622
985,2,0,0,0.8403007388114929,0.15969930589199066
985,3,1,1,0.024129895493388176,0.9758701324462891
985,4,0,0,0.8348033428192139,0.16519662737846375
985,5,0,1,0.33962395787239075,0.6603760719299316
985,6,0,0,0.8556529879570007,0.14434701204299927
985,7,1,0,0.7236234545707703,0.27637651562690735
985,8,0,1,0.39333415031433105,0.606665849685669
985,9,0,1,0.1822529435157776,0.8177470564842224
985,10,0,1,0.3512246310710907,0.6487753987312317
985,11,0,0,0.9068183302879333,0.09318169206380844
985,12,1,1,0.14932197332382202,0.8506780862808228
985,13,0,0,0.8678508996963501,0.1321490854024887
985,14,0,0,0.8678508996963501,0.13214907050132751
985,15,0,1,0.4253048598766327,0.5746951699256897
985,16,0,0,0.8563094735145569,0.1436905711889267
985,17,0,0,0.5678582191467285,0.43214184045791626
985,18,0,1,0.4391900897026062,0.5608099699020386
985,19,0,1,0.26575788855552673,0.7342421412467957
986,0,0,0,0.9674934148788452,0.03250661492347717
986,1,0,0,0.9515395164489746,0.04846043512225151
986,2,0,0,0.8733421564102173,0.12665778398513794
986,3,1,1,0.025330547243356705,0.9746695160865784
986,4,0,0,0.8733421564102173,0.12665778398513794
986,5,0,0,0.5912356376647949,0.4087643623352051
986,6,0,0,0.8582469820976257,0.14175303280353546
986,7,1,1,0.35479944944381714,0.6452004909515381
986,8,0,1,0.38512685894966125,0.6148731708526611
986,9,0,0,0.7281400561332703,0.2718599736690521
986,10,0,0,0.595386266708374,0.40461376309394836
986,11,0,0,0.8956626653671265,0.10433739423751831
986,12,1,0,0.5441052913665771,0.4558947682380676
986,13,0,0,0.858879566192627,0.14112047851085663
986,14,0,0,0.858879566192627,0.14112047851085663
986,15,0,1,0.47062617540359497,0.529373824596405
986,16,0,0,0.8697125315666199,0.13028740882873535
986,17,0,0,0.6831129789352417,0.3168870210647583
986,18,0,0,0.6154272556304932,0.38457271456718445
986,19,0,0,0.6965934634208679,0.3034065067768097
987,0,0,1,0.4931190013885498,0.5068809986114502
987,1,0,1,0.4728703200817108,0.5271297097206116
987,2,0,0,0.8730335831642151,0.1269664466381073
987,3,1,1,0.15537327527999878,0.8446267247200012
987,4,0,0,0.8730335831642151,0.1269664466381073
987,5,0,1,0.35578063130378723,0.6442194581031799
987,6,0,0,0.8617033362388611,0.13829661905765533
987,7,1,1,0.48454561829566956,0.5154544115066528
987,8,0,1,0.3875885307788849,0.6124114990234375
987,9,0,0,0.8332214951515198,0.16677850484848022
987,10,0,1,0.20693519711494446,0.7930647730827332
987,11,0,1,0.49785470962524414,0.5021452903747559
987,12,1,1,0.15537326037883759,0.8446267247200012
987,13,0,0,0.8730335831642151,0.1269664466381073
987,14,0,0,0.8635206818580627,0.1364792436361313
987,15,0,1,0.3772411346435547,0.6227588653564453
987,16,0,0,0.8691020011901855,0.13089804351329803
987,17,0,0,0.8482403755187988,0.15175963938236237
987,18,0,1,0.4272945821285248,0.5727054476737976
987,19,0,0,0.8034346103668213,0.1965654045343399
988,0,0,1,0.39555397629737854,0.6044461131095886
988,1,0,1,0.3689359724521637,0.6310640573501587
988,2,0,0,0.8604109287261963,0.13958905637264252
988,3,1,1,0.0478358194231987,0.9521641731262207
988,4,0,0,0.8397929072380066,0.1602070927619934
988,5,0,1,0.3561447858810425,0.6438552141189575
988,6,0,0,0.8510004878044128,0.14899948239326477
988,7,1,1,0.2673009932041168,0.7326990365982056
988,8,0,1,0.38077571988105774,0.6192243099212646
988,9,0,0,0.6581202149391174,0.34187981486320496
988,10,0,1,0.359841912984848,0.6401581168174744
988,11,0,1,0.31454145908355713,0.6854585409164429
988,12,1,1,0.0478358194231987,0.9521641731262207
988,13,0,0,0.8604109287261963,0.1395890712738037
988,14,0,0,0.8397929072380066,0.1602070927619934
988,15,0,0,0.6853427290916443,0.3146572709083557
988,16,0,0,0.8495793342590332,0.15042062103748322
988,17,0,0,0.6875330209732056,0.3124670088291168
988,18,0,0,0.6864489912986755,0.3135509788990021
988,19,0,0,0.624724268913269,0.37527576088905334
989,0,0,0,0.9836063385009766,0.016393711790442467
989,1,0,0,0.9815472364425659,0.01845274493098259
989,2,0,0,0.9081300497055054,0.09186993539333344
989,3,1,1,0.015093850903213024,0.9849061369895935
989,4,0,0,0.903851330280304,0.09614869952201843
989,5,0,1,0.33600935339927673,0.6639906167984009
989,6,0,0,0.8977791666984558,0.10222083330154419
989,7,1,1,0.2554554343223572,0.7445445656776428
989,8,0,1,0.38092371821403503,0.6190762519836426
989,9,0,0,0.8506967425346375,0.1493033468723297
989,10,0,1,0.33690544962882996,0.6630945801734924
989,11,0,0,0.9791718125343323,0.020828206092119217
989,12,1,1,0.33579543232917786,0.6642045378684998
989,13,0,0,0.9081300497055054,0.09186993539333344
989,14,0,0,0.9081300497055054,0.09186993539333344
989,15,0,1,0.3794742524623871,0.6205257773399353
989,16,0,0,0.9058105945587158,0.09418937563896179
989,17,0,0,0.8580377101898193,0.14196227490901947
989,18,0,0,0.777104914188385,0.22289511561393738
989,19,0,0,0.831998884677887,0.16800111532211304
990,0,0,1,0.2506263554096222,0.7493736147880554
990,1,0,1,0.19671601057052612,0.8032839894294739
990,2,0,0,0.9193597435951233,0.0806402936577797
990,3,1,1,0.05472206696867943,0.9452779293060303
990,4,0,0,0.8795347213745117,0.12046532332897186
990,5,0,1,0.3364211320877075,0.6635788679122925
990,6,0,0,0.9113432168960571,0.08865685015916824
990,7,1,1,0.16371041536331177,0.836289644241333
990,8,0,1,0.3906738758087158,0.6093261241912842
990,9,0,0,0.8523893356323242,0.1476106345653534
990,10,0,1,0.34336647391319275,0.6566334962844849
990,11,0,1,0.1775529533624649,0.8224470615386963
990,12,1,1,0.08684846758842468,0.9131515026092529
990,13,0,0,0.9193596839904785,0.08064031600952148
990,14,0,0,0.9193596839904785,0.08064031600952148
990,15,0,1,0.47146233916282654,0.5285376310348511
990,16,0,0,0.9151397943496704,0.08486023545265198
990,17,0,0,0.8763152360916138,0.12368477880954742
990,18,0,1,0.4418965280056,0.5581035017967224
990,19,0,0,0.8505719900131226,0.14942805469036102
991,0,0,0,0.8553548455238342,0.14464516937732697
991,1,0,0,0.7610108256340027,0.23898915946483612
991,2,0,0,0.846487820148468,0.1535121500492096
991,3,1,1,0.022855710238218307,0.9771443009376526
991,4,0,0,0.7440177202224731,0.25598224997520447
991,5,0,1,0.4255831241607666,0.5744168758392334
991,6,0,0,0.8225801587104797,0.17741982638835907
991,7,1,1,0.47314751148223877,0.526852548122406
991,8,0,1,0.3847200870513916,0.6152799129486084
991,9,0,1,0.10839751362800598,0.8916024565696716
991,10,0,1,0.42694684863090515,0.5730531215667725
991,11,0,0,0.6827166676521301,0.3172833025455475
991,12,1,1,0.4238831400871277,0.5761168599128723
991,13,0,0,0.8464879393577576,0.15351209044456482
991,14,0,0,0.846487820148468,0.1535121500492096
991,15,0,0,0.5513504147529602,0.4486495554447174
991,16,0,0,0.8389725685119629,0.1610274314880371
991,17,0,0,0.5198272466659546,0.480172723531723
991,18,0,1,0.4712238609790802,0.5287761092185974
991,19,0,1,0.2740887701511383,0.7259112596511841
992,0,0,0,0.5381473302841187,0.46185269951820374
992,1,0,1,0.3572826087474823,0.6427173614501953
992,2,0,0,0.8641775846481323,0.1358223855495453
992,3,1,1,0.04177754744887352,0.9582224488258362
992,4,0,0,0.8730841279029846,0.12691588699817657
992,5,0,0,0.5910115242004395,0.40898844599723816
992,6,0,0,0.8620283007621765,0.13797160983085632
992,7,1,1,0.14138734340667725,0.8586126565933228
992,8,0,1,0.387727290391922,0.6122726798057556
992,9,0,0,0.8214837312698364,0.17851631343364716
992,10,0,0,0.5848677754402161,0.4151322543621063
992,11,0,1,0.21943724155426025,0.7805627584457397
992,12,1,1,0.46165573596954346,0.5383443236351013
992,13,0,0,0.8730841279029846,0.12691588699817657
992,14,0,0,0.8646584749221802,0.13534148037433624
992,15,0,0,0.6221391558647156,0.3778608739376068
992,16,0,0,0.8724677562713623,0.1275322139263153
992,17,0,0,0.741566002368927,0.2584340274333954
992,18,0,0,0.6389986276626587,0.3610014021396637
992,19,0,0,0.7643513083457947,0.23564870655536652
993,0,0,0,0.7992036938667297,0.20079635083675385
993,1,0,0,0.7852721214294434,0.2147279530763626
993,2,0,0,0.8896172046661377,0.11038284003734589
993,3,1,0,0.6539542078971863,0.3460458517074585
993,4,0,0,0.8896170854568481,0.11038284748792648
993,5,0,0,0.650546133518219,0.3494538366794586
993,6,0,0,0.884158730506897,0.11584131419658661
993,7,1,1,0.1178947314620018,0.88210529088974
993,8,0,1,0.3812510371208191,0.6187490224838257
993,9,0,1,0.41068050265312195,0.5893194675445557
993,10,0,0,0.7438037395477295,0.2561962902545929
993,11,0,0,0.8420771956443787,0.15792274475097656
993,12,1,0,0.703425407409668,0.2965746521949768
993,13,0,0,0.8896172046661377,0.11038284003734589
993,14,0,0,0.8896172046661377,0.11038284003734589
993,15,0,1,0.23269352316856384,0.7673065066337585
993,16,0,0,0.8896172046661377,0.11038284003734589
993,17,0,1,0.41068050265312195,0.5893194675445557
993,18,0,0,0.5384538173675537,0.4615461826324463
993,19,0,1,0.4890765845775604,0.510923445224762
994,0,0,0,0.6736910939216614,0.3263089060783386
994,1,0,0,0.6025034189224243,0.3974965810775757
994,2,0,0,0.8324158191680908,0.16758416593074799
994,3,1,1,0.1735314279794693,0.8264685869216919
994,4,0,0,0.8436678647994995,0.15633219480514526
994,5,0,0,0.6318748593330383,0.36812514066696167
994,6,0,0,0.8073926568031311,0.19260728359222412
994,7,1,1,0.4078548550605774,0.5921451449394226
994,8,0,1,0.3904668688774109,0.6095331311225891
994,9,0,1,0.29677680134773254,0.7032231688499451
994,10,0,0,0.6587209105491638,0.3412790894508362
994,11,0,1,0.4891270399093628,0.5108729600906372
994,12,1,0,0.5853887796401978,0.41461119055747986
994,13,0,0,0.8324158787727356,0.1675841361284256
994,14,0,0,0.8436678647994995,0.15633219480514526
994,15,0,1,0.43049654364585876,0.5695034265518188
994,16,0,0,0.8324158191680908,0.16758416593074799
994,17,0,1,0.29677683115005493,0.7032231092453003
994,18,0,1,0.46214690804481506,0.5378531217575073
994,19,0,1,0.45976707339286804,0.5402329564094543
995,0,0,0,0.9535388946533203,0.046461112797260284
995,1,0,0,0.9461104869842529,0.05388955399394035
995,2,0,0,0.7760241627693176,0.22397583723068237
995,3,1,1,0.16957396268844604,0.8304259777069092
995,4,0,0,0.7814760804176331,0.21852394938468933
995,5,0,1,0.2720381021499634,0.7279618978500366
995,6,0,0,0.7231660485267639,0.2768339514732361
995,7,1,1,0.3692924380302429,0.6307076215744019
995,8,0,1,0.384400337934494,0.6155996918678284
995,9,0,1,0.11186769604682922,0.8881323337554932
995,10,0,1,0.30559828877449036,0.6944016814231873
995,11,0,0,0.9355729222297668,0.06442709267139435
995,12,1,1,0.21238477528095245,0.7876152396202087
995,13,0,0,0.7760241627693176,0.22397583723068237
995,14,0,0,0.7760241627693176,0.22397583723068237
995,15,0,1,0.4299050271511078,0.570094883441925
995,16,0,0,0.7814775109291077,0.21852241456508636
995,17,0,1,0.11186767369508743,0.8881323337554932
995,18,0,1,0.45458313822746277,0.5454168915748596
995,19,0,1,0.2291565090417862,0.770843505859375
996,0,0,0,0.9257409572601318,0.07425906509160995
996,1,0,0,0.9170207977294922,0.08297927677631378
996,2,0,0,0.8942121863365173,0.10578779876232147
996,3,1,1,0.16830974817276,0.8316903114318848
996,4,0,0,0.8859890103340149,0.11401098221540451
996,5,0,1,0.17066727578639984,0.8293327689170837
996,6,0,0,0.8857346773147583,0.11426530033349991
996,7,1,1,0.42399129271507263,0.5760087370872498
996,8,0,1,0.25842785835266113,0.7415721416473389
996,9,0,1,0.29307934641838074,0.7069206237792969
996,10,0,1,0.2560405433177948,0.7439594864845276
996,11,0,0,0.8137562274932861,0.1862436830997467
996,12,1,1,0.18892744183540344,0.811072587966919
996,13,0,0,0.8942121863365173,0.10578785091638565
996,14,0,0,0.8942121863365173,0.10578785091638565
996,15,0,1,0.4476771056652069,0.5523229241371155
996,16,0,0,0.8942121863365173,0.10578785091638565
996,17,0,1,0.29307934641838074,0.7069206237792969
996,18,0,0,0.7155380249023438,0.28446197509765625
996,19,0,1,0.3969154357910156,0.6030845642089844
997,0,0,1,0.43261849880218506,0.5673815011978149
997,1,0,1,0.30913397669792175,0.6908660531044006
997,2,0,0,0.8302541971206665,0.16974574327468872
997,3,1,1,0.11651933193206787,0.8834806084632874
997,4,0,0,0.8302541971206665,0.1697457730770111
997,5,0,1,0.4114573001861572,0.588542640209198
997,6,0,0,0.7749162316322327,0.22508378326892853
997,7,1,1,0.31861448287963867,0.6813855171203613
997,8,0,1,0.4001193642616272,0.599880576133728
997,9,0,1,0.21497642993927002,0.78502357006073
997,10,0,1,0.4296262562274933,0.5703737735748291
997,11,0,1,0.3678394556045532,0.6321605443954468
997,12,1,1,0.12311463057994843,0.8768853545188904
997,13,0,0,0.8302541971206665,0.1697457730770111
997,14,0,0,0.8302541971206665,0.16974575817584991
997,15,0,1,0.3997742831707001,0.6002256870269775
997,16,0,0,0.8302541971206665,0.1697457730770111
997,17,0,1,0.31502053141593933,0.6849794983863831
997,18,0,0,0.5706018209457397,0.42939820885658264
997,19,0,1,0.3790234327316284,0.6209765076637268
998,0,0,1,0.462469220161438,0.5375308394432068
998,1,0,1,0.44956088066101074,0.5504391193389893
998,2,0,0,0.7908450961112976,0.20915493369102478
998,3,1,1,0.16873884201049805,0.831261157989502
998,4,0,0,0.7908450961112976,0.2091549038887024
998,5,0,0,0.5271199345588684,0.4728800058364868
998,6,0,0,0.7908450961112976,0.2091549038887024
998,7,1,1,0.043789174407720566,0.9562107920646667
998,8,0,1,0.4594796299934387,0.540520429611206
998,9,0,0,0.5244569778442383,0.47554296255111694
998,10,0,0,0.5311814546585083,0.4688184857368469
998,11,0,0,0.5486884713172913,0.45131155848503113
998,12,1,1,0.275136798620224,0.7248632311820984
998,13,0,0,0.7908450961112976,0.20915493369102478
998,14,0,0,0.7921177744865417,0.20788227021694183
998,15,0,1,0.4782745838165283,0.5217254161834717
998,16,0,0,0.7921177744865417,0.20788227021694183
998,17,0,0,0.5597785115242004,0.4402214586734772
998,18,0,1,0.4782746136188507,0.5217254161834717
998,19,0,0,0.5477898716926575,0.45221006870269775
999,0,0,1,0.295440137386322,0.704559862613678
999,1,0,0,0.9228739738464355,0.07712599635124207
999,2,0,0,0.7819945216178894,0.21800541877746582
999,3,1,1,0.07658208906650543,0.9234179258346558
999,4,0,0,0.7819945216178894,0.21800541877746582
999,5,0,1,0.30317962169647217,0.6968203783035278
999,6,0,0,0.781994640827179,0.21800540387630463
999,7,1,0,0.9088438749313354,0.09115616977214813
999,8,0,1,0.0676933079957962,0.9323066473007202
999,9,0,0,0.5341840982437134,0.4658159017562866
999,10,0,1,0.30739033222198486,0.6926096677780151
999,11,0,0,0.9287487268447876,0.07125130295753479
999,12,1,1,0.08448183536529541,0.9155181646347046
999,13,0,0,0.7819945216178894,0.21800541877746582
999,14,0,0,0.787609338760376,0.21239064633846283
999,15,0,1,0.46969184279441833,0.530308187007904
999,16,0,0,0.787609338760376,0.21239063143730164
999,17,0,0,0.5488603115081787,0.4511396884918213
999,18,0,1,0.46969181299209595,0.530308187007904
999,19,0,0,0.560636579990387,0.43936342000961304
